Month,Book_ID,Book_Name,Author,ISBN,Category,Branch_Name,Current_Stock,Daily_Sales,Monthly_Sales,Rating,View_Count,Search_Count,Avg_Event_Score,CategoryScore,Branch_Demand_Score,Trend_Score,Trend_Label
2025-01,BK001,Ape Gama,Martin Wickramasinghe,978-955-31-2954-3,Novel,Colombo,43.0,7.97,192,4.57,27.52,12.56,10.7,70,58.04,63.3,Moderate Demand
2025-02,BK001,Ape Gama,Martin Wickramasinghe,978-955-31-2954-3,Novel,Colombo,31.0,5.75,175,4.4,27.92,9.77,10.0,70,64.81,64.21,Moderate Demand
2025-03,BK001,Ape Gama,Martin Wickramasinghe,978-955-31-2954-3,Novel,Colombo,71.0,7.01,216,4.34,27.82,7.06,11.3,70,53.01,61.41,Low Demand
2025-04,BK001,Ape Gama,Martin Wickramasinghe,978-955-31-2954-3,Novel,Colombo,71.0,8.98,252,4.45,38.56,10.99,19.3,70,70.61,63.78,Moderate Demand
2025-05,BK001,Ape Gama,Martin Wickramasinghe,978-955-31-2954-3,Novel,Colombo,28.0,5.7,204,4.66,30.18,4.84,18.6,70,69.38,65.52,Moderate Demand
2025-06,BK001,Ape Gama,Martin Wickramasinghe,978-955-31-2954-3,Novel,Colombo,70.0,6.8,204,4.5,26.5,9.59,10.7,70,55.3,61.22,Low Demand
2025-07,BK001,Ape Gama,Martin Wickramasinghe,978-955-31-2954-3,Novel,Colombo,92.0,7.06,219,4.25,35.49,10.16,9.0,70,61.62,58.39,Low Demand
2025-08,BK001,Ape Gama,Martin Wickramasinghe,978-955-31-2954-3,Novel,Colombo,83.0,6.22,275,4.64,41.71,15.9,9.6,70,56.65,63.17,Moderate Demand
2025-09,BK001,Ape Gama,Martin Wickramasinghe,978-955-31-2954-3,Novel,Colombo,85.0,9.78,250,4.43,44.77,12.54,31.3,70,82.83,62.7,Low Demand
2025-10,BK001,Ape Gama,Martin Wickramasinghe,978-955-31-2954-3,Novel,Colombo,43.0,9.63,271,4.63,37.58,12.15,9.3,70,70.58,65.21,Moderate Demand
2025-11,BK001,Ape Gama,Martin Wickramasinghe,978-955-31-2954-3,Novel,Colombo,113.0,6.26,210,4.51,33.58,11.09,7.2,70,72.87,59.48,Low Demand
2025-12,BK001,Ape Gama,Martin Wickramasinghe,978-955-31-2954-3,Novel,Colombo,117.0,7.83,242,4.38,30.12,11.54,9.0,70,61.8,59.82,Low Demand
2025-01,BK001,Ape Gama,Martin Wickramasinghe,978-955-31-2954-3,Novel,Galle,36.0,16.74,478,4.43,111.33,18.27,8.7,70,69.77,74.18,High Demand
2025-02,BK001,Ape Gama,Martin Wickramasinghe,978-955-31-2954-3,Novel,Galle,79.0,14.16,415,4.63,59.31,26.61,8.4,70,79.66,70.0,Moderate Demand
2025-03,BK001,Ape Gama,Martin Wickramasinghe,978-955-31-2954-3,Novel,Galle,91.0,16.14,522,4.43,67.86,26.42,10.5,70,105.22,71.01,High Demand
2025-04,BK001,Ape Gama,Martin Wickramasinghe,978-955-31-2954-3,Novel,Galle,82.0,15.51,618,4.68,110.2,37.77,19.2,70,120.1,76.01,High Demand
2025-05,BK001,Ape Gama,Martin Wickramasinghe,978-955-31-2954-3,Novel,Galle,53.0,19.63,556,4.38,90.03,30.49,18.3,70,99.49,75.43,High Demand
2025-06,BK001,Ape Gama,Martin Wickramasinghe,978-955-31-2954-3,Novel,Galle,103.0,16.61,488,4.73,60.88,19.01,8.2,70,83.97,69.34,Moderate Demand
2025-07,BK001,Ape Gama,Martin Wickramasinghe,978-955-31-2954-3,Novel,Galle,97.0,18.23,540,4.29,56.16,23.31,10.2,70,92.83,71.3,High Demand
2025-08,BK001,Ape Gama,Martin Wickramasinghe,978-955-31-2954-3,Novel,Galle,119.0,16.22,679,4.34,78.15,29.55,11.8,70,115.73,76.04,High Demand
2025-09,BK001,Ape Gama,Martin Wickramasinghe,978-955-31-2954-3,Novel,Galle,91.0,26.17,613,4.6,75.54,27.95,30.1,70,78.52,74.92,High Demand
2025-10,BK001,Ape Gama,Martin Wickramasinghe,978-955-31-2954-3,Novel,Galle,42.0,21.65,654,4.72,79.41,29.51,9.6,70,109.39,79.61,High Demand
2025-11,BK001,Ape Gama,Martin Wickramasinghe,978-955-31-2954-3,Novel,Galle,46.0,16.66,535,4.45,81.31,25.97,12.1,70,76.44,76.87,High Demand
2025-12,BK001,Ape Gama,Martin Wickramasinghe,978-955-31-2954-3,Novel,Galle,57.0,26.59,593,4.63,106.05,25.16,8.5,70,97.22,77.63,High Demand
2025-01,BK001,Ape Gama,Martin Wickramasinghe,978-955-31-2954-3,Novel,Kandy,44.0,11.14,348,4.35,64.49,21.9,9.2,70,81.31,69.44,Moderate Demand
2025-02,BK001,Ape Gama,Martin Wickramasinghe,978-955-31-2954-3,Novel,Kandy,29.0,7.96,296,4.36,40.18,18.88,10.6,70,74.03,70.0,Moderate Demand
2025-03,BK001,Ape Gama,Martin Wickramasinghe,978-955-31-2954-3,Novel,Kandy,35.0,11.08,369,4.52,56.52,15.7,11.8,70,74.97,70.69,Moderate Demand
2025-04,BK001,Ape Gama,Martin Wickramasinghe,978-955-31-2954-3,Novel,Kandy,83.0,8.55,420,4.82,74.25,16.35,22.8,70,95.86,68.05,Moderate Demand
2025-05,BK001,Ape Gama,Martin Wickramasinghe,978-955-31-2954-3,Novel,Kandy,83.0,14.25,375,4.45,69.85,13.73,21.1,70,69.09,65.46,Moderate Demand
2025-06,BK001,Ape Gama,Martin Wickramasinghe,978-955-31-2954-3,Novel,Kandy,33.0,10.35,334,4.25,45.97,12.95,11.8,70,67.56,69.59,Moderate Demand
2025-07,BK001,Ape Gama,Martin Wickramasinghe,978-955-31-2954-3,Novel,Kandy,43.0,10.32,366,4.14,46.14,13.39,9.4,70,62.27,69.52,Moderate Demand
2025-08,BK001,Ape Gama,Martin Wickramasinghe,978-955-31-2954-3,Novel,Kandy,66.0,17.51,459,4.49,73.11,15.8,8.6,70,82.98,71.57,High Demand
2025-09,BK001,Ape Gama,Martin Wickramasinghe,978-955-31-2954-3,Novel,Kandy,76.0,10.79,450,4.59,83.63,21.36,33.5,70,91.38,70.0,Moderate Demand
2025-10,BK001,Ape Gama,Martin Wickramasinghe,978-955-31-2954-3,Novel,Kandy,65.0,16.75,476,4.44,63.42,22.83,10.3,70,80.86,71.14,High Demand
2025-11,BK001,Ape Gama,Martin Wickramasinghe,978-955-31-2954-3,Novel,Kandy,90.0,7.51,347,4.52,65.2,18.02,9.0,70,50.15,63.98,Moderate Demand
2025-12,BK001,Ape Gama,Martin Wickramasinghe,978-955-31-2954-3,Novel,Kandy,116.0,10.97,371,4.37,73.65,15.85,7.6,70,80.72,64.47,Moderate Demand
2025-01,BK002,Viragaya,Martin Wickramasinghe,978-955-1234-01-2,Novel,Colombo,59.0,7.08,276,4.19,37.01,13.21,8.9,70,68.14,58.81,Low Demand
2025-02,BK002,Viragaya,Martin Wickramasinghe,978-955-1234-01-2,Novel,Colombo,64.0,11.73,263,4.06,30.33,17.41,8.7,70,53.88,59.01,Low Demand
2025-03,BK002,Viragaya,Martin Wickramasinghe,978-955-1234-01-2,Novel,Colombo,91.0,12.83,306,3.79,41.25,13.82,8.4,70,61.5,55.05,Low Demand
2025-04,BK002,Viragaya,Martin Wickramasinghe,978-955-1234-01-2,Novel,Colombo,72.0,11.67,371,3.89,48.85,16.21,21.7,70,70.16,59.55,Low Demand
2025-05,BK002,Viragaya,Martin Wickramasinghe,978-955-1234-01-2,Novel,Colombo,37.0,11.72,318,4.17,49.09,19.16,19.2,70,56.45,62.62,Low Demand
2025-06,BK002,Viragaya,Martin Wickramasinghe,978-955-1234-01-2,Novel,Colombo,74.0,9.69,300,3.99,33.05,13.99,8.5,70,67.02,57.27,Low Demand
2025-07,BK002,Viragaya,Martin Wickramasinghe,978-955-1234-01-2,Novel,Colombo,36.0,11.21,317,3.65,64.91,13.28,8.9,70,65.83,62.94,Moderate Demand
2025-08,BK002,Viragaya,Martin Wickramasinghe,978-955-1234-01-2,Novel,Colombo,70.0,11.56,411,3.94,89.84,23.79,8.0,70,58.89,63.78,Moderate Demand
2025-09,BK002,Viragaya,Martin Wickramasinghe,978-955-1234-01-2,Novel,Colombo,29.0,9.08,384,3.9,51.59,15.92,32.9,70,38.81,65.86,Moderate Demand
2025-10,BK002,Viragaya,Martin Wickramasinghe,978-955-1234-01-2,Novel,Colombo,97.0,8.28,370,3.6,34.0,15.73,9.5,70,58.43,58.11,Low Demand
2025-11,BK002,Viragaya,Martin Wickramasinghe,978-955-1234-01-2,Novel,Colombo,57.0,10.9,307,4.05,41.94,14.93,8.7,70,79.26,60.08,Low Demand
2025-12,BK002,Viragaya,Martin Wickramasinghe,978-955-1234-01-2,Novel,Colombo,69.0,15.53,337,4.2,54.19,13.42,9.8,70,80.3,59.99,Low Demand
2025-01,BK002,Viragaya,Martin Wickramasinghe,978-955-1234-01-2,Novel,Galle,62.0,9.61,285,3.9,52.22,9.97,9.3,70,59.01,58.78,Low Demand
2025-02,BK002,Viragaya,Martin Wickramasinghe,978-955-1234-01-2,Novel,Galle,30.0,8.0,246,3.85,43.6,15.09,9.2,70,50.57,61.71,Low Demand
2025-03,BK002,Viragaya,Martin Wickramasinghe,978-955-1234-01-2,Novel,Galle,81.0,12.95,303,3.96,42.26,16.18,10.2,70,78.96,57.65,Low Demand
2025-04,BK002,Viragaya,Martin Wickramasinghe,978-955-1234-01-2,Novel,Galle,75.0,12.59,363,3.92,32.42,13.32,22.7,70,77.15,60.86,Low Demand
2025-05,BK002,Viragaya,Martin Wickramasinghe,978-955-1234-01-2,Novel,Galle,44.0,10.4,317,3.98,50.74,13.59,19.2,70,78.1,62.21,Low Demand
2025-06,BK002,Viragaya,Martin Wickramasinghe,978-955-1234-01-2,Novel,Galle,96.0,10.6,305,4.06,53.52,16.77,8.8,70,84.24,57.02,Low Demand
2025-07,BK002,Viragaya,Martin Wickramasinghe,978-955-1234-01-2,Novel,Galle,75.0,9.49,301,3.74,39.38,13.66,10.2,70,67.85,58.06,Low Demand
2025-08,BK002,Viragaya,Martin Wickramasinghe,978-955-1234-01-2,Novel,Galle,25.0,12.32,403,3.92,57.74,20.43,8.9,70,72.11,66.4,Moderate Demand
2025-09,BK002,Viragaya,Martin Wickramasinghe,978-955-1234-01-2,Novel,Galle,71.0,9.7,385,4.26,61.05,18.3,29.4,70,62.21,62.49,Low Demand
2025-10,BK002,Viragaya,Martin Wickramasinghe,978-955-1234-01-2,Novel,Galle,51.0,13.16,376,3.99,51.4,14.83,8.5,70,71.07,63.95,Moderate Demand
2025-11,BK002,Viragaya,Martin Wickramasinghe,978-955-1234-01-2,Novel,Galle,32.0,9.81,299,4.0,33.56,12.37,9.0,70,53.51,62.77,Low Demand
2025-12,BK002,Viragaya,Martin Wickramasinghe,978-955-1234-01-2,Novel,Galle,41.0,13.83,345,4.07,54.61,15.53,9.1,70,80.19,63.99,Moderate Demand
2025-01,BK002,Viragaya,Martin Wickramasinghe,978-955-1234-01-2,Novel,Kandy,95.0,13.79,456,3.85,50.11,21.42,9.1,70,72.76,63.38,Moderate Demand
2025-02,BK002,Viragaya,Martin Wickramasinghe,978-955-1234-01-2,Novel,Kandy,26.0,9.95,412,3.79,84.36,11.97,9.2,70,95.68,68.36,Moderate Demand
2025-03,BK002,Viragaya,Martin Wickramasinghe,978-955-1234-01-2,Novel,Kandy,84.0,15.95,503,4.32,65.89,14.74,9.1,70,74.67,65.11,Moderate Demand
2025-04,BK002,Viragaya,Martin Wickramasinghe,978-955-1234-01-2,Novel,Kandy,55.0,24.66,574,4.0,93.97,27.53,23.5,70,92.8,71.12,High Demand
2025-05,BK002,Viragaya,Martin Wickramasinghe,978-955-1234-01-2,Novel,Kandy,41.0,15.26,506,3.85,63.21,24.81,17.2,70,69.17,69.58,Moderate Demand
2025-06,BK002,Viragaya,Martin Wickramasinghe,978-955-1234-01-2,Novel,Kandy,54.0,13.52,478,4.12,74.91,20.64,10.2,70,90.04,68.2,Moderate Demand
2025-07,BK002,Viragaya,Martin Wickramasinghe,978-955-1234-01-2,Novel,Kandy,37.0,12.83,499,3.91,69.39,21.77,7.9,70,67.85,69.04,Moderate Demand
2025-08,BK002,Viragaya,Martin Wickramasinghe,978-955-1234-01-2,Novel,Kandy,68.0,16.83,635,3.85,94.56,24.39,11.1,70,108.76,70.67,Moderate Demand
2025-09,BK002,Viragaya,Martin Wickramasinghe,978-955-1234-01-2,Novel,Kandy,85.0,19.01,601,3.91,78.92,23.62,29.2,70,97.02,69.66,Moderate Demand
2025-10,BK002,Viragaya,Martin Wickramasinghe,978-955-1234-01-2,Novel,Kandy,53.0,14.7,570,3.78,61.73,26.89,10.6,70,58.92,69.69,Moderate Demand
2025-11,BK002,Viragaya,Martin Wickramasinghe,978-955-1234-01-2,Novel,Kandy,79.0,19.61,469,3.83,65.12,22.91,10.8,70,60.18,64.72,Moderate Demand
2025-12,BK002,Viragaya,Martin Wickramasinghe,978-955-1234-01-2,Novel,Kandy,46.0,16.41,517,4.12,73.11,19.47,10.5,70,84.3,68.88,Moderate Demand
2025-01,BK003,Gamperaliya,Martin Wickramasinghe,978-955-1234-02-9,Novel,Colombo,29.0,14.98,456,3.7,49.47,16.46,10.2,70,71.96,65.02,Moderate Demand
2025-02,BK003,Gamperaliya,Martin Wickramasinghe,978-955-1234-02-9,Novel,Colombo,37.0,17.73,399,3.65,58.65,20.98,9.3,70,95.33,63.02,Moderate Demand
2025-03,BK003,Gamperaliya,Martin Wickramasinghe,978-955-1234-02-9,Novel,Colombo,36.0,20.45,505,3.89,52.58,23.53,8.7,70,65.47,66.09,Moderate Demand
2025-04,BK003,Gamperaliya,Martin Wickramasinghe,978-955-1234-02-9,Novel,Colombo,31.0,18.89,588,3.8,87.29,28.5,21.5,70,81.92,70.57,Moderate Demand
2025-05,BK003,Gamperaliya,Martin Wickramasinghe,978-955-1234-02-9,Novel,Colombo,42.0,16.53,485,3.65,69.65,18.54,19.1,70,74.53,64.43,Moderate Demand
2025-06,BK003,Gamperaliya,Martin Wickramasinghe,978-955-1234-02-9,Novel,Colombo,88.0,16.87,450,3.47,64.64,21.09,8.8,70,76.28,59.11,Low Demand
2025-07,BK003,Gamperaliya,Martin Wickramasinghe,978-955-1234-02-9,Novel,Colombo,95.0,15.19,487,3.63,93.94,24.81,9.4,70,96.62,58.88,Low Demand
2025-08,BK003,Gamperaliya,Martin Wickramasinghe,978-955-1234-02-9,Novel,Colombo,94.0,13.21,587,3.87,85.4,28.1,8.2,70,81.49,62.79,Moderate Demand
2025-09,BK003,Gamperaliya,Martin Wickramasinghe,978-955-1234-02-9,Novel,Colombo,109.0,21.56,582,3.56,87.43,37.22,29.7,70,62.0,63.69,Moderate Demand
2025-10,BK003,Gamperaliya,Martin Wickramasinghe,978-955-1234-02-9,Novel,Colombo,44.0,23.38,629,4.02,102.94,37.05,6.8,70,109.11,69.67,Moderate Demand
2025-11,BK003,Gamperaliya,Martin Wickramasinghe,978-955-1234-02-9,Novel,Colombo,83.0,16.06,450,3.67,67.07,21.05,7.5,70,78.75,58.89,Low Demand
2025-12,BK003,Gamperaliya,Martin Wickramasinghe,978-955-1234-02-9,Novel,Colombo,58.0,14.86,529,3.48,71.92,20.15,8.0,70,60.13,64.72,Moderate Demand
2025-01,BK003,Gamperaliya,Martin Wickramasinghe,978-955-1234-02-9,Novel,Galle,35.0,12.69,407,3.63,70.35,21.27,9.5,70,61.48,62.71,Low Demand
2025-02,BK003,Gamperaliya,Martin Wickramasinghe,978-955-1234-02-9,Novel,Galle,88.0,11.44,356,3.89,65.43,16.91,9.4,70,64.35,57.32,Low Demand
2025-03,BK003,Gamperaliya,Martin Wickramasinghe,978-955-1234-02-9,Novel,Galle,99.0,13.78,450,3.58,32.29,26.72,8.5,70,73.77,57.47,Low Demand
2025-04,BK003,Gamperaliya,Martin Wickramasinghe,978-955-1234-02-9,Novel,Galle,81.0,20.14,495,3.76,65.55,17.91,24.3,70,87.2,62.29,Low Demand
2025-05,BK003,Gamperaliya,Martin Wickramasinghe,978-955-1234-02-9,Novel,Galle,106.0,18.33,451,3.79,61.16,18.55,20.5,70,69.17,58.1,Low Demand
2025-06,BK003,Gamperaliya,Martin Wickramasinghe,978-955-1234-02-9,Novel,Galle,84.0,14.96,403,3.62,55.88,24.87,8.5,70,63.93,57.58,Low Demand
2025-07,BK003,Gamperaliya,Martin Wickramasinghe,978-955-1234-02-9,Novel,Galle,57.0,15.45,438,3.83,77.17,21.38,8.0,70,59.94,61.63,Low Demand
2025-08,BK003,Gamperaliya,Martin Wickramasinghe,978-955-1234-02-9,Novel,Galle,89.0,20.43,568,3.89,73.22,29.65,11.3,70,79.13,62.65,Low Demand
2025-09,BK003,Gamperaliya,Martin Wickramasinghe,978-955-1234-02-9,Novel,Galle,94.0,18.0,541,3.8,90.48,27.46,28.8,70,81.47,62.75,Low Demand
2025-10,BK003,Gamperaliya,Martin Wickramasinghe,978-955-1234-02-9,Novel,Galle,66.0,17.86,561,3.42,72.82,22.69,8.9,70,86.88,65.32,Moderate Demand
2025-11,BK003,Gamperaliya,Martin Wickramasinghe,978-955-1234-02-9,Novel,Galle,42.0,12.49,423,3.74,61.57,23.26,10.5,70,45.87,63.39,Moderate Demand
2025-12,BK003,Gamperaliya,Martin Wickramasinghe,978-955-1234-02-9,Novel,Galle,45.0,15.15,459,3.8,76.08,17.43,8.2,70,62.93,63.25,Moderate Demand
2025-01,BK003,Gamperaliya,Martin Wickramasinghe,978-955-1234-02-9,Novel,Kandy,103.0,33.09,741,3.84,93.89,31.93,11.6,70,102.6,67.69,Moderate Demand
2025-02,BK003,Gamperaliya,Martin Wickramasinghe,978-955-1234-02-9,Novel,Kandy,90.0,26.73,652,3.96,103.61,47.63,8.8,70,120.25,68.65,Moderate Demand
2025-03,BK003,Gamperaliya,Martin Wickramasinghe,978-955-1234-02-9,Novel,Kandy,100.0,24.58,809,3.72,94.07,36.31,10.8,70,115.25,70.32,Moderate Demand
2025-04,BK003,Gamperaliya,Martin Wickramasinghe,978-955-1234-02-9,Novel,Kandy,99.0,27.78,906,3.69,114.57,47.92,21.7,70,68.75,74.91,High Demand
2025-05,BK003,Gamperaliya,Martin Wickramasinghe,978-955-1234-02-9,Novel,Kandy,104.0,22.65,823,3.37,134.7,28.19,20.0,70,68.24,70.34,Moderate Demand
2025-06,BK003,Gamperaliya,Martin Wickramasinghe,978-955-1234-02-9,Novel,Kandy,33.0,25.03,706,3.51,111.44,40.51,9.3,70,102.62,74.31,High Demand
2025-07,BK003,Gamperaliya,Martin Wickramasinghe,978-955-1234-02-9,Novel,Kandy,104.0,25.8,750,3.89,87.47,26.13,9.0,70,95.88,68.17,Moderate Demand
2025-08,BK003,Gamperaliya,Martin Wickramasinghe,978-955-1234-02-9,Novel,Kandy,84.0,22.4,920,3.53,103.45,35.95,10.9,70,109.77,75.28,High Demand
2025-09,BK003,Gamperaliya,Martin Wickramasinghe,978-955-1234-02-9,Novel,Kandy,88.0,32.84,910,3.64,204.69,38.06,26.7,70,146.57,76.08,High Demand
2025-10,BK003,Gamperaliya,Martin Wickramasinghe,978-955-1234-02-9,Novel,Kandy,99.0,28.58,981,3.43,126.69,38.3,10.1,70,93.64,75.56,High Demand
2025-11,BK003,Gamperaliya,Martin Wickramasinghe,978-955-1234-02-9,Novel,Kandy,68.0,31.73,766,3.64,92.74,26.11,9.0,70,117.93,72.15,High Demand
2025-12,BK003,Gamperaliya,Martin Wickramasinghe,978-955-1234-02-9,Novel,Kandy,48.0,28.99,847,3.5,135.7,38.36,10.8,70,107.2,78.27,High Demand
2025-01,BK004,Madol Duwa,Martin Wickramasinghe,978-955-1234-03-6,Children's,Colombo,83.0,18.09,434,4.67,52.13,18.03,10.4,60,72.06,68.34,Moderate Demand
2025-02,BK004,Madol Duwa,Martin Wickramasinghe,978-955-1234-03-6,Children's,Colombo,32.0,13.17,400,4.57,60.36,19.66,9.3,60,52.58,73.69,High Demand
2025-03,BK004,Madol Duwa,Martin Wickramasinghe,978-955-1234-03-6,Children's,Colombo,64.0,15.25,497,4.66,78.88,17.17,8.5,60,68.0,73.12,High Demand
2025-04,BK004,Madol Duwa,Martin Wickramasinghe,978-955-1234-03-6,Children's,Colombo,80.0,20.39,582,4.36,105.44,21.8,20.7,60,116.15,74.16,High Demand
2025-05,BK004,Madol Duwa,Martin Wickramasinghe,978-955-1234-03-6,Children's,Colombo,109.0,18.95,498,4.57,65.66,22.16,19.2,60,86.31,68.33,Moderate Demand
2025-06,BK004,Madol Duwa,Martin Wickramasinghe,978-955-1234-03-6,Children's,Colombo,28.0,15.53,425,4.71,74.93,20.97,11.2,60,91.18,73.86,High Demand
2025-07,BK004,Madol Duwa,Martin Wickramasinghe,978-955-1234-03-6,Children's,Colombo,102.0,11.73,460,4.11,65.03,18.28,12.0,60,90.02,68.44,Moderate Demand
2025-08,BK004,Madol Duwa,Martin Wickramasinghe,978-955-1234-03-6,Children's,Colombo,34.0,16.43,494,4.49,67.33,22.34,11.7,60,82.35,75.44,High Demand
2025-09,BK004,Madol Duwa,Martin Wickramasinghe,978-955-1234-03-6,Children's,Colombo,50.0,17.1,511,4.57,77.84,22.28,31.6,60,99.29,75.52,High Demand
2025-10,BK004,Madol Duwa,Martin Wickramasinghe,978-955-1234-03-6,Children's,Colombo,85.0,14.62,489,4.71,62.41,26.37,8.0,60,88.53,70.79,High Demand
2025-11,BK004,Madol Duwa,Martin Wickramasinghe,978-955-1234-03-6,Children's,Colombo,53.0,13.67,461,4.67,73.91,23.37,11.8,60,80.53,72.93,High Demand
2025-12,BK004,Madol Duwa,Martin Wickramasinghe,978-955-1234-03-6,Children's,Colombo,98.0,24.6,569,4.67,82.54,27.24,11.2,60,86.46,72.54,High Demand
2025-01,BK004,Madol Duwa,Martin Wickramasinghe,978-955-1234-03-6,Children's,Galle,47.0,20.39,677,4.65,80.17,35.66,8.4,60,86.82,80.0,High Demand
2025-02,BK004,Madol Duwa,Martin Wickramasinghe,978-955-1234-03-6,Children's,Galle,84.0,18.68,611,4.7,101.09,25.32,10.1,60,103.02,76.39,High Demand
2025-03,BK004,Madol Duwa,Martin Wickramasinghe,978-955-1234-03-6,Children's,Galle,47.0,27.39,766,4.55,96.67,39.11,10.4,60,101.76,82.32,High Demand
2025-04,BK004,Madol Duwa,Martin Wickramasinghe,978-955-1234-03-6,Children's,Galle,90.0,30.53,896,4.57,117.06,45.35,22.0,60,140.44,86.47,High Demand
2025-05,BK004,Madol Duwa,Martin Wickramasinghe,978-955-1234-03-6,Children's,Galle,74.0,23.82,748,4.42,100.5,31.88,21.1,60,99.1,81.18,High Demand
2025-06,BK004,Madol Duwa,Martin Wickramasinghe,978-955-1234-03-6,Children's,Galle,57.0,28.55,756,4.56,136.81,39.66,10.9,60,91.2,84.62,High Demand
2025-07,BK004,Madol Duwa,Martin Wickramasinghe,978-955-1234-03-6,Children's,Galle,63.0,25.5,730,4.56,107.98,28.15,11.8,60,71.24,82.05,High Demand
2025-08,BK004,Madol Duwa,Martin Wickramasinghe,978-955-1234-03-6,Children's,Galle,74.0,28.08,820,4.82,144.83,50.26,9.1,60,124.29,84.53,High Demand
2025-09,BK004,Madol Duwa,Martin Wickramasinghe,978-955-1234-03-6,Children's,Galle,104.0,30.49,786,4.41,143.09,37.18,29.6,60,154.13,79.4,High Demand
2025-10,BK004,Madol Duwa,Martin Wickramasinghe,978-955-1234-03-6,Children's,Galle,95.0,27.83,823,4.64,115.22,27.37,10.2,60,109.41,79.58,High Demand
2025-11,BK004,Madol Duwa,Martin Wickramasinghe,978-955-1234-03-6,Children's,Galle,105.0,22.02,738,4.54,100.63,27.77,8.8,60,66.62,77.7,High Demand
2025-12,BK004,Madol Duwa,Martin Wickramasinghe,978-955-1234-03-6,Children's,Galle,119.0,26.21,838,4.59,108.7,33.53,10.4,60,130.59,82.07,High Demand
2025-01,BK004,Madol Duwa,Martin Wickramasinghe,978-955-1234-03-6,Children's,Kandy,45.0,5.88,200,4.75,31.73,9.1,9.5,60,54.99,64.26,Moderate Demand
2025-02,BK004,Madol Duwa,Martin Wickramasinghe,978-955-1234-03-6,Children's,Kandy,98.0,7.1,192,4.59,34.69,10.88,9.5,60,70.06,60.21,Low Demand
2025-03,BK004,Madol Duwa,Martin Wickramasinghe,978-955-1234-03-6,Children's,Kandy,105.0,5.98,227,4.43,39.92,11.59,10.2,60,67.32,59.26,Low Demand
2025-04,BK004,Madol Duwa,Martin Wickramasinghe,978-955-1234-03-6,Children's,Kandy,82.0,5.92,258,4.6,29.58,14.28,18.5,60,74.79,63.09,Moderate Demand
2025-05,BK004,Madol Duwa,Martin Wickramasinghe,978-955-1234-03-6,Children's,Kandy,90.0,7.24,221,4.71,37.28,10.37,19.9,60,64.26,59.54,Low Demand
2025-06,BK004,Madol Duwa,Martin Wickramasinghe,978-955-1234-03-6,Children's,Kandy,35.0,5.46,212,4.64,37.75,8.65,9.6,60,60.33,65.22,Moderate Demand
2025-07,BK004,Madol Duwa,Martin Wickramasinghe,978-955-1234-03-6,Children's,Kandy,65.0,4.66,216,4.69,42.59,10.8,9.6,60,73.88,62.84,Moderate Demand
2025-08,BK004,Madol Duwa,Martin Wickramasinghe,978-955-1234-03-6,Children's,Kandy,60.0,7.92,231,4.38,36.16,12.89,9.0,60,60.97,62.86,Moderate Demand
2025-09,BK004,Madol Duwa,Martin Wickramasinghe,978-955-1234-03-6,Children's,Kandy,96.0,6.45,220,4.72,34.55,6.55,28.4,60,75.99,60.91,Low Demand
2025-10,BK004,Madol Duwa,Martin Wickramasinghe,978-955-1234-03-6,Children's,Kandy,102.0,7.8,223,4.52,23.18,8.17,10.0,60,56.89,59.34,Low Demand
2025-11,BK004,Madol Duwa,Martin Wickramasinghe,978-955-1234-03-6,Children's,Kandy,44.0,6.49,214,4.42,28.3,9.91,10.9,60,65.08,65.26,Moderate Demand
2025-12,BK004,Madol Duwa,Martin Wickramasinghe,978-955-1234-03-6,Children's,Kandy,33.0,6.61,245,4.62,29.42,10.57,9.8,60,57.56,66.84,Moderate Demand
2025-01,BK005,Senkottan,Mahinda Prasad Masimbula,978-955-3031-15-8,Novel,Colombo,82.0,4.35,171,3.56,21.04,10.32,10.1,70,59.35,48.88,Low Demand
2025-02,BK005,Senkottan,Mahinda Prasad Masimbula,978-955-3031-15-8,Novel,Colombo,99.0,5.54,170,3.82,23.7,10.02,9.9,70,46.86,48.58,Low Demand
2025-03,BK005,Senkottan,Mahinda Prasad Masimbula,978-955-3031-15-8,Novel,Colombo,105.0,5.91,192,4.03,21.08,9.3,9.3,70,45.9,50.0,Low Demand
2025-04,BK005,Senkottan,Mahinda Prasad Masimbula,978-955-3031-15-8,Novel,Colombo,41.0,6.56,229,3.71,32.46,8.88,24.3,70,65.42,56.43,Low Demand
2025-05,BK005,Senkottan,Mahinda Prasad Masimbula,978-955-3031-15-8,Novel,Colombo,89.0,6.67,217,3.67,32.12,6.42,19.9,70,58.07,50.47,Low Demand
2025-06,BK005,Senkottan,Mahinda Prasad Masimbula,978-955-3031-15-8,Novel,Colombo,107.0,4.61,187,3.95,32.06,7.46,9.1,70,52.25,50.15,Low Demand
2025-07,BK005,Senkottan,Mahinda Prasad Masimbula,978-955-3031-15-8,Novel,Colombo,50.0,6.82,211,3.89,29.54,8.12,9.4,70,45.44,53.95,Low Demand
2025-08,BK005,Senkottan,Mahinda Prasad Masimbula,978-955-3031-15-8,Novel,Colombo,71.0,5.85,261,3.92,43.08,10.05,10.4,70,57.84,54.85,Low Demand
2025-09,BK005,Senkottan,Mahinda Prasad Masimbula,978-955-3031-15-8,Novel,Colombo,113.0,7.48,232,3.5,43.15,7.62,31.4,70,60.57,50.36,Low Demand
2025-10,BK005,Senkottan,Mahinda Prasad Masimbula,978-955-3031-15-8,Novel,Colombo,42.0,9.16,254,3.65,26.65,8.82,10.4,70,64.01,58.02,Low Demand
2025-11,BK005,Senkottan,Mahinda Prasad Masimbula,978-955-3031-15-8,Novel,Colombo,119.0,7.79,197,4.08,28.91,7.99,8.4,70,47.51,49.17,Low Demand
2025-12,BK005,Senkottan,Mahinda Prasad Masimbula,978-955-3031-15-8,Novel,Colombo,62.0,9.86,229,3.64,27.47,12.23,10.1,70,61.02,54.99,Low Demand
2025-01,BK005,Senkottan,Mahinda Prasad Masimbula,978-955-3031-15-8,Novel,Galle,19.0,7.57,319,3.72,40.77,12.76,9.0,70,43.03,61.78,Low Demand
2025-02,BK005,Senkottan,Mahinda Prasad Masimbula,978-955-3031-15-8,Novel,Galle,28.0,10.64,264,3.81,40.89,11.33,8.8,70,61.01,59.94,Low Demand
2025-03,BK005,Senkottan,Mahinda Prasad Masimbula,978-955-3031-15-8,Novel,Galle,54.0,12.59,324,3.81,48.17,14.21,9.3,70,53.58,57.65,Low Demand
2025-04,BK005,Senkottan,Mahinda Prasad Masimbula,978-955-3031-15-8,Novel,Galle,38.0,15.09,388,3.78,76.72,18.56,22.5,70,77.91,63.73,Moderate Demand
2025-05,BK005,Senkottan,Mahinda Prasad Masimbula,978-955-3031-15-8,Novel,Galle,59.0,8.94,329,3.42,61.22,17.83,18.8,70,59.18,57.81,Low Demand
2025-06,BK005,Senkottan,Mahinda Prasad Masimbula,978-955-3031-15-8,Novel,Galle,107.0,11.81,331,3.87,51.53,12.31,10.0,70,88.86,54.98,Low Demand
2025-07,BK005,Senkottan,Mahinda Prasad Masimbula,978-955-3031-15-8,Novel,Galle,64.0,13.03,307,3.63,39.4,15.17,9.8,70,63.61,57.77,Low Demand
2025-08,BK005,Senkottan,Mahinda Prasad Masimbula,978-955-3031-15-8,Novel,Galle,94.0,9.88,411,3.94,61.81,14.82,8.8,70,73.93,57.63,Low Demand
2025-09,BK005,Senkottan,Mahinda Prasad Masimbula,978-955-3031-15-8,Novel,Galle,79.0,13.8,383,3.98,56.86,20.52,31.8,70,42.76,59.12,Low Demand
2025-10,BK005,Senkottan,Mahinda Prasad Masimbula,978-955-3031-15-8,Novel,Galle,43.0,15.11,394,3.63,61.28,19.92,11.1,70,52.79,62.53,Low Demand
2025-11,BK005,Senkottan,Mahinda Prasad Masimbula,978-955-3031-15-8,Novel,Galle,83.0,9.4,320,3.8,39.34,15.45,10.9,70,73.84,55.86,Low Demand
2025-12,BK005,Senkottan,Mahinda Prasad Masimbula,978-955-3031-15-8,Novel,Galle,93.0,12.79,349,4.04,57.15,16.98,8.3,70,58.59,56.31,Low Demand
2025-01,BK005,Senkottan,Mahinda Prasad Masimbula,978-955-3031-15-8,Novel,Kandy,37.0,5.7,216,4.04,30.53,9.0,11.2,70,64.63,56.78,Low Demand
2025-02,BK005,Senkottan,Mahinda Prasad Masimbula,978-955-3031-15-8,Novel,Kandy,103.0,5.85,190,3.94,33.1,7.08,9.2,70,47.69,49.82,Low Demand
2025-03,BK005,Senkottan,Mahinda Prasad Masimbula,978-955-3031-15-8,Novel,Kandy,44.0,6.33,228,3.7,38.96,10.19,8.9,70,60.89,55.83,Low Demand
2025-04,BK005,Senkottan,Mahinda Prasad Masimbula,978-955-3031-15-8,Novel,Kandy,36.0,9.26,269,3.86,49.99,16.03,23.6,70,51.61,59.12,Low Demand
2025-05,BK005,Senkottan,Mahinda Prasad Masimbula,978-955-3031-15-8,Novel,Kandy,67.0,7.02,221,3.66,31.5,4.6,16.9,70,58.86,53.26,Low Demand
2025-06,BK005,Senkottan,Mahinda Prasad Masimbula,978-955-3031-15-8,Novel,Kandy,30.0,8.41,217,4.0,24.03,13.01,9.4,70,61.24,57.68,Low Demand
2025-07,BK005,Senkottan,Mahinda Prasad Masimbula,978-955-3031-15-8,Novel,Kandy,58.0,6.26,231,3.84,24.07,8.89,9.3,70,64.09,55.37,Low Demand
2025-08,BK005,Senkottan,Mahinda Prasad Masimbula,978-955-3031-15-8,Novel,Kandy,77.0,9.52,302,4.0,38.65,13.37,9.4,70,53.52,53.6,Low Demand
2025-09,BK005,Senkottan,Mahinda Prasad Masimbula,978-955-3031-15-8,Novel,Kandy,61.0,11.28,291,3.44,30.28,11.06,30.9,70,47.96,57.14,Low Demand
2025-10,BK005,Senkottan,Mahinda Prasad Masimbula,978-955-3031-15-8,Novel,Kandy,41.0,9.89,280,3.71,28.56,11.59,12.1,70,64.99,58.44,Low Demand
2025-11,BK005,Senkottan,Mahinda Prasad Masimbula,978-955-3031-15-8,Novel,Kandy,80.0,5.66,219,3.72,29.03,11.8,7.3,70,57.54,52.71,Low Demand
2025-12,BK005,Senkottan,Mahinda Prasad Masimbula,978-955-3031-15-8,Novel,Kandy,92.0,9.28,250,3.71,30.04,12.79,9.1,70,64.54,53.02,Low Demand
2025-01,BK006,Malagiya Attho,Ediriweera Sarachchandra,978-955-9012-05-4,Novel,Colombo,61.0,13.01,439,3.31,74.78,26.74,9.8,70,55.32,59.57,Low Demand
2025-02,BK006,Malagiya Attho,Ediriweera Sarachchandra,978-955-9012-05-4,Novel,Colombo,74.0,16.93,445,3.56,87.4,21.63,8.5,70,81.93,59.95,Low Demand
2025-03,BK006,Malagiya Attho,Ediriweera Sarachchandra,978-955-9012-05-4,Novel,Colombo,60.0,17.73,523,3.37,69.15,26.34,9.0,70,73.44,60.44,Low Demand
2025-04,BK006,Malagiya Attho,Ediriweera Sarachchandra,978-955-9012-05-4,Novel,Colombo,83.0,24.39,606,3.76,99.31,27.82,23.8,70,69.09,64.25,Moderate Demand
2025-05,BK006,Malagiya Attho,Ediriweera Sarachchandra,978-955-9012-05-4,Novel,Colombo,73.0,17.07,519,3.45,53.22,19.79,20.6,70,69.25,58.55,Low Demand
2025-06,BK006,Malagiya Attho,Ediriweera Sarachchandra,978-955-9012-05-4,Novel,Colombo,46.0,11.48,503,3.43,75.12,22.97,10.1,70,87.16,63.69,Moderate Demand
2025-07,BK006,Malagiya Attho,Ediriweera Sarachchandra,978-955-9012-05-4,Novel,Colombo,67.0,12.62,510,3.38,62.71,25.55,8.9,70,76.59,60.81,Low Demand
2025-08,BK006,Malagiya Attho,Ediriweera Sarachchandra,978-955-9012-05-4,Novel,Colombo,72.0,24.3,670,3.58,81.91,36.22,9.2,70,88.91,65.11,Moderate Demand
2025-09,BK006,Malagiya Attho,Ediriweera Sarachchandra,978-955-9012-05-4,Novel,Colombo,71.0,19.5,612,3.55,60.69,28.55,29.0,70,85.3,64.35,Moderate Demand
2025-10,BK006,Malagiya Attho,Ediriweera Sarachchandra,978-955-9012-05-4,Novel,Colombo,56.0,23.98,623,3.36,114.48,21.56,7.5,70,77.92,65.49,Moderate Demand
2025-11,BK006,Malagiya Attho,Ediriweera Sarachchandra,978-955-9012-05-4,Novel,Colombo,110.0,17.2,493,3.05,54.52,19.13,10.2,70,89.57,57.43,Low Demand
2025-12,BK006,Malagiya Attho,Ediriweera Sarachchandra,978-955-9012-05-4,Novel,Colombo,41.0,17.08,587,3.44,71.0,22.25,10.8,70,82.82,66.73,Moderate Demand
2025-01,BK006,Malagiya Attho,Ediriweera Sarachchandra,978-955-9012-05-4,Novel,Galle,67.0,16.73,438,3.38,59.21,19.55,8.3,70,52.13,57.51,Low Demand
2025-02,BK006,Malagiya Attho,Ediriweera Sarachchandra,978-955-9012-05-4,Novel,Galle,50.0,13.0,422,3.48,70.48,21.49,10.3,70,54.14,60.89,Low Demand
2025-03,BK006,Malagiya Attho,Ediriweera Sarachchandra,978-955-9012-05-4,Novel,Galle,85.0,11.24,535,3.35,80.74,20.8,9.3,70,69.64,60.94,Low Demand
2025-04,BK006,Malagiya Attho,Ediriweera Sarachchandra,978-955-9012-05-4,Novel,Galle,51.0,26.07,579,3.55,81.96,27.27,21.9,70,76.63,65.33,Moderate Demand
2025-05,BK006,Malagiya Attho,Ediriweera Sarachchandra,978-955-9012-05-4,Novel,Galle,103.0,11.19,514,3.32,63.55,26.34,16.8,70,84.03,57.42,Low Demand
2025-06,BK006,Malagiya Attho,Ediriweera Sarachchandra,978-955-9012-05-4,Novel,Galle,43.0,16.77,454,3.54,74.34,21.09,9.1,70,40.26,61.09,Low Demand
2025-07,BK006,Malagiya Attho,Ediriweera Sarachchandra,978-955-9012-05-4,Novel,Galle,50.0,17.99,481,3.47,72.49,18.83,9.2,70,81.55,61.78,Low Demand
2025-08,BK006,Malagiya Attho,Ediriweera Sarachchandra,978-955-9012-05-4,Novel,Galle,23.0,21.79,659,3.63,72.49,34.3,9.5,70,103.28,70.08,Moderate Demand
2025-09,BK006,Malagiya Attho,Ediriweera Sarachchandra,978-955-9012-05-4,Novel,Galle,88.0,13.82,581,3.48,112.46,29.5,31.0,70,75.45,62.3,Low Demand
2025-10,BK006,Malagiya Attho,Ediriweera Sarachchandra,978-955-9012-05-4,Novel,Galle,30.0,23.3,616,3.59,83.75,23.27,10.9,70,99.74,67.91,Moderate Demand
2025-11,BK006,Malagiya Attho,Ediriweera Sarachchandra,978-955-9012-05-4,Novel,Galle,87.0,12.56,499,3.45,82.52,24.53,9.0,70,66.58,58.5,Low Demand
2025-12,BK006,Malagiya Attho,Ediriweera Sarachchandra,978-955-9012-05-4,Novel,Galle,98.0,14.45,562,3.46,60.92,30.53,10.2,70,77.33,60.57,Low Demand
2025-01,BK006,Malagiya Attho,Ediriweera Sarachchandra,978-955-9012-05-4,Novel,Kandy,70.0,13.71,453,3.4,50.14,17.58,10.9,70,64.64,59.57,Low Demand
2025-02,BK006,Malagiya Attho,Ediriweera Sarachchandra,978-955-9012-05-4,Novel,Kandy,55.0,15.71,388,3.31,56.34,22.44,8.9,70,86.85,59.03,Low Demand
2025-03,BK006,Malagiya Attho,Ediriweera Sarachchandra,978-955-9012-05-4,Novel,Kandy,76.0,16.75,494,3.54,61.12,21.49,9.1,70,87.72,59.58,Low Demand
2025-04,BK006,Malagiya Attho,Ediriweera Sarachchandra,978-955-9012-05-4,Novel,Kandy,56.0,22.53,594,3.49,110.95,31.6,20.6,70,98.43,65.82,Moderate Demand
2025-05,BK006,Malagiya Attho,Ediriweera Sarachchandra,978-955-9012-05-4,Novel,Kandy,94.0,14.41,483,3.72,50.22,23.99,20.1,70,58.8,57.91,Low Demand
2025-06,BK006,Malagiya Attho,Ediriweera Sarachchandra,978-955-9012-05-4,Novel,Kandy,77.0,14.92,461,3.57,69.05,23.13,10.6,70,73.47,59.16,Low Demand
2025-07,BK006,Malagiya Attho,Ediriweera Sarachchandra,978-955-9012-05-4,Novel,Kandy,40.0,12.46,479,3.77,56.82,20.46,9.8,70,58.42,62.1,Low Demand
2025-08,BK006,Malagiya Attho,Ediriweera Sarachchandra,978-955-9012-05-4,Novel,Kandy,75.0,18.46,605,3.79,94.95,24.71,9.4,70,83.74,62.85,Moderate Demand
2025-09,BK006,Malagiya Attho,Ediriweera Sarachchandra,978-955-9012-05-4,Novel,Kandy,74.0,20.95,571,3.54,87.98,27.69,30.3,70,88.2,61.94,Low Demand
2025-10,BK006,Malagiya Attho,Ediriweera Sarachchandra,978-955-9012-05-4,Novel,Kandy,35.0,18.98,620,3.33,82.36,28.52,11.8,70,102.07,67.37,Moderate Demand
2025-11,BK006,Malagiya Attho,Ediriweera Sarachchandra,978-955-9012-05-4,Novel,Kandy,68.0,17.29,480,3.46,106.17,16.45,9.7,70,71.91,60.05,Low Demand
2025-12,BK006,Malagiya Attho,Ediriweera Sarachchandra,978-955-9012-05-4,Novel,Kandy,85.0,17.18,571,3.65,87.28,26.25,9.6,70,83.77,62.64,Low Demand
2025-01,BK007,Amba Yaluwo,T. B. Ilangaratne,978-955-8877-66-5,Novel,Colombo,58.0,10.39,358,3.79,61.97,21.42,8.5,70,64.66,60.37,Low Demand
2025-02,BK007,Amba Yaluwo,T. B. Ilangaratne,978-955-8877-66-5,Novel,Colombo,25.0,11.72,326,3.96,40.8,19.41,9.2,70,54.4,62.46,Low Demand
2025-03,BK007,Amba Yaluwo,T. B. Ilangaratne,978-955-8877-66-5,Novel,Colombo,65.0,12.2,391,3.75,55.07,17.39,9.7,70,87.5,59.83,Low Demand
2025-04,BK007,Amba Yaluwo,T. B. Ilangaratne,978-955-8877-66-5,Novel,Colombo,78.0,17.83,486,3.79,73.57,15.49,20.2,70,81.85,63.32,Moderate Demand
2025-05,BK007,Amba Yaluwo,T. B. Ilangaratne,978-955-8877-66-5,Novel,Colombo,27.0,13.69,412,3.95,61.98,19.33,21.4,70,87.11,65.0,Moderate Demand
2025-06,BK007,Amba Yaluwo,T. B. Ilangaratne,978-955-8877-66-5,Novel,Colombo,43.0,17.23,399,3.93,57.64,20.76,10.0,70,80.53,62.62,Low Demand
2025-07,BK007,Amba Yaluwo,T. B. Ilangaratne,978-955-8877-66-5,Novel,Colombo,67.0,12.76,411,3.84,53.94,23.98,9.5,70,55.22,60.63,Low Demand
2025-08,BK007,Amba Yaluwo,T. B. Ilangaratne,978-955-8877-66-5,Novel,Colombo,65.0,15.51,500,3.85,34.72,18.52,11.8,70,69.0,65.03,Moderate Demand
2025-09,BK007,Amba Yaluwo,T. B. Ilangaratne,978-955-8877-66-5,Novel,Colombo,61.0,13.14,479,3.88,69.86,22.11,28.7,70,85.73,64.0,Moderate Demand
2025-10,BK007,Amba Yaluwo,T. B. Ilangaratne,978-955-8877-66-5,Novel,Colombo,29.0,16.94,523,3.81,61.47,21.25,11.0,70,90.24,68.5,Moderate Demand
2025-11,BK007,Amba Yaluwo,T. B. Ilangaratne,978-955-8877-66-5,Novel,Colombo,51.0,15.14,407,3.94,56.98,17.29,7.4,70,78.69,62.42,Low Demand
2025-12,BK007,Amba Yaluwo,T. B. Ilangaratne,978-955-8877-66-5,Novel,Colombo,22.0,13.2,453,3.69,74.5,15.85,10.5,70,74.52,66.85,Moderate Demand
2025-01,BK007,Amba Yaluwo,T. B. Ilangaratne,978-955-8877-66-5,Novel,Galle,106.0,7.42,232,4.24,47.74,9.95,10.3,70,64.28,51.28,Low Demand
2025-02,BK007,Amba Yaluwo,T. B. Ilangaratne,978-955-8877-66-5,Novel,Galle,84.0,8.5,212,3.83,36.69,10.12,7.5,70,47.04,52.86,Low Demand
2025-03,BK007,Amba Yaluwo,T. B. Ilangaratne,978-955-8877-66-5,Novel,Galle,79.0,8.49,269,3.69,44.97,11.62,10.9,70,56.69,54.7,Low Demand
2025-04,BK007,Amba Yaluwo,T. B. Ilangaratne,978-955-8877-66-5,Novel,Galle,54.0,8.6,283,3.57,47.51,16.3,22.9,70,49.03,57.39,Low Demand
2025-05,BK007,Amba Yaluwo,T. B. Ilangaratne,978-955-8877-66-5,Novel,Galle,74.0,9.59,255,3.64,40.62,10.56,20.0,70,67.42,54.84,Low Demand
2025-06,BK007,Amba Yaluwo,T. B. Ilangaratne,978-955-8877-66-5,Novel,Galle,85.0,8.23,243,3.86,42.31,11.01,11.2,70,61.45,52.95,Low Demand
2025-07,BK007,Amba Yaluwo,T. B. Ilangaratne,978-955-8877-66-5,Novel,Galle,31.0,8.68,252,3.74,34.53,13.03,8.6,70,64.57,58.31,Low Demand
2025-08,BK007,Amba Yaluwo,T. B. Ilangaratne,978-955-8877-66-5,Novel,Galle,50.0,12.11,313,3.98,41.77,14.39,11.7,70,60.06,59.08,Low Demand
2025-09,BK007,Amba Yaluwo,T. B. Ilangaratne,978-955-8877-66-5,Novel,Galle,79.0,11.59,291,3.76,45.47,16.65,29.2,70,35.17,54.55,Low Demand
2025-10,BK007,Amba Yaluwo,T. B. Ilangaratne,978-955-8877-66-5,Novel,Galle,94.0,9.74,321,3.64,59.91,15.99,8.6,70,54.65,54.27,Low Demand
2025-11,BK007,Amba Yaluwo,T. B. Ilangaratne,978-955-8877-66-5,Novel,Galle,65.0,7.41,244,3.76,41.91,10.1,9.8,70,59.26,56.47,Low Demand
2025-12,BK007,Amba Yaluwo,T. B. Ilangaratne,978-955-8877-66-5,Novel,Galle,50.0,9.19,263,3.71,52.09,11.36,8.3,70,59.8,56.96,Low Demand
2025-01,BK007,Amba Yaluwo,T. B. Ilangaratne,978-955-8877-66-5,Novel,Kandy,59.0,8.42,267,3.74,32.0,11.54,10.0,70,67.52,55.28,Low Demand
2025-02,BK007,Amba Yaluwo,T. B. Ilangaratne,978-955-8877-66-5,Novel,Kandy,92.0,5.44,225,3.64,36.48,10.52,10.7,70,68.3,52.38,Low Demand
2025-03,BK007,Amba Yaluwo,T. B. Ilangaratne,978-955-8877-66-5,Novel,Kandy,58.0,11.3,288,3.77,47.94,13.08,10.3,70,54.69,57.29,Low Demand
2025-04,BK007,Amba Yaluwo,T. B. Ilangaratne,978-955-8877-66-5,Novel,Kandy,81.0,10.5,314,3.52,53.12,14.07,25.4,70,71.99,56.63,Low Demand
2025-05,BK007,Amba Yaluwo,T. B. Ilangaratne,978-955-8877-66-5,Novel,Kandy,44.0,10.42,287,3.81,31.41,15.56,18.6,70,42.77,58.64,Low Demand
2025-06,BK007,Amba Yaluwo,T. B. Ilangaratne,978-955-8877-66-5,Novel,Kandy,91.0,7.21,270,3.78,28.54,11.52,8.0,70,66.63,51.8,Low Demand
2025-07,BK007,Amba Yaluwo,T. B. Ilangaratne,978-955-8877-66-5,Novel,Kandy,75.0,11.09,282,3.81,26.23,11.77,8.8,70,38.72,55.2,Low Demand
2025-08,BK007,Amba Yaluwo,T. B. Ilangaratne,978-955-8877-66-5,Novel,Kandy,33.0,10.83,373,3.7,51.53,16.93,8.8,70,73.19,62.16,Low Demand
2025-09,BK007,Amba Yaluwo,T. B. Ilangaratne,978-955-8877-66-5,Novel,Kandy,125.0,11.29,345,3.82,74.87,13.96,29.9,70,40.77,54.33,Low Demand
2025-10,BK007,Amba Yaluwo,T. B. Ilangaratne,978-955-8877-66-5,Novel,Kandy,97.0,8.85,360,3.83,55.9,16.72,7.9,70,71.95,56.47,Low Demand
2025-11,BK007,Amba Yaluwo,T. B. Ilangaratne,978-955-8877-66-5,Novel,Kandy,78.0,8.84,273,3.55,33.92,11.46,7.1,70,76.18,55.58,Low Demand
2025-12,BK007,Amba Yaluwo,T. B. Ilangaratne,978-955-8877-66-5,Novel,Kandy,68.0,10.51,328,3.94,50.59,12.04,8.3,70,62.54,56.7,Low Demand
2025-01,BK008,Guru Geethaya,Chingiz Aitmatov (Trans.),978-955-6543-20-1,Translated Classic,Colombo,21.0,32.09,1027,4.28,143.13,29.24,9.0,78,136.75,93.08,High Demand
2025-02,BK008,Guru Geethaya,Chingiz Aitmatov (Trans.),978-955-6543-20-1,Translated Classic,Colombo,38.0,33.04,861,4.37,139.15,53.9,9.6,78,139.75,89.99,High Demand
2025-03,BK008,Guru Geethaya,Chingiz Aitmatov (Trans.),978-955-6543-20-1,Translated Classic,Colombo,88.0,36.01,1105,4.51,151.74,49.23,9.3,78,70.15,89.49,High Demand
2025-04,BK008,Guru Geethaya,Chingiz Aitmatov (Trans.),978-955-6543-20-1,Translated Classic,Colombo,54.0,46.64,1200,4.12,141.25,56.55,22.7,78,94.14,98.27,High Demand
2025-05,BK008,Guru Geethaya,Chingiz Aitmatov (Trans.),978-955-6543-20-1,Translated Classic,Colombo,89.0,33.49,1128,4.16,147.37,47.16,16.0,78,131.72,90.55,High Demand
2025-06,BK008,Guru Geethaya,Chingiz Aitmatov (Trans.),978-955-6543-20-1,Translated Classic,Colombo,95.0,31.81,1149,4.16,191.05,65.09,9.8,78,109.97,90.63,High Demand
2025-07,BK008,Guru Geethaya,Chingiz Aitmatov (Trans.),978-955-6543-20-1,Translated Classic,Colombo,57.0,35.69,1110,4.32,171.52,47.73,9.2,78,120.54,92.45,High Demand
2025-08,BK008,Guru Geethaya,Chingiz Aitmatov (Trans.),978-955-6543-20-1,Translated Classic,Colombo,103.0,50.84,1424,4.16,239.26,45.56,8.8,78,225.5,100.54,High Demand
2025-09,BK008,Guru Geethaya,Chingiz Aitmatov (Trans.),978-955-6543-20-1,Translated Classic,Colombo,48.0,56.99,1411,4.17,170.23,74.26,30.3,78,207.06,107.39,High Demand
2025-10,BK008,Guru Geethaya,Chingiz Aitmatov (Trans.),978-955-6543-20-1,Translated Classic,Colombo,63.0,52.99,1443,4.57,249.92,55.5,10.8,78,173.24,105.68,High Demand
2025-11,BK008,Guru Geethaya,Chingiz Aitmatov (Trans.),978-955-6543-20-1,Translated Classic,Colombo,28.0,25.64,1099,4.25,175.16,53.02,9.6,78,116.37,97.34,High Demand
2025-12,BK008,Guru Geethaya,Chingiz Aitmatov (Trans.),978-955-6543-20-1,Translated Classic,Colombo,98.0,42.24,1191,4.35,184.28,50.49,9.2,78,151.18,93.23,High Demand
2025-01,BK008,Guru Geethaya,Chingiz Aitmatov (Trans.),978-955-6543-20-1,Translated Classic,Galle,63.0,31.53,783,4.46,127.49,42.29,10.6,78,110.3,81.36,High Demand
2025-02,BK008,Guru Geethaya,Chingiz Aitmatov (Trans.),978-955-6543-20-1,Translated Classic,Galle,68.0,26.06,722,4.52,117.11,39.06,9.1,78,102.8,81.22,High Demand
2025-03,BK008,Guru Geethaya,Chingiz Aitmatov (Trans.),978-955-6543-20-1,Translated Classic,Galle,85.0,26.51,901,4.1,146.0,35.22,8.6,78,145.32,83.28,High Demand
2025-04,BK008,Guru Geethaya,Chingiz Aitmatov (Trans.),978-955-6543-20-1,Translated Classic,Galle,40.0,35.75,1019,4.36,178.18,60.0,24.0,78,84.76,93.45,High Demand
2025-05,BK008,Guru Geethaya,Chingiz Aitmatov (Trans.),978-955-6543-20-1,Translated Classic,Galle,56.0,26.08,884,4.42,136.84,58.35,21.2,78,142.47,83.84,High Demand
2025-06,BK008,Guru Geethaya,Chingiz Aitmatov (Trans.),978-955-6543-20-1,Translated Classic,Galle,84.0,31.23,845,4.49,148.45,37.19,11.3,78,103.94,83.18,High Demand
2025-07,BK008,Guru Geethaya,Chingiz Aitmatov (Trans.),978-955-6543-20-1,Translated Classic,Galle,70.0,28.16,875,4.2,153.56,42.34,10.2,78,135.63,84.27,High Demand
2025-08,BK008,Guru Geethaya,Chingiz Aitmatov (Trans.),978-955-6543-20-1,Translated Classic,Galle,99.0,45.2,1133,4.25,184.58,58.68,8.4,78,129.8,92.29,High Demand
2025-09,BK008,Guru Geethaya,Chingiz Aitmatov (Trans.),978-955-6543-20-1,Translated Classic,Galle,38.0,39.2,1084,4.32,149.28,61.63,33.1,78,119.05,96.5,High Demand
2025-10,BK008,Guru Geethaya,Chingiz Aitmatov (Trans.),978-955-6543-20-1,Translated Classic,Galle,64.0,30.41,1075,4.31,219.86,35.89,9.1,78,112.07,91.31,High Demand
2025-11,BK008,Guru Geethaya,Chingiz Aitmatov (Trans.),978-955-6543-20-1,Translated Classic,Galle,87.0,32.79,892,4.26,122.7,34.71,9.2,78,120.13,83.81,High Demand
2025-12,BK008,Guru Geethaya,Chingiz Aitmatov (Trans.),978-955-6543-20-1,Translated Classic,Galle,53.0,39.26,1016,4.22,168.47,59.55,10.3,78,133.34,92.96,High Demand
2025-01,BK008,Guru Geethaya,Chingiz Aitmatov (Trans.),978-955-6543-20-1,Translated Classic,Kandy,109.0,13.26,455,4.29,56.02,21.82,9.7,78,119.93,66.5,Moderate Demand
2025-02,BK008,Guru Geethaya,Chingiz Aitmatov (Trans.),978-955-6543-20-1,Translated Classic,Kandy,97.0,13.88,419,4.25,45.85,18.21,9.6,78,101.03,65.43,Moderate Demand
2025-03,BK008,Guru Geethaya,Chingiz Aitmatov (Trans.),978-955-6543-20-1,Translated Classic,Kandy,91.0,10.24,522,4.34,66.36,29.77,10.2,78,83.35,68.15,Moderate Demand
2025-04,BK008,Guru Geethaya,Chingiz Aitmatov (Trans.),978-955-6543-20-1,Translated Classic,Kandy,111.0,22.49,585,4.21,90.78,32.74,23.7,78,71.65,69.53,Moderate Demand
2025-05,BK008,Guru Geethaya,Chingiz Aitmatov (Trans.),978-955-6543-20-1,Translated Classic,Kandy,88.0,15.62,538,4.14,82.41,28.4,20.2,78,86.77,69.26,Moderate Demand
2025-06,BK008,Guru Geethaya,Chingiz Aitmatov (Trans.),978-955-6543-20-1,Translated Classic,Kandy,100.0,11.14,523,4.22,82.06,19.92,10.4,78,93.83,69.97,Moderate Demand
2025-07,BK008,Guru Geethaya,Chingiz Aitmatov (Trans.),978-955-6543-20-1,Translated Classic,Kandy,30.0,10.83,480,4.28,76.67,21.76,9.9,78,57.29,73.01,High Demand
2025-08,BK008,Guru Geethaya,Chingiz Aitmatov (Trans.),978-955-6543-20-1,Translated Classic,Kandy,62.0,20.33,655,4.46,109.46,34.64,8.4,78,94.23,75.62,High Demand
2025-09,BK008,Guru Geethaya,Chingiz Aitmatov (Trans.),978-955-6543-20-1,Translated Classic,Kandy,69.0,25.52,678,4.24,117.75,22.33,29.3,78,120.34,76.82,High Demand
2025-10,BK008,Guru Geethaya,Chingiz Aitmatov (Trans.),978-955-6543-20-1,Translated Classic,Kandy,46.0,20.11,633,3.98,92.33,20.06,8.5,78,85.1,76.92,High Demand
2025-11,BK008,Guru Geethaya,Chingiz Aitmatov (Trans.),978-955-6543-20-1,Translated Classic,Kandy,57.0,18.4,511,4.62,77.96,22.62,10.2,78,61.55,73.15,High Demand
2025-12,BK008,Guru Geethaya,Chingiz Aitmatov (Trans.),978-955-6543-20-1,Translated Classic,Kandy,96.0,14.87,549,4.48,80.7,28.85,10.3,78,98.95,68.98,Moderate Demand
2025-01,BK009,Sanda Gawa Gini,Sumithra Rahubadda,978-955-4422-33-7,Novel,Colombo,46.0,18.25,733,3.79,89.91,34.49,10.2,70,120.83,73.39,High Demand
2025-02,BK009,Sanda Gawa Gini,Sumithra Rahubadda,978-955-4422-33-7,Novel,Colombo,136.0,29.13,709,3.77,132.52,41.55,9.9,70,95.6,68.11,Moderate Demand
2025-03,BK009,Sanda Gawa Gini,Sumithra Rahubadda,978-955-4422-33-7,Novel,Colombo,52.0,29.68,849,3.71,95.06,37.4,9.7,70,106.2,76.38,High Demand
2025-04,BK009,Sanda Gawa Gini,Sumithra Rahubadda,978-955-4422-33-7,Novel,Colombo,97.0,33.43,1008,3.98,157.72,50.08,20.2,70,143.74,80.71,High Demand
2025-05,BK009,Sanda Gawa Gini,Sumithra Rahubadda,978-955-4422-33-7,Novel,Colombo,68.0,34.85,887,3.52,130.13,46.9,18.4,70,116.39,75.99,High Demand
2025-06,BK009,Sanda Gawa Gini,Sumithra Rahubadda,978-955-4422-33-7,Novel,Colombo,73.0,21.85,782,3.83,72.48,60.18,9.6,70,88.88,73.45,High Demand
2025-07,BK009,Sanda Gawa Gini,Sumithra Rahubadda,978-955-4422-33-7,Novel,Colombo,53.0,23.96,800,3.81,121.81,38.86,8.5,70,93.82,74.36,High Demand
2025-08,BK009,Sanda Gawa Gini,Sumithra Rahubadda,978-955-4422-33-7,Novel,Colombo,100.0,41.49,1095,4.04,150.71,61.53,10.2,70,121.5,81.61,High Demand
2025-09,BK009,Sanda Gawa Gini,Sumithra Rahubadda,978-955-4422-33-7,Novel,Colombo,115.0,48.56,1110,3.69,169.08,46.94,31.5,70,127.01,81.19,High Demand
2025-10,BK009,Sanda Gawa Gini,Sumithra Rahubadda,978-955-4422-33-7,Novel,Colombo,119.0,36.5,1130,3.91,165.31,66.92,9.4,70,151.9,81.02,High Demand
2025-11,BK009,Sanda Gawa Gini,Sumithra Rahubadda,978-955-4422-33-7,Novel,Colombo,101.0,34.37,802,3.76,92.37,33.28,8.2,70,83.56,71.16,High Demand
2025-12,BK009,Sanda Gawa Gini,Sumithra Rahubadda,978-955-4422-33-7,Novel,Colombo,109.0,28.45,951,3.54,150.54,50.47,10.5,70,123.19,77.35,High Demand
2025-01,BK009,Sanda Gawa Gini,Sumithra Rahubadda,978-955-4422-33-7,Novel,Galle,30.0,16.59,487,3.54,68.36,19.6,9.9,70,73.29,65.37,Moderate Demand
2025-02,BK009,Sanda Gawa Gini,Sumithra Rahubadda,978-955-4422-33-7,Novel,Galle,88.0,13.93,402,3.88,81.18,17.56,10.0,70,46.5,58.77,Low Demand
2025-03,BK009,Sanda Gawa Gini,Sumithra Rahubadda,978-955-4422-33-7,Novel,Galle,93.0,12.53,532,3.55,83.32,21.85,11.0,70,89.26,60.72,Low Demand
2025-04,BK009,Sanda Gawa Gini,Sumithra Rahubadda,978-955-4422-33-7,Novel,Galle,99.0,22.06,634,3.68,70.58,25.32,21.5,70,91.34,65.02,Moderate Demand
2025-05,BK009,Sanda Gawa Gini,Sumithra Rahubadda,978-955-4422-33-7,Novel,Galle,26.0,19.88,532,3.96,93.04,18.92,19.5,70,61.56,67.93,Moderate Demand
2025-06,BK009,Sanda Gawa Gini,Sumithra Rahubadda,978-955-4422-33-7,Novel,Galle,42.0,17.29,532,3.55,91.51,31.49,9.9,70,55.68,66.91,Moderate Demand
2025-07,BK009,Sanda Gawa Gini,Sumithra Rahubadda,978-955-4422-33-7,Novel,Galle,61.0,16.73,525,3.76,89.29,26.39,10.7,70,91.19,63.96,Moderate Demand
2025-08,BK009,Sanda Gawa Gini,Sumithra Rahubadda,978-955-4422-33-7,Novel,Galle,99.0,27.45,688,4.0,104.07,34.23,8.7,70,117.14,65.64,Moderate Demand
2025-09,BK009,Sanda Gawa Gini,Sumithra Rahubadda,978-955-4422-33-7,Novel,Galle,117.0,16.64,634,3.93,84.04,31.54,31.0,70,89.9,64.31,Moderate Demand
2025-10,BK009,Sanda Gawa Gini,Sumithra Rahubadda,978-955-4422-33-7,Novel,Galle,94.0,15.65,651,3.82,108.25,22.2,10.3,70,85.08,65.84,Moderate Demand
2025-11,BK009,Sanda Gawa Gini,Sumithra Rahubadda,978-955-4422-33-7,Novel,Galle,86.0,15.61,527,3.6,75.82,23.89,9.8,70,90.02,60.08,Low Demand
2025-12,BK009,Sanda Gawa Gini,Sumithra Rahubadda,978-955-4422-33-7,Novel,Galle,99.0,14.87,560,3.98,127.41,22.85,9.6,70,73.51,62.8,Moderate Demand
2025-01,BK009,Sanda Gawa Gini,Sumithra Rahubadda,978-955-4422-33-7,Novel,Kandy,33.0,28.38,716,3.77,97.48,26.79,9.6,70,84.68,73.2,High Demand
2025-02,BK009,Sanda Gawa Gini,Sumithra Rahubadda,978-955-4422-33-7,Novel,Kandy,79.0,23.35,621,3.72,86.79,28.81,8.7,70,106.17,68.72,Moderate Demand
2025-03,BK009,Sanda Gawa Gini,Sumithra Rahubadda,978-955-4422-33-7,Novel,Kandy,74.0,21.6,785,3.55,102.16,38.43,8.9,70,79.65,72.9,High Demand
2025-04,BK009,Sanda Gawa Gini,Sumithra Rahubadda,978-955-4422-33-7,Novel,Kandy,54.0,27.55,923,3.38,174.67,44.69,23.8,70,134.63,81.19,High Demand
2025-05,BK009,Sanda Gawa Gini,Sumithra Rahubadda,978-955-4422-33-7,Novel,Kandy,42.0,37.54,783,3.76,92.95,36.65,18.0,70,103.58,74.97,High Demand
2025-06,BK009,Sanda Gawa Gini,Sumithra Rahubadda,978-955-4422-33-7,Novel,Kandy,43.0,21.6,723,3.64,63.69,33.66,8.9,70,117.95,74.42,High Demand
2025-07,BK009,Sanda Gawa Gini,Sumithra Rahubadda,978-955-4422-33-7,Novel,Kandy,36.0,21.99,783,3.45,143.81,34.76,8.3,70,67.07,75.71,High Demand
2025-08,BK009,Sanda Gawa Gini,Sumithra Rahubadda,978-955-4422-33-7,Novel,Kandy,29.0,30.74,906,3.83,142.02,50.83,11.9,70,132.89,80.9,High Demand
2025-09,BK009,Sanda Gawa Gini,Sumithra Rahubadda,978-955-4422-33-7,Novel,Kandy,25.0,33.33,902,3.74,125.81,55.27,32.7,70,108.33,81.74,High Demand
2025-10,BK009,Sanda Gawa Gini,Sumithra Rahubadda,978-955-4422-33-7,Novel,Kandy,36.0,31.93,954,3.61,155.11,50.63,9.8,70,124.31,82.04,High Demand
2025-11,BK009,Sanda Gawa Gini,Sumithra Rahubadda,978-955-4422-33-7,Novel,Kandy,70.0,21.25,754,3.64,98.15,35.41,8.8,70,84.95,73.55,High Demand
2025-12,BK009,Sanda Gawa Gini,Sumithra Rahubadda,978-955-4422-33-7,Novel,Kandy,37.0,23.1,863,3.79,104.79,39.32,10.2,70,87.76,79.14,High Demand
2025-01,BK010,Karumakkarayo,Gunadasa Amarasekara,978-955-5678-10-1,Novel,Colombo,66.0,12.11,341,3.78,57.76,18.05,9.9,70,76.83,57.65,Low Demand
2025-02,BK010,Karumakkarayo,Gunadasa Amarasekara,978-955-5678-10-1,Novel,Colombo,76.0,10.26,290,3.57,44.97,17.93,7.6,70,67.94,55.6,Low Demand
2025-03,BK010,Karumakkarayo,Gunadasa Amarasekara,978-955-5678-10-1,Novel,Colombo,74.0,8.67,373,3.83,62.9,19.83,9.1,70,72.83,57.89,Low Demand
2025-04,BK010,Karumakkarayo,Gunadasa Amarasekara,978-955-5678-10-1,Novel,Colombo,57.0,17.47,437,3.67,64.81,26.91,17.8,70,81.61,61.91,Low Demand
2025-05,BK010,Karumakkarayo,Gunadasa Amarasekara,978-955-5678-10-1,Novel,Colombo,45.0,13.91,381,3.56,64.81,19.17,21.5,70,74.62,61.02,Low Demand
2025-06,BK010,Karumakkarayo,Gunadasa Amarasekara,978-955-5678-10-1,Novel,Colombo,32.0,11.96,374,3.69,59.91,18.14,8.7,70,49.5,62.05,Low Demand
2025-07,BK010,Karumakkarayo,Gunadasa Amarasekara,978-955-5678-10-1,Novel,Colombo,35.0,11.35,368,3.73,35.59,12.02,9.7,70,62.84,61.51,Low Demand
2025-08,BK010,Karumakkarayo,Gunadasa Amarasekara,978-955-5678-10-1,Novel,Colombo,77.0,15.29,456,3.89,76.04,23.66,9.3,70,68.85,61.35,Low Demand
2025-09,BK010,Karumakkarayo,Gunadasa Amarasekara,978-955-5678-10-1,Novel,Colombo,49.0,13.19,448,3.81,64.31,21.35,33.3,70,98.96,63.45,Moderate Demand
2025-10,BK010,Karumakkarayo,Gunadasa Amarasekara,978-955-5678-10-1,Novel,Colombo,61.0,11.64,468,3.37,77.43,19.2,7.7,70,91.53,61.95,Low Demand
2025-11,BK010,Karumakkarayo,Gunadasa Amarasekara,978-955-5678-10-1,Novel,Colombo,42.0,13.33,379,3.52,63.34,18.98,8.7,70,58.05,60.66,Low Demand
2025-12,BK010,Karumakkarayo,Gunadasa Amarasekara,978-955-5678-10-1,Novel,Colombo,65.0,10.42,414,3.8,80.71,19.34,9.9,70,52.74,60.26,Low Demand
2025-01,BK010,Karumakkarayo,Gunadasa Amarasekara,978-955-5678-10-1,Novel,Galle,45.0,13.55,394,3.75,56.66,17.43,8.7,70,77.09,60.74,Low Demand
2025-02,BK010,Karumakkarayo,Gunadasa Amarasekara,978-955-5678-10-1,Novel,Galle,54.0,9.98,370,3.56,38.27,23.08,9.8,70,76.27,60.48,Low Demand
2025-03,BK010,Karumakkarayo,Gunadasa Amarasekara,978-955-5678-10-1,Novel,Galle,102.0,13.07,412,3.63,58.02,17.87,10.3,70,86.49,56.98,Low Demand
2025-04,BK010,Karumakkarayo,Gunadasa Amarasekara,978-955-5678-10-1,Novel,Galle,59.0,15.24,468,3.94,72.14,27.39,21.3,70,59.79,60.69,Low Demand
2025-05,BK010,Karumakkarayo,Gunadasa Amarasekara,978-955-5678-10-1,Novel,Galle,79.0,18.66,444,3.35,60.83,18.49,16.9,70,92.82,59.07,Low Demand
2025-06,BK010,Karumakkarayo,Gunadasa Amarasekara,978-955-5678-10-1,Novel,Galle,52.0,11.0,403,3.88,54.92,16.8,9.9,70,72.45,60.94,Low Demand
2025-07,BK010,Karumakkarayo,Gunadasa Amarasekara,978-955-5678-10-1,Novel,Galle,96.0,10.14,414,3.87,70.56,18.31,8.4,70,85.19,57.15,Low Demand
2025-08,BK010,Karumakkarayo,Gunadasa Amarasekara,978-955-5678-10-1,Novel,Galle,92.0,15.1,526,3.62,75.07,33.25,8.5,70,82.61,61.47,Low Demand
2025-09,BK010,Karumakkarayo,Gunadasa Amarasekara,978-955-5678-10-1,Novel,Galle,96.0,14.32,531,3.65,97.98,25.73,28.6,70,75.1,63.08,Moderate Demand
2025-10,BK010,Karumakkarayo,Gunadasa Amarasekara,978-955-5678-10-1,Novel,Galle,28.0,14.66,505,3.77,75.46,24.79,9.3,70,66.67,66.94,Moderate Demand
2025-11,BK010,Karumakkarayo,Gunadasa Amarasekara,978-955-5678-10-1,Novel,Galle,80.0,14.36,402,3.71,49.25,11.3,10.0,70,86.55,58.74,Low Demand
2025-12,BK010,Karumakkarayo,Gunadasa Amarasekara,978-955-5678-10-1,Novel,Galle,39.0,17.95,476,3.76,62.94,26.07,10.3,70,34.0,64.32,Moderate Demand
2025-01,BK010,Karumakkarayo,Gunadasa Amarasekara,978-955-5678-10-1,Novel,Kandy,99.0,18.45,446,3.88,61.61,16.59,8.5,70,86.36,57.59,Low Demand
2025-02,BK010,Karumakkarayo,Gunadasa Amarasekara,978-955-5678-10-1,Novel,Kandy,78.0,12.72,407,3.61,71.08,21.76,9.8,70,82.04,59.88,Low Demand
2025-03,BK010,Karumakkarayo,Gunadasa Amarasekara,978-955-5678-10-1,Novel,Kandy,98.0,21.82,467,3.69,55.45,25.73,9.2,70,64.95,58.0,Low Demand
2025-04,BK010,Karumakkarayo,Gunadasa Amarasekara,978-955-5678-10-1,Novel,Kandy,114.0,25.71,577,3.77,69.75,27.0,21.7,70,96.01,62.8,Moderate Demand
2025-05,BK010,Karumakkarayo,Gunadasa Amarasekara,978-955-5678-10-1,Novel,Kandy,75.0,15.66,503,3.64,59.99,25.91,19.8,70,75.33,60.98,Low Demand
2025-06,BK010,Karumakkarayo,Gunadasa Amarasekara,978-955-5678-10-1,Novel,Kandy,27.0,8.89,437,3.7,62.8,18.28,9.5,70,56.39,63.89,Moderate Demand
2025-07,BK010,Karumakkarayo,Gunadasa Amarasekara,978-955-5678-10-1,Novel,Kandy,122.0,16.38,515,3.92,64.74,19.81,8.1,70,73.49,59.18,Low Demand
2025-08,BK010,Karumakkarayo,Gunadasa Amarasekara,978-955-5678-10-1,Novel,Kandy,58.0,20.44,626,3.4,84.04,31.83,10.1,70,95.89,68.32,Moderate Demand
2025-09,BK010,Karumakkarayo,Gunadasa Amarasekara,978-955-5678-10-1,Novel,Kandy,111.0,12.65,623,3.74,116.98,33.39,29.7,70,88.19,62.64,Low Demand
2025-10,BK010,Karumakkarayo,Gunadasa Amarasekara,978-955-5678-10-1,Novel,Kandy,62.0,21.0,643,3.62,97.73,29.68,9.7,70,76.24,69.09,Moderate Demand
2025-11,BK010,Karumakkarayo,Gunadasa Amarasekara,978-955-5678-10-1,Novel,Kandy,67.0,15.36,477,3.53,65.77,21.13,8.2,70,84.94,62.86,Moderate Demand
2025-12,BK010,Karumakkarayo,Gunadasa Amarasekara,978-955-5678-10-1,Novel,Kandy,114.0,15.36,532,3.67,83.8,20.85,11.2,70,90.94,60.04,Low Demand
2025-01,BK011,Yali Upannemi,Gunadasa Amarasekara,978-955-5678-11-8,Novel,Colombo,90.0,7.42,208,4.78,40.16,6.5,8.7,70,77.4,62.4,Low Demand
2025-02,BK011,Yali Upannemi,Gunadasa Amarasekara,978-955-5678-11-8,Novel,Colombo,88.0,8.49,203,4.82,36.74,10.73,11.1,70,67.46,63.21,Moderate Demand
2025-03,BK011,Yali Upannemi,Gunadasa Amarasekara,978-955-5678-11-8,Novel,Colombo,53.0,6.57,222,4.58,32.35,10.17,8.8,70,81.65,65.53,Moderate Demand
2025-04,BK011,Yali Upannemi,Gunadasa Amarasekara,978-955-5678-11-8,Novel,Colombo,88.0,9.28,268,4.78,31.81,13.17,19.3,70,60.35,64.44,Moderate Demand
2025-05,BK011,Yali Upannemi,Gunadasa Amarasekara,978-955-5678-11-8,Novel,Colombo,64.0,6.65,232,4.93,25.76,12.23,19.5,70,60.66,66.6,Moderate Demand
2025-06,BK011,Yali Upannemi,Gunadasa Amarasekara,978-955-5678-11-8,Novel,Colombo,34.0,6.32,219,4.71,31.67,11.04,11.0,70,48.67,68.03,Moderate Demand
2025-07,BK011,Yali Upannemi,Gunadasa Amarasekara,978-955-5678-11-8,Novel,Colombo,100.0,7.59,232,4.81,34.39,9.61,9.9,70,64.84,62.17,Low Demand
2025-08,BK011,Yali Upannemi,Gunadasa Amarasekara,978-955-5678-11-8,Novel,Colombo,121.0,10.29,293,4.78,30.59,13.66,10.8,70,70.83,63.78,Moderate Demand
2025-09,BK011,Yali Upannemi,Gunadasa Amarasekara,978-955-5678-11-8,Novel,Colombo,118.0,8.53,283,4.81,31.46,12.14,27.4,70,69.36,62.12,Low Demand
2025-10,BK011,Yali Upannemi,Gunadasa Amarasekara,978-955-5678-11-8,Novel,Colombo,146.0,5.77,287,4.55,37.06,11.59,10.3,70,53.77,60.85,Low Demand
2025-11,BK011,Yali Upannemi,Gunadasa Amarasekara,978-955-5678-11-8,Novel,Colombo,110.0,7.95,217,4.89,19.31,6.48,8.4,70,76.18,60.86,Low Demand
2025-12,BK011,Yali Upannemi,Gunadasa Amarasekara,978-955-5678-11-8,Novel,Colombo,29.0,6.68,275,4.77,25.95,10.53,8.4,70,48.59,70.37,Moderate Demand
2025-01,BK011,Yali Upannemi,Gunadasa Amarasekara,978-955-5678-11-8,Novel,Galle,55.0,7.94,241,4.97,36.1,9.73,9.4,70,54.9,66.53,Moderate Demand
2025-02,BK011,Yali Upannemi,Gunadasa Amarasekara,978-955-5678-11-8,Novel,Galle,122.0,10.51,226,4.81,39.65,12.51,9.0,70,32.06,60.31,Low Demand
2025-03,BK011,Yali Upannemi,Gunadasa Amarasekara,978-955-5678-11-8,Novel,Galle,106.0,9.23,287,4.58,41.98,12.39,10.0,70,82.09,61.47,Low Demand
2025-04,BK011,Yali Upannemi,Gunadasa Amarasekara,978-955-5678-11-8,Novel,Galle,108.0,8.62,324,4.86,54.44,11.65,22.3,70,83.13,66.25,Moderate Demand
2025-05,BK011,Yali Upannemi,Gunadasa Amarasekara,978-955-5678-11-8,Novel,Galle,99.0,6.93,286,4.89,53.26,15.86,20.4,70,66.83,64.03,Moderate Demand
2025-06,BK011,Yali Upannemi,Gunadasa Amarasekara,978-955-5678-11-8,Novel,Galle,130.0,11.15,279,4.87,50.05,11.7,11.1,70,73.33,63.02,Moderate Demand
2025-07,BK011,Yali Upannemi,Gunadasa Amarasekara,978-955-5678-11-8,Novel,Galle,116.0,8.78,273,4.65,36.42,11.5,9.0,70,53.39,60.66,Low Demand
2025-08,BK011,Yali Upannemi,Gunadasa Amarasekara,978-955-5678-11-8,Novel,Galle,69.0,12.11,344,4.65,70.47,16.1,8.0,70,59.77,68.59,Moderate Demand
2025-09,BK011,Yali Upannemi,Gunadasa Amarasekara,978-955-5678-11-8,Novel,Galle,106.0,13.08,339,4.91,65.02,18.17,29.0,70,61.69,64.03,Moderate Demand
2025-10,BK011,Yali Upannemi,Gunadasa Amarasekara,978-955-5678-11-8,Novel,Galle,52.0,11.45,358,4.58,63.56,14.46,10.5,70,78.76,70.69,Moderate Demand
2025-11,BK011,Yali Upannemi,Gunadasa Amarasekara,978-955-5678-11-8,Novel,Galle,75.0,8.65,274,4.82,35.53,10.86,9.6,70,64.04,66.22,Moderate Demand
2025-12,BK011,Yali Upannemi,Gunadasa Amarasekara,978-955-5678-11-8,Novel,Galle,80.0,8.25,295,4.71,45.15,12.25,11.6,70,72.62,67.42,Moderate Demand
2025-01,BK011,Yali Upannemi,Gunadasa Amarasekara,978-955-5678-11-8,Novel,Kandy,67.0,4.05,264,4.59,24.15,13.47,9.0,70,54.72,65.6,Moderate Demand
2025-02,BK011,Yali Upannemi,Gunadasa Amarasekara,978-955-5678-11-8,Novel,Kandy,86.0,5.99,226,4.66,35.07,10.51,6.1,70,50.77,63.65,Moderate Demand
2025-03,BK011,Yali Upannemi,Gunadasa Amarasekara,978-955-5678-11-8,Novel,Kandy,42.0,9.37,294,4.63,25.11,13.51,10.4,70,74.94,70.06,Moderate Demand
2025-04,BK011,Yali Upannemi,Gunadasa Amarasekara,978-955-5678-11-8,Novel,Kandy,96.0,12.1,374,4.79,48.28,10.82,23.5,70,80.59,67.87,Moderate Demand
2025-05,BK011,Yali Upannemi,Gunadasa Amarasekara,978-955-5678-11-8,Novel,Kandy,44.0,9.93,288,4.6,45.5,11.86,21.6,70,74.59,68.83,Moderate Demand
2025-06,BK011,Yali Upannemi,Gunadasa Amarasekara,978-955-5678-11-8,Novel,Kandy,37.0,10.24,314,4.68,47.6,13.04,8.5,70,63.97,70.92,High Demand
2025-07,BK011,Yali Upannemi,Gunadasa Amarasekara,978-955-5678-11-8,Novel,Kandy,44.0,9.81,296,4.68,55.27,12.09,8.5,70,73.46,69.43,Moderate Demand
2025-08,BK011,Yali Upannemi,Gunadasa Amarasekara,978-955-5678-11-8,Novel,Kandy,39.0,13.83,378,4.77,54.92,9.78,8.4,70,55.23,73.13,High Demand
2025-09,BK011,Yali Upannemi,Gunadasa Amarasekara,978-955-5678-11-8,Novel,Kandy,64.0,9.46,334,4.86,53.0,13.43,32.5,70,59.59,69.0,Moderate Demand
2025-10,BK011,Yali Upannemi,Gunadasa Amarasekara,978-955-5678-11-8,Novel,Kandy,62.0,11.32,369,4.49,52.62,21.33,9.6,70,80.19,70.32,Moderate Demand
2025-11,BK011,Yali Upannemi,Gunadasa Amarasekara,978-955-5678-11-8,Novel,Kandy,38.0,6.64,274,4.77,44.83,15.6,8.4,70,57.94,70.45,Moderate Demand
2025-12,BK011,Yali Upannemi,Gunadasa Amarasekara,978-955-5678-11-8,Novel,Kandy,62.0,13.01,335,4.6,45.52,13.68,11.0,70,57.93,69.13,Moderate Demand
2025-01,BK012,Vilambitha,Mahinda Prasad Masimbula,978-955-3031-16-5,Novel,Colombo,110.0,14.61,450,4.09,78.96,18.34,10.8,70,63.71,62.67,Low Demand
2025-02,BK012,Vilambitha,Mahinda Prasad Masimbula,978-955-3031-16-5,Novel,Colombo,50.0,16.09,416,4.1,84.55,14.99,10.5,70,99.11,66.86,Moderate Demand
2025-03,BK012,Vilambitha,Mahinda Prasad Masimbula,978-955-3031-16-5,Novel,Colombo,80.0,20.28,498,4.35,73.99,21.81,8.7,70,73.61,65.42,Moderate Demand
2025-04,BK012,Vilambitha,Mahinda Prasad Masimbula,978-955-3031-16-5,Novel,Colombo,115.0,23.04,584,4.34,71.63,22.32,23.0,70,92.54,67.58,Moderate Demand
2025-05,BK012,Vilambitha,Mahinda Prasad Masimbula,978-955-3031-16-5,Novel,Colombo,109.0,16.73,524,4.07,87.34,21.79,18.7,70,79.64,64.87,Moderate Demand
2025-06,BK012,Vilambitha,Mahinda Prasad Masimbula,978-955-3031-16-5,Novel,Colombo,49.0,18.82,498,4.08,90.13,27.16,8.7,70,115.99,69.41,Moderate Demand
2025-07,BK012,Vilambitha,Mahinda Prasad Masimbula,978-955-3031-16-5,Novel,Colombo,60.0,12.5,512,4.34,81.54,26.79,8.1,70,79.68,67.97,Moderate Demand
2025-08,BK012,Vilambitha,Mahinda Prasad Masimbula,978-955-3031-16-5,Novel,Colombo,56.0,20.82,601,4.19,92.36,29.8,10.4,70,104.3,71.17,High Demand
2025-09,BK012,Vilambitha,Mahinda Prasad Masimbula,978-955-3031-16-5,Novel,Colombo,90.0,22.31,654,4.4,113.21,20.39,29.2,70,109.13,71.58,High Demand
2025-10,BK012,Vilambitha,Mahinda Prasad Masimbula,978-955-3031-16-5,Novel,Colombo,71.0,14.38,615,4.0,105.86,22.1,8.5,70,95.21,70.55,Moderate Demand
2025-11,BK012,Vilambitha,Mahinda Prasad Masimbula,978-955-3031-16-5,Novel,Colombo,31.0,20.13,492,4.29,42.92,29.02,9.6,70,81.61,71.82,High Demand
2025-12,BK012,Vilambitha,Mahinda Prasad Masimbula,978-955-3031-16-5,Novel,Colombo,76.0,16.26,554,4.03,110.07,20.78,9.8,70,63.35,69.3,Moderate Demand
2025-01,BK012,Vilambitha,Mahinda Prasad Masimbula,978-955-3031-16-5,Novel,Galle,68.0,29.34,815,3.68,128.41,45.63,9.4,70,115.58,80.27,High Demand
2025-02,BK012,Vilambitha,Mahinda Prasad Masimbula,978-955-3031-16-5,Novel,Galle,100.0,23.88,720,4.21,124.89,35.32,11.1,70,143.01,75.72,High Demand
2025-03,BK012,Vilambitha,Mahinda Prasad Masimbula,978-955-3031-16-5,Novel,Galle,85.0,32.84,871,3.95,112.4,42.15,10.9,70,118.98,76.74,High Demand
2025-04,BK012,Vilambitha,Mahinda Prasad Masimbula,978-955-3031-16-5,Novel,Galle,41.0,40.97,1005,4.23,148.14,42.55,20.3,70,166.03,89.25,High Demand
2025-05,BK012,Vilambitha,Mahinda Prasad Masimbula,978-955-3031-16-5,Novel,Galle,60.0,25.41,917,4.04,150.96,35.88,21.9,70,128.29,82.66,High Demand
2025-06,BK012,Vilambitha,Mahinda Prasad Masimbula,978-955-3031-16-5,Novel,Galle,73.0,21.68,879,4.31,97.03,34.9,9.3,70,131.12,81.94,High Demand
2025-07,BK012,Vilambitha,Mahinda Prasad Masimbula,978-955-3031-16-5,Novel,Galle,89.0,27.19,862,3.9,141.37,48.39,8.0,70,100.14,78.04,High Demand
2025-08,BK012,Vilambitha,Mahinda Prasad Masimbula,978-955-3031-16-5,Novel,Galle,46.0,38.91,1054,3.86,148.41,44.02,10.3,70,120.93,89.12,High Demand
2025-09,BK012,Vilambitha,Mahinda Prasad Masimbula,978-955-3031-16-5,Novel,Galle,70.0,32.6,1044,4.32,207.85,39.27,28.3,70,137.21,88.01,High Demand
2025-10,BK012,Vilambitha,Mahinda Prasad Masimbula,978-955-3031-16-5,Novel,Galle,36.0,31.73,1098,4.26,179.93,53.2,9.0,70,152.08,90.65,High Demand
2025-11,BK012,Vilambitha,Mahinda Prasad Masimbula,978-955-3031-16-5,Novel,Galle,56.0,29.28,811,4.12,118.32,26.6,10.2,70,87.84,80.76,High Demand
2025-12,BK012,Vilambitha,Mahinda Prasad Masimbula,978-955-3031-16-5,Novel,Galle,61.0,17.45,987,3.87,154.86,43.35,8.0,70,91.28,85.48,High Demand
2025-01,BK012,Vilambitha,Mahinda Prasad Masimbula,978-955-3031-16-5,Novel,Kandy,64.0,28.96,1012,4.24,170.48,42.55,9.8,70,117.69,84.95,High Demand
2025-02,BK012,Vilambitha,Mahinda Prasad Masimbula,978-955-3031-16-5,Novel,Kandy,43.0,23.87,874,4.47,146.18,45.47,9.0,70,115.06,86.23,High Demand
2025-03,BK012,Vilambitha,Mahinda Prasad Masimbula,978-955-3031-16-5,Novel,Kandy,98.0,35.74,1055,4.06,171.79,50.79,9.3,70,134.6,84.67,High Demand
2025-04,BK012,Vilambitha,Mahinda Prasad Masimbula,978-955-3031-16-5,Novel,Kandy,77.0,37.44,1284,4.05,167.04,56.71,22.1,70,188.27,94.75,High Demand
2025-05,BK012,Vilambitha,Mahinda Prasad Masimbula,978-955-3031-16-5,Novel,Kandy,54.0,29.72,1137,3.99,132.04,28.8,21.2,70,117.84,91.48,High Demand
2025-06,BK012,Vilambitha,Mahinda Prasad Masimbula,978-955-3031-16-5,Novel,Kandy,73.0,31.42,1003,4.18,143.42,46.03,9.0,70,162.6,86.18,High Demand
2025-07,BK012,Vilambitha,Mahinda Prasad Masimbula,978-955-3031-16-5,Novel,Kandy,110.0,26.26,1085,4.08,127.12,47.78,8.2,70,139.24,85.98,High Demand
2025-08,BK012,Vilambitha,Mahinda Prasad Masimbula,978-955-3031-16-5,Novel,Kandy,84.0,41.1,1277,3.89,164.02,56.1,10.7,70,142.69,93.32,High Demand
2025-09,BK012,Vilambitha,Mahinda Prasad Masimbula,978-955-3031-16-5,Novel,Kandy,97.0,37.45,1271,3.99,205.01,65.52,29.1,70,102.47,94.08,High Demand
2025-10,BK012,Vilambitha,Mahinda Prasad Masimbula,978-955-3031-16-5,Novel,Kandy,51.0,39.88,1321,4.25,130.78,60.65,8.5,70,180.89,97.69,High Demand
2025-11,BK012,Vilambitha,Mahinda Prasad Masimbula,978-955-3031-16-5,Novel,Kandy,113.0,30.38,1038,3.93,123.2,52.47,8.6,70,165.07,83.52,High Demand
2025-12,BK012,Vilambitha,Mahinda Prasad Masimbula,978-955-3031-16-5,Novel,Kandy,60.0,44.7,1161,4.15,194.01,65.25,8.3,70,146.65,93.15,High Demand
2025-01,BK013,Kaliyugaya,Martin Wickramasinghe,978-955-1234-04-3,Novel,Colombo,70.0,27.13,857,4.66,107.75,50.25,9.8,70,122.12,84.91,High Demand
2025-02,BK013,Kaliyugaya,Martin Wickramasinghe,978-955-1234-04-3,Novel,Colombo,72.0,30.73,790,4.61,120.21,42.17,10.8,70,105.55,84.52,High Demand
2025-03,BK013,Kaliyugaya,Martin Wickramasinghe,978-955-1234-04-3,Novel,Colombo,68.0,35.03,1004,4.23,122.32,41.82,10.7,70,82.54,87.54,High Demand
2025-04,BK013,Kaliyugaya,Martin Wickramasinghe,978-955-1234-04-3,Novel,Colombo,84.0,31.76,1104,4.57,147.87,38.31,21.9,70,116.01,93.16,High Demand
2025-05,BK013,Kaliyugaya,Martin Wickramasinghe,978-955-1234-04-3,Novel,Colombo,102.0,35.7,1009,4.34,139.1,50.49,20.3,70,93.17,87.39,High Demand
2025-06,BK013,Kaliyugaya,Martin Wickramasinghe,978-955-1234-04-3,Novel,Colombo,78.0,31.82,901,4.19,176.8,27.61,10.1,70,89.68,86.68,High Demand
2025-07,BK013,Kaliyugaya,Martin Wickramasinghe,978-955-1234-04-3,Novel,Colombo,73.0,32.42,954,4.55,150.26,51.93,12.5,70,101.97,88.0,High Demand
2025-08,BK013,Kaliyugaya,Martin Wickramasinghe,978-955-1234-04-3,Novel,Colombo,46.0,35.97,1196,4.26,126.53,62.22,11.5,70,124.83,99.82,High Demand
2025-09,BK013,Kaliyugaya,Martin Wickramasinghe,978-955-1234-04-3,Novel,Colombo,45.0,33.76,1092,4.47,178.71,46.87,28.9,70,145.76,97.26,High Demand
2025-10,BK013,Kaliyugaya,Martin Wickramasinghe,978-955-1234-04-3,Novel,Colombo,56.0,39.49,1080,4.67,183.92,56.19,9.4,70,159.6,93.93,High Demand
2025-11,BK013,Kaliyugaya,Martin Wickramasinghe,978-955-1234-04-3,Novel,Colombo,82.0,41.86,916,4.58,154.96,38.5,10.7,70,115.33,86.18,High Demand
2025-12,BK013,Kaliyugaya,Martin Wickramasinghe,978-955-1234-04-3,Novel,Colombo,29.0,30.95,1081,4.48,130.02,42.02,9.2,70,151.41,98.05,High Demand
2025-01,BK013,Kaliyugaya,Martin Wickramasinghe,978-955-1234-04-3,Novel,Galle,101.0,21.39,608,4.66,91.31,28.51,8.8,70,86.94,73.66,High Demand
2025-02,BK013,Kaliyugaya,Martin Wickramasinghe,978-955-1234-04-3,Novel,Galle,32.0,18.62,556,4.54,119.85,23.11,9.8,70,88.54,80.07,High Demand
2025-03,BK013,Kaliyugaya,Martin Wickramasinghe,978-955-1234-04-3,Novel,Galle,81.0,25.34,693,4.63,82.08,32.58,11.0,70,105.24,77.12,High Demand
2025-04,BK013,Kaliyugaya,Martin Wickramasinghe,978-955-1234-04-3,Novel,Galle,33.0,28.87,806,4.66,125.9,41.83,20.1,70,98.92,88.57,High Demand
2025-05,BK013,Kaliyugaya,Martin Wickramasinghe,978-955-1234-04-3,Novel,Galle,52.0,27.26,716,4.36,87.2,37.74,22.6,70,104.83,80.37,High Demand
2025-06,BK013,Kaliyugaya,Martin Wickramasinghe,978-955-1234-04-3,Novel,Galle,87.0,12.72,727,4.74,90.61,34.72,10.8,70,94.84,79.88,High Demand
2025-07,BK013,Kaliyugaya,Martin Wickramasinghe,978-955-1234-04-3,Novel,Galle,34.0,20.45,706,4.48,96.59,42.49,9.3,70,85.31,82.82,High Demand
2025-08,BK013,Kaliyugaya,Martin Wickramasinghe,978-955-1234-04-3,Novel,Galle,36.0,24.5,913,4.52,147.7,50.6,9.3,70,103.14,90.34,High Demand
2025-09,BK013,Kaliyugaya,Martin Wickramasinghe,978-955-1234-04-3,Novel,Galle,57.0,26.44,808,4.52,149.6,33.77,29.4,70,139.78,85.14,High Demand
2025-10,BK013,Kaliyugaya,Martin Wickramasinghe,978-955-1234-04-3,Novel,Galle,87.0,25.15,889,4.46,112.29,33.26,10.4,70,119.7,84.8,High Demand
2025-11,BK013,Kaliyugaya,Martin Wickramasinghe,978-955-1234-04-3,Novel,Galle,76.0,19.87,669,4.43,92.52,19.95,9.3,70,91.1,77.94,High Demand
2025-12,BK013,Kaliyugaya,Martin Wickramasinghe,978-955-1234-04-3,Novel,Galle,69.0,28.38,763,4.58,102.76,33.82,9.3,70,109.53,82.9,High Demand
2025-01,BK013,Kaliyugaya,Martin Wickramasinghe,978-955-1234-04-3,Novel,Kandy,99.0,20.23,474,4.42,42.71,11.0,10.1,70,70.99,67.51,Moderate Demand
2025-02,BK013,Kaliyugaya,Martin Wickramasinghe,978-955-1234-04-3,Novel,Kandy,102.0,7.78,419,4.55,75.93,16.96,7.8,70,74.09,68.69,Moderate Demand
2025-03,BK013,Kaliyugaya,Martin Wickramasinghe,978-955-1234-04-3,Novel,Kandy,61.0,15.37,503,4.6,94.88,13.32,7.5,70,78.84,72.7,High Demand
2025-04,BK013,Kaliyugaya,Martin Wickramasinghe,978-955-1234-04-3,Novel,Kandy,78.0,21.34,608,4.41,110.74,22.76,21.6,70,65.92,73.59,High Demand
2025-05,BK013,Kaliyugaya,Martin Wickramasinghe,978-955-1234-04-3,Novel,Kandy,83.0,18.18,563,4.46,76.83,27.23,18.6,70,86.12,72.02,High Demand
2025-06,BK013,Kaliyugaya,Martin Wickramasinghe,978-955-1234-04-3,Novel,Kandy,53.0,16.1,513,4.57,85.06,21.39,7.1,70,92.64,74.0,High Demand
2025-07,BK013,Kaliyugaya,Martin Wickramasinghe,978-955-1234-04-3,Novel,Kandy,98.0,13.01,524,4.5,89.96,21.08,8.4,70,89.78,70.39,Moderate Demand
2025-08,BK013,Kaliyugaya,Martin Wickramasinghe,978-955-1234-04-3,Novel,Kandy,62.0,17.96,663,4.58,96.4,29.05,10.0,70,94.42,77.87,High Demand
2025-09,BK013,Kaliyugaya,Martin Wickramasinghe,978-955-1234-04-3,Novel,Kandy,45.0,25.16,672,4.49,98.58,31.31,30.3,70,116.78,81.69,High Demand
2025-10,BK013,Kaliyugaya,Martin Wickramasinghe,978-955-1234-04-3,Novel,Kandy,46.0,24.0,629,4.44,88.67,21.22,10.1,70,80.41,78.46,High Demand
2025-11,BK013,Kaliyugaya,Martin Wickramasinghe,978-955-1234-04-3,Novel,Kandy,30.0,16.91,499,4.47,82.57,23.61,9.3,70,101.69,76.54,High Demand
2025-12,BK013,Kaliyugaya,Martin Wickramasinghe,978-955-1234-04-3,Novel,Kandy,47.0,15.73,550,4.55,106.37,23.45,10.9,70,103.89,77.06,High Demand
2025-01,BK014,Yuganthaya,Martin Wickramasinghe,978-955-1234-05-0,Novel,Colombo,30.0,13.15,401,4.87,47.57,13.85,12.3,70,80.57,73.78,High Demand
2025-02,BK014,Yuganthaya,Martin Wickramasinghe,978-955-1234-05-0,Novel,Colombo,113.0,13.12,383,4.47,46.81,14.9,9.2,70,100.79,69.32,Moderate Demand
2025-03,BK014,Yuganthaya,Martin Wickramasinghe,978-955-1234-05-0,Novel,Colombo,89.0,15.26,433,4.64,72.39,22.25,10.8,70,69.44,69.12,Moderate Demand
2025-04,BK014,Yuganthaya,Martin Wickramasinghe,978-955-1234-05-0,Novel,Colombo,47.0,18.74,551,4.62,82.97,27.39,22.8,70,94.66,77.61,High Demand
2025-05,BK014,Yuganthaya,Martin Wickramasinghe,978-955-1234-05-0,Novel,Colombo,101.0,13.88,481,4.57,49.5,22.53,17.2,70,82.07,71.72,High Demand
2025-06,BK014,Yuganthaya,Martin Wickramasinghe,978-955-1234-05-0,Novel,Colombo,108.0,14.32,416,4.64,55.85,15.86,7.5,70,69.73,67.96,Moderate Demand
2025-07,BK014,Yuganthaya,Martin Wickramasinghe,978-955-1234-05-0,Novel,Colombo,89.0,11.35,440,4.87,55.25,18.25,10.1,70,76.57,68.35,Moderate Demand
2025-08,BK014,Yuganthaya,Martin Wickramasinghe,978-955-1234-05-0,Novel,Colombo,52.0,20.95,570,4.83,78.23,18.75,9.5,70,97.26,78.62,High Demand
2025-09,BK014,Yuganthaya,Martin Wickramasinghe,978-955-1234-05-0,Novel,Colombo,99.0,21.94,548,4.63,80.13,17.25,29.6,70,97.18,75.21,High Demand
2025-10,BK014,Yuganthaya,Martin Wickramasinghe,978-955-1234-05-0,Novel,Colombo,118.0,14.65,568,4.48,101.01,24.82,11.3,70,101.51,74.0,High Demand
2025-11,BK014,Yuganthaya,Martin Wickramasinghe,978-955-1234-05-0,Novel,Colombo,106.0,15.68,439,4.77,66.29,17.21,9.2,70,72.71,69.69,Moderate Demand
2025-12,BK014,Yuganthaya,Martin Wickramasinghe,978-955-1234-05-0,Novel,Colombo,89.0,14.19,512,4.76,78.36,17.09,10.3,70,86.04,72.08,High Demand
2025-01,BK014,Yuganthaya,Martin Wickramasinghe,978-955-1234-05-0,Novel,Galle,45.0,10.11,265,4.52,33.58,9.06,10.4,70,66.11,68.05,Moderate Demand
2025-02,BK014,Yuganthaya,Martin Wickramasinghe,978-955-1234-05-0,Novel,Galle,60.0,10.75,261,4.73,51.24,13.14,9.2,70,61.46,68.23,Moderate Demand
2025-03,BK014,Yuganthaya,Martin Wickramasinghe,978-955-1234-05-0,Novel,Galle,88.0,9.48,306,4.76,56.35,12.46,10.3,70,70.57,65.99,Moderate Demand
2025-04,BK014,Yuganthaya,Martin Wickramasinghe,978-955-1234-05-0,Novel,Galle,56.0,14.07,361,4.8,50.05,11.09,23.9,70,47.8,70.73,Moderate Demand
2025-05,BK014,Yuganthaya,Martin Wickramasinghe,978-955-1234-05-0,Novel,Galle,79.0,9.69,324,4.63,42.22,20.83,20.9,70,57.87,68.4,Moderate Demand
2025-06,BK014,Yuganthaya,Martin Wickramasinghe,978-955-1234-05-0,Novel,Galle,39.0,8.67,292,4.77,57.61,9.0,11.5,70,64.15,69.6,Moderate Demand
2025-07,BK014,Yuganthaya,Martin Wickramasinghe,978-955-1234-05-0,Novel,Galle,83.0,9.0,309,4.67,54.09,14.24,9.5,70,66.34,67.42,Moderate Demand
2025-08,BK014,Yuganthaya,Martin Wickramasinghe,978-955-1234-05-0,Novel,Galle,33.0,11.62,369,4.82,45.91,13.81,8.6,70,83.91,72.86,High Demand
2025-09,BK014,Yuganthaya,Martin Wickramasinghe,978-955-1234-05-0,Novel,Galle,47.0,12.25,389,4.74,41.72,19.74,27.8,70,70.57,72.77,High Demand
2025-10,BK014,Yuganthaya,Martin Wickramasinghe,978-955-1234-05-0,Novel,Galle,54.0,13.18,398,4.78,56.35,17.3,9.4,70,100.09,72.09,High Demand
2025-11,BK014,Yuganthaya,Martin Wickramasinghe,978-955-1234-05-0,Novel,Galle,106.0,8.69,291,4.71,51.61,16.94,8.5,70,52.7,64.63,Moderate Demand
2025-12,BK014,Yuganthaya,Martin Wickramasinghe,978-955-1234-05-0,Novel,Galle,84.0,13.48,358,4.65,48.8,16.4,12.3,70,99.41,69.06,Moderate Demand
2025-01,BK014,Yuganthaya,Martin Wickramasinghe,978-955-1234-05-0,Novel,Kandy,74.0,11.89,314,4.73,43.82,12.29,8.9,70,59.63,65.88,Moderate Demand
2025-02,BK014,Yuganthaya,Martin Wickramasinghe,978-955-1234-05-0,Novel,Kandy,41.0,9.26,283,4.82,43.79,18.13,7.7,70,57.23,70.15,Moderate Demand
2025-03,BK014,Yuganthaya,Martin Wickramasinghe,978-955-1234-05-0,Novel,Kandy,83.0,8.7,356,4.64,57.11,15.45,9.6,70,64.87,67.22,Moderate Demand
2025-04,BK014,Yuganthaya,Martin Wickramasinghe,978-955-1234-05-0,Novel,Kandy,93.0,14.79,395,4.74,67.8,16.66,21.6,70,69.75,68.27,Moderate Demand
2025-05,BK014,Yuganthaya,Martin Wickramasinghe,978-955-1234-05-0,Novel,Kandy,59.0,13.48,350,5.0,42.22,15.77,19.0,70,70.42,69.7,Moderate Demand
2025-06,BK014,Yuganthaya,Martin Wickramasinghe,978-955-1234-05-0,Novel,Kandy,28.0,11.41,352,4.59,52.39,15.29,9.7,70,69.3,73.36,High Demand
2025-07,BK014,Yuganthaya,Martin Wickramasinghe,978-955-1234-05-0,Novel,Kandy,95.0,8.82,350,4.51,52.42,14.98,9.5,70,79.66,67.75,Moderate Demand
2025-08,BK014,Yuganthaya,Martin Wickramasinghe,978-955-1234-05-0,Novel,Kandy,59.0,14.4,427,4.55,59.84,25.46,10.5,70,90.85,73.31,High Demand
2025-09,BK014,Yuganthaya,Martin Wickramasinghe,978-955-1234-05-0,Novel,Kandy,41.0,17.38,414,4.67,53.18,22.72,31.5,70,65.45,74.73,High Demand
2025-10,BK014,Yuganthaya,Martin Wickramasinghe,978-955-1234-05-0,Novel,Kandy,72.0,10.0,455,4.71,76.26,21.08,8.8,70,99.62,73.22,High Demand
2025-11,BK014,Yuganthaya,Martin Wickramasinghe,978-955-1234-05-0,Novel,Kandy,26.0,12.94,359,4.4,58.17,18.0,9.4,70,79.14,74.38,High Demand
2025-12,BK014,Yuganthaya,Martin Wickramasinghe,978-955-1234-05-0,Novel,Kandy,24.0,12.59,399,4.39,70.24,20.29,10.0,70,78.71,75.27,High Demand
2025-01,BK015,Bavatharanaya,Martin Wickramasinghe,978-955-1234-06-7,Novel,Colombo,54.0,12.27,445,3.81,78.22,16.45,7.5,70,81.36,60.4,Low Demand
2025-02,BK015,Bavatharanaya,Martin Wickramasinghe,978-955-1234-06-7,Novel,Colombo,70.0,16.5,426,3.49,59.8,28.42,8.4,70,72.43,61.81,Low Demand
2025-03,BK015,Bavatharanaya,Martin Wickramasinghe,978-955-1234-06-7,Novel,Colombo,82.0,12.42,494,3.79,77.67,20.91,8.5,70,93.13,60.5,Low Demand
2025-04,BK015,Bavatharanaya,Martin Wickramasinghe,978-955-1234-06-7,Novel,Colombo,90.0,20.52,586,3.87,83.14,18.32,19.0,70,66.32,63.87,Moderate Demand
2025-05,BK015,Bavatharanaya,Martin Wickramasinghe,978-955-1234-06-7,Novel,Colombo,63.0,20.95,531,3.24,72.76,27.85,21.5,70,94.55,63.57,Moderate Demand
2025-06,BK015,Bavatharanaya,Martin Wickramasinghe,978-955-1234-06-7,Novel,Colombo,89.0,16.89,492,3.78,75.3,16.98,8.0,70,69.57,60.4,Low Demand
2025-07,BK015,Bavatharanaya,Martin Wickramasinghe,978-955-1234-06-7,Novel,Colombo,109.0,13.51,492,3.69,65.13,25.65,10.3,70,84.76,58.55,Low Demand
2025-08,BK015,Bavatharanaya,Martin Wickramasinghe,978-955-1234-06-7,Novel,Colombo,64.0,14.51,645,3.65,71.69,32.08,9.2,70,80.3,68.98,Moderate Demand
2025-09,BK015,Bavatharanaya,Martin Wickramasinghe,978-955-1234-06-7,Novel,Colombo,71.0,15.33,588,3.76,111.74,24.76,31.2,70,107.77,66.78,Moderate Demand
2025-10,BK015,Bavatharanaya,Martin Wickramasinghe,978-955-1234-06-7,Novel,Colombo,44.0,13.54,611,3.68,93.54,29.16,8.3,70,89.95,68.63,Moderate Demand
2025-11,BK015,Bavatharanaya,Martin Wickramasinghe,978-955-1234-06-7,Novel,Colombo,80.0,20.77,490,3.79,62.97,26.65,9.6,70,86.02,62.95,Moderate Demand
2025-12,BK015,Bavatharanaya,Martin Wickramasinghe,978-955-1234-06-7,Novel,Colombo,52.0,16.92,530,3.98,49.73,17.92,9.3,70,64.87,66.31,Moderate Demand
2025-01,BK015,Bavatharanaya,Martin Wickramasinghe,978-955-1234-06-7,Novel,Galle,30.0,11.51,434,3.75,64.18,12.73,9.2,70,52.72,64.44,Moderate Demand
2025-02,BK015,Bavatharanaya,Martin Wickramasinghe,978-955-1234-06-7,Novel,Galle,97.0,11.02,396,3.53,76.35,19.13,9.7,70,74.12,57.57,Low Demand
2025-03,BK015,Bavatharanaya,Martin Wickramasinghe,978-955-1234-06-7,Novel,Galle,63.0,13.44,509,3.93,88.29,19.49,8.7,70,95.96,63.89,Moderate Demand
2025-04,BK015,Bavatharanaya,Martin Wickramasinghe,978-955-1234-06-7,Novel,Galle,81.0,18.39,585,3.86,106.41,36.71,21.9,70,86.16,63.41,Moderate Demand
2025-05,BK015,Bavatharanaya,Martin Wickramasinghe,978-955-1234-06-7,Novel,Galle,113.0,13.67,542,3.92,74.69,31.32,20.0,70,59.65,61.35,Low Demand
2025-06,BK015,Bavatharanaya,Martin Wickramasinghe,978-955-1234-06-7,Novel,Galle,52.0,21.93,512,3.76,85.26,23.57,11.2,70,100.2,64.49,Moderate Demand
2025-07,BK015,Bavatharanaya,Martin Wickramasinghe,978-955-1234-06-7,Novel,Galle,34.0,13.85,492,3.84,53.13,21.62,9.9,70,68.65,65.97,Moderate Demand
2025-08,BK015,Bavatharanaya,Martin Wickramasinghe,978-955-1234-06-7,Novel,Galle,95.0,17.67,632,3.98,92.73,18.8,8.4,70,97.01,63.71,Moderate Demand
2025-09,BK015,Bavatharanaya,Martin Wickramasinghe,978-955-1234-06-7,Novel,Galle,42.0,21.26,606,3.7,109.13,21.76,29.1,70,73.82,69.91,Moderate Demand
2025-10,BK015,Bavatharanaya,Martin Wickramasinghe,978-955-1234-06-7,Novel,Galle,66.0,24.17,601,3.6,79.36,24.75,10.7,70,73.26,66.28,Moderate Demand
2025-11,BK015,Bavatharanaya,Martin Wickramasinghe,978-955-1234-06-7,Novel,Galle,41.0,19.85,486,3.92,73.09,23.5,8.3,70,79.93,64.94,Moderate Demand
2025-12,BK015,Bavatharanaya,Martin Wickramasinghe,978-955-1234-06-7,Novel,Galle,98.0,17.58,575,3.63,88.03,24.65,9.3,70,45.51,62.89,Moderate Demand
2025-01,BK015,Bavatharanaya,Martin Wickramasinghe,978-955-1234-06-7,Novel,Kandy,50.0,13.13,390,3.86,59.82,18.07,8.9,70,55.73,60.86,Low Demand
2025-02,BK015,Bavatharanaya,Martin Wickramasinghe,978-955-1234-06-7,Novel,Kandy,45.0,12.85,351,3.61,72.82,17.66,6.8,70,61.85,60.64,Low Demand
2025-03,BK015,Bavatharanaya,Martin Wickramasinghe,978-955-1234-06-7,Novel,Kandy,71.0,16.56,471,3.62,59.77,20.31,8.0,70,68.67,62.29,Low Demand
2025-04,BK015,Bavatharanaya,Martin Wickramasinghe,978-955-1234-06-7,Novel,Kandy,46.0,17.95,516,3.74,95.35,21.26,20.8,70,56.16,66.6,Moderate Demand
2025-05,BK015,Bavatharanaya,Martin Wickramasinghe,978-955-1234-06-7,Novel,Kandy,100.0,11.62,429,3.75,49.85,15.91,21.4,70,83.25,57.0,Low Demand
2025-06,BK015,Bavatharanaya,Martin Wickramasinghe,978-955-1234-06-7,Novel,Kandy,39.0,10.84,414,3.62,58.6,24.51,9.3,70,67.86,63.97,Moderate Demand
2025-07,BK015,Bavatharanaya,Martin Wickramasinghe,978-955-1234-06-7,Novel,Kandy,40.0,13.79,415,3.96,50.78,11.59,11.0,70,66.82,62.48,Low Demand
2025-08,BK015,Bavatharanaya,Martin Wickramasinghe,978-955-1234-06-7,Novel,Kandy,70.0,13.4,520,3.63,80.53,25.52,6.7,70,51.93,62.18,Low Demand
2025-09,BK015,Bavatharanaya,Martin Wickramasinghe,978-955-1234-06-7,Novel,Kandy,101.0,22.42,546,3.81,78.75,28.53,28.6,70,79.08,62.44,Low Demand
2025-10,BK015,Bavatharanaya,Martin Wickramasinghe,978-955-1234-06-7,Novel,Kandy,58.0,16.79,517,3.57,82.85,14.94,10.4,70,85.03,63.38,Moderate Demand
2025-11,BK015,Bavatharanaya,Martin Wickramasinghe,978-955-1234-06-7,Novel,Kandy,94.0,10.81,393,3.61,61.23,14.25,10.0,70,77.34,56.36,Low Demand
2025-12,BK015,Bavatharanaya,Martin Wickramasinghe,978-955-1234-06-7,Novel,Kandy,105.0,15.69,498,3.62,106.61,25.92,10.3,70,83.95,61.28,Low Demand
2025-01,BK016,Lolita,Vladimir Nabokov (Trans.),978-955-3022-10-1,Translated Classic,Colombo,80.0,12.56,426,4.13,67.88,15.77,10.7,78,72.35,63.69,Moderate Demand
2025-02,BK016,Lolita,Vladimir Nabokov (Trans.),978-955-3022-10-1,Translated Classic,Colombo,34.0,12.99,372,4.11,58.62,16.02,8.8,78,69.04,67.69,Moderate Demand
2025-03,BK016,Lolita,Vladimir Nabokov (Trans.),978-955-3022-10-1,Translated Classic,Colombo,27.0,18.57,496,4.13,79.19,22.54,8.3,78,81.22,72.14,High Demand
2025-04,BK016,Lolita,Vladimir Nabokov (Trans.),978-955-3022-10-1,Translated Classic,Colombo,86.0,14.94,594,4.1,101.2,34.02,24.8,78,97.76,70.82,High Demand
2025-05,BK016,Lolita,Vladimir Nabokov (Trans.),978-955-3022-10-1,Translated Classic,Colombo,80.0,10.9,495,4.24,69.29,25.46,19.2,78,75.59,67.58,Moderate Demand
2025-06,BK016,Lolita,Vladimir Nabokov (Trans.),978-955-3022-10-1,Translated Classic,Colombo,88.0,16.43,466,4.24,58.21,20.36,9.2,78,74.9,65.25,Moderate Demand
2025-07,BK016,Lolita,Vladimir Nabokov (Trans.),978-955-3022-10-1,Translated Classic,Colombo,44.0,14.11,451,4.02,54.88,14.97,9.1,78,79.69,68.12,Moderate Demand
2025-08,BK016,Lolita,Vladimir Nabokov (Trans.),978-955-3022-10-1,Translated Classic,Colombo,22.0,19.66,593,4.11,96.81,19.16,10.2,78,82.26,76.19,High Demand
2025-09,BK016,Lolita,Vladimir Nabokov (Trans.),978-955-3022-10-1,Translated Classic,Colombo,26.0,20.15,562,4.18,101.83,26.39,29.5,78,88.88,75.35,High Demand
2025-10,BK016,Lolita,Vladimir Nabokov (Trans.),978-955-3022-10-1,Translated Classic,Colombo,85.0,18.67,597,4.21,92.61,14.71,11.3,78,87.59,70.26,Moderate Demand
2025-11,BK016,Lolita,Vladimir Nabokov (Trans.),978-955-3022-10-1,Translated Classic,Colombo,64.0,18.71,494,4.15,78.74,20.93,9.6,78,66.98,68.28,Moderate Demand
2025-12,BK016,Lolita,Vladimir Nabokov (Trans.),978-955-3022-10-1,Translated Classic,Colombo,29.0,14.98,530,4.05,85.79,26.84,11.6,78,103.69,74.11,High Demand
2025-01,BK016,Lolita,Vladimir Nabokov (Trans.),978-955-3022-10-1,Translated Classic,Galle,43.0,13.57,416,4.08,58.4,14.14,9.1,78,80.87,67.95,Moderate Demand
2025-02,BK016,Lolita,Vladimir Nabokov (Trans.),978-955-3022-10-1,Translated Classic,Galle,57.0,12.42,405,4.09,71.83,17.41,10.0,78,62.83,67.03,Moderate Demand
2025-03,BK016,Lolita,Vladimir Nabokov (Trans.),978-955-3022-10-1,Translated Classic,Galle,45.0,12.85,493,4.17,83.6,22.6,8.1,78,65.4,69.22,Moderate Demand
2025-04,BK016,Lolita,Vladimir Nabokov (Trans.),978-955-3022-10-1,Translated Classic,Galle,78.0,19.66,534,3.96,94.73,25.61,23.7,78,75.53,68.64,Moderate Demand
2025-05,BK016,Lolita,Vladimir Nabokov (Trans.),978-955-3022-10-1,Translated Classic,Galle,39.0,16.31,461,3.96,77.25,15.4,19.1,78,67.77,69.48,Moderate Demand
2025-06,BK016,Lolita,Vladimir Nabokov (Trans.),978-955-3022-10-1,Translated Classic,Galle,57.0,10.67,478,4.05,68.75,23.42,10.1,78,65.32,69.95,Moderate Demand
2025-07,BK016,Lolita,Vladimir Nabokov (Trans.),978-955-3022-10-1,Translated Classic,Galle,50.0,12.84,492,4.12,75.8,21.46,9.5,78,80.98,69.77,Moderate Demand
2025-08,BK016,Lolita,Vladimir Nabokov (Trans.),978-955-3022-10-1,Translated Classic,Galle,90.0,19.6,579,4.01,76.33,24.05,10.5,78,79.76,67.67,Moderate Demand
2025-09,BK016,Lolita,Vladimir Nabokov (Trans.),978-955-3022-10-1,Translated Classic,Galle,67.0,22.93,582,4.05,98.39,20.24,29.9,78,72.51,71.0,High Demand
2025-10,BK016,Lolita,Vladimir Nabokov (Trans.),978-955-3022-10-1,Translated Classic,Galle,60.0,16.68,583,3.96,81.73,26.77,10.9,78,106.78,72.07,High Demand
2025-11,BK016,Lolita,Vladimir Nabokov (Trans.),978-955-3022-10-1,Translated Classic,Galle,73.0,14.95,463,4.18,53.76,17.08,9.2,78,72.07,65.77,Moderate Demand
2025-12,BK016,Lolita,Vladimir Nabokov (Trans.),978-955-3022-10-1,Translated Classic,Galle,54.0,13.32,526,3.8,73.39,22.39,9.6,78,86.01,71.62,High Demand
2025-01,BK016,Lolita,Vladimir Nabokov (Trans.),978-955-3022-10-1,Translated Classic,Kandy,33.0,22.19,482,4.1,73.95,18.9,10.6,78,59.57,71.22,High Demand
2025-02,BK016,Lolita,Vladimir Nabokov (Trans.),978-955-3022-10-1,Translated Classic,Kandy,96.0,16.56,429,4.01,45.0,28.3,10.0,78,62.19,64.13,Moderate Demand
2025-03,BK016,Lolita,Vladimir Nabokov (Trans.),978-955-3022-10-1,Translated Classic,Kandy,73.0,19.33,520,4.12,56.18,22.08,9.0,78,65.93,67.65,Moderate Demand
2025-04,BK016,Lolita,Vladimir Nabokov (Trans.),978-955-3022-10-1,Translated Classic,Kandy,112.0,23.91,645,4.12,109.39,42.08,20.2,78,105.78,71.07,High Demand
2025-05,BK016,Lolita,Vladimir Nabokov (Trans.),978-955-3022-10-1,Translated Classic,Kandy,26.0,21.3,570,3.68,91.35,22.91,17.5,78,94.66,75.32,High Demand
2025-06,BK016,Lolita,Vladimir Nabokov (Trans.),978-955-3022-10-1,Translated Classic,Kandy,87.0,19.2,522,4.28,78.64,22.13,8.0,78,78.09,67.89,Moderate Demand
2025-07,BK016,Lolita,Vladimir Nabokov (Trans.),978-955-3022-10-1,Translated Classic,Kandy,44.0,16.06,528,4.21,59.72,26.73,11.0,78,76.11,70.26,Moderate Demand
2025-08,BK016,Lolita,Vladimir Nabokov (Trans.),978-955-3022-10-1,Translated Classic,Kandy,69.0,23.66,651,4.33,124.43,28.85,8.5,78,95.34,73.8,High Demand
2025-09,BK016,Lolita,Vladimir Nabokov (Trans.),978-955-3022-10-1,Translated Classic,Kandy,67.0,22.19,657,4.2,120.35,34.65,29.5,78,78.65,74.0,High Demand
2025-10,BK016,Lolita,Vladimir Nabokov (Trans.),978-955-3022-10-1,Translated Classic,Kandy,75.0,25.24,641,4.24,110.45,32.97,10.1,78,85.35,70.19,Moderate Demand
2025-11,BK016,Lolita,Vladimir Nabokov (Trans.),978-955-3022-10-1,Translated Classic,Kandy,31.0,14.03,481,4.19,58.85,21.58,11.0,78,91.16,71.89,High Demand
2025-12,BK016,Lolita,Vladimir Nabokov (Trans.),978-955-3022-10-1,Translated Classic,Kandy,81.0,18.58,614,4.35,99.71,24.09,8.6,78,74.87,71.51,High Demand
2025-01,BK017,Aprasanna Kathavak,Karunasena Jayalath,978-955-1100-33-5,Novel,Colombo,38.0,19.38,540,3.21,99.5,23.3,12.0,70,83.01,63.05,Moderate Demand
2025-02,BK017,Aprasanna Kathavak,Karunasena Jayalath,978-955-1100-33-5,Novel,Colombo,59.0,20.74,477,3.41,73.64,26.08,11.5,70,72.29,62.23,Low Demand
2025-03,BK017,Aprasanna Kathavak,Karunasena Jayalath,978-955-1100-33-5,Novel,Colombo,41.0,19.01,575,3.27,78.64,26.58,8.6,70,79.39,63.57,Moderate Demand
2025-04,BK017,Aprasanna Kathavak,Karunasena Jayalath,978-955-1100-33-5,Novel,Colombo,42.0,19.72,673,3.54,96.94,40.48,18.9,70,84.77,68.68,Moderate Demand
2025-05,BK017,Aprasanna Kathavak,Karunasena Jayalath,978-955-1100-33-5,Novel,Colombo,115.0,19.15,606,3.44,91.09,27.36,17.6,70,91.35,58.45,Low Demand
2025-06,BK017,Aprasanna Kathavak,Karunasena Jayalath,978-955-1100-33-5,Novel,Colombo,42.0,16.81,551,3.63,77.64,23.42,10.7,70,88.03,63.98,Moderate Demand
2025-07,BK017,Aprasanna Kathavak,Karunasena Jayalath,978-955-1100-33-5,Novel,Colombo,53.0,24.15,566,3.43,78.94,21.1,9.0,70,84.02,63.3,Moderate Demand
2025-08,BK017,Aprasanna Kathavak,Karunasena Jayalath,978-955-1100-33-5,Novel,Colombo,82.0,27.33,735,3.39,78.54,32.22,10.3,70,64.57,65.99,Moderate Demand
2025-09,BK017,Aprasanna Kathavak,Karunasena Jayalath,978-955-1100-33-5,Novel,Colombo,43.0,29.12,719,3.37,74.47,30.68,32.0,70,91.86,70.67,Moderate Demand
2025-10,BK017,Aprasanna Kathavak,Karunasena Jayalath,978-955-1100-33-5,Novel,Colombo,81.0,24.31,717,3.29,128.27,30.0,10.2,70,105.73,64.71,Moderate Demand
2025-11,BK017,Aprasanna Kathavak,Karunasena Jayalath,978-955-1100-33-5,Novel,Colombo,66.0,17.57,582,3.1,110.88,21.95,10.5,70,65.36,61.11,Low Demand
2025-12,BK017,Aprasanna Kathavak,Karunasena Jayalath,978-955-1100-33-5,Novel,Colombo,80.0,26.59,665,3.39,111.7,26.25,9.6,70,62.95,63.28,Moderate Demand
2025-01,BK017,Aprasanna Kathavak,Karunasena Jayalath,978-955-1100-33-5,Novel,Galle,77.0,18.76,454,3.35,79.45,19.14,9.3,70,65.39,56.37,Low Demand
2025-02,BK017,Aprasanna Kathavak,Karunasena Jayalath,978-955-1100-33-5,Novel,Galle,39.0,16.05,409,3.35,58.1,23.84,8.9,70,77.32,60.25,Low Demand
2025-03,BK017,Aprasanna Kathavak,Karunasena Jayalath,978-955-1100-33-5,Novel,Galle,25.0,14.84,462,3.22,68.17,19.8,9.7,70,53.59,62.26,Low Demand
2025-04,BK017,Aprasanna Kathavak,Karunasena Jayalath,978-955-1100-33-5,Novel,Galle,63.0,21.7,550,3.42,92.86,22.29,22.3,70,81.04,61.94,Low Demand
2025-05,BK017,Aprasanna Kathavak,Karunasena Jayalath,978-955-1100-33-5,Novel,Galle,73.0,15.23,504,3.25,70.38,27.52,20.0,70,68.36,58.3,Low Demand
2025-06,BK017,Aprasanna Kathavak,Karunasena Jayalath,978-955-1100-33-5,Novel,Galle,50.0,17.63,468,3.44,91.1,25.79,8.2,70,69.59,59.79,Low Demand
2025-07,BK017,Aprasanna Kathavak,Karunasena Jayalath,978-955-1100-33-5,Novel,Galle,22.0,13.41,473,3.35,55.64,20.96,9.5,70,74.28,62.35,Low Demand
2025-08,BK017,Aprasanna Kathavak,Karunasena Jayalath,978-955-1100-33-5,Novel,Galle,52.0,17.29,642,3.37,84.29,27.78,9.4,70,80.01,66.34,Moderate Demand
2025-09,BK017,Aprasanna Kathavak,Karunasena Jayalath,978-955-1100-33-5,Novel,Galle,76.0,20.24,554,3.16,70.99,17.6,34.5,70,69.18,59.44,Low Demand
2025-10,BK017,Aprasanna Kathavak,Karunasena Jayalath,978-955-1100-33-5,Novel,Galle,42.0,19.34,567,3.46,77.71,19.74,10.8,70,79.36,64.96,Moderate Demand
2025-11,BK017,Aprasanna Kathavak,Karunasena Jayalath,978-955-1100-33-5,Novel,Galle,75.0,20.83,472,3.53,79.71,22.6,9.5,70,89.34,57.13,Low Demand
2025-12,BK017,Aprasanna Kathavak,Karunasena Jayalath,978-955-1100-33-5,Novel,Galle,46.0,17.52,552,3.4,55.42,32.39,9.5,70,85.11,63.72,Moderate Demand
2025-01,BK017,Aprasanna Kathavak,Karunasena Jayalath,978-955-1100-33-5,Novel,Kandy,78.0,18.59,574,3.32,104.03,33.94,7.4,70,86.43,60.82,Low Demand
2025-02,BK017,Aprasanna Kathavak,Karunasena Jayalath,978-955-1100-33-5,Novel,Kandy,51.0,16.7,580,3.49,107.27,31.31,7.8,70,69.04,64.57,Moderate Demand
2025-03,BK017,Aprasanna Kathavak,Karunasena Jayalath,978-955-1100-33-5,Novel,Kandy,40.0,14.96,680,3.51,100.12,29.17,9.2,70,77.77,68.3,Moderate Demand
2025-04,BK017,Aprasanna Kathavak,Karunasena Jayalath,978-955-1100-33-5,Novel,Kandy,119.0,17.8,766,3.34,146.25,36.48,24.1,70,72.3,64.14,Moderate Demand
2025-05,BK017,Aprasanna Kathavak,Karunasena Jayalath,978-955-1100-33-5,Novel,Kandy,50.0,22.24,639,3.81,128.3,20.32,19.3,70,94.82,66.13,Moderate Demand
2025-06,BK017,Aprasanna Kathavak,Karunasena Jayalath,978-955-1100-33-5,Novel,Kandy,61.0,17.2,645,3.58,97.39,29.94,10.9,70,98.78,66.05,Moderate Demand
2025-07,BK017,Aprasanna Kathavak,Karunasena Jayalath,978-955-1100-33-5,Novel,Kandy,25.0,26.21,682,3.61,111.77,25.18,9.6,70,91.95,69.04,Moderate Demand
2025-08,BK017,Aprasanna Kathavak,Karunasena Jayalath,978-955-1100-33-5,Novel,Kandy,74.0,32.37,808,3.46,126.91,34.52,9.2,70,107.49,69.52,Moderate Demand
2025-09,BK017,Aprasanna Kathavak,Karunasena Jayalath,978-955-1100-33-5,Novel,Kandy,87.0,26.01,820,3.45,137.67,45.14,30.2,70,90.81,68.24,Moderate Demand
2025-10,BK017,Aprasanna Kathavak,Karunasena Jayalath,978-955-1100-33-5,Novel,Kandy,54.0,32.63,789,3.25,107.27,49.37,12.3,70,87.93,70.15,Moderate Demand
2025-11,BK017,Aprasanna Kathavak,Karunasena Jayalath,978-955-1100-33-5,Novel,Kandy,75.0,22.02,636,3.35,85.23,29.05,10.4,70,100.53,62.91,Moderate Demand
2025-12,BK017,Aprasanna Kathavak,Karunasena Jayalath,978-955-1100-33-5,Novel,Kandy,40.0,28.07,707,3.41,115.65,32.66,11.4,70,82.79,70.4,Moderate Demand
2025-01,BK018,Golu Hadawatha,Karunasena Jayalath,978-955-1100-34-2,Novel,Colombo,61.0,13.99,451,4.9,57.17,14.25,7.7,70,95.79,74.29,High Demand
2025-02,BK018,Golu Hadawatha,Karunasena Jayalath,978-955-1100-34-2,Novel,Colombo,102.0,17.32,417,4.74,73.94,19.1,10.2,70,106.14,71.14,High Demand
2025-03,BK018,Golu Hadawatha,Karunasena Jayalath,978-955-1100-34-2,Novel,Colombo,36.0,14.19,524,4.67,88.74,26.32,9.3,70,69.71,79.68,High Demand
2025-04,BK018,Golu Hadawatha,Karunasena Jayalath,978-955-1100-34-2,Novel,Colombo,102.0,21.53,584,4.97,82.43,31.64,23.2,70,79.3,77.6,High Demand
2025-05,BK018,Golu Hadawatha,Karunasena Jayalath,978-955-1100-34-2,Novel,Colombo,52.0,14.48,487,4.81,78.25,26.09,19.4,70,109.25,76.78,High Demand
2025-06,BK018,Golu Hadawatha,Karunasena Jayalath,978-955-1100-34-2,Novel,Colombo,38.0,15.38,472,4.95,69.28,21.83,8.0,70,98.57,78.24,High Demand
2025-07,BK018,Golu Hadawatha,Karunasena Jayalath,978-955-1100-34-2,Novel,Colombo,89.0,17.72,496,4.82,68.61,28.29,8.4,70,107.8,73.63,High Demand
2025-08,BK018,Golu Hadawatha,Karunasena Jayalath,978-955-1100-34-2,Novel,Colombo,66.0,21.88,659,4.73,117.63,27.54,10.9,70,126.09,81.98,High Demand
2025-09,BK018,Golu Hadawatha,Karunasena Jayalath,978-955-1100-34-2,Novel,Colombo,88.0,20.14,612,4.8,93.03,28.15,35.0,70,91.15,78.43,High Demand
2025-10,BK018,Golu Hadawatha,Karunasena Jayalath,978-955-1100-34-2,Novel,Colombo,65.0,23.67,653,4.43,99.61,39.29,8.7,70,130.1,80.15,High Demand
2025-11,BK018,Golu Hadawatha,Karunasena Jayalath,978-955-1100-34-2,Novel,Colombo,42.0,18.37,485,4.96,52.22,17.93,8.8,70,106.02,78.22,High Demand
2025-12,BK018,Golu Hadawatha,Karunasena Jayalath,978-955-1100-34-2,Novel,Colombo,39.0,13.97,548,4.85,88.69,29.14,8.6,70,106.77,80.56,High Demand
2025-01,BK018,Golu Hadawatha,Karunasena Jayalath,978-955-1100-34-2,Novel,Galle,102.0,22.08,625,4.98,77.24,24.74,9.9,70,100.78,75.69,High Demand
2025-02,BK018,Golu Hadawatha,Karunasena Jayalath,978-955-1100-34-2,Novel,Galle,40.0,21.96,552,4.78,80.67,31.33,9.8,70,88.29,82.04,High Demand
2025-03,BK018,Golu Hadawatha,Karunasena Jayalath,978-955-1100-34-2,Novel,Galle,48.0,18.74,666,5.0,125.94,29.76,9.1,70,86.06,83.84,High Demand
2025-04,BK018,Golu Hadawatha,Karunasena Jayalath,978-955-1100-34-2,Novel,Galle,69.0,26.36,742,4.98,136.38,28.58,23.4,70,79.69,84.0,High Demand
2025-05,BK018,Golu Hadawatha,Karunasena Jayalath,978-955-1100-34-2,Novel,Galle,68.0,16.87,675,4.55,88.91,26.71,20.0,70,84.81,81.49,High Demand
2025-06,BK018,Golu Hadawatha,Karunasena Jayalath,978-955-1100-34-2,Novel,Galle,80.0,27.8,670,4.55,82.86,34.41,9.0,70,87.54,82.27,High Demand
2025-07,BK018,Golu Hadawatha,Karunasena Jayalath,978-955-1100-34-2,Novel,Galle,61.0,21.3,688,4.84,103.85,26.82,9.5,70,103.88,83.76,High Demand
2025-08,BK018,Golu Hadawatha,Karunasena Jayalath,978-955-1100-34-2,Novel,Galle,57.0,27.31,858,4.61,117.19,28.02,8.7,70,99.91,89.13,High Demand
2025-09,BK018,Golu Hadawatha,Karunasena Jayalath,978-955-1100-34-2,Novel,Galle,53.0,30.73,766,4.79,119.0,33.52,34.1,70,75.69,86.4,High Demand
2025-10,BK018,Golu Hadawatha,Karunasena Jayalath,978-955-1100-34-2,Novel,Galle,141.0,25.72,817,4.77,99.71,33.32,8.8,70,113.47,82.7,High Demand
2025-11,BK018,Golu Hadawatha,Karunasena Jayalath,978-955-1100-34-2,Novel,Galle,46.0,23.54,641,4.76,114.6,34.08,10.8,70,64.34,84.02,High Demand
2025-12,BK018,Golu Hadawatha,Karunasena Jayalath,978-955-1100-34-2,Novel,Galle,97.0,20.08,733,5.0,132.67,29.69,7.3,70,98.83,83.01,High Demand
2025-01,BK018,Golu Hadawatha,Karunasena Jayalath,978-955-1100-34-2,Novel,Kandy,37.0,11.27,387,4.89,42.84,15.76,10.1,70,86.21,74.84,High Demand
2025-02,BK018,Golu Hadawatha,Karunasena Jayalath,978-955-1100-34-2,Novel,Kandy,85.0,9.81,360,4.9,51.6,19.31,9.1,70,57.73,71.82,High Demand
2025-03,BK018,Golu Hadawatha,Karunasena Jayalath,978-955-1100-34-2,Novel,Kandy,49.0,13.07,420,4.84,53.07,20.6,10.6,70,63.27,75.0,High Demand
2025-04,BK018,Golu Hadawatha,Karunasena Jayalath,978-955-1100-34-2,Novel,Kandy,35.0,19.04,486,5.0,83.27,25.34,22.7,70,84.98,79.02,High Demand
2025-05,BK018,Golu Hadawatha,Karunasena Jayalath,978-955-1100-34-2,Novel,Kandy,84.0,14.06,420,4.99,42.45,19.3,19.4,70,97.82,70.75,Moderate Demand
2025-06,BK018,Golu Hadawatha,Karunasena Jayalath,978-955-1100-34-2,Novel,Kandy,75.0,15.64,408,4.69,62.34,14.05,10.0,70,78.21,72.21,High Demand
2025-07,BK018,Golu Hadawatha,Karunasena Jayalath,978-955-1100-34-2,Novel,Kandy,55.0,10.92,410,4.89,58.64,18.05,10.5,70,72.93,73.35,High Demand
2025-08,BK018,Golu Hadawatha,Karunasena Jayalath,978-955-1100-34-2,Novel,Kandy,75.0,14.83,541,4.7,73.58,24.53,10.9,70,93.29,77.03,High Demand
2025-09,BK018,Golu Hadawatha,Karunasena Jayalath,978-955-1100-34-2,Novel,Kandy,54.0,15.13,493,4.79,86.56,20.4,30.6,70,60.5,77.4,High Demand
2025-10,BK018,Golu Hadawatha,Karunasena Jayalath,978-955-1100-34-2,Novel,Kandy,110.0,17.81,503,4.79,47.8,22.78,9.7,70,63.45,71.96,High Demand
2025-11,BK018,Golu Hadawatha,Karunasena Jayalath,978-955-1100-34-2,Novel,Kandy,82.0,14.88,421,4.59,48.15,18.9,7.8,70,90.18,72.33,High Demand
2025-12,BK018,Golu Hadawatha,Karunasena Jayalath,978-955-1100-34-2,Novel,Kandy,69.0,15.76,474,4.52,63.46,26.29,10.7,70,96.67,74.44,High Demand
2025-01,BK019,Gahanu Lamai,Karunasena Jayalath,978-955-1100-35-9,Novel,Colombo,99.0,8.81,247,4.4,39.51,9.53,8.5,70,70.42,61.07,Low Demand
2025-02,BK019,Gahanu Lamai,Karunasena Jayalath,978-955-1100-35-9,Novel,Colombo,30.0,7.79,224,4.69,34.91,15.15,7.2,70,66.27,68.4,Moderate Demand
2025-03,BK019,Gahanu Lamai,Karunasena Jayalath,978-955-1100-35-9,Novel,Colombo,87.0,8.61,268,4.2,35.53,9.38,8.1,70,71.15,64.14,Moderate Demand
2025-04,BK019,Gahanu Lamai,Karunasena Jayalath,978-955-1100-35-9,Novel,Colombo,81.0,13.24,325,4.71,56.75,9.39,22.8,70,50.11,67.8,Moderate Demand
2025-05,BK019,Gahanu Lamai,Karunasena Jayalath,978-955-1100-35-9,Novel,Colombo,32.0,7.93,273,4.31,39.53,10.83,17.7,70,54.34,69.13,Moderate Demand
2025-06,BK019,Gahanu Lamai,Karunasena Jayalath,978-955-1100-35-9,Novel,Colombo,62.0,9.28,270,4.48,34.45,18.65,8.5,70,62.25,64.26,Moderate Demand
2025-07,BK019,Gahanu Lamai,Karunasena Jayalath,978-955-1100-35-9,Novel,Colombo,33.0,11.63,283,4.53,42.56,11.57,10.3,70,78.37,69.19,Moderate Demand
2025-08,BK019,Gahanu Lamai,Karunasena Jayalath,978-955-1100-35-9,Novel,Colombo,74.0,11.62,354,4.72,52.2,16.41,10.7,70,75.22,67.7,Moderate Demand
2025-09,BK019,Gahanu Lamai,Karunasena Jayalath,978-955-1100-35-9,Novel,Colombo,36.0,13.07,350,4.59,77.97,17.83,31.8,70,73.71,71.21,High Demand
2025-10,BK019,Gahanu Lamai,Karunasena Jayalath,978-955-1100-35-9,Novel,Colombo,77.0,10.44,361,4.45,41.21,14.78,8.9,70,59.02,67.79,Moderate Demand
2025-11,BK019,Gahanu Lamai,Karunasena Jayalath,978-955-1100-35-9,Novel,Colombo,32.0,12.35,278,4.51,44.89,12.46,11.3,70,68.78,69.1,Moderate Demand
2025-12,BK019,Gahanu Lamai,Karunasena Jayalath,978-955-1100-35-9,Novel,Colombo,52.0,6.18,300,4.64,46.77,14.48,9.5,70,73.94,68.54,Moderate Demand
2025-01,BK019,Gahanu Lamai,Karunasena Jayalath,978-955-1100-35-9,Novel,Galle,50.0,7.34,282,4.78,40.67,16.58,10.3,70,73.92,66.84,Moderate Demand
2025-02,BK019,Gahanu Lamai,Karunasena Jayalath,978-955-1100-35-9,Novel,Galle,51.0,7.5,256,4.64,54.69,14.4,10.0,70,65.7,67.32,Moderate Demand
2025-03,BK019,Gahanu Lamai,Karunasena Jayalath,978-955-1100-35-9,Novel,Galle,90.0,11.93,290,4.58,46.17,15.17,8.8,70,91.85,63.58,Moderate Demand
2025-04,BK019,Gahanu Lamai,Karunasena Jayalath,978-955-1100-35-9,Novel,Galle,75.0,12.26,347,4.58,58.19,16.02,21.0,70,58.47,67.36,Moderate Demand
2025-05,BK019,Gahanu Lamai,Karunasena Jayalath,978-955-1100-35-9,Novel,Galle,89.0,10.11,328,4.83,44.44,17.98,17.9,70,82.04,66.1,Moderate Demand
2025-06,BK019,Gahanu Lamai,Karunasena Jayalath,978-955-1100-35-9,Novel,Galle,55.0,7.06,271,4.49,37.18,9.23,9.2,70,52.38,66.36,Moderate Demand
2025-07,BK019,Gahanu Lamai,Karunasena Jayalath,978-955-1100-35-9,Novel,Galle,84.0,10.38,303,4.51,49.69,15.43,9.6,70,53.71,64.02,Moderate Demand
2025-08,BK019,Gahanu Lamai,Karunasena Jayalath,978-955-1100-35-9,Novel,Galle,127.0,12.66,385,4.65,51.54,14.95,9.5,70,84.3,64.09,Moderate Demand
2025-09,BK019,Gahanu Lamai,Karunasena Jayalath,978-955-1100-35-9,Novel,Galle,73.0,10.67,363,4.78,51.27,19.98,31.4,70,69.55,66.99,Moderate Demand
2025-10,BK019,Gahanu Lamai,Karunasena Jayalath,978-955-1100-35-9,Novel,Galle,41.0,9.17,381,4.35,59.49,17.81,10.0,70,65.42,72.18,High Demand
2025-11,BK019,Gahanu Lamai,Karunasena Jayalath,978-955-1100-35-9,Novel,Galle,51.0,8.53,315,4.73,36.42,16.22,8.3,70,70.99,68.13,Moderate Demand
2025-12,BK019,Gahanu Lamai,Karunasena Jayalath,978-955-1100-35-9,Novel,Galle,47.0,11.26,326,4.76,45.18,19.68,8.3,70,103.07,68.22,Moderate Demand
2025-01,BK019,Gahanu Lamai,Karunasena Jayalath,978-955-1100-35-9,Novel,Kandy,103.0,14.3,421,4.64,70.95,19.91,9.6,70,70.02,68.22,Moderate Demand
2025-02,BK019,Gahanu Lamai,Karunasena Jayalath,978-955-1100-35-9,Novel,Kandy,108.0,13.09,362,4.32,56.45,17.13,9.9,70,72.43,67.35,Moderate Demand
2025-03,BK019,Gahanu Lamai,Karunasena Jayalath,978-955-1100-35-9,Novel,Kandy,76.0,14.33,456,4.5,73.34,19.26,9.1,70,98.09,71.15,High Demand
2025-04,BK019,Gahanu Lamai,Karunasena Jayalath,978-955-1100-35-9,Novel,Kandy,55.0,12.21,524,4.6,69.31,27.99,24.4,70,79.69,75.88,High Demand
2025-05,BK019,Gahanu Lamai,Karunasena Jayalath,978-955-1100-35-9,Novel,Kandy,33.0,14.93,459,4.63,79.24,18.44,21.4,70,114.32,74.44,High Demand
2025-06,BK019,Gahanu Lamai,Karunasena Jayalath,978-955-1100-35-9,Novel,Kandy,38.0,12.15,442,4.42,65.93,18.1,9.6,70,63.5,75.05,High Demand
2025-07,BK019,Gahanu Lamai,Karunasena Jayalath,978-955-1100-35-9,Novel,Kandy,44.0,14.2,437,4.54,74.42,18.2,9.6,70,76.25,73.61,High Demand
2025-08,BK019,Gahanu Lamai,Karunasena Jayalath,978-955-1100-35-9,Novel,Kandy,57.0,19.28,554,4.72,92.12,24.02,10.4,70,103.84,75.51,High Demand
2025-09,BK019,Gahanu Lamai,Karunasena Jayalath,978-955-1100-35-9,Novel,Kandy,97.0,16.35,554,4.53,90.79,25.55,27.6,70,86.31,72.75,High Demand
2025-10,BK019,Gahanu Lamai,Karunasena Jayalath,978-955-1100-35-9,Novel,Kandy,65.0,14.74,553,4.55,100.92,23.34,10.8,70,81.26,76.5,High Demand
2025-11,BK019,Gahanu Lamai,Karunasena Jayalath,978-955-1100-35-9,Novel,Kandy,109.0,18.16,466,4.53,69.51,22.2,8.5,70,63.06,69.29,Moderate Demand
2025-12,BK019,Gahanu Lamai,Karunasena Jayalath,978-955-1100-35-9,Novel,Kandy,97.0,18.12,513,4.39,72.02,19.96,6.9,70,84.79,71.26,High Demand
2025-01,BK020,Kulakumariya,T. B. Ilangaratne,978-955-8877-67-2,Novel,Colombo,139.0,12.0,417,4.24,77.89,13.74,7.2,70,86.23,62.09,Low Demand
2025-02,BK020,Kulakumariya,T. B. Ilangaratne,978-955-8877-67-2,Novel,Colombo,68.0,6.58,376,4.27,64.2,20.58,8.5,70,71.52,65.55,Moderate Demand
2025-03,BK020,Kulakumariya,T. B. Ilangaratne,978-955-8877-67-2,Novel,Colombo,116.0,15.29,478,4.4,89.0,26.11,8.2,70,66.48,64.76,Moderate Demand
2025-04,BK020,Kulakumariya,T. B. Ilangaratne,978-955-8877-67-2,Novel,Colombo,100.0,19.56,530,4.19,81.07,22.14,22.6,70,104.58,69.19,Moderate Demand
2025-05,BK020,Kulakumariya,T. B. Ilangaratne,978-955-8877-67-2,Novel,Colombo,48.0,17.67,460,4.11,87.6,23.53,19.9,70,90.1,69.78,Moderate Demand
2025-06,BK020,Kulakumariya,T. B. Ilangaratne,978-955-8877-67-2,Novel,Colombo,38.0,13.01,441,4.23,57.57,21.46,8.9,70,85.79,70.95,High Demand
2025-07,BK020,Kulakumariya,T. B. Ilangaratne,978-955-8877-67-2,Novel,Colombo,78.0,13.45,468,4.17,54.19,18.13,9.1,70,76.36,67.42,Moderate Demand
2025-08,BK020,Kulakumariya,T. B. Ilangaratne,978-955-8877-67-2,Novel,Colombo,126.0,17.27,579,4.39,68.81,32.62,8.3,70,75.18,69.97,Moderate Demand
2025-09,BK020,Kulakumariya,T. B. Ilangaratne,978-955-8877-67-2,Novel,Colombo,93.0,22.81,599,4.21,100.41,17.16,32.0,70,107.8,71.01,High Demand
2025-10,BK020,Kulakumariya,T. B. Ilangaratne,978-955-8877-67-2,Novel,Colombo,83.0,15.62,605,4.07,61.68,28.03,9.7,70,90.88,72.14,High Demand
2025-11,BK020,Kulakumariya,T. B. Ilangaratne,978-955-8877-67-2,Novel,Colombo,68.0,14.29,437,4.4,46.83,21.02,10.4,70,72.51,67.5,Moderate Demand
2025-12,BK020,Kulakumariya,T. B. Ilangaratne,978-955-8877-67-2,Novel,Colombo,79.0,14.58,519,4.29,60.57,17.88,9.2,70,81.24,71.27,High Demand
2025-01,BK020,Kulakumariya,T. B. Ilangaratne,978-955-8877-67-2,Novel,Galle,124.0,9.71,288,4.32,43.35,16.92,10.1,70,69.25,58.55,Low Demand
2025-02,BK020,Kulakumariya,T. B. Ilangaratne,978-955-8877-67-2,Novel,Galle,45.0,6.33,241,4.36,43.23,10.5,10.4,70,72.46,63.16,Moderate Demand
2025-03,BK020,Kulakumariya,T. B. Ilangaratne,978-955-8877-67-2,Novel,Galle,31.0,10.23,298,4.46,38.42,14.44,8.8,70,65.24,65.7,Moderate Demand
2025-04,BK020,Kulakumariya,T. B. Ilangaratne,978-955-8877-67-2,Novel,Galle,52.0,11.02,361,4.17,60.65,15.81,23.3,70,66.9,67.12,Moderate Demand
2025-05,BK020,Kulakumariya,T. B. Ilangaratne,978-955-8877-67-2,Novel,Galle,109.0,9.87,318,4.39,51.1,14.62,19.9,70,54.17,59.19,Low Demand
2025-06,BK020,Kulakumariya,T. B. Ilangaratne,978-955-8877-67-2,Novel,Galle,104.0,10.49,289,4.32,53.7,13.16,9.0,70,62.76,59.44,Low Demand
2025-07,BK020,Kulakumariya,T. B. Ilangaratne,978-955-8877-67-2,Novel,Galle,80.0,11.37,295,4.31,51.26,18.28,9.8,70,63.11,60.47,Low Demand
2025-08,BK020,Kulakumariya,T. B. Ilangaratne,978-955-8877-67-2,Novel,Galle,66.0,8.77,382,4.26,46.83,17.52,10.3,70,75.67,63.77,Moderate Demand
2025-09,BK020,Kulakumariya,T. B. Ilangaratne,978-955-8877-67-2,Novel,Galle,109.0,13.62,349,4.23,57.26,17.39,28.3,70,70.08,60.6,Low Demand
2025-10,BK020,Kulakumariya,T. B. Ilangaratne,978-955-8877-67-2,Novel,Galle,96.0,13.32,377,4.32,52.53,18.86,9.5,70,65.09,61.24,Low Demand
2025-11,BK020,Kulakumariya,T. B. Ilangaratne,978-955-8877-67-2,Novel,Galle,125.0,9.18,290,4.3,46.2,13.85,10.8,70,64.5,59.41,Low Demand
2025-12,BK020,Kulakumariya,T. B. Ilangaratne,978-955-8877-67-2,Novel,Galle,50.0,13.71,332,4.41,52.65,13.88,9.1,70,76.44,66.01,Moderate Demand
2025-01,BK020,Kulakumariya,T. B. Ilangaratne,978-955-8877-67-2,Novel,Kandy,89.0,18.58,558,4.52,83.54,29.46,11.1,70,84.85,70.28,Moderate Demand
2025-02,BK020,Kulakumariya,T. B. Ilangaratne,978-955-8877-67-2,Novel,Kandy,86.0,22.18,509,4.14,96.88,30.49,9.9,70,83.79,70.69,Moderate Demand
2025-03,BK020,Kulakumariya,T. B. Ilangaratne,978-955-8877-67-2,Novel,Kandy,67.0,20.39,703,4.59,107.82,35.75,8.1,70,92.82,76.6,High Demand
2025-04,BK020,Kulakumariya,T. B. Ilangaratne,978-955-8877-67-2,Novel,Kandy,63.0,21.77,766,4.45,136.27,36.46,23.7,70,97.53,80.47,High Demand
2025-05,BK020,Kulakumariya,T. B. Ilangaratne,978-955-8877-67-2,Novel,Kandy,38.0,25.29,649,4.11,108.71,28.03,21.6,70,98.26,77.58,High Demand
2025-06,BK020,Kulakumariya,T. B. Ilangaratne,978-955-8877-67-2,Novel,Kandy,87.0,26.72,586,4.27,86.27,31.5,8.5,70,98.87,71.6,High Demand
2025-07,BK020,Kulakumariya,T. B. Ilangaratne,978-955-8877-67-2,Novel,Kandy,49.0,23.94,670,4.29,109.41,25.92,8.9,70,89.76,77.86,High Demand
2025-08,BK020,Kulakumariya,T. B. Ilangaratne,978-955-8877-67-2,Novel,Kandy,97.0,30.9,832,4.46,139.4,34.88,9.5,70,102.86,78.21,High Demand
2025-09,BK020,Kulakumariya,T. B. Ilangaratne,978-955-8877-67-2,Novel,Kandy,42.0,24.33,794,4.13,160.09,23.71,30.1,70,113.12,82.1,High Demand
2025-10,BK020,Kulakumariya,T. B. Ilangaratne,978-955-8877-67-2,Novel,Kandy,85.0,19.94,798,4.55,129.13,31.38,8.2,70,117.59,79.14,High Demand
2025-11,BK020,Kulakumariya,T. B. Ilangaratne,978-955-8877-67-2,Novel,Kandy,74.0,20.16,629,4.16,94.33,28.36,12.0,70,114.87,74.07,High Demand
2025-12,BK020,Kulakumariya,T. B. Ilangaratne,978-955-8877-67-2,Novel,Kandy,106.0,31.0,741,4.24,123.72,26.99,9.5,70,79.05,76.66,High Demand
2025-01,BK021,Lasanda,T. B. Ilangaratne,978-955-8877-68-9,Novel,Colombo,72.0,15.62,708,3.41,109.15,24.19,7.9,70,101.99,67.08,Moderate Demand
2025-02,BK021,Lasanda,T. B. Ilangaratne,978-955-8877-68-9,Novel,Colombo,70.0,20.97,641,3.32,73.11,39.05,7.0,70,82.61,67.76,Moderate Demand
2025-03,BK021,Lasanda,T. B. Ilangaratne,978-955-8877-68-9,Novel,Colombo,75.0,16.69,767,3.35,92.36,37.44,11.3,70,104.16,69.63,Moderate Demand
2025-04,BK021,Lasanda,T. B. Ilangaratne,978-955-8877-68-9,Novel,Colombo,37.0,31.47,927,3.4,182.19,49.68,21.2,70,125.42,79.15,High Demand
2025-05,BK021,Lasanda,T. B. Ilangaratne,978-955-8877-68-9,Novel,Colombo,54.0,30.31,818,3.47,122.24,41.03,21.1,70,128.1,72.74,High Demand
2025-06,BK021,Lasanda,T. B. Ilangaratne,978-955-8877-68-9,Novel,Colombo,83.0,19.35,736,3.41,59.79,37.53,10.9,70,85.52,67.62,Moderate Demand
2025-07,BK021,Lasanda,T. B. Ilangaratne,978-955-8877-68-9,Novel,Colombo,84.0,23.26,775,3.36,104.4,36.39,10.5,70,110.09,68.27,Moderate Demand
2025-08,BK021,Lasanda,T. B. Ilangaratne,978-955-8877-68-9,Novel,Colombo,108.0,39.69,1004,3.1,162.91,45.45,9.2,70,66.18,74.95,High Demand
2025-09,BK021,Lasanda,T. B. Ilangaratne,978-955-8877-68-9,Novel,Colombo,40.0,29.12,887,3.46,112.34,51.38,32.2,70,106.96,77.71,High Demand
2025-10,BK021,Lasanda,T. B. Ilangaratne,978-955-8877-68-9,Novel,Colombo,67.0,23.78,934,3.79,190.15,29.26,10.2,70,66.88,75.24,High Demand
2025-11,BK021,Lasanda,T. B. Ilangaratne,978-955-8877-68-9,Novel,Colombo,85.0,19.28,745,3.76,141.12,33.67,9.3,70,83.08,67.54,Moderate Demand
2025-12,BK021,Lasanda,T. B. Ilangaratne,978-955-8877-68-9,Novel,Colombo,81.0,18.78,857,3.65,150.68,46.33,8.9,70,83.38,73.68,High Demand
2025-01,BK021,Lasanda,T. B. Ilangaratne,978-955-8877-68-9,Novel,Galle,77.0,20.84,571,3.43,82.83,30.72,8.4,70,59.6,61.13,Low Demand
2025-02,BK021,Lasanda,T. B. Ilangaratne,978-955-8877-68-9,Novel,Galle,60.0,15.72,504,3.58,91.18,23.44,7.7,70,77.25,62.77,Low Demand
2025-03,BK021,Lasanda,T. B. Ilangaratne,978-955-8877-68-9,Novel,Galle,107.0,23.65,622,3.43,107.45,24.63,9.0,70,67.21,60.2,Low Demand
2025-04,BK021,Lasanda,T. B. Ilangaratne,978-955-8877-68-9,Novel,Galle,61.0,27.35,715,3.43,115.59,38.97,22.8,70,73.92,68.84,Moderate Demand
2025-05,BK021,Lasanda,T. B. Ilangaratne,978-955-8877-68-9,Novel,Galle,113.0,18.1,632,3.52,85.72,26.22,18.1,70,72.07,60.81,Low Demand
2025-06,BK021,Lasanda,T. B. Ilangaratne,978-955-8877-68-9,Novel,Galle,79.0,18.27,602,3.66,95.99,22.91,9.3,70,75.54,63.38,Moderate Demand
2025-07,BK021,Lasanda,T. B. Ilangaratne,978-955-8877-68-9,Novel,Galle,132.0,23.16,634,3.42,98.14,33.4,11.0,70,90.72,59.66,Low Demand
2025-08,BK021,Lasanda,T. B. Ilangaratne,978-955-8877-68-9,Novel,Galle,69.0,26.83,811,3.39,131.44,35.3,9.4,70,90.2,70.65,Moderate Demand
2025-09,BK021,Lasanda,T. B. Ilangaratne,978-955-8877-68-9,Novel,Galle,78.0,26.8,769,3.49,101.61,36.63,29.9,70,80.96,70.07,Moderate Demand
2025-10,BK021,Lasanda,T. B. Ilangaratne,978-955-8877-68-9,Novel,Galle,69.0,18.28,787,3.27,123.3,24.88,9.6,70,67.61,71.37,High Demand
2025-11,BK021,Lasanda,T. B. Ilangaratne,978-955-8877-68-9,Novel,Galle,130.0,23.4,609,3.62,97.14,16.29,10.2,70,91.48,59.7,Low Demand
2025-12,BK021,Lasanda,T. B. Ilangaratne,978-955-8877-68-9,Novel,Galle,39.0,18.61,656,3.64,105.13,36.07,9.6,70,91.7,69.71,Moderate Demand
2025-01,BK021,Lasanda,T. B. Ilangaratne,978-955-8877-68-9,Novel,Kandy,108.0,14.32,723,3.69,110.15,43.45,8.4,70,100.29,65.31,Moderate Demand
2025-02,BK021,Lasanda,T. B. Ilangaratne,978-955-8877-68-9,Novel,Kandy,73.0,21.48,672,3.62,86.95,20.44,8.8,70,81.74,67.56,Moderate Demand
2025-03,BK021,Lasanda,T. B. Ilangaratne,978-955-8877-68-9,Novel,Kandy,101.0,27.9,807,3.41,139.9,32.78,8.5,70,116.69,68.34,Moderate Demand
2025-04,BK021,Lasanda,T. B. Ilangaratne,978-955-8877-68-9,Novel,Kandy,104.0,40.6,898,3.44,157.98,45.48,23.4,70,116.04,72.07,High Demand
2025-05,BK021,Lasanda,T. B. Ilangaratne,978-955-8877-68-9,Novel,Kandy,51.0,26.35,872,3.36,102.58,42.46,19.0,70,141.82,75.79,High Demand
2025-06,BK021,Lasanda,T. B. Ilangaratne,978-955-8877-68-9,Novel,Kandy,74.0,20.59,798,3.57,106.94,35.99,9.5,70,91.76,71.25,High Demand
2025-07,BK021,Lasanda,T. B. Ilangaratne,978-955-8877-68-9,Novel,Kandy,75.0,36.0,820,3.82,101.78,39.92,7.9,70,112.47,71.77,High Demand
2025-08,BK021,Lasanda,T. B. Ilangaratne,978-955-8877-68-9,Novel,Kandy,77.0,32.21,972,3.36,140.82,39.61,11.0,70,141.18,76.48,High Demand
2025-09,BK021,Lasanda,T. B. Ilangaratne,978-955-8877-68-9,Novel,Kandy,94.0,30.8,967,3.6,179.0,57.6,27.9,70,108.22,75.56,High Demand
2025-10,BK021,Lasanda,T. B. Ilangaratne,978-955-8877-68-9,Novel,Kandy,44.0,27.25,1034,3.7,176.43,57.18,9.0,70,114.71,81.64,High Demand
2025-11,BK021,Lasanda,T. B. Ilangaratne,978-955-8877-68-9,Novel,Kandy,65.0,22.31,807,3.33,159.31,42.4,11.1,70,90.96,72.82,High Demand
2025-12,BK021,Lasanda,T. B. Ilangaratne,978-955-8877-68-9,Novel,Kandy,40.0,34.75,833,3.83,122.26,25.55,9.4,70,96.97,75.33,High Demand
2025-01,BK022,Maname,Ediriweera Sarachchandra,978-955-9012-06-1,Drama,Colombo,73.0,6.34,206,4.78,26.33,11.47,8.1,65,73.05,65.04,Moderate Demand
2025-02,BK022,Maname,Ediriweera Sarachchandra,978-955-9012-06-1,Drama,Colombo,66.0,5.97,184,4.87,28.23,9.44,9.1,65,66.46,65.27,Moderate Demand
2025-03,BK022,Maname,Ediriweera Sarachchandra,978-955-9012-06-1,Drama,Colombo,106.0,7.1,241,4.94,22.5,12.02,8.6,65,55.19,63.38,Moderate Demand
2025-04,BK022,Maname,Ediriweera Sarachchandra,978-955-9012-06-1,Drama,Colombo,111.0,12.12,287,5.0,57.04,17.43,25.6,65,101.63,67.15,Moderate Demand
2025-05,BK022,Maname,Ediriweera Sarachchandra,978-955-9012-06-1,Drama,Colombo,41.0,6.65,229,5.0,36.97,13.12,15.7,65,58.53,69.43,Moderate Demand
2025-06,BK022,Maname,Ediriweera Sarachchandra,978-955-9012-06-1,Drama,Colombo,98.0,8.41,228,4.84,38.48,9.58,8.7,65,79.58,64.61,Moderate Demand
2025-07,BK022,Maname,Ediriweera Sarachchandra,978-955-9012-06-1,Drama,Colombo,45.0,7.79,231,4.81,35.87,11.74,9.1,65,67.17,69.76,Moderate Demand
2025-08,BK022,Maname,Ediriweera Sarachchandra,978-955-9012-06-1,Drama,Colombo,51.0,8.53,254,4.54,30.63,13.04,12.5,65,76.14,68.5,Moderate Demand
2025-09,BK022,Maname,Ediriweera Sarachchandra,978-955-9012-06-1,Drama,Colombo,96.0,6.61,233,4.81,36.16,8.5,28.0,65,73.54,63.85,Moderate Demand
2025-10,BK022,Maname,Ediriweera Sarachchandra,978-955-9012-06-1,Drama,Colombo,36.0,8.79,245,5.0,31.0,12.01,11.4,65,77.07,70.67,Moderate Demand
2025-11,BK022,Maname,Ediriweera Sarachchandra,978-955-9012-06-1,Drama,Colombo,74.0,9.64,227,4.77,31.02,7.59,10.4,65,75.87,65.51,Moderate Demand
2025-12,BK022,Maname,Ediriweera Sarachchandra,978-955-9012-06-1,Drama,Colombo,96.0,8.39,254,5.0,42.09,8.24,8.6,65,89.37,64.9,Moderate Demand
2025-01,BK022,Maname,Ediriweera Sarachchandra,978-955-9012-06-1,Drama,Galle,83.0,5.77,212,5.0,24.87,9.85,8.7,65,57.74,64.4,Moderate Demand
2025-02,BK022,Maname,Ediriweera Sarachchandra,978-955-9012-06-1,Drama,Galle,70.0,5.88,211,4.93,42.19,14.69,10.3,65,52.27,66.93,Moderate Demand
2025-03,BK022,Maname,Ediriweera Sarachchandra,978-955-9012-06-1,Drama,Galle,67.0,8.59,258,4.83,29.72,10.21,10.5,65,49.61,67.61,Moderate Demand
2025-04,BK022,Maname,Ediriweera Sarachchandra,978-955-9012-06-1,Drama,Galle,54.0,9.0,283,4.83,50.51,17.52,24.9,65,47.09,71.33,High Demand
2025-05,BK022,Maname,Ediriweera Sarachchandra,978-955-9012-06-1,Drama,Galle,105.0,8.68,274,4.9,36.16,12.98,19.0,65,76.09,65.39,Moderate Demand
2025-06,BK022,Maname,Ediriweera Sarachchandra,978-955-9012-06-1,Drama,Galle,48.0,8.22,246,4.63,29.31,14.68,10.0,65,48.13,69.46,Moderate Demand
2025-07,BK022,Maname,Ediriweera Sarachchandra,978-955-9012-06-1,Drama,Galle,64.0,5.94,246,5.0,40.0,10.19,9.3,65,49.28,67.8,Moderate Demand
2025-08,BK022,Maname,Ediriweera Sarachchandra,978-955-9012-06-1,Drama,Galle,42.0,9.9,271,4.74,40.78,19.46,9.6,65,72.68,70.02,Moderate Demand
2025-09,BK022,Maname,Ediriweera Sarachchandra,978-955-9012-06-1,Drama,Galle,45.0,8.94,258,4.81,38.15,13.52,28.8,65,66.08,69.65,Moderate Demand
2025-10,BK022,Maname,Ediriweera Sarachchandra,978-955-9012-06-1,Drama,Galle,49.0,8.15,256,4.8,38.13,10.8,11.1,65,69.41,68.65,Moderate Demand
2025-11,BK022,Maname,Ediriweera Sarachchandra,978-955-9012-06-1,Drama,Galle,72.0,8.52,246,4.85,33.65,12.58,9.0,65,37.27,67.29,Moderate Demand
2025-12,BK022,Maname,Ediriweera Sarachchandra,978-955-9012-06-1,Drama,Galle,46.0,11.23,291,4.95,48.23,9.77,10.2,65,56.32,72.07,High Demand
2025-01,BK022,Maname,Ediriweera Sarachchandra,978-955-9012-06-1,Drama,Kandy,102.0,14.75,453,5.0,60.65,20.43,10.3,65,61.61,70.68,Moderate Demand
2025-02,BK022,Maname,Ediriweera Sarachchandra,978-955-9012-06-1,Drama,Kandy,73.0,12.37,405,4.93,67.69,18.16,12.4,65,82.67,73.09,High Demand
2025-03,BK022,Maname,Ediriweera Sarachchandra,978-955-9012-06-1,Drama,Kandy,54.0,18.48,478,5.0,85.85,24.1,9.6,65,85.02,76.6,High Demand
2025-04,BK022,Maname,Ediriweera Sarachchandra,978-955-9012-06-1,Drama,Kandy,64.0,18.68,605,4.84,68.07,26.49,21.5,65,103.03,81.18,High Demand
2025-05,BK022,Maname,Ediriweera Sarachchandra,978-955-9012-06-1,Drama,Kandy,71.0,14.51,513,5.0,68.45,13.26,21.2,65,106.9,75.84,High Demand
2025-06,BK022,Maname,Ediriweera Sarachchandra,978-955-9012-06-1,Drama,Kandy,49.0,11.85,484,5.0,59.49,11.82,9.4,65,137.53,77.38,High Demand
2025-07,BK022,Maname,Ediriweera Sarachchandra,978-955-9012-06-1,Drama,Kandy,89.0,16.25,503,4.92,63.4,20.96,8.3,65,79.7,75.16,High Demand
2025-08,BK022,Maname,Ediriweera Sarachchandra,978-955-9012-06-1,Drama,Kandy,123.0,13.42,506,4.99,54.8,17.32,6.8,65,97.62,72.25,High Demand
2025-09,BK022,Maname,Ediriweera Sarachchandra,978-955-9012-06-1,Drama,Kandy,83.0,14.68,483,4.75,71.59,26.98,29.3,65,100.78,75.2,High Demand
2025-10,BK022,Maname,Ediriweera Sarachchandra,978-955-9012-06-1,Drama,Kandy,39.0,17.33,499,5.0,80.96,17.77,10.8,65,85.4,79.24,High Demand
2025-11,BK022,Maname,Ediriweera Sarachchandra,978-955-9012-06-1,Drama,Kandy,73.0,16.63,496,5.0,72.58,24.48,9.3,65,73.15,76.12,High Demand
2025-12,BK022,Maname,Ediriweera Sarachchandra,978-955-9012-06-1,Drama,Kandy,68.0,21.23,543,4.92,60.15,23.77,9.8,65,105.12,78.81,High Demand
2025-01,BK023,Sinhabahu,Ediriweera Sarachchandra,978-955-9012-07-8,Drama,Colombo,62.0,16.86,497,3.25,80.28,26.84,9.6,65,81.62,54.96,Low Demand
2025-02,BK023,Sinhabahu,Ediriweera Sarachchandra,978-955-9012-07-8,Drama,Colombo,84.0,14.64,440,3.42,79.11,21.27,10.1,65,76.66,55.11,Low Demand
2025-03,BK023,Sinhabahu,Ediriweera Sarachchandra,978-955-9012-07-8,Drama,Colombo,84.0,16.99,558,3.14,79.87,27.56,9.1,65,66.71,58.07,Low Demand
2025-04,BK023,Sinhabahu,Ediriweera Sarachchandra,978-955-9012-07-8,Drama,Colombo,67.0,19.28,633,3.4,81.28,23.87,18.9,65,51.66,62.53,Low Demand
2025-05,BK023,Sinhabahu,Ediriweera Sarachchandra,978-955-9012-07-8,Drama,Colombo,38.0,18.83,526,3.42,68.18,24.83,17.7,65,60.25,60.86,Low Demand
2025-06,BK023,Sinhabahu,Ediriweera Sarachchandra,978-955-9012-07-8,Drama,Colombo,83.0,17.3,517,3.7,102.1,27.56,9.8,65,89.52,57.58,Low Demand
2025-07,BK023,Sinhabahu,Ediriweera Sarachchandra,978-955-9012-07-8,Drama,Colombo,81.0,14.73,491,3.27,88.05,20.32,9.9,65,84.29,54.7,Low Demand
2025-08,BK023,Sinhabahu,Ediriweera Sarachchandra,978-955-9012-07-8,Drama,Colombo,43.0,19.96,541,3.5,84.94,27.5,10.5,65,61.62,61.41,Low Demand
2025-09,BK023,Sinhabahu,Ediriweera Sarachchandra,978-955-9012-07-8,Drama,Colombo,77.0,17.41,514,3.39,59.65,20.1,33.3,65,76.74,56.53,Low Demand
2025-10,BK023,Sinhabahu,Ediriweera Sarachchandra,978-955-9012-07-8,Drama,Colombo,90.0,16.49,555,3.06,95.34,26.11,12.1,65,92.8,57.56,Low Demand
2025-11,BK023,Sinhabahu,Ediriweera Sarachchandra,978-955-9012-07-8,Drama,Colombo,94.0,12.31,497,3.11,78.47,26.33,9.8,65,89.23,56.18,Low Demand
2025-12,BK023,Sinhabahu,Ediriweera Sarachchandra,978-955-9012-07-8,Drama,Colombo,33.0,21.74,607,3.2,113.0,28.62,8.4,65,68.55,64.86,Moderate Demand
2025-01,BK023,Sinhabahu,Ediriweera Sarachchandra,978-955-9012-07-8,Drama,Galle,52.0,13.73,409,3.49,57.23,22.52,11.1,65,62.63,56.33,Low Demand
2025-02,BK023,Sinhabahu,Ediriweera Sarachchandra,978-955-9012-07-8,Drama,Galle,109.0,13.22,367,3.52,62.65,20.99,10.1,65,63.55,50.24,Low Demand
2025-03,BK023,Sinhabahu,Ediriweera Sarachchandra,978-955-9012-07-8,Drama,Galle,76.0,13.62,456,3.26,63.43,18.54,9.3,65,55.21,54.95,Low Demand
2025-04,BK023,Sinhabahu,Ediriweera Sarachchandra,978-955-9012-07-8,Drama,Galle,77.0,14.76,516,3.38,80.87,18.95,19.7,65,95.44,58.19,Low Demand
2025-05,BK023,Sinhabahu,Ediriweera Sarachchandra,978-955-9012-07-8,Drama,Galle,41.0,14.08,454,3.32,56.48,20.39,17.0,65,47.32,58.18,Low Demand
2025-06,BK023,Sinhabahu,Ediriweera Sarachchandra,978-955-9012-07-8,Drama,Galle,87.0,15.73,454,2.93,74.66,17.02,9.3,65,73.4,53.1,Low Demand
2025-07,BK023,Sinhabahu,Ediriweera Sarachchandra,978-955-9012-07-8,Drama,Galle,53.0,14.83,470,3.46,65.21,18.85,9.8,65,80.93,57.75,Low Demand
2025-08,BK023,Sinhabahu,Ediriweera Sarachchandra,978-955-9012-07-8,Drama,Galle,107.0,14.6,464,3.51,56.88,17.89,8.5,65,74.27,53.31,Low Demand
2025-09,BK023,Sinhabahu,Ediriweera Sarachchandra,978-955-9012-07-8,Drama,Galle,52.0,14.33,467,2.96,76.11,22.44,30.5,65,78.5,57.61,Low Demand
2025-10,BK023,Sinhabahu,Ediriweera Sarachchandra,978-955-9012-07-8,Drama,Galle,39.0,17.88,524,3.15,75.42,23.39,9.2,65,45.13,60.57,Low Demand
2025-11,BK023,Sinhabahu,Ediriweera Sarachchandra,978-955-9012-07-8,Drama,Galle,80.0,16.22,468,3.29,45.42,24.42,8.7,65,71.22,55.46,Low Demand
2025-12,BK023,Sinhabahu,Ediriweera Sarachchandra,978-955-9012-07-8,Drama,Galle,58.0,15.44,531,3.29,79.68,29.55,8.6,65,79.47,59.87,Low Demand
2025-01,BK023,Sinhabahu,Ediriweera Sarachchandra,978-955-9012-07-8,Drama,Kandy,28.0,13.0,357,3.47,54.04,9.32,9.8,65,63.43,55.96,Low Demand
2025-02,BK023,Sinhabahu,Ediriweera Sarachchandra,978-955-9012-07-8,Drama,Kandy,89.0,13.45,332,3.46,52.62,17.53,10.5,65,47.52,50.81,Low Demand
2025-03,BK023,Sinhabahu,Ediriweera Sarachchandra,978-955-9012-07-8,Drama,Kandy,63.0,15.09,411,3.25,80.24,18.33,9.9,65,62.5,55.59,Low Demand
2025-04,BK023,Sinhabahu,Ediriweera Sarachchandra,978-955-9012-07-8,Drama,Kandy,31.0,15.74,483,3.4,66.07,26.03,21.7,65,61.75,60.57,Low Demand
2025-05,BK023,Sinhabahu,Ediriweera Sarachchandra,978-955-9012-07-8,Drama,Kandy,101.0,12.35,396,3.22,57.36,17.07,18.6,65,78.24,49.93,Low Demand
2025-06,BK023,Sinhabahu,Ediriweera Sarachchandra,978-955-9012-07-8,Drama,Kandy,97.0,10.36,387,3.26,41.5,18.86,9.9,65,56.65,50.36,Low Demand
2025-07,BK023,Sinhabahu,Ediriweera Sarachchandra,978-955-9012-07-8,Drama,Kandy,94.0,14.45,397,3.34,41.24,22.62,10.2,65,62.27,51.56,Low Demand
2025-08,BK023,Sinhabahu,Ediriweera Sarachchandra,978-955-9012-07-8,Drama,Kandy,48.0,8.83,430,3.37,56.65,13.44,7.9,65,64.21,57.16,Low Demand
2025-09,BK023,Sinhabahu,Ediriweera Sarachchandra,978-955-9012-07-8,Drama,Kandy,105.0,12.57,404,3.21,61.13,14.92,30.4,65,62.9,50.95,Low Demand
2025-10,BK023,Sinhabahu,Ediriweera Sarachchandra,978-955-9012-07-8,Drama,Kandy,54.0,13.31,438,3.59,58.39,23.56,9.2,65,85.97,56.9,Low Demand
2025-11,BK023,Sinhabahu,Ediriweera Sarachchandra,978-955-9012-07-8,Drama,Kandy,69.0,14.13,370,3.32,57.82,20.83,10.2,65,77.66,53.24,Low Demand
2025-12,BK023,Sinhabahu,Ediriweera Sarachchandra,978-955-9012-07-8,Drama,Kandy,77.0,15.1,453,3.29,74.96,18.97,7.6,65,73.76,55.67,Low Demand
2025-01,BK024,Walmath Vee Atharaman Veemi,Simon Navagattegama,978-955-7733-11-2,Novel,Colombo,68.0,13.46,499,4.0,81.37,29.57,9.8,70,73.4,65.22,Moderate Demand
2025-02,BK024,Walmath Vee Atharaman Veemi,Simon Navagattegama,978-955-7733-11-2,Novel,Colombo,90.0,12.82,474,3.81,73.41,27.37,10.6,70,73.69,64.54,Moderate Demand
2025-03,BK024,Walmath Vee Atharaman Veemi,Simon Navagattegama,978-955-7733-11-2,Novel,Colombo,81.0,16.5,584,3.96,98.36,19.2,9.2,70,57.67,66.35,Moderate Demand
2025-04,BK024,Walmath Vee Atharaman Veemi,Simon Navagattegama,978-955-7733-11-2,Novel,Colombo,66.0,23.65,697,3.56,93.3,29.19,21.0,70,96.32,72.54,High Demand
2025-05,BK024,Walmath Vee Atharaman Veemi,Simon Navagattegama,978-955-7733-11-2,Novel,Colombo,84.0,19.05,585,3.64,87.86,27.31,19.7,70,88.57,66.84,Moderate Demand
2025-06,BK024,Walmath Vee Atharaman Veemi,Simon Navagattegama,978-955-7733-11-2,Novel,Colombo,107.0,18.27,567,3.84,92.36,24.63,9.6,70,81.58,64.71,Moderate Demand
2025-07,BK024,Walmath Vee Atharaman Veemi,Simon Navagattegama,978-955-7733-11-2,Novel,Colombo,147.0,15.96,560,3.84,73.38,32.84,10.4,70,69.5,61.37,Low Demand
2025-08,BK024,Walmath Vee Atharaman Veemi,Simon Navagattegama,978-955-7733-11-2,Novel,Colombo,95.0,22.27,716,3.84,46.09,32.8,10.4,70,112.78,69.35,Moderate Demand
2025-09,BK024,Walmath Vee Atharaman Veemi,Simon Navagattegama,978-955-7733-11-2,Novel,Colombo,84.0,26.78,687,3.8,95.79,36.94,30.9,70,106.59,69.9,Moderate Demand
2025-10,BK024,Walmath Vee Atharaman Veemi,Simon Navagattegama,978-955-7733-11-2,Novel,Colombo,45.0,19.35,738,3.99,158.54,31.21,8.5,70,99.43,76.33,High Demand
2025-11,BK024,Walmath Vee Atharaman Veemi,Simon Navagattegama,978-955-7733-11-2,Novel,Colombo,85.0,18.67,557,4.09,84.27,19.88,10.2,70,106.1,67.11,Moderate Demand
2025-12,BK024,Walmath Vee Atharaman Veemi,Simon Navagattegama,978-955-7733-11-2,Novel,Colombo,98.0,27.88,656,3.82,88.1,26.92,8.5,70,95.45,67.54,Moderate Demand
2025-01,BK024,Walmath Vee Atharaman Veemi,Simon Navagattegama,978-955-7733-11-2,Novel,Galle,70.0,7.87,223,4.06,33.79,11.67,8.8,70,73.58,54.63,Low Demand
2025-02,BK024,Walmath Vee Atharaman Veemi,Simon Navagattegama,978-955-7733-11-2,Novel,Galle,74.0,6.79,206,3.96,38.39,13.96,8.5,70,55.02,54.21,Low Demand
2025-03,BK024,Walmath Vee Atharaman Veemi,Simon Navagattegama,978-955-7733-11-2,Novel,Galle,20.0,9.58,267,3.74,40.14,10.79,9.8,70,61.61,61.27,Low Demand
2025-04,BK024,Walmath Vee Atharaman Veemi,Simon Navagattegama,978-955-7733-11-2,Novel,Galle,84.0,8.84,304,3.71,42.74,15.25,23.0,70,57.37,57.86,Low Demand
2025-05,BK024,Walmath Vee Atharaman Veemi,Simon Navagattegama,978-955-7733-11-2,Novel,Galle,24.0,8.49,263,3.9,29.8,7.33,19.5,70,68.71,60.74,Low Demand
2025-06,BK024,Walmath Vee Atharaman Veemi,Simon Navagattegama,978-955-7733-11-2,Novel,Galle,80.0,10.11,240,4.07,36.45,12.57,12.1,70,53.55,55.86,Low Demand
2025-07,BK024,Walmath Vee Atharaman Veemi,Simon Navagattegama,978-955-7733-11-2,Novel,Galle,23.0,11.0,258,3.77,30.05,9.67,10.5,70,63.42,60.88,Low Demand
2025-08,BK024,Walmath Vee Atharaman Veemi,Simon Navagattegama,978-955-7733-11-2,Novel,Galle,46.0,7.42,324,3.6,51.6,17.3,10.2,70,65.91,60.15,Low Demand
2025-09,BK024,Walmath Vee Atharaman Veemi,Simon Navagattegama,978-955-7733-11-2,Novel,Galle,34.0,11.26,302,4.05,55.6,16.96,29.8,70,55.28,61.25,Low Demand
2025-10,BK024,Walmath Vee Atharaman Veemi,Simon Navagattegama,978-955-7733-11-2,Novel,Galle,67.0,13.66,318,4.09,53.14,10.06,10.7,70,87.35,57.72,Low Demand
2025-11,BK024,Walmath Vee Atharaman Veemi,Simon Navagattegama,978-955-7733-11-2,Novel,Galle,28.0,7.77,257,3.86,35.33,9.8,7.0,70,70.57,60.16,Low Demand
2025-12,BK024,Walmath Vee Atharaman Veemi,Simon Navagattegama,978-955-7733-11-2,Novel,Galle,33.0,9.74,280,4.07,34.46,14.94,10.9,70,59.17,60.81,Low Demand
2025-01,BK024,Walmath Vee Atharaman Veemi,Simon Navagattegama,978-955-7733-11-2,Novel,Kandy,88.0,10.7,264,4.2,30.0,14.56,9.3,70,68.07,54.07,Low Demand
2025-02,BK024,Walmath Vee Atharaman Veemi,Simon Navagattegama,978-955-7733-11-2,Novel,Kandy,83.0,7.53,230,3.76,37.5,11.85,9.6,70,62.43,55.76,Low Demand
2025-03,BK024,Walmath Vee Atharaman Veemi,Simon Navagattegama,978-955-7733-11-2,Novel,Kandy,56.0,9.69,279,3.84,46.57,10.28,9.0,70,56.31,56.54,Low Demand
2025-04,BK024,Walmath Vee Atharaman Veemi,Simon Navagattegama,978-955-7733-11-2,Novel,Kandy,71.0,11.32,343,3.87,58.47,16.95,21.0,70,87.63,58.87,Low Demand
2025-05,BK024,Walmath Vee Atharaman Veemi,Simon Navagattegama,978-955-7733-11-2,Novel,Kandy,70.0,6.29,290,4.08,45.22,15.33,19.5,70,70.42,57.38,Low Demand
2025-06,BK024,Walmath Vee Atharaman Veemi,Simon Navagattegama,978-955-7733-11-2,Novel,Kandy,77.0,9.78,277,3.79,31.43,10.31,9.4,70,67.76,56.91,Low Demand
2025-07,BK024,Walmath Vee Atharaman Veemi,Simon Navagattegama,978-955-7733-11-2,Novel,Kandy,80.0,8.53,273,3.86,25.1,10.83,11.2,70,65.68,55.66,Low Demand
2025-08,BK024,Walmath Vee Atharaman Veemi,Simon Navagattegama,978-955-7733-11-2,Novel,Kandy,81.0,13.0,348,4.09,60.82,18.1,11.8,70,73.7,58.13,Low Demand
2025-09,BK024,Walmath Vee Atharaman Veemi,Simon Navagattegama,978-955-7733-11-2,Novel,Kandy,96.0,15.37,340,4.06,42.9,14.9,27.3,70,74.79,57.09,Low Demand
2025-10,BK024,Walmath Vee Atharaman Veemi,Simon Navagattegama,978-955-7733-11-2,Novel,Kandy,59.0,13.72,381,4.07,76.32,14.96,11.4,70,72.05,61.69,Low Demand
2025-11,BK024,Walmath Vee Atharaman Veemi,Simon Navagattegama,978-955-7733-11-2,Novel,Kandy,64.0,8.56,274,3.76,28.3,12.51,8.6,70,63.28,57.29,Low Demand
2025-12,BK024,Walmath Vee Atharaman Veemi,Simon Navagattegama,978-955-7733-11-2,Novel,Kandy,103.0,11.38,317,3.97,35.74,16.34,8.5,70,66.13,55.61,Low Demand
2025-01,BK025,Sansaranyaye Dadayakkara,Simon Navagattegama,978-955-7733-12-9,Novel,Colombo,65.0,21.89,656,4.71,79.97,32.31,11.9,70,73.93,80.14,High Demand
2025-02,BK025,Sansaranyaye Dadayakkara,Simon Navagattegama,978-955-7733-12-9,Novel,Colombo,68.0,25.62,611,4.96,102.6,31.41,8.9,70,98.21,82.24,High Demand
2025-03,BK025,Sansaranyaye Dadayakkara,Simon Navagattegama,978-955-7733-12-9,Novel,Colombo,83.0,17.42,715,4.89,118.82,31.63,10.3,70,125.77,81.39,High Demand
2025-04,BK025,Sansaranyaye Dadayakkara,Simon Navagattegama,978-955-7733-12-9,Novel,Colombo,56.0,22.42,839,4.91,110.45,28.69,24.3,70,146.29,90.28,High Demand
2025-05,BK025,Sansaranyaye Dadayakkara,Simon Navagattegama,978-955-7733-12-9,Novel,Colombo,53.0,15.53,738,4.77,127.12,33.41,19.2,70,109.25,85.42,High Demand
2025-06,BK025,Sansaranyaye Dadayakkara,Simon Navagattegama,978-955-7733-12-9,Novel,Colombo,63.0,27.03,735,4.82,83.93,33.92,9.9,70,92.64,85.66,High Demand
2025-07,BK025,Sansaranyaye Dadayakkara,Simon Navagattegama,978-955-7733-12-9,Novel,Colombo,94.0,22.64,704,4.86,93.69,34.36,9.7,70,121.34,81.19,High Demand
2025-08,BK025,Sansaranyaye Dadayakkara,Simon Navagattegama,978-955-7733-12-9,Novel,Colombo,50.0,26.19,911,4.74,110.86,41.33,9.7,70,103.39,92.26,High Demand
2025-09,BK025,Sansaranyaye Dadayakkara,Simon Navagattegama,978-955-7733-12-9,Novel,Colombo,48.0,25.37,868,4.83,116.51,43.18,30.6,70,98.13,91.59,High Demand
2025-10,BK025,Sansaranyaye Dadayakkara,Simon Navagattegama,978-955-7733-12-9,Novel,Colombo,60.0,25.22,866,4.67,115.8,44.06,9.5,70,88.77,90.06,High Demand
2025-11,BK025,Sansaranyaye Dadayakkara,Simon Navagattegama,978-955-7733-12-9,Novel,Colombo,57.0,20.27,722,4.64,115.32,31.18,10.6,70,70.05,84.29,High Demand
2025-12,BK025,Sansaranyaye Dadayakkara,Simon Navagattegama,978-955-7733-12-9,Novel,Colombo,85.0,25.15,798,4.56,193.79,30.88,9.4,70,149.13,86.83,High Demand
2025-01,BK025,Sansaranyaye Dadayakkara,Simon Navagattegama,978-955-7733-12-9,Novel,Galle,38.0,9.66,327,4.79,36.44,16.15,9.8,70,74.26,72.86,High Demand
2025-02,BK025,Sansaranyaye Dadayakkara,Simon Navagattegama,978-955-7733-12-9,Novel,Galle,75.0,13.51,306,4.93,52.05,13.28,8.6,70,38.8,69.34,Moderate Demand
2025-03,BK025,Sansaranyaye Dadayakkara,Simon Navagattegama,978-955-7733-12-9,Novel,Galle,34.0,13.17,387,4.87,60.64,16.17,9.9,70,67.5,75.18,High Demand
2025-04,BK025,Sansaranyaye Dadayakkara,Simon Navagattegama,978-955-7733-12-9,Novel,Galle,48.0,13.17,459,4.51,69.58,22.85,23.1,70,60.72,76.02,High Demand
2025-05,BK025,Sansaranyaye Dadayakkara,Simon Navagattegama,978-955-7733-12-9,Novel,Galle,68.0,11.56,398,4.88,73.74,15.68,19.6,70,90.46,71.64,High Demand
2025-06,BK025,Sansaranyaye Dadayakkara,Simon Navagattegama,978-955-7733-12-9,Novel,Galle,53.0,14.41,359,4.8,44.01,16.79,10.7,70,68.49,72.02,High Demand
2025-07,BK025,Sansaranyaye Dadayakkara,Simon Navagattegama,978-955-7733-12-9,Novel,Galle,91.0,13.41,386,4.79,58.66,13.51,10.5,70,68.03,69.77,Moderate Demand
2025-08,BK025,Sansaranyaye Dadayakkara,Simon Navagattegama,978-955-7733-12-9,Novel,Galle,39.0,18.02,532,4.84,65.27,27.12,7.9,70,98.63,79.7,High Demand
2025-09,BK025,Sansaranyaye Dadayakkara,Simon Navagattegama,978-955-7733-12-9,Novel,Galle,60.0,17.51,468,4.89,84.7,17.42,30.1,70,109.33,76.98,High Demand
2025-10,BK025,Sansaranyaye Dadayakkara,Simon Navagattegama,978-955-7733-12-9,Novel,Galle,42.0,19.99,488,5.0,70.29,29.37,9.2,70,74.95,77.52,High Demand
2025-11,BK025,Sansaranyaye Dadayakkara,Simon Navagattegama,978-955-7733-12-9,Novel,Galle,19.0,9.81,371,4.99,60.33,12.61,10.0,70,76.87,76.16,High Demand
2025-12,BK025,Sansaranyaye Dadayakkara,Simon Navagattegama,978-955-7733-12-9,Novel,Galle,74.0,12.6,433,5.0,61.24,17.56,8.4,70,69.15,73.74,High Demand
2025-01,BK025,Sansaranyaye Dadayakkara,Simon Navagattegama,978-955-7733-12-9,Novel,Kandy,108.0,9.54,420,4.91,41.7,18.63,9.2,70,93.64,68.58,Moderate Demand
2025-02,BK025,Sansaranyaye Dadayakkara,Simon Navagattegama,978-955-7733-12-9,Novel,Kandy,108.0,13.75,355,4.73,46.51,21.47,9.6,70,81.98,67.38,Moderate Demand
2025-03,BK025,Sansaranyaye Dadayakkara,Simon Navagattegama,978-955-7733-12-9,Novel,Kandy,50.0,12.83,425,5.0,73.58,19.21,10.4,70,82.7,75.31,High Demand
2025-04,BK025,Sansaranyaye Dadayakkara,Simon Navagattegama,978-955-7733-12-9,Novel,Kandy,63.0,15.29,518,4.63,75.85,21.35,23.8,70,76.97,77.43,High Demand
2025-05,BK025,Sansaranyaye Dadayakkara,Simon Navagattegama,978-955-7733-12-9,Novel,Kandy,63.0,12.38,441,4.93,68.3,15.41,17.8,70,102.53,73.61,High Demand
2025-06,BK025,Sansaranyaye Dadayakkara,Simon Navagattegama,978-955-7733-12-9,Novel,Kandy,111.0,15.35,412,4.65,49.23,22.56,10.6,70,76.81,69.83,Moderate Demand
2025-07,BK025,Sansaranyaye Dadayakkara,Simon Navagattegama,978-955-7733-12-9,Novel,Kandy,98.0,14.04,446,4.72,71.72,21.29,9.2,70,99.15,70.86,High Demand
2025-08,BK025,Sansaranyaye Dadayakkara,Simon Navagattegama,978-955-7733-12-9,Novel,Kandy,95.0,15.35,523,4.99,94.21,23.22,9.9,70,106.52,72.23,High Demand
2025-09,BK025,Sansaranyaye Dadayakkara,Simon Navagattegama,978-955-7733-12-9,Novel,Kandy,97.0,22.04,545,4.73,46.52,24.84,30.5,70,73.73,74.9,High Demand
2025-10,BK025,Sansaranyaye Dadayakkara,Simon Navagattegama,978-955-7733-12-9,Novel,Kandy,111.0,13.84,522,4.96,80.4,21.63,8.6,70,85.36,72.16,High Demand
2025-11,BK025,Sansaranyaye Dadayakkara,Simon Navagattegama,978-955-7733-12-9,Novel,Kandy,34.0,11.25,430,4.89,83.93,21.56,9.1,70,85.6,76.61,High Demand
2025-12,BK025,Sansaranyaye Dadayakkara,Simon Navagattegama,978-955-7733-12-9,Novel,Kandy,108.0,22.72,473,4.78,60.96,23.6,9.2,70,70.07,72.27,High Demand
2025-01,BK026,Kavikandarawa,Mahinda Prasad Masimbula,978-955-3031-17-2,Poetry,Colombo,83.0,4.72,156,3.82,25.77,8.83,10.6,50,48.23,46.94,Low Demand
2025-02,BK026,Kavikandarawa,Mahinda Prasad Masimbula,978-955-3031-17-2,Poetry,Colombo,82.0,4.93,152,3.81,23.99,7.43,7.3,50,52.64,47.79,Low Demand
2025-03,BK026,Kavikandarawa,Mahinda Prasad Masimbula,978-955-3031-17-2,Poetry,Colombo,49.0,5.09,180,3.74,31.86,5.84,10.1,50,36.7,51.47,Low Demand
2025-04,BK026,Kavikandarawa,Mahinda Prasad Masimbula,978-955-3031-17-2,Poetry,Colombo,50.0,7.03,216,3.61,29.99,11.97,22.0,50,51.53,52.38,Low Demand
2025-05,BK026,Kavikandarawa,Mahinda Prasad Masimbula,978-955-3031-17-2,Poetry,Colombo,80.0,6.98,191,3.85,24.15,7.86,18.7,50,54.55,48.19,Low Demand
2025-06,BK026,Kavikandarawa,Mahinda Prasad Masimbula,978-955-3031-17-2,Poetry,Colombo,49.0,6.84,182,3.66,23.11,8.83,10.6,50,47.5,51.39,Low Demand
2025-07,BK026,Kavikandarawa,Mahinda Prasad Masimbula,978-955-3031-17-2,Poetry,Colombo,85.0,6.41,182,3.72,25.63,3.39,10.3,50,45.94,47.26,Low Demand
2025-08,BK026,Kavikandarawa,Mahinda Prasad Masimbula,978-955-3031-17-2,Poetry,Colombo,54.0,5.81,189,3.77,23.78,7.24,10.0,50,39.26,51.46,Low Demand
2025-09,BK026,Kavikandarawa,Mahinda Prasad Masimbula,978-955-3031-17-2,Poetry,Colombo,79.0,4.55,183,3.68,23.49,8.32,30.0,50,51.49,47.41,Low Demand
2025-10,BK026,Kavikandarawa,Mahinda Prasad Masimbula,978-955-3031-17-2,Poetry,Colombo,36.0,6.53,193,3.74,33.18,8.12,10.8,50,53.61,52.16,Low Demand
2025-11,BK026,Kavikandarawa,Mahinda Prasad Masimbula,978-955-3031-17-2,Poetry,Colombo,95.0,7.26,173,3.74,22.74,8.34,9.7,50,49.7,46.67,Low Demand
2025-12,BK026,Kavikandarawa,Mahinda Prasad Masimbula,978-955-3031-17-2,Poetry,Colombo,97.0,8.43,214,3.75,26.63,10.46,8.7,50,66.42,47.51,Low Demand
2025-01,BK026,Kavikandarawa,Mahinda Prasad Masimbula,978-955-3031-17-2,Poetry,Galle,32.0,15.64,499,3.74,57.93,19.82,9.1,50,75.17,63.28,Moderate Demand
2025-02,BK026,Kavikandarawa,Mahinda Prasad Masimbula,978-955-3031-17-2,Poetry,Galle,41.0,18.99,468,3.91,76.82,20.23,8.9,50,71.62,64.19,Moderate Demand
2025-03,BK026,Kavikandarawa,Mahinda Prasad Masimbula,978-955-3031-17-2,Poetry,Galle,66.0,17.48,580,3.64,52.37,28.52,9.1,50,106.15,64.19,Moderate Demand
2025-04,BK026,Kavikandarawa,Mahinda Prasad Masimbula,978-955-3031-17-2,Poetry,Galle,31.0,23.02,697,3.66,116.35,34.58,21.9,50,104.03,72.07,High Demand
2025-05,BK026,Kavikandarawa,Mahinda Prasad Masimbula,978-955-3031-17-2,Poetry,Galle,46.0,14.91,585,3.52,97.91,24.4,22.2,50,97.57,65.14,Moderate Demand
2025-06,BK026,Kavikandarawa,Mahinda Prasad Masimbula,978-955-3031-17-2,Poetry,Galle,40.0,17.38,551,3.36,96.08,17.65,9.3,50,98.88,66.1,Moderate Demand
2025-07,BK026,Kavikandarawa,Mahinda Prasad Masimbula,978-955-3031-17-2,Poetry,Galle,82.0,18.63,564,3.79,79.46,19.7,11.0,50,73.57,61.85,Low Demand
2025-08,BK026,Kavikandarawa,Mahinda Prasad Masimbula,978-955-3031-17-2,Poetry,Galle,70.0,19.24,614,3.78,77.18,30.29,8.4,50,70.65,64.82,Moderate Demand
2025-09,BK026,Kavikandarawa,Mahinda Prasad Masimbula,978-955-3031-17-2,Poetry,Galle,71.0,22.43,595,3.92,90.94,26.62,32.3,50,108.47,64.17,Moderate Demand
2025-10,BK026,Kavikandarawa,Mahinda Prasad Masimbula,978-955-3031-17-2,Poetry,Galle,50.0,26.83,630,3.51,97.29,18.77,11.8,50,58.22,67.45,Moderate Demand
2025-11,BK026,Kavikandarawa,Mahinda Prasad Masimbula,978-955-3031-17-2,Poetry,Galle,44.0,22.21,544,3.6,94.15,25.05,9.3,50,73.43,65.74,Moderate Demand
2025-12,BK026,Kavikandarawa,Mahinda Prasad Masimbula,978-955-3031-17-2,Poetry,Galle,32.0,21.43,678,3.61,105.18,30.47,9.4,50,115.79,71.32,High Demand
2025-01,BK026,Kavikandarawa,Mahinda Prasad Masimbula,978-955-3031-17-2,Poetry,Kandy,75.0,14.69,520,3.98,69.54,25.34,9.7,50,68.45,60.74,Low Demand
2025-02,BK026,Kavikandarawa,Mahinda Prasad Masimbula,978-955-3031-17-2,Poetry,Kandy,75.0,15.34,483,3.83,58.14,25.08,10.9,50,88.17,61.61,Low Demand
2025-03,BK026,Kavikandarawa,Mahinda Prasad Masimbula,978-955-3031-17-2,Poetry,Kandy,56.0,15.44,574,3.68,79.64,26.44,8.0,50,70.38,64.55,Moderate Demand
2025-04,BK026,Kavikandarawa,Mahinda Prasad Masimbula,978-955-3031-17-2,Poetry,Kandy,117.0,22.03,657,3.72,104.16,25.38,21.6,50,126.0,62.34,Low Demand
2025-05,BK026,Kavikandarawa,Mahinda Prasad Masimbula,978-955-3031-17-2,Poetry,Kandy,97.0,20.15,583,3.73,97.97,20.01,19.8,50,81.37,60.96,Low Demand
2025-06,BK026,Kavikandarawa,Mahinda Prasad Masimbula,978-955-3031-17-2,Poetry,Kandy,120.0,18.7,544,3.53,82.96,20.87,9.2,50,91.33,58.28,Low Demand
2025-07,BK026,Kavikandarawa,Mahinda Prasad Masimbula,978-955-3031-17-2,Poetry,Kandy,47.0,18.13,544,3.77,91.36,30.02,9.9,50,61.46,64.41,Moderate Demand
2025-08,BK026,Kavikandarawa,Mahinda Prasad Masimbula,978-955-3031-17-2,Poetry,Kandy,99.0,19.64,593,3.55,96.77,21.88,9.8,50,94.0,61.73,Low Demand
2025-09,BK026,Kavikandarawa,Mahinda Prasad Masimbula,978-955-3031-17-2,Poetry,Kandy,60.0,19.23,590,3.73,72.8,34.7,31.6,50,94.92,65.46,Moderate Demand
2025-10,BK026,Kavikandarawa,Mahinda Prasad Masimbula,978-955-3031-17-2,Poetry,Kandy,48.0,16.18,574,3.82,69.75,18.3,10.4,50,75.38,65.24,Moderate Demand
2025-11,BK026,Kavikandarawa,Mahinda Prasad Masimbula,978-955-3031-17-2,Poetry,Kandy,49.0,23.75,551,3.73,67.38,19.9,10.4,50,90.35,63.72,Moderate Demand
2025-12,BK026,Kavikandarawa,Mahinda Prasad Masimbula,978-955-3031-17-2,Poetry,Kandy,76.0,24.66,628,3.59,95.45,28.49,8.9,50,84.3,65.65,Moderate Demand
2025-01,BK027,Dodamlu Iwura,Sumithra Rahubadda,978-955-4422-34-4,Novel,Colombo,74.0,13.72,503,4.47,62.57,20.99,8.0,70,90.39,72.32,High Demand
2025-02,BK027,Dodamlu Iwura,Sumithra Rahubadda,978-955-4422-34-4,Novel,Colombo,77.0,13.36,442,4.62,78.71,21.28,8.0,70,76.08,70.08,Moderate Demand
2025-03,BK027,Dodamlu Iwura,Sumithra Rahubadda,978-955-4422-34-4,Novel,Colombo,76.0,15.83,545,4.44,87.89,20.61,9.2,70,81.09,73.65,High Demand
2025-04,BK027,Dodamlu Iwura,Sumithra Rahubadda,978-955-4422-34-4,Novel,Colombo,39.0,21.39,638,4.33,114.43,29.21,25.3,70,76.32,80.54,High Demand
2025-05,BK027,Dodamlu Iwura,Sumithra Rahubadda,978-955-4422-34-4,Novel,Colombo,87.0,22.24,568,4.47,89.08,31.82,23.0,70,96.65,73.7,High Demand
2025-06,BK027,Dodamlu Iwura,Sumithra Rahubadda,978-955-4422-34-4,Novel,Colombo,56.0,22.16,567,4.43,82.81,19.62,9.2,70,87.61,77.43,High Demand
2025-07,BK027,Dodamlu Iwura,Sumithra Rahubadda,978-955-4422-34-4,Novel,Colombo,83.0,21.88,574,4.47,89.15,27.52,8.9,70,79.05,73.42,High Demand
2025-08,BK027,Dodamlu Iwura,Sumithra Rahubadda,978-955-4422-34-4,Novel,Colombo,64.0,26.64,697,4.5,83.06,33.03,8.8,70,126.85,79.11,High Demand
2025-09,BK027,Dodamlu Iwura,Sumithra Rahubadda,978-955-4422-34-4,Novel,Colombo,63.0,27.21,687,4.46,101.55,34.87,28.4,70,100.51,79.84,High Demand
2025-10,BK027,Dodamlu Iwura,Sumithra Rahubadda,978-955-4422-34-4,Novel,Colombo,40.0,25.77,710,4.44,89.56,19.24,10.5,70,97.84,82.42,High Demand
2025-11,BK027,Dodamlu Iwura,Sumithra Rahubadda,978-955-4422-34-4,Novel,Colombo,86.0,20.04,558,4.64,100.47,28.45,7.6,70,78.79,72.64,High Demand
2025-12,BK027,Dodamlu Iwura,Sumithra Rahubadda,978-955-4422-34-4,Novel,Colombo,83.0,20.25,620,4.59,50.33,23.29,8.7,70,110.0,76.31,High Demand
2025-01,BK027,Dodamlu Iwura,Sumithra Rahubadda,978-955-4422-34-4,Novel,Galle,60.0,9.58,422,4.64,69.08,17.03,9.4,70,79.75,68.67,Moderate Demand
2025-02,BK027,Dodamlu Iwura,Sumithra Rahubadda,978-955-4422-34-4,Novel,Galle,93.0,14.91,427,4.51,76.93,21.21,9.7,70,70.74,70.07,Moderate Demand
2025-03,BK027,Dodamlu Iwura,Sumithra Rahubadda,978-955-4422-34-4,Novel,Galle,105.0,20.94,497,4.45,70.59,16.24,8.9,70,79.79,67.85,Moderate Demand
2025-04,BK027,Dodamlu Iwura,Sumithra Rahubadda,978-955-4422-34-4,Novel,Galle,46.0,17.62,582,4.54,93.67,22.09,23.0,70,100.71,77.76,High Demand
2025-05,BK027,Dodamlu Iwura,Sumithra Rahubadda,978-955-4422-34-4,Novel,Galle,61.0,14.82,514,4.28,77.7,20.17,24.0,70,86.59,73.94,High Demand
2025-06,BK027,Dodamlu Iwura,Sumithra Rahubadda,978-955-4422-34-4,Novel,Galle,112.0,18.53,474,4.34,90.76,21.67,9.7,70,99.58,68.34,Moderate Demand
2025-07,BK027,Dodamlu Iwura,Sumithra Rahubadda,978-955-4422-34-4,Novel,Galle,51.0,15.53,475,4.63,92.24,24.8,11.3,70,96.78,72.16,High Demand
2025-08,BK027,Dodamlu Iwura,Sumithra Rahubadda,978-955-4422-34-4,Novel,Galle,53.0,18.07,610,4.42,90.06,24.79,8.7,70,126.61,76.54,High Demand
2025-09,BK027,Dodamlu Iwura,Sumithra Rahubadda,978-955-4422-34-4,Novel,Galle,89.0,24.79,588,4.4,117.55,31.88,32.4,70,82.54,74.83,High Demand
2025-10,BK027,Dodamlu Iwura,Sumithra Rahubadda,978-955-4422-34-4,Novel,Galle,57.0,22.55,632,4.33,78.11,29.84,9.5,70,93.64,77.67,High Demand
2025-11,BK027,Dodamlu Iwura,Sumithra Rahubadda,978-955-4422-34-4,Novel,Galle,91.0,18.14,482,4.57,78.05,27.44,8.2,70,80.66,69.08,Moderate Demand
2025-12,BK027,Dodamlu Iwura,Sumithra Rahubadda,978-955-4422-34-4,Novel,Galle,112.0,15.58,517,4.32,88.85,18.95,8.6,70,83.52,70.0,Moderate Demand
2025-01,BK027,Dodamlu Iwura,Sumithra Rahubadda,978-955-4422-34-4,Novel,Kandy,102.0,7.91,226,4.67,26.71,8.75,10.0,70,63.08,58.5,Low Demand
2025-02,BK027,Dodamlu Iwura,Sumithra Rahubadda,978-955-4422-34-4,Novel,Kandy,81.0,7.71,203,4.54,37.05,9.95,10.4,70,59.08,61.45,Low Demand
2025-03,BK027,Dodamlu Iwura,Sumithra Rahubadda,978-955-4422-34-4,Novel,Kandy,79.0,9.46,259,4.25,34.49,13.51,9.0,70,75.76,62.08,Low Demand
2025-04,BK027,Dodamlu Iwura,Sumithra Rahubadda,978-955-4422-34-4,Novel,Kandy,57.0,11.67,293,4.4,49.03,14.94,23.0,70,54.38,65.68,Moderate Demand
2025-05,BK027,Dodamlu Iwura,Sumithra Rahubadda,978-955-4422-34-4,Novel,Kandy,58.0,10.3,268,4.34,33.71,13.1,18.2,70,66.46,64.55,Moderate Demand
2025-06,BK027,Dodamlu Iwura,Sumithra Rahubadda,978-955-4422-34-4,Novel,Kandy,75.0,8.68,253,4.57,25.91,12.41,8.1,70,72.41,63.0,Moderate Demand
2025-07,BK027,Dodamlu Iwura,Sumithra Rahubadda,978-955-4422-34-4,Novel,Kandy,94.0,9.19,255,4.58,27.03,11.99,10.1,70,75.84,61.54,Low Demand
2025-08,BK027,Dodamlu Iwura,Sumithra Rahubadda,978-955-4422-34-4,Novel,Kandy,29.0,8.26,318,4.42,45.26,12.84,10.7,70,69.52,68.76,Moderate Demand
2025-09,BK027,Dodamlu Iwura,Sumithra Rahubadda,978-955-4422-34-4,Novel,Kandy,83.0,11.09,300,4.4,46.85,14.22,31.0,70,73.13,63.22,Moderate Demand
2025-10,BK027,Dodamlu Iwura,Sumithra Rahubadda,978-955-4422-34-4,Novel,Kandy,34.0,11.52,320,4.58,52.79,13.02,10.3,70,71.18,69.15,Moderate Demand
2025-11,BK027,Dodamlu Iwura,Sumithra Rahubadda,978-955-4422-34-4,Novel,Kandy,50.0,7.94,255,4.41,35.16,15.04,10.0,70,71.47,65.74,Moderate Demand
2025-12,BK027,Dodamlu Iwura,Sumithra Rahubadda,978-955-4422-34-4,Novel,Kandy,33.0,8.11,280,4.68,47.51,14.07,9.8,70,65.56,67.59,Moderate Demand
2025-01,BK028,Bumuthurunu,Sumithra Rahubadda,978-955-4422-35-1,Novel,Colombo,82.0,9.74,305,4.79,41.8,15.48,10.4,70,81.54,68.44,Moderate Demand
2025-02,BK028,Bumuthurunu,Sumithra Rahubadda,978-955-4422-35-1,Novel,Colombo,110.0,7.65,270,4.95,43.02,11.5,9.9,70,88.83,66.54,Moderate Demand
2025-03,BK028,Bumuthurunu,Sumithra Rahubadda,978-955-4422-35-1,Novel,Colombo,67.0,10.95,321,4.62,56.81,14.24,10.5,70,100.62,70.94,High Demand
2025-04,BK028,Bumuthurunu,Sumithra Rahubadda,978-955-4422-35-1,Novel,Colombo,85.0,13.09,374,4.96,51.06,24.13,22.6,70,74.88,72.05,High Demand
2025-05,BK028,Bumuthurunu,Sumithra Rahubadda,978-955-4422-35-1,Novel,Colombo,31.0,9.01,333,4.82,33.35,16.68,20.2,70,85.85,74.67,High Demand
2025-06,BK028,Bumuthurunu,Sumithra Rahubadda,978-955-4422-35-1,Novel,Colombo,99.0,9.91,295,4.92,48.66,10.3,9.5,70,76.19,64.49,Moderate Demand
2025-07,BK028,Bumuthurunu,Sumithra Rahubadda,978-955-4422-35-1,Novel,Colombo,89.0,12.16,319,5.0,46.6,16.08,8.1,70,79.48,68.36,Moderate Demand
2025-08,BK028,Bumuthurunu,Sumithra Rahubadda,978-955-4422-35-1,Novel,Colombo,80.0,15.04,395,4.88,51.66,17.55,8.6,70,73.98,72.09,High Demand
2025-09,BK028,Bumuthurunu,Sumithra Rahubadda,978-955-4422-35-1,Novel,Colombo,69.0,15.16,388,4.51,69.47,16.54,34.5,70,81.91,72.47,High Demand
2025-10,BK028,Bumuthurunu,Sumithra Rahubadda,978-955-4422-35-1,Novel,Colombo,36.0,13.23,421,4.6,56.26,17.95,7.5,70,90.03,77.26,High Demand
2025-11,BK028,Bumuthurunu,Sumithra Rahubadda,978-955-4422-35-1,Novel,Colombo,120.0,9.87,314,4.92,51.09,12.3,8.9,70,75.04,66.82,Moderate Demand
2025-12,BK028,Bumuthurunu,Sumithra Rahubadda,978-955-4422-35-1,Novel,Colombo,30.0,11.39,366,4.74,54.21,16.52,10.2,70,73.55,76.36,High Demand
2025-01,BK028,Bumuthurunu,Sumithra Rahubadda,978-955-4422-35-1,Novel,Galle,82.0,12.36,348,4.74,71.49,13.0,8.9,70,92.18,69.1,Moderate Demand
2025-02,BK028,Bumuthurunu,Sumithra Rahubadda,978-955-4422-35-1,Novel,Galle,102.0,17.0,340,5.0,39.42,13.66,11.4,70,80.55,67.8,Moderate Demand
2025-03,BK028,Bumuthurunu,Sumithra Rahubadda,978-955-4422-35-1,Novel,Galle,64.0,16.78,420,4.86,67.66,17.33,9.6,70,79.11,74.96,High Demand
2025-04,BK028,Bumuthurunu,Sumithra Rahubadda,978-955-4422-35-1,Novel,Galle,43.0,20.06,474,5.0,78.34,18.78,20.3,70,88.18,79.51,High Demand
2025-05,BK028,Bumuthurunu,Sumithra Rahubadda,978-955-4422-35-1,Novel,Galle,70.0,16.54,417,5.0,67.75,23.04,19.5,70,79.26,73.04,High Demand
2025-06,BK028,Bumuthurunu,Sumithra Rahubadda,978-955-4422-35-1,Novel,Galle,49.0,9.51,393,4.83,54.76,21.13,10.1,70,70.77,75.23,High Demand
2025-07,BK028,Bumuthurunu,Sumithra Rahubadda,978-955-4422-35-1,Novel,Galle,113.0,12.24,393,4.93,52.17,17.67,9.2,70,87.4,69.06,Moderate Demand
2025-08,BK028,Bumuthurunu,Sumithra Rahubadda,978-955-4422-35-1,Novel,Galle,67.0,15.12,506,4.73,94.92,20.74,10.0,70,85.51,77.98,High Demand
2025-09,BK028,Bumuthurunu,Sumithra Rahubadda,978-955-4422-35-1,Novel,Galle,121.0,20.01,495,4.95,67.97,26.07,30.9,70,70.78,73.02,High Demand
2025-10,BK028,Bumuthurunu,Sumithra Rahubadda,978-955-4422-35-1,Novel,Galle,74.0,21.05,507,4.89,73.51,21.86,10.2,70,103.74,77.86,High Demand
2025-11,BK028,Bumuthurunu,Sumithra Rahubadda,978-955-4422-35-1,Novel,Galle,112.0,11.68,395,5.0,58.46,23.34,10.0,70,76.26,68.32,Moderate Demand
2025-12,BK028,Bumuthurunu,Sumithra Rahubadda,978-955-4422-35-1,Novel,Galle,28.0,15.1,450,5.0,68.57,11.37,8.8,70,64.72,78.88,High Demand
2025-01,BK028,Bumuthurunu,Sumithra Rahubadda,978-955-4422-35-1,Novel,Kandy,51.0,14.62,414,4.86,42.54,10.89,10.1,70,80.13,75.16,High Demand
2025-02,BK028,Bumuthurunu,Sumithra Rahubadda,978-955-4422-35-1,Novel,Kandy,36.0,12.67,387,4.77,60.71,16.67,8.8,70,72.98,77.95,High Demand
2025-03,BK028,Bumuthurunu,Sumithra Rahubadda,978-955-4422-35-1,Novel,Kandy,99.0,13.66,474,4.87,62.88,22.21,8.1,70,88.58,71.6,High Demand
2025-04,BK028,Bumuthurunu,Sumithra Rahubadda,978-955-4422-35-1,Novel,Kandy,93.0,16.49,559,4.89,82.04,29.23,21.7,70,75.35,76.04,High Demand
2025-05,BK028,Bumuthurunu,Sumithra Rahubadda,978-955-4422-35-1,Novel,Kandy,86.0,17.81,480,4.99,82.42,18.42,19.2,70,80.09,74.3,High Demand
2025-06,BK028,Bumuthurunu,Sumithra Rahubadda,978-955-4422-35-1,Novel,Kandy,112.0,12.17,432,5.0,67.55,18.71,9.1,70,60.58,70.49,Moderate Demand
2025-07,BK028,Bumuthurunu,Sumithra Rahubadda,978-955-4422-35-1,Novel,Kandy,95.0,18.78,488,4.7,82.96,20.56,10.3,70,66.9,74.89,High Demand
2025-08,BK028,Bumuthurunu,Sumithra Rahubadda,978-955-4422-35-1,Novel,Kandy,115.0,19.87,607,4.72,90.78,29.37,8.4,70,97.59,75.33,High Demand
2025-09,BK028,Bumuthurunu,Sumithra Rahubadda,978-955-4422-35-1,Novel,Kandy,98.0,22.37,595,4.95,111.86,35.41,30.7,70,87.5,80.09,High Demand
2025-10,BK028,Bumuthurunu,Sumithra Rahubadda,978-955-4422-35-1,Novel,Kandy,65.0,23.22,570,4.71,74.04,15.07,11.4,70,116.87,80.13,High Demand
2025-11,BK028,Bumuthurunu,Sumithra Rahubadda,978-955-4422-35-1,Novel,Kandy,63.0,13.65,462,4.89,72.76,29.74,8.8,70,75.68,77.4,High Demand
2025-12,BK028,Bumuthurunu,Sumithra Rahubadda,978-955-4422-35-1,Novel,Kandy,67.0,15.3,533,4.61,61.68,29.2,10.3,70,94.2,77.71,High Demand
2025-01,BK029,Podi Hamuduruwo,Sybil Wettasinghe,978-955-2011-44-3,Children's,Colombo,112.0,15.02,434,4.33,53.21,18.91,8.9,60,61.06,63.68,Moderate Demand
2025-02,BK029,Podi Hamuduruwo,Sybil Wettasinghe,978-955-2011-44-3,Children's,Colombo,81.0,11.72,398,4.33,69.2,20.15,10.4,60,97.46,67.58,Moderate Demand
2025-03,BK029,Podi Hamuduruwo,Sybil Wettasinghe,978-955-2011-44-3,Children's,Colombo,33.0,13.7,485,4.36,68.7,22.77,9.4,60,82.59,73.18,High Demand
2025-04,BK029,Podi Hamuduruwo,Sybil Wettasinghe,978-955-2011-44-3,Children's,Colombo,46.0,17.49,535,4.3,50.98,25.81,23.9,60,64.34,74.58,High Demand
2025-05,BK029,Podi Hamuduruwo,Sybil Wettasinghe,978-955-2011-44-3,Children's,Colombo,102.0,16.06,485,4.47,73.1,23.01,17.7,60,84.96,66.95,Moderate Demand
2025-06,BK029,Podi Hamuduruwo,Sybil Wettasinghe,978-955-2011-44-3,Children's,Colombo,103.0,11.88,452,4.52,68.19,24.33,9.8,60,73.82,66.53,Moderate Demand
2025-07,BK029,Podi Hamuduruwo,Sybil Wettasinghe,978-955-2011-44-3,Children's,Colombo,90.0,13.75,456,4.5,51.04,16.15,9.0,60,107.73,66.36,Moderate Demand
2025-08,BK029,Podi Hamuduruwo,Sybil Wettasinghe,978-955-2011-44-3,Children's,Colombo,127.0,18.12,511,4.35,82.78,25.15,8.1,60,99.17,65.73,Moderate Demand
2025-09,BK029,Podi Hamuduruwo,Sybil Wettasinghe,978-955-2011-44-3,Children's,Colombo,72.0,19.57,478,4.36,66.44,19.16,29.4,60,71.55,67.94,Moderate Demand
2025-10,BK029,Podi Hamuduruwo,Sybil Wettasinghe,978-955-2011-44-3,Children's,Colombo,58.0,10.28,478,4.28,70.14,18.79,9.4,60,90.4,69.72,Moderate Demand
2025-11,BK029,Podi Hamuduruwo,Sybil Wettasinghe,978-955-2011-44-3,Children's,Colombo,49.0,18.65,458,4.29,79.05,23.84,9.1,60,87.37,70.76,Moderate Demand
2025-12,BK029,Podi Hamuduruwo,Sybil Wettasinghe,978-955-2011-44-3,Children's,Colombo,70.0,20.0,522,4.35,70.73,23.37,10.2,60,80.99,71.31,High Demand
2025-01,BK029,Podi Hamuduruwo,Sybil Wettasinghe,978-955-2011-44-3,Children's,Galle,66.0,12.27,466,4.35,80.48,21.77,11.5,60,75.67,68.49,Moderate Demand
2025-02,BK029,Podi Hamuduruwo,Sybil Wettasinghe,978-955-2011-44-3,Children's,Galle,69.0,11.64,434,4.37,68.44,22.9,8.1,60,78.05,68.34,Moderate Demand
2025-03,BK029,Podi Hamuduruwo,Sybil Wettasinghe,978-955-2011-44-3,Children's,Galle,72.0,18.24,528,4.41,75.55,23.6,10.4,60,71.07,70.72,Moderate Demand
2025-04,BK029,Podi Hamuduruwo,Sybil Wettasinghe,978-955-2011-44-3,Children's,Galle,30.0,19.57,632,4.51,121.77,22.39,19.4,60,99.36,79.33,High Demand
2025-05,BK029,Podi Hamuduruwo,Sybil Wettasinghe,978-955-2011-44-3,Children's,Galle,61.0,18.48,560,4.3,88.56,29.34,21.0,60,80.69,73.13,High Demand
2025-06,BK029,Podi Hamuduruwo,Sybil Wettasinghe,978-955-2011-44-3,Children's,Galle,33.0,20.97,549,4.36,75.32,26.91,10.4,60,86.95,76.33,High Demand
2025-07,BK029,Podi Hamuduruwo,Sybil Wettasinghe,978-955-2011-44-3,Children's,Galle,43.0,17.44,577,4.46,78.68,35.49,11.2,60,83.34,74.77,High Demand
2025-08,BK029,Podi Hamuduruwo,Sybil Wettasinghe,978-955-2011-44-3,Children's,Galle,64.0,19.16,578,4.43,92.55,20.81,8.4,60,78.33,73.82,High Demand
2025-09,BK029,Podi Hamuduruwo,Sybil Wettasinghe,978-955-2011-44-3,Children's,Galle,95.0,20.28,563,4.27,62.18,31.99,27.7,60,118.44,70.97,High Demand
2025-10,BK029,Podi Hamuduruwo,Sybil Wettasinghe,978-955-2011-44-3,Children's,Galle,89.0,21.64,583,4.23,87.83,23.22,9.4,60,93.49,69.83,Moderate Demand
2025-11,BK029,Podi Hamuduruwo,Sybil Wettasinghe,978-955-2011-44-3,Children's,Galle,55.0,24.41,564,4.48,90.81,25.81,10.3,60,99.92,74.93,High Demand
2025-12,BK029,Podi Hamuduruwo,Sybil Wettasinghe,978-955-2011-44-3,Children's,Galle,91.0,26.75,623,4.22,74.94,37.61,10.0,60,136.63,72.36,High Demand
2025-01,BK029,Podi Hamuduruwo,Sybil Wettasinghe,978-955-2011-44-3,Children's,Kandy,43.0,13.53,403,4.44,48.38,18.03,10.1,60,74.84,68.97,Moderate Demand
2025-02,BK029,Podi Hamuduruwo,Sybil Wettasinghe,978-955-2011-44-3,Children's,Kandy,45.0,13.61,397,4.24,72.85,21.09,10.5,60,68.78,69.7,Moderate Demand
2025-03,BK029,Podi Hamuduruwo,Sybil Wettasinghe,978-955-2011-44-3,Children's,Kandy,102.0,22.29,493,4.67,53.62,20.9,11.3,60,58.6,67.41,Moderate Demand
2025-04,BK029,Podi Hamuduruwo,Sybil Wettasinghe,978-955-2011-44-3,Children's,Kandy,31.0,19.55,529,4.25,105.78,20.94,22.6,60,65.96,75.52,High Demand
2025-05,BK029,Podi Hamuduruwo,Sybil Wettasinghe,978-955-2011-44-3,Children's,Kandy,20.0,16.33,472,4.67,53.77,20.27,22.3,60,89.3,73.07,High Demand
2025-06,BK029,Podi Hamuduruwo,Sybil Wettasinghe,978-955-2011-44-3,Children's,Kandy,37.0,12.34,455,4.51,70.68,19.77,7.5,60,62.0,71.73,High Demand
2025-07,BK029,Podi Hamuduruwo,Sybil Wettasinghe,978-955-2011-44-3,Children's,Kandy,31.0,17.34,475,4.59,37.6,20.06,10.0,60,53.05,72.22,High Demand
2025-08,BK029,Podi Hamuduruwo,Sybil Wettasinghe,978-955-2011-44-3,Children's,Kandy,64.0,14.15,505,4.57,76.1,30.39,10.0,60,84.07,70.47,Moderate Demand
2025-09,BK029,Podi Hamuduruwo,Sybil Wettasinghe,978-955-2011-44-3,Children's,Kandy,36.0,15.41,501,4.45,63.73,24.25,29.3,60,82.7,73.49,High Demand
2025-10,BK029,Podi Hamuduruwo,Sybil Wettasinghe,978-955-2011-44-3,Children's,Kandy,66.0,12.59,504,4.34,78.27,16.96,7.9,60,107.03,70.35,Moderate Demand
2025-11,BK029,Podi Hamuduruwo,Sybil Wettasinghe,978-955-2011-44-3,Children's,Kandy,57.0,14.17,466,4.76,73.34,29.27,9.8,60,61.84,69.41,Moderate Demand
2025-12,BK029,Podi Hamuduruwo,Sybil Wettasinghe,978-955-2011-44-3,Children's,Kandy,73.0,17.28,513,4.33,67.61,23.7,10.9,60,99.3,68.15,Moderate Demand
2025-01,BK030,Kuda Hora,Sybil Wettasinghe,978-955-2011-45-0,Children's,Colombo,96.0,5.2,216,3.71,41.27,11.4,10.2,60,32.76,48.43,Low Demand
2025-02,BK030,Kuda Hora,Sybil Wettasinghe,978-955-2011-45-0,Children's,Colombo,80.0,6.52,215,3.5,40.81,15.18,10.3,60,67.85,50.96,Low Demand
2025-03,BK030,Kuda Hora,Sybil Wettasinghe,978-955-2011-45-0,Children's,Colombo,45.0,7.67,241,3.69,29.99,9.88,11.4,60,58.43,54.8,Low Demand
2025-04,BK030,Kuda Hora,Sybil Wettasinghe,978-955-2011-45-0,Children's,Colombo,89.0,7.68,293,3.79,42.53,14.67,25.3,60,50.99,52.93,Low Demand
2025-05,BK030,Kuda Hora,Sybil Wettasinghe,978-955-2011-45-0,Children's,Colombo,44.0,6.15,242,3.59,17.8,10.92,21.5,60,67.35,54.71,Low Demand
2025-06,BK030,Kuda Hora,Sybil Wettasinghe,978-955-2011-45-0,Children's,Colombo,90.0,6.65,232,3.74,32.71,10.15,10.3,60,57.52,51.39,Low Demand
2025-07,BK030,Kuda Hora,Sybil Wettasinghe,978-955-2011-45-0,Children's,Colombo,41.0,5.9,240,3.66,42.82,10.52,11.5,60,61.37,55.07,Low Demand
2025-08,BK030,Kuda Hora,Sybil Wettasinghe,978-955-2011-45-0,Children's,Colombo,54.0,9.19,258,3.66,34.12,11.7,8.5,60,57.59,54.77,Low Demand
2025-09,BK030,Kuda Hora,Sybil Wettasinghe,978-955-2011-45-0,Children's,Colombo,73.0,6.68,241,3.8,36.28,13.66,33.7,60,67.4,51.77,Low Demand
2025-10,BK030,Kuda Hora,Sybil Wettasinghe,978-955-2011-45-0,Children's,Colombo,103.0,8.97,246,3.81,29.3,13.47,8.6,60,62.5,49.35,Low Demand
2025-11,BK030,Kuda Hora,Sybil Wettasinghe,978-955-2011-45-0,Children's,Colombo,62.0,9.52,247,3.59,41.72,12.17,8.9,60,47.85,54.27,Low Demand
2025-12,BK030,Kuda Hora,Sybil Wettasinghe,978-955-2011-45-0,Children's,Colombo,40.0,7.34,276,3.44,42.07,14.22,12.0,60,50.27,55.87,Low Demand
2025-01,BK030,Kuda Hora,Sybil Wettasinghe,978-955-2011-45-0,Children's,Galle,82.0,5.75,177,3.76,26.73,4.91,10.2,60,43.62,47.28,Low Demand
2025-02,BK030,Kuda Hora,Sybil Wettasinghe,978-955-2011-45-0,Children's,Galle,103.0,5.32,162,3.53,32.73,8.66,12.3,60,57.82,46.05,Low Demand
2025-03,BK030,Kuda Hora,Sybil Wettasinghe,978-955-2011-45-0,Children's,Galle,88.0,5.34,205,3.61,35.22,10.08,10.8,60,58.24,49.6,Low Demand
2025-04,BK030,Kuda Hora,Sybil Wettasinghe,978-955-2011-45-0,Children's,Galle,126.0,6.86,218,3.59,37.81,10.44,22.5,60,57.27,46.09,Low Demand
2025-05,BK030,Kuda Hora,Sybil Wettasinghe,978-955-2011-45-0,Children's,Galle,85.0,6.47,209,3.85,21.66,10.93,19.0,60,51.3,48.75,Low Demand
2025-06,BK030,Kuda Hora,Sybil Wettasinghe,978-955-2011-45-0,Children's,Galle,82.0,7.13,191,4.01,28.62,8.86,8.6,60,47.14,49.58,Low Demand
2025-07,BK030,Kuda Hora,Sybil Wettasinghe,978-955-2011-45-0,Children's,Galle,40.0,8.06,213,3.61,31.43,11.85,9.6,60,56.75,54.03,Low Demand
2025-08,BK030,Kuda Hora,Sybil Wettasinghe,978-955-2011-45-0,Children's,Galle,82.0,5.83,222,4.01,25.84,9.71,9.8,60,61.93,50.17,Low Demand
2025-09,BK030,Kuda Hora,Sybil Wettasinghe,978-955-2011-45-0,Children's,Galle,36.0,6.7,216,3.73,22.61,10.63,29.2,60,61.47,54.23,Low Demand
2025-10,BK030,Kuda Hora,Sybil Wettasinghe,978-955-2011-45-0,Children's,Galle,79.0,7.35,209,3.64,28.59,9.49,8.4,60,67.8,48.08,Low Demand
2025-11,BK030,Kuda Hora,Sybil Wettasinghe,978-955-2011-45-0,Children's,Galle,88.0,7.56,189,3.84,26.15,8.15,9.7,60,67.08,48.71,Low Demand
2025-12,BK030,Kuda Hora,Sybil Wettasinghe,978-955-2011-45-0,Children's,Galle,43.0,4.2,215,3.98,32.73,12.21,6.8,60,51.33,54.07,Low Demand
2025-01,BK030,Kuda Hora,Sybil Wettasinghe,978-955-2011-45-0,Children's,Kandy,52.0,13.85,353,3.65,44.36,16.82,8.3,60,91.75,57.96,Low Demand
2025-02,BK030,Kuda Hora,Sybil Wettasinghe,978-955-2011-45-0,Children's,Kandy,88.0,11.49,331,3.65,52.5,13.94,7.7,60,82.17,56.19,Low Demand
2025-03,BK030,Kuda Hora,Sybil Wettasinghe,978-955-2011-45-0,Children's,Kandy,66.0,14.91,367,3.97,54.63,18.73,10.6,60,68.94,57.39,Low Demand
2025-04,BK030,Kuda Hora,Sybil Wettasinghe,978-955-2011-45-0,Children's,Kandy,25.0,14.2,459,3.82,64.48,20.69,20.7,60,78.66,64.53,Moderate Demand
2025-05,BK030,Kuda Hora,Sybil Wettasinghe,978-955-2011-45-0,Children's,Kandy,71.0,10.67,385,3.28,62.81,18.85,20.6,60,73.62,57.45,Low Demand
2025-06,BK030,Kuda Hora,Sybil Wettasinghe,978-955-2011-45-0,Children's,Kandy,51.0,12.43,370,3.67,50.13,9.38,8.0,60,61.18,58.74,Low Demand
2025-07,BK030,Kuda Hora,Sybil Wettasinghe,978-955-2011-45-0,Children's,Kandy,73.0,15.81,409,3.57,42.0,18.46,11.4,60,61.17,57.84,Low Demand
2025-08,BK030,Kuda Hora,Sybil Wettasinghe,978-955-2011-45-0,Children's,Kandy,35.0,12.78,394,3.61,53.89,12.18,10.2,60,68.38,61.3,Low Demand
2025-09,BK030,Kuda Hora,Sybil Wettasinghe,978-955-2011-45-0,Children's,Kandy,75.0,7.62,381,3.72,64.72,20.8,35.2,60,63.85,56.99,Low Demand
2025-10,BK030,Kuda Hora,Sybil Wettasinghe,978-955-2011-45-0,Children's,Kandy,36.0,14.33,398,3.62,80.38,14.61,9.5,60,35.43,60.95,Low Demand
2025-11,BK030,Kuda Hora,Sybil Wettasinghe,978-955-2011-45-0,Children's,Kandy,24.0,8.84,365,3.64,35.5,15.02,9.5,60,73.46,61.47,Low Demand
2025-12,BK030,Kuda Hora,Sybil Wettasinghe,978-955-2011-45-0,Children's,Kandy,26.0,11.82,425,4.01,61.19,18.47,10.4,60,48.68,63.77,Moderate Demand
2025-01,BK031,Maria Cylonica,P. B. Jayasekara,978-955-6611-22-3,Novel,Colombo,66.0,8.57,331,4.57,40.69,11.64,9.0,70,78.29,70.52,Moderate Demand
2025-02,BK031,Maria Cylonica,P. B. Jayasekara,978-955-6611-22-3,Novel,Colombo,61.0,7.5,305,4.82,48.77,14.2,9.3,70,69.86,70.41,Moderate Demand
2025-03,BK031,Maria Cylonica,P. B. Jayasekara,978-955-6611-22-3,Novel,Colombo,60.0,9.47,373,4.88,48.25,12.3,8.5,70,68.92,72.49,High Demand
2025-04,BK031,Maria Cylonica,P. B. Jayasekara,978-955-6611-22-3,Novel,Colombo,46.0,12.21,440,4.57,68.85,20.0,20.8,70,94.31,76.78,High Demand
2025-05,BK031,Maria Cylonica,P. B. Jayasekara,978-955-6611-22-3,Novel,Colombo,80.0,10.98,380,4.63,62.99,20.78,20.5,70,67.27,69.56,Moderate Demand
2025-06,BK031,Maria Cylonica,P. B. Jayasekara,978-955-6611-22-3,Novel,Colombo,85.0,12.16,368,4.64,50.37,21.72,10.8,70,65.46,69.94,Moderate Demand
2025-07,BK031,Maria Cylonica,P. B. Jayasekara,978-955-6611-22-3,Novel,Colombo,44.0,12.41,408,4.92,59.92,21.3,9.8,70,83.71,74.72,High Demand
2025-08,BK031,Maria Cylonica,P. B. Jayasekara,978-955-6611-22-3,Novel,Colombo,63.0,10.96,454,4.64,82.47,19.85,9.9,70,86.62,73.1,High Demand
2025-09,BK031,Maria Cylonica,P. B. Jayasekara,978-955-6611-22-3,Novel,Colombo,58.0,14.25,441,4.88,73.34,17.53,32.3,70,73.95,74.68,High Demand
2025-10,BK031,Maria Cylonica,P. B. Jayasekara,978-955-6611-22-3,Novel,Colombo,89.0,17.78,473,4.64,48.85,23.54,9.6,70,74.34,73.96,High Demand
2025-11,BK031,Maria Cylonica,P. B. Jayasekara,978-955-6611-22-3,Novel,Colombo,100.0,13.59,351,4.61,69.97,20.66,9.5,70,66.96,68.2,Moderate Demand
2025-12,BK031,Maria Cylonica,P. B. Jayasekara,978-955-6611-22-3,Novel,Colombo,79.0,13.02,382,4.85,47.15,15.09,9.1,70,83.0,70.75,Moderate Demand
2025-01,BK031,Maria Cylonica,P. B. Jayasekara,978-955-6611-22-3,Novel,Galle,63.0,12.91,362,4.91,56.49,20.34,12.8,70,81.86,71.34,High Demand
2025-02,BK031,Maria Cylonica,P. B. Jayasekara,978-955-6611-22-3,Novel,Galle,33.0,13.86,337,4.59,48.24,15.75,10.5,70,87.41,74.72,High Demand
2025-03,BK031,Maria Cylonica,P. B. Jayasekara,978-955-6611-22-3,Novel,Galle,71.0,14.98,377,4.64,47.97,9.45,8.8,70,75.91,69.97,Moderate Demand
2025-04,BK031,Maria Cylonica,P. B. Jayasekara,978-955-6611-22-3,Novel,Galle,46.0,20.06,467,4.83,66.1,21.99,20.5,70,72.83,78.06,High Demand
2025-05,BK031,Maria Cylonica,P. B. Jayasekara,978-955-6611-22-3,Novel,Galle,67.0,12.08,396,4.67,62.95,22.6,20.7,70,88.49,71.85,High Demand
2025-06,BK031,Maria Cylonica,P. B. Jayasekara,978-955-6611-22-3,Novel,Galle,51.0,12.21,384,4.61,48.48,19.56,8.6,70,113.58,73.32,High Demand
2025-07,BK031,Maria Cylonica,P. B. Jayasekara,978-955-6611-22-3,Novel,Galle,34.0,15.37,381,4.65,44.38,18.82,12.0,70,98.68,74.46,High Demand
2025-08,BK031,Maria Cylonica,P. B. Jayasekara,978-955-6611-22-3,Novel,Galle,57.0,19.23,471,4.84,65.58,21.61,8.5,70,70.21,75.99,High Demand
2025-09,BK031,Maria Cylonica,P. B. Jayasekara,978-955-6611-22-3,Novel,Galle,69.0,19.69,468,4.41,69.3,16.24,28.7,70,96.98,74.58,High Demand
2025-10,BK031,Maria Cylonica,P. B. Jayasekara,978-955-6611-22-3,Novel,Galle,55.0,9.86,508,5.0,49.64,13.33,9.8,70,85.82,77.3,High Demand
2025-11,BK031,Maria Cylonica,P. B. Jayasekara,978-955-6611-22-3,Novel,Galle,30.0,12.45,388,5.0,69.61,15.18,9.7,70,78.25,75.96,High Demand
2025-12,BK031,Maria Cylonica,P. B. Jayasekara,978-955-6611-22-3,Novel,Galle,28.0,6.48,435,4.97,58.01,18.82,9.9,70,79.36,78.13,High Demand
2025-01,BK031,Maria Cylonica,P. B. Jayasekara,978-955-6611-22-3,Novel,Kandy,35.0,26.36,727,4.77,115.25,29.05,9.1,70,90.79,87.97,High Demand
2025-02,BK031,Maria Cylonica,P. B. Jayasekara,978-955-6611-22-3,Novel,Kandy,59.0,25.38,704,4.69,144.26,30.93,9.2,70,81.38,86.38,High Demand
2025-03,BK031,Maria Cylonica,P. B. Jayasekara,978-955-6611-22-3,Novel,Kandy,74.0,27.66,850,4.87,125.23,46.84,8.5,70,123.39,86.93,High Demand
2025-04,BK031,Maria Cylonica,P. B. Jayasekara,978-955-6611-22-3,Novel,Kandy,49.0,31.48,967,4.63,152.24,54.76,22.9,70,104.23,94.57,High Demand
2025-05,BK031,Maria Cylonica,P. B. Jayasekara,978-955-6611-22-3,Novel,Kandy,42.0,32.35,821,5.0,108.48,27.38,21.7,70,102.21,90.46,High Demand
2025-06,BK031,Maria Cylonica,P. B. Jayasekara,978-955-6611-22-3,Novel,Kandy,43.0,25.12,793,4.69,102.91,28.28,10.1,70,104.17,88.5,High Demand
2025-07,BK031,Maria Cylonica,P. B. Jayasekara,978-955-6611-22-3,Novel,Kandy,27.0,31.25,824,4.96,77.25,36.71,8.0,70,113.97,90.96,High Demand
2025-08,BK031,Maria Cylonica,P. B. Jayasekara,978-955-6611-22-3,Novel,Kandy,34.0,37.69,1068,4.91,149.66,44.08,12.1,70,121.37,99.2,High Demand
2025-09,BK031,Maria Cylonica,P. B. Jayasekara,978-955-6611-22-3,Novel,Kandy,72.0,34.51,976,4.71,131.76,28.32,31.1,70,123.78,94.5,High Demand
2025-10,BK031,Maria Cylonica,P. B. Jayasekara,978-955-6611-22-3,Novel,Kandy,67.0,34.83,1001,4.76,90.82,70.44,9.6,70,117.77,94.3,High Demand
2025-11,BK031,Maria Cylonica,P. B. Jayasekara,978-955-6611-22-3,Novel,Kandy,89.0,26.46,779,4.67,120.9,39.58,7.5,70,115.44,84.14,High Demand
2025-12,BK031,Maria Cylonica,P. B. Jayasekara,978-955-6611-22-3,Novel,Kandy,45.0,24.99,921,4.81,180.54,43.35,10.1,70,129.46,94.43,High Demand
2025-01,BK032,Atawaka Putthu,Liyanage Amarakeerthi,978-955-3044-55-4,Novel,Colombo,26.0,14.84,410,3.99,61.31,12.78,10.8,70,88.8,65.56,Moderate Demand
2025-02,BK032,Atawaka Putthu,Liyanage Amarakeerthi,978-955-3044-55-4,Novel,Colombo,31.0,14.66,366,3.89,71.15,18.4,11.3,70,77.29,64.76,Moderate Demand
2025-03,BK032,Atawaka Putthu,Liyanage Amarakeerthi,978-955-3044-55-4,Novel,Colombo,50.0,13.63,433,3.84,60.97,16.49,10.6,70,66.16,64.93,Moderate Demand
2025-04,BK032,Atawaka Putthu,Liyanage Amarakeerthi,978-955-3044-55-4,Novel,Colombo,83.0,18.32,489,3.91,59.76,25.46,23.7,70,86.23,64.63,Moderate Demand
2025-05,BK032,Atawaka Putthu,Liyanage Amarakeerthi,978-955-3044-55-4,Novel,Colombo,67.0,16.92,455,4.08,68.84,21.87,19.2,70,86.31,63.84,Moderate Demand
2025-06,BK032,Atawaka Putthu,Liyanage Amarakeerthi,978-955-3044-55-4,Novel,Colombo,74.0,11.39,437,4.01,58.45,22.68,9.9,70,67.54,63.01,Moderate Demand
2025-07,BK032,Atawaka Putthu,Liyanage Amarakeerthi,978-955-3044-55-4,Novel,Colombo,69.0,13.98,444,3.99,50.29,22.56,9.1,70,67.32,62.97,Moderate Demand
2025-08,BK032,Atawaka Putthu,Liyanage Amarakeerthi,978-955-3044-55-4,Novel,Colombo,51.0,16.02,537,3.8,90.98,21.91,10.7,70,50.48,67.89,Moderate Demand
2025-09,BK032,Atawaka Putthu,Liyanage Amarakeerthi,978-955-3044-55-4,Novel,Colombo,35.0,15.23,540,3.82,80.48,27.32,30.6,70,103.68,70.96,High Demand
2025-10,BK032,Atawaka Putthu,Liyanage Amarakeerthi,978-955-3044-55-4,Novel,Colombo,67.0,18.65,548,3.97,69.18,14.41,8.8,70,83.96,66.12,Moderate Demand
2025-11,BK032,Atawaka Putthu,Liyanage Amarakeerthi,978-955-3044-55-4,Novel,Colombo,90.0,12.51,438,3.83,69.56,22.74,11.1,70,91.28,61.95,Low Demand
2025-12,BK032,Atawaka Putthu,Liyanage Amarakeerthi,978-955-3044-55-4,Novel,Colombo,30.0,15.25,494,3.79,71.69,21.62,8.2,70,58.69,69.02,Moderate Demand
2025-01,BK032,Atawaka Putthu,Liyanage Amarakeerthi,978-955-3044-55-4,Novel,Galle,28.0,4.64,138,4.1,20.42,8.46,9.0,70,30.28,55.49,Low Demand
2025-02,BK032,Atawaka Putthu,Liyanage Amarakeerthi,978-955-3044-55-4,Novel,Galle,107.0,4.84,128,3.92,24.65,5.91,11.5,70,52.78,48.8,Low Demand
2025-03,BK032,Atawaka Putthu,Liyanage Amarakeerthi,978-955-3044-55-4,Novel,Galle,29.0,5.72,168,3.93,21.22,4.14,10.4,70,44.8,56.62,Low Demand
2025-04,BK032,Atawaka Putthu,Liyanage Amarakeerthi,978-955-3044-55-4,Novel,Galle,48.0,8.32,181,3.81,23.55,12.12,21.2,70,55.63,56.15,Low Demand
2025-05,BK032,Atawaka Putthu,Liyanage Amarakeerthi,978-955-3044-55-4,Novel,Galle,78.0,4.93,167,3.92,29.95,6.39,20.3,70,45.3,52.15,Low Demand
2025-06,BK032,Atawaka Putthu,Liyanage Amarakeerthi,978-955-3044-55-4,Novel,Galle,37.0,4.97,143,4.0,30.67,5.66,9.9,70,57.65,56.04,Low Demand
2025-07,BK032,Atawaka Putthu,Liyanage Amarakeerthi,978-955-3044-55-4,Novel,Galle,56.0,4.26,166,3.93,21.09,7.45,9.2,70,49.28,53.75,Low Demand
2025-08,BK032,Atawaka Putthu,Liyanage Amarakeerthi,978-955-3044-55-4,Novel,Galle,45.0,6.98,200,3.65,26.92,10.74,9.0,70,53.18,55.19,Low Demand
2025-09,BK032,Atawaka Putthu,Liyanage Amarakeerthi,978-955-3044-55-4,Novel,Galle,66.0,7.54,189,3.82,20.85,10.93,28.6,70,58.67,54.37,Low Demand
2025-10,BK032,Atawaka Putthu,Liyanage Amarakeerthi,978-955-3044-55-4,Novel,Galle,55.0,8.06,207,3.95,29.17,9.16,9.5,70,51.14,55.84,Low Demand
2025-11,BK032,Atawaka Putthu,Liyanage Amarakeerthi,978-955-3044-55-4,Novel,Galle,94.0,4.52,152,3.93,24.08,7.47,7.4,70,48.23,49.88,Low Demand
2025-12,BK032,Atawaka Putthu,Liyanage Amarakeerthi,978-955-3044-55-4,Novel,Galle,107.0,5.62,177,4.01,26.11,8.94,9.5,70,64.41,48.58,Low Demand
2025-01,BK032,Atawaka Putthu,Liyanage Amarakeerthi,978-955-3044-55-4,Novel,Kandy,89.0,20.18,515,3.83,80.33,20.45,8.9,70,77.92,63.41,Moderate Demand
2025-02,BK032,Atawaka Putthu,Liyanage Amarakeerthi,978-955-3044-55-4,Novel,Kandy,110.0,16.34,465,3.87,59.94,20.84,9.6,70,82.14,61.68,Low Demand
2025-03,BK032,Atawaka Putthu,Liyanage Amarakeerthi,978-955-3044-55-4,Novel,Kandy,79.0,21.5,573,4.03,71.62,24.69,9.4,70,91.0,66.13,Moderate Demand
2025-04,BK032,Atawaka Putthu,Liyanage Amarakeerthi,978-955-3044-55-4,Novel,Kandy,95.0,19.03,684,3.89,83.79,30.2,23.6,70,96.25,70.42,Moderate Demand
2025-05,BK032,Atawaka Putthu,Liyanage Amarakeerthi,978-955-3044-55-4,Novel,Kandy,102.0,24.23,608,4.02,108.21,33.57,20.0,70,94.51,65.66,Moderate Demand
2025-06,BK032,Atawaka Putthu,Liyanage Amarakeerthi,978-955-3044-55-4,Novel,Kandy,66.0,22.98,587,3.61,106.51,18.57,9.4,70,114.3,68.84,Moderate Demand
2025-07,BK032,Atawaka Putthu,Liyanage Amarakeerthi,978-955-3044-55-4,Novel,Kandy,65.0,21.33,613,3.76,110.32,32.56,10.1,70,103.88,68.91,Moderate Demand
2025-08,BK032,Atawaka Putthu,Liyanage Amarakeerthi,978-955-3044-55-4,Novel,Kandy,36.0,20.24,726,4.03,92.62,36.29,8.7,70,73.86,76.34,High Demand
2025-09,BK032,Atawaka Putthu,Liyanage Amarakeerthi,978-955-3044-55-4,Novel,Kandy,103.0,22.7,700,4.01,131.1,40.39,31.2,70,60.68,70.14,Moderate Demand
2025-10,BK032,Atawaka Putthu,Liyanage Amarakeerthi,978-955-3044-55-4,Novel,Kandy,103.0,23.0,695,4.01,104.31,30.08,10.2,70,80.27,69.76,Moderate Demand
2025-11,BK032,Atawaka Putthu,Liyanage Amarakeerthi,978-955-3044-55-4,Novel,Kandy,115.0,18.84,541,4.02,92.14,24.15,9.2,70,50.36,63.68,Moderate Demand
2025-12,BK032,Atawaka Putthu,Liyanage Amarakeerthi,978-955-3044-55-4,Novel,Kandy,90.0,20.72,633,4.05,104.21,31.65,9.8,70,49.92,68.65,Moderate Demand
2025-01,BK033,Kurulu Hadawatha,Liyanage Amarakeerthi,978-955-3044-56-1,Novel,Colombo,75.0,11.15,359,4.64,47.61,15.54,9.7,70,63.25,70.11,Moderate Demand
2025-02,BK033,Kurulu Hadawatha,Liyanage Amarakeerthi,978-955-3044-56-1,Novel,Colombo,66.0,12.39,336,5.0,49.21,16.52,9.3,70,65.22,71.02,High Demand
2025-03,BK033,Kurulu Hadawatha,Liyanage Amarakeerthi,978-955-3044-56-1,Novel,Colombo,75.0,16.2,406,4.92,43.9,15.5,8.5,70,82.28,70.98,High Demand
2025-04,BK033,Kurulu Hadawatha,Liyanage Amarakeerthi,978-955-3044-56-1,Novel,Colombo,67.0,11.2,510,4.6,68.23,22.24,25.2,70,96.36,76.54,High Demand
2025-05,BK033,Kurulu Hadawatha,Liyanage Amarakeerthi,978-955-3044-56-1,Novel,Colombo,64.0,10.54,426,4.57,58.48,16.89,18.6,70,111.29,74.01,High Demand
2025-06,BK033,Kurulu Hadawatha,Liyanage Amarakeerthi,978-955-3044-56-1,Novel,Colombo,73.0,10.03,408,4.83,46.29,18.36,9.6,70,71.57,73.12,High Demand
2025-07,BK033,Kurulu Hadawatha,Liyanage Amarakeerthi,978-955-3044-56-1,Novel,Colombo,70.0,11.74,412,4.69,56.09,16.18,11.0,70,72.21,72.49,High Demand
2025-08,BK033,Kurulu Hadawatha,Liyanage Amarakeerthi,978-955-3044-56-1,Novel,Colombo,31.0,12.2,537,4.86,98.23,21.22,10.9,70,93.72,81.07,High Demand
2025-09,BK033,Kurulu Hadawatha,Liyanage Amarakeerthi,978-955-3044-56-1,Novel,Colombo,79.0,19.07,523,4.73,71.34,18.09,30.8,70,106.74,75.05,High Demand
2025-10,BK033,Kurulu Hadawatha,Liyanage Amarakeerthi,978-955-3044-56-1,Novel,Colombo,76.0,16.65,508,4.59,61.09,27.27,9.2,70,84.45,75.45,High Demand
2025-11,BK033,Kurulu Hadawatha,Liyanage Amarakeerthi,978-955-3044-56-1,Novel,Colombo,66.0,13.71,430,4.65,59.59,20.5,9.4,70,70.44,74.3,High Demand
2025-12,BK033,Kurulu Hadawatha,Liyanage Amarakeerthi,978-955-3044-56-1,Novel,Colombo,101.0,13.56,460,4.72,72.48,20.97,9.4,70,46.95,71.55,High Demand
2025-01,BK033,Kurulu Hadawatha,Liyanage Amarakeerthi,978-955-3044-56-1,Novel,Galle,48.0,8.91,269,4.81,47.82,10.16,7.7,70,79.24,69.99,Moderate Demand
2025-02,BK033,Kurulu Hadawatha,Liyanage Amarakeerthi,978-955-3044-56-1,Novel,Galle,24.0,8.9,242,4.9,37.59,14.06,9.9,70,66.52,71.45,High Demand
2025-03,BK033,Kurulu Hadawatha,Liyanage Amarakeerthi,978-955-3044-56-1,Novel,Galle,49.0,9.71,285,4.7,44.75,12.72,10.3,70,89.21,70.79,High Demand
2025-04,BK033,Kurulu Hadawatha,Liyanage Amarakeerthi,978-955-3044-56-1,Novel,Galle,80.0,9.78,335,4.86,41.02,14.11,23.1,70,97.96,68.61,Moderate Demand
2025-05,BK033,Kurulu Hadawatha,Liyanage Amarakeerthi,978-955-3044-56-1,Novel,Galle,77.0,10.78,301,4.76,48.43,12.46,17.9,70,94.44,67.21,Moderate Demand
2025-06,BK033,Kurulu Hadawatha,Liyanage Amarakeerthi,978-955-3044-56-1,Novel,Galle,93.0,7.25,290,4.76,47.86,14.57,10.4,70,77.35,66.23,Moderate Demand
2025-07,BK033,Kurulu Hadawatha,Liyanage Amarakeerthi,978-955-3044-56-1,Novel,Galle,25.0,10.87,278,4.47,37.29,15.04,9.3,70,80.53,70.97,High Demand
2025-08,BK033,Kurulu Hadawatha,Liyanage Amarakeerthi,978-955-3044-56-1,Novel,Galle,44.0,5.66,368,4.71,53.47,14.14,9.6,70,59.65,73.19,High Demand
2025-09,BK033,Kurulu Hadawatha,Liyanage Amarakeerthi,978-955-3044-56-1,Novel,Galle,66.0,10.97,366,4.58,47.5,14.69,30.0,70,83.28,72.7,High Demand
2025-10,BK033,Kurulu Hadawatha,Liyanage Amarakeerthi,978-955-3044-56-1,Novel,Galle,69.0,9.16,357,4.9,55.84,16.06,10.6,70,71.45,70.13,Moderate Demand
2025-11,BK033,Kurulu Hadawatha,Liyanage Amarakeerthi,978-955-3044-56-1,Novel,Galle,98.0,10.7,283,4.97,54.67,12.62,8.9,70,83.7,66.38,Moderate Demand
2025-12,BK033,Kurulu Hadawatha,Liyanage Amarakeerthi,978-955-3044-56-1,Novel,Galle,62.0,7.85,315,4.85,50.28,15.93,9.6,70,66.91,68.78,Moderate Demand
2025-01,BK033,Kurulu Hadawatha,Liyanage Amarakeerthi,978-955-3044-56-1,Novel,Kandy,56.0,5.66,134,5.0,19.71,6.81,8.7,70,56.22,62.74,Low Demand
2025-02,BK033,Kurulu Hadawatha,Liyanage Amarakeerthi,978-955-3044-56-1,Novel,Kandy,39.0,3.11,118,4.83,18.6,6.66,11.4,70,50.13,64.61,Moderate Demand
2025-03,BK033,Kurulu Hadawatha,Liyanage Amarakeerthi,978-955-3044-56-1,Novel,Kandy,123.0,5.9,136,4.91,16.25,7.08,11.1,70,76.69,58.64,Low Demand
2025-04,BK033,Kurulu Hadawatha,Liyanage Amarakeerthi,978-955-3044-56-1,Novel,Kandy,101.0,6.53,182,4.74,25.19,8.37,21.4,70,64.17,59.04,Low Demand
2025-05,BK033,Kurulu Hadawatha,Liyanage Amarakeerthi,978-955-3044-56-1,Novel,Kandy,79.0,4.73,146,4.83,20.23,6.89,18.5,70,49.57,62.11,Low Demand
2025-06,BK033,Kurulu Hadawatha,Liyanage Amarakeerthi,978-955-3044-56-1,Novel,Kandy,114.0,5.41,151,4.62,24.9,7.2,11.5,70,56.34,57.7,Low Demand
2025-07,BK033,Kurulu Hadawatha,Liyanage Amarakeerthi,978-955-3044-56-1,Novel,Kandy,82.0,6.47,146,4.74,21.6,7.53,10.6,70,46.63,62.11,Low Demand
2025-08,BK033,Kurulu Hadawatha,Liyanage Amarakeerthi,978-955-3044-56-1,Novel,Kandy,79.0,6.91,186,4.95,32.13,7.01,9.6,70,75.18,62.36,Low Demand
2025-09,BK033,Kurulu Hadawatha,Liyanage Amarakeerthi,978-955-3044-56-1,Novel,Kandy,107.0,3.56,172,4.79,30.41,6.74,29.6,70,74.82,59.5,Low Demand
2025-10,BK033,Kurulu Hadawatha,Liyanage Amarakeerthi,978-955-3044-56-1,Novel,Kandy,44.0,6.67,172,4.73,31.72,6.9,11.2,70,63.2,66.56,Moderate Demand
2025-11,BK033,Kurulu Hadawatha,Liyanage Amarakeerthi,978-955-3044-56-1,Novel,Kandy,89.0,4.57,132,4.78,23.02,7.43,8.2,70,61.89,58.89,Low Demand
2025-12,BK033,Kurulu Hadawatha,Liyanage Amarakeerthi,978-955-3044-56-1,Novel,Kandy,37.0,3.89,161,4.87,22.65,7.23,9.2,70,46.45,66.22,Moderate Demand
2025-01,BK034,Gini Avi saha Gini Keli,Anura Horatious,978-955-9988-11-2,Novel,Colombo,44.0,21.49,590,3.59,82.89,13.89,10.6,70,100.7,64.99,Moderate Demand
2025-02,BK034,Gini Avi saha Gini Keli,Anura Horatious,978-955-9988-11-2,Novel,Colombo,74.0,16.0,564,3.16,60.94,31.14,10.0,70,81.9,62.7,Low Demand
2025-03,BK034,Gini Avi saha Gini Keli,Anura Horatious,978-955-9988-11-2,Novel,Colombo,86.0,22.15,666,3.38,123.5,31.9,10.2,70,115.74,63.52,Moderate Demand
2025-04,BK034,Gini Avi saha Gini Keli,Anura Horatious,978-955-9988-11-2,Novel,Colombo,106.0,27.76,801,3.36,111.68,41.12,22.7,70,88.99,66.77,Moderate Demand
2025-05,BK034,Gini Avi saha Gini Keli,Anura Horatious,978-955-9988-11-2,Novel,Colombo,80.0,20.21,704,3.35,92.62,36.78,21.5,70,95.92,65.27,Moderate Demand
2025-06,BK034,Gini Avi saha Gini Keli,Anura Horatious,978-955-9988-11-2,Novel,Colombo,80.0,24.87,672,3.37,121.69,35.65,10.8,70,101.22,64.62,Moderate Demand
2025-07,BK034,Gini Avi saha Gini Keli,Anura Horatious,978-955-9988-11-2,Novel,Colombo,35.0,17.22,646,3.45,77.07,33.17,9.6,70,96.16,67.76,Moderate Demand
2025-08,BK034,Gini Avi saha Gini Keli,Anura Horatious,978-955-9988-11-2,Novel,Colombo,83.0,30.44,914,3.57,122.48,39.15,9.6,70,103.17,71.01,High Demand
2025-09,BK034,Gini Avi saha Gini Keli,Anura Horatious,978-955-9988-11-2,Novel,Colombo,76.0,24.73,818,3.13,113.47,34.05,31.3,70,118.25,67.9,Moderate Demand
2025-10,BK034,Gini Avi saha Gini Keli,Anura Horatious,978-955-9988-11-2,Novel,Colombo,98.0,25.69,822,3.21,103.66,23.25,8.3,70,104.42,66.59,Moderate Demand
2025-11,BK034,Gini Avi saha Gini Keli,Anura Horatious,978-955-9988-11-2,Novel,Colombo,98.0,30.74,695,3.4,101.68,21.19,10.6,70,90.26,64.9,Moderate Demand
2025-12,BK034,Gini Avi saha Gini Keli,Anura Horatious,978-955-9988-11-2,Novel,Colombo,71.0,25.78,759,3.18,116.29,39.26,10.3,70,78.98,68.64,Moderate Demand
2025-01,BK034,Gini Avi saha Gini Keli,Anura Horatious,978-955-9988-11-2,Novel,Galle,26.0,21.67,824,3.44,126.32,41.38,8.5,70,119.09,73.81,High Demand
2025-02,BK034,Gini Avi saha Gini Keli,Anura Horatious,978-955-9988-11-2,Novel,Galle,43.0,23.98,685,3.26,111.87,34.41,9.6,70,93.92,71.43,High Demand
2025-03,BK034,Gini Avi saha Gini Keli,Anura Horatious,978-955-9988-11-2,Novel,Galle,51.0,22.96,819,3.36,139.52,31.34,10.5,70,105.9,72.63,High Demand
2025-04,BK034,Gini Avi saha Gini Keli,Anura Horatious,978-955-9988-11-2,Novel,Galle,37.0,32.58,973,3.21,133.13,49.69,24.0,70,111.07,79.8,High Demand
2025-05,BK034,Gini Avi saha Gini Keli,Anura Horatious,978-955-9988-11-2,Novel,Galle,87.0,28.34,855,3.27,132.47,38.26,18.9,70,106.69,70.51,Moderate Demand
2025-06,BK034,Gini Avi saha Gini Keli,Anura Horatious,978-955-9988-11-2,Novel,Galle,28.0,29.82,882,3.81,167.12,39.1,7.9,70,98.68,77.95,High Demand
2025-07,BK034,Gini Avi saha Gini Keli,Anura Horatious,978-955-9988-11-2,Novel,Galle,24.0,29.35,897,3.34,92.6,40.11,8.8,70,149.82,77.76,High Demand
2025-08,BK034,Gini Avi saha Gini Keli,Anura Horatious,978-955-9988-11-2,Novel,Galle,77.0,31.09,1062,3.59,150.16,42.82,8.5,70,154.04,79.73,High Demand
2025-09,BK034,Gini Avi saha Gini Keli,Anura Horatious,978-955-9988-11-2,Novel,Galle,76.0,37.06,1033,3.37,150.8,40.16,30.0,70,130.41,78.71,High Demand
2025-10,BK034,Gini Avi saha Gini Keli,Anura Horatious,978-955-9988-11-2,Novel,Galle,37.0,40.76,1071,3.46,104.02,51.83,11.2,70,123.08,82.49,High Demand
2025-11,BK034,Gini Avi saha Gini Keli,Anura Horatious,978-955-9988-11-2,Novel,Galle,88.0,25.43,853,3.26,59.99,50.07,8.7,70,114.25,71.37,High Demand
2025-12,BK034,Gini Avi saha Gini Keli,Anura Horatious,978-955-9988-11-2,Novel,Galle,66.0,31.81,964,3.45,165.76,59.7,8.0,70,96.23,75.81,High Demand
2025-01,BK034,Gini Avi saha Gini Keli,Anura Horatious,978-955-9988-11-2,Novel,Kandy,99.0,26.72,820,3.31,96.99,35.8,9.2,70,107.6,66.96,Moderate Demand
2025-02,BK034,Gini Avi saha Gini Keli,Anura Horatious,978-955-9988-11-2,Novel,Kandy,98.0,33.58,775,2.93,135.49,43.23,8.2,70,99.28,69.81,Moderate Demand
2025-03,BK034,Gini Avi saha Gini Keli,Anura Horatious,978-955-9988-11-2,Novel,Kandy,81.0,36.76,963,2.98,137.33,41.44,9.5,70,101.08,74.79,High Demand
2025-04,BK034,Gini Avi saha Gini Keli,Anura Horatious,978-955-9988-11-2,Novel,Kandy,73.0,30.13,1032,3.38,158.48,49.01,20.4,70,104.04,77.87,High Demand
2025-05,BK034,Gini Avi saha Gini Keli,Anura Horatious,978-955-9988-11-2,Novel,Kandy,103.0,30.63,938,3.49,134.75,42.03,18.5,70,94.81,71.65,High Demand
2025-06,BK034,Gini Avi saha Gini Keli,Anura Horatious,978-955-9988-11-2,Novel,Kandy,63.0,22.01,885,3.27,138.84,46.46,9.4,70,113.81,73.88,High Demand
2025-07,BK034,Gini Avi saha Gini Keli,Anura Horatious,978-955-9988-11-2,Novel,Kandy,77.0,25.43,943,3.21,112.63,34.26,10.5,70,107.79,74.02,High Demand
2025-08,BK034,Gini Avi saha Gini Keli,Anura Horatious,978-955-9988-11-2,Novel,Kandy,76.0,36.61,1132,3.28,151.56,70.09,9.3,70,106.47,80.43,High Demand
2025-09,BK034,Gini Avi saha Gini Keli,Anura Horatious,978-955-9988-11-2,Novel,Kandy,108.0,41.59,1127,3.63,179.53,51.78,33.9,70,133.32,79.87,High Demand
2025-10,BK034,Gini Avi saha Gini Keli,Anura Horatious,978-955-9988-11-2,Novel,Kandy,96.0,43.34,1156,3.11,153.54,45.38,9.7,70,127.39,81.51,High Demand
2025-11,BK034,Gini Avi saha Gini Keli,Anura Horatious,978-955-9988-11-2,Novel,Kandy,43.0,28.26,895,3.5,143.83,59.3,8.0,70,104.77,77.41,High Demand
2025-12,BK034,Gini Avi saha Gini Keli,Anura Horatious,978-955-9988-11-2,Novel,Kandy,106.0,27.82,1084,3.55,163.16,41.95,9.7,70,150.79,78.37,High Demand
2025-01,BK035,Daskon,Wimalaratne Kumaragama,978-955-2233-44-5,Poetry,Colombo,110.0,6.44,187,4.59,26.07,8.17,9.3,50,59.98,58.71,Low Demand
2025-02,BK035,Daskon,Wimalaratne Kumaragama,978-955-2233-44-5,Poetry,Colombo,40.0,5.65,163,4.65,21.12,7.2,9.5,50,48.31,65.18,Moderate Demand
2025-03,BK035,Daskon,Wimalaratne Kumaragama,978-955-2233-44-5,Poetry,Colombo,124.0,7.64,221,4.71,37.64,12.03,10.6,50,66.88,59.74,Low Demand
2025-04,BK035,Daskon,Wimalaratne Kumaragama,978-955-2233-44-5,Poetry,Colombo,52.0,8.59,251,4.66,31.83,6.18,24.9,50,56.71,66.8,Moderate Demand
2025-05,BK035,Daskon,Wimalaratne Kumaragama,978-955-2233-44-5,Poetry,Colombo,125.0,7.82,216,4.93,34.39,10.92,18.7,50,74.24,58.58,Low Demand
2025-06,BK035,Daskon,Wimalaratne Kumaragama,978-955-2233-44-5,Poetry,Colombo,110.0,7.26,196,4.8,22.2,5.86,8.0,50,69.85,58.25,Low Demand
2025-07,BK035,Daskon,Wimalaratne Kumaragama,978-955-2233-44-5,Poetry,Colombo,90.0,7.67,208,4.68,33.41,11.4,9.3,50,60.73,59.82,Low Demand
2025-08,BK035,Daskon,Wimalaratne Kumaragama,978-955-2233-44-5,Poetry,Colombo,79.0,6.54,220,4.83,31.9,13.32,8.7,50,70.61,63.23,Moderate Demand
2025-09,BK035,Daskon,Wimalaratne Kumaragama,978-955-2233-44-5,Poetry,Colombo,60.0,8.15,209,4.97,28.13,11.83,33.4,50,60.75,65.06,Moderate Demand
2025-10,BK035,Daskon,Wimalaratne Kumaragama,978-955-2233-44-5,Poetry,Colombo,25.0,6.55,222,4.73,23.41,9.13,10.6,50,60.43,68.14,Moderate Demand
2025-11,BK035,Daskon,Wimalaratne Kumaragama,978-955-2233-44-5,Poetry,Colombo,105.0,7.1,210,4.67,29.54,11.29,9.9,50,45.66,60.13,Low Demand
2025-12,BK035,Daskon,Wimalaratne Kumaragama,978-955-2233-44-5,Poetry,Colombo,59.0,9.96,227,4.92,33.92,14.45,9.3,50,43.16,64.19,Moderate Demand
2025-01,BK035,Daskon,Wimalaratne Kumaragama,978-955-2233-44-5,Poetry,Galle,83.0,17.04,498,5.0,69.23,24.57,9.5,50,81.28,71.94,High Demand
2025-02,BK035,Daskon,Wimalaratne Kumaragama,978-955-2233-44-5,Poetry,Galle,38.0,12.51,437,5.0,60.54,21.69,10.1,50,111.06,75.78,High Demand
2025-03,BK035,Daskon,Wimalaratne Kumaragama,978-955-2233-44-5,Poetry,Galle,51.0,21.83,540,4.89,88.81,29.93,9.5,50,71.94,76.97,High Demand
2025-04,BK035,Daskon,Wimalaratne Kumaragama,978-955-2233-44-5,Poetry,Galle,56.0,23.99,615,4.74,89.21,23.21,22.7,50,96.26,79.61,High Demand
2025-05,BK035,Daskon,Wimalaratne Kumaragama,978-955-2233-44-5,Poetry,Galle,91.0,19.76,513,4.91,67.63,20.87,17.1,50,78.01,71.8,High Demand
2025-06,BK035,Daskon,Wimalaratne Kumaragama,978-955-2233-44-5,Poetry,Galle,50.0,17.4,505,4.88,82.94,22.55,8.8,50,96.14,75.96,High Demand
2025-07,BK035,Daskon,Wimalaratne Kumaragama,978-955-2233-44-5,Poetry,Galle,107.0,19.54,572,4.9,79.09,22.93,9.3,50,79.33,72.3,High Demand
2025-08,BK035,Daskon,Wimalaratne Kumaragama,978-955-2233-44-5,Poetry,Galle,61.0,17.94,579,4.78,75.16,31.07,10.6,50,91.47,76.22,High Demand
2025-09,BK035,Daskon,Wimalaratne Kumaragama,978-955-2233-44-5,Poetry,Galle,90.0,15.92,542,4.94,98.25,24.23,29.0,50,97.8,75.16,High Demand
2025-10,BK035,Daskon,Wimalaratne Kumaragama,978-955-2233-44-5,Poetry,Galle,41.0,23.62,581,4.91,80.8,21.9,6.7,50,85.46,79.38,High Demand
2025-11,BK035,Daskon,Wimalaratne Kumaragama,978-955-2233-44-5,Poetry,Galle,89.0,15.72,503,4.6,88.41,18.4,8.1,50,86.41,72.98,High Demand
2025-12,BK035,Daskon,Wimalaratne Kumaragama,978-955-2233-44-5,Poetry,Galle,41.0,18.09,591,4.9,78.27,28.05,9.4,50,92.39,80.78,High Demand
2025-01,BK035,Daskon,Wimalaratne Kumaragama,978-955-2233-44-5,Poetry,Kandy,53.0,7.01,235,4.64,35.58,11.03,9.7,50,71.96,65.27,Moderate Demand
2025-02,BK035,Daskon,Wimalaratne Kumaragama,978-955-2233-44-5,Poetry,Kandy,90.0,10.81,230,4.83,43.56,13.41,8.8,50,75.09,64.06,Moderate Demand
2025-03,BK035,Daskon,Wimalaratne Kumaragama,978-955-2233-44-5,Poetry,Kandy,62.0,10.05,271,4.78,43.43,14.51,8.7,50,78.05,66.6,Moderate Demand
2025-04,BK035,Daskon,Wimalaratne Kumaragama,978-955-2233-44-5,Poetry,Kandy,45.0,10.31,330,4.84,53.92,10.82,22.2,50,79.4,69.93,Moderate Demand
2025-05,BK035,Daskon,Wimalaratne Kumaragama,978-955-2233-44-5,Poetry,Kandy,87.0,9.03,282,4.72,41.56,15.05,16.8,50,58.5,65.0,Moderate Demand
2025-06,BK035,Daskon,Wimalaratne Kumaragama,978-955-2233-44-5,Poetry,Kandy,60.0,9.6,265,4.74,47.09,11.56,11.1,50,64.72,66.06,Moderate Demand
2025-07,BK035,Daskon,Wimalaratne Kumaragama,978-955-2233-44-5,Poetry,Kandy,58.0,9.75,263,4.73,37.86,14.93,8.1,50,74.45,66.79,Moderate Demand
2025-08,BK035,Daskon,Wimalaratne Kumaragama,978-955-2233-44-5,Poetry,Kandy,77.0,7.12,304,4.7,45.96,12.73,8.2,50,71.91,66.69,Moderate Demand
2025-09,BK035,Daskon,Wimalaratne Kumaragama,978-955-2233-44-5,Poetry,Kandy,46.0,10.34,269,4.58,39.74,12.41,30.0,50,79.77,67.87,Moderate Demand
2025-10,BK035,Daskon,Wimalaratne Kumaragama,978-955-2233-44-5,Poetry,Kandy,80.0,8.91,287,4.86,56.26,11.89,9.5,50,55.54,65.23,Moderate Demand
2025-11,BK035,Daskon,Wimalaratne Kumaragama,978-955-2233-44-5,Poetry,Kandy,37.0,8.42,286,4.69,37.44,16.37,9.3,50,60.51,68.89,Moderate Demand
2025-12,BK035,Daskon,Wimalaratne Kumaragama,978-955-2233-44-5,Poetry,Kandy,60.0,9.31,299,4.84,52.55,14.26,9.5,50,62.03,67.88,Moderate Demand
2025-01,BK036,Pethigomara,K. Jayatillake,978-955-1555-11-0,Novel,Colombo,57.0,27.23,744,4.49,96.26,49.4,8.1,70,108.15,82.41,High Demand
2025-02,BK036,Pethigomara,K. Jayatillake,978-955-1555-11-0,Novel,Colombo,82.0,31.87,687,4.57,122.86,36.03,9.1,70,92.59,78.18,High Demand
2025-03,BK036,Pethigomara,K. Jayatillake,978-955-1555-11-0,Novel,Colombo,104.0,27.05,818,4.58,146.38,30.21,8.7,70,92.71,81.59,High Demand
2025-04,BK036,Pethigomara,K. Jayatillake,978-955-1555-11-0,Novel,Colombo,121.0,35.07,961,4.28,110.2,43.85,25.8,70,128.46,86.07,High Demand
2025-05,BK036,Pethigomara,K. Jayatillake,978-955-1555-11-0,Novel,Colombo,67.0,23.04,829,4.46,145.59,43.68,20.9,70,101.52,82.16,High Demand
2025-06,BK036,Pethigomara,K. Jayatillake,978-955-1555-11-0,Novel,Colombo,92.0,29.04,804,4.51,104.12,44.49,9.8,70,90.27,82.33,High Demand
2025-07,BK036,Pethigomara,K. Jayatillake,978-955-1555-11-0,Novel,Colombo,28.0,28.94,787,4.4,96.38,42.62,8.9,70,114.12,86.83,High Demand
2025-08,BK036,Pethigomara,K. Jayatillake,978-955-1555-11-0,Novel,Colombo,83.0,24.05,998,4.4,147.5,45.99,10.1,70,120.04,88.16,High Demand
2025-09,BK036,Pethigomara,K. Jayatillake,978-955-1555-11-0,Novel,Colombo,87.0,29.61,973,4.55,117.98,36.09,31.9,70,133.74,89.24,High Demand
2025-10,BK036,Pethigomara,K. Jayatillake,978-955-1555-11-0,Novel,Colombo,22.0,37.8,1033,4.7,168.07,35.69,8.2,70,137.14,96.01,High Demand
2025-11,BK036,Pethigomara,K. Jayatillake,978-955-1555-11-0,Novel,Colombo,50.0,18.25,781,4.59,129.72,40.05,9.8,70,96.98,84.88,High Demand
2025-12,BK036,Pethigomara,K. Jayatillake,978-955-1555-11-0,Novel,Colombo,84.0,29.4,942,4.6,74.83,41.49,8.2,70,115.14,88.1,High Demand
2025-01,BK036,Pethigomara,K. Jayatillake,978-955-1555-11-0,Novel,Galle,28.0,22.65,637,4.54,74.06,29.6,9.6,70,92.71,81.19,High Demand
2025-02,BK036,Pethigomara,K. Jayatillake,978-955-1555-11-0,Novel,Galle,60.0,14.58,573,4.79,80.93,30.25,9.8,70,104.52,77.9,High Demand
2025-03,BK036,Pethigomara,K. Jayatillake,978-955-1555-11-0,Novel,Galle,57.0,20.64,686,4.5,113.77,20.4,9.6,70,97.61,79.66,High Demand
2025-04,BK036,Pethigomara,K. Jayatillake,978-955-1555-11-0,Novel,Galle,81.0,25.57,760,4.63,97.76,23.94,23.1,70,124.23,81.89,High Demand
2025-05,BK036,Pethigomara,K. Jayatillake,978-955-1555-11-0,Novel,Galle,35.0,27.22,733,4.98,91.43,35.23,19.9,70,92.24,84.0,High Demand
2025-06,BK036,Pethigomara,K. Jayatillake,978-955-1555-11-0,Novel,Galle,60.0,17.17,658,4.56,111.63,27.66,8.6,70,97.9,79.69,High Demand
2025-07,BK036,Pethigomara,K. Jayatillake,978-955-1555-11-0,Novel,Galle,108.0,27.72,723,4.5,86.0,28.32,8.9,70,121.94,75.55,High Demand
2025-08,BK036,Pethigomara,K. Jayatillake,978-955-1555-11-0,Novel,Galle,98.0,30.0,884,4.27,138.58,48.1,9.6,70,87.67,84.28,High Demand
2025-09,BK036,Pethigomara,K. Jayatillake,978-955-1555-11-0,Novel,Galle,85.0,33.74,841,4.25,96.11,36.67,29.4,70,88.89,81.42,High Demand
2025-10,BK036,Pethigomara,K. Jayatillake,978-955-1555-11-0,Novel,Galle,111.0,32.96,853,4.81,137.09,37.53,9.7,70,123.44,80.16,High Demand
2025-11,BK036,Pethigomara,K. Jayatillake,978-955-1555-11-0,Novel,Galle,99.0,24.3,689,4.51,137.2,31.56,8.3,70,112.37,75.36,High Demand
2025-12,BK036,Pethigomara,K. Jayatillake,978-955-1555-11-0,Novel,Galle,102.0,28.07,778,4.37,93.98,24.44,10.0,70,124.34,79.03,High Demand
2025-01,BK036,Pethigomara,K. Jayatillake,978-955-1555-11-0,Novel,Kandy,36.0,7.72,340,4.44,27.97,20.24,8.2,70,81.26,69.29,Moderate Demand
2025-02,BK036,Pethigomara,K. Jayatillake,978-955-1555-11-0,Novel,Kandy,61.0,9.3,338,4.32,40.66,17.68,10.7,70,86.4,68.13,Moderate Demand
2025-03,BK036,Pethigomara,K. Jayatillake,978-955-1555-11-0,Novel,Kandy,111.0,11.07,414,4.5,67.06,18.82,9.5,70,71.12,66.29,Moderate Demand
2025-04,BK036,Pethigomara,K. Jayatillake,978-955-1555-11-0,Novel,Kandy,63.0,15.05,480,4.4,64.04,25.94,22.5,70,83.57,71.89,High Demand
2025-05,BK036,Pethigomara,K. Jayatillake,978-955-1555-11-0,Novel,Kandy,114.0,15.03,402,4.58,68.48,14.77,21.8,70,82.98,63.74,Moderate Demand
2025-06,BK036,Pethigomara,K. Jayatillake,978-955-1555-11-0,Novel,Kandy,110.0,8.78,378,4.71,43.06,14.77,8.2,70,60.14,64.95,Moderate Demand
2025-07,BK036,Pethigomara,K. Jayatillake,978-955-1555-11-0,Novel,Kandy,53.0,12.45,408,4.56,49.03,14.9,9.7,70,60.67,70.56,Moderate Demand
2025-08,BK036,Pethigomara,K. Jayatillake,978-955-1555-11-0,Novel,Kandy,79.0,12.93,517,4.53,69.57,22.13,10.0,70,76.9,72.35,High Demand
2025-09,BK036,Pethigomara,K. Jayatillake,978-955-1555-11-0,Novel,Kandy,55.0,11.47,468,4.51,82.02,18.89,30.4,70,95.85,72.94,High Demand
2025-10,BK036,Pethigomara,K. Jayatillake,978-955-1555-11-0,Novel,Kandy,96.0,19.94,494,4.68,70.39,24.37,10.0,70,93.67,68.58,Moderate Demand
2025-11,BK036,Pethigomara,K. Jayatillake,978-955-1555-11-0,Novel,Kandy,40.0,14.2,419,4.3,51.68,18.46,9.2,70,62.16,72.52,High Demand
2025-12,BK036,Pethigomara,K. Jayatillake,978-955-1555-11-0,Novel,Kandy,46.0,18.91,444,4.37,66.82,21.43,10.4,70,73.08,72.69,High Demand
2025-01,BK037,Charitha Thunak,K. Jayatillake,978-955-1555-12-7,Novel,Colombo,45.0,8.37,216,3.21,30.7,10.97,10.7,70,45.17,49.07,Low Demand
2025-02,BK037,Charitha Thunak,K. Jayatillake,978-955-1555-12-7,Novel,Colombo,57.0,6.57,218,3.13,38.86,11.1,9.4,70,52.3,47.94,Low Demand
2025-03,BK037,Charitha Thunak,K. Jayatillake,978-955-1555-12-7,Novel,Colombo,64.0,5.46,247,3.36,36.69,12.46,10.7,70,53.85,48.78,Low Demand
2025-04,BK037,Charitha Thunak,K. Jayatillake,978-955-1555-12-7,Novel,Colombo,100.0,13.07,290,3.23,41.33,14.11,24.5,70,56.27,47.67,Low Demand
2025-05,BK037,Charitha Thunak,K. Jayatillake,978-955-1555-12-7,Novel,Colombo,71.0,7.87,262,3.15,35.96,10.07,18.0,70,45.06,48.31,Low Demand
2025-06,BK037,Charitha Thunak,K. Jayatillake,978-955-1555-12-7,Novel,Colombo,89.0,6.31,235,3.38,20.11,7.56,9.5,70,61.08,47.37,Low Demand
2025-07,BK037,Charitha Thunak,K. Jayatillake,978-955-1555-12-7,Novel,Colombo,77.0,9.05,251,3.27,37.13,11.14,8.4,70,60.8,48.33,Low Demand
2025-08,BK037,Charitha Thunak,K. Jayatillake,978-955-1555-12-7,Novel,Colombo,84.0,10.1,306,3.34,54.43,10.36,7.9,70,46.82,49.04,Low Demand
2025-09,BK037,Charitha Thunak,K. Jayatillake,978-955-1555-12-7,Novel,Colombo,101.0,8.83,299,3.3,49.28,15.35,30.5,70,55.42,47.38,Low Demand
2025-10,BK037,Charitha Thunak,K. Jayatillake,978-955-1555-12-7,Novel,Colombo,53.0,8.9,293,3.22,34.51,11.8,8.0,70,64.95,51.8,Low Demand
2025-11,BK037,Charitha Thunak,K. Jayatillake,978-955-1555-12-7,Novel,Colombo,58.0,7.88,230,3.14,26.42,10.12,11.2,70,54.21,48.99,Low Demand
2025-12,BK037,Charitha Thunak,K. Jayatillake,978-955-1555-12-7,Novel,Colombo,102.0,9.35,277,3.37,49.61,13.02,10.7,70,59.33,46.47,Low Demand
2025-01,BK037,Charitha Thunak,K. Jayatillake,978-955-1555-12-7,Novel,Galle,63.0,20.42,561,3.16,75.06,27.88,8.0,70,71.02,59.88,Low Demand
2025-02,BK037,Charitha Thunak,K. Jayatillake,978-955-1555-12-7,Novel,Galle,44.0,17.39,518,3.44,81.49,21.7,10.5,70,95.37,62.43,Low Demand
2025-03,BK037,Charitha Thunak,K. Jayatillake,978-955-1555-12-7,Novel,Galle,79.0,18.01,593,3.33,87.47,28.88,9.3,70,65.03,60.42,Low Demand
2025-04,BK037,Charitha Thunak,K. Jayatillake,978-955-1555-12-7,Novel,Galle,52.0,25.79,702,3.29,95.32,41.31,20.9,70,103.13,67.57,Moderate Demand
2025-05,BK037,Charitha Thunak,K. Jayatillake,978-955-1555-12-7,Novel,Galle,44.0,21.47,632,3.18,90.27,32.67,20.8,70,105.59,65.08,Moderate Demand
2025-06,BK037,Charitha Thunak,K. Jayatillake,978-955-1555-12-7,Novel,Galle,75.0,23.21,587,3.54,117.83,31.6,7.8,70,70.31,60.93,Low Demand
2025-07,BK037,Charitha Thunak,K. Jayatillake,978-955-1555-12-7,Novel,Galle,41.0,18.29,592,3.26,72.13,26.21,10.3,70,96.05,63.68,Moderate Demand
2025-08,BK037,Charitha Thunak,K. Jayatillake,978-955-1555-12-7,Novel,Galle,96.0,23.92,754,3.38,145.4,34.02,9.2,70,104.09,64.46,Moderate Demand
2025-09,BK037,Charitha Thunak,K. Jayatillake,978-955-1555-12-7,Novel,Galle,27.0,19.85,741,3.21,120.26,39.42,28.4,70,82.19,70.22,Moderate Demand
2025-10,BK037,Charitha Thunak,K. Jayatillake,978-955-1555-12-7,Novel,Galle,67.0,31.17,770,3.47,120.1,37.35,8.2,70,95.22,67.26,Moderate Demand
2025-11,BK037,Charitha Thunak,K. Jayatillake,978-955-1555-12-7,Novel,Galle,53.0,14.68,577,3.37,100.53,30.7,9.3,70,98.32,63.39,Moderate Demand
2025-12,BK037,Charitha Thunak,K. Jayatillake,978-955-1555-12-7,Novel,Galle,94.0,24.58,713,3.44,131.21,37.09,9.4,70,83.59,64.7,Moderate Demand
2025-01,BK037,Charitha Thunak,K. Jayatillake,978-955-1555-12-7,Novel,Kandy,90.0,10.13,370,3.41,64.96,13.21,10.2,70,57.01,51.14,Low Demand
2025-02,BK037,Charitha Thunak,K. Jayatillake,978-955-1555-12-7,Novel,Kandy,70.0,12.57,333,3.28,59.03,16.81,10.2,70,33.11,54.33,Low Demand
2025-03,BK037,Charitha Thunak,K. Jayatillake,978-955-1555-12-7,Novel,Kandy,75.0,16.21,446,3.17,55.31,23.76,9.5,70,49.63,56.2,Low Demand
2025-04,BK037,Charitha Thunak,K. Jayatillake,978-955-1555-12-7,Novel,Kandy,100.0,12.02,500,3.3,99.24,23.56,21.3,70,68.67,55.38,Low Demand
2025-05,BK037,Charitha Thunak,K. Jayatillake,978-955-1555-12-7,Novel,Kandy,83.0,14.28,459,3.19,64.63,27.02,19.2,70,67.12,53.45,Low Demand
2025-06,BK037,Charitha Thunak,K. Jayatillake,978-955-1555-12-7,Novel,Kandy,43.0,10.08,431,3.26,52.72,22.14,9.5,70,74.19,58.3,Low Demand
2025-07,BK037,Charitha Thunak,K. Jayatillake,978-955-1555-12-7,Novel,Kandy,49.0,17.98,450,3.56,77.95,24.27,9.5,70,77.86,57.93,Low Demand
2025-08,BK037,Charitha Thunak,K. Jayatillake,978-955-1555-12-7,Novel,Kandy,61.0,15.57,522,3.43,88.39,19.87,7.4,70,96.9,59.27,Low Demand
2025-09,BK037,Charitha Thunak,K. Jayatillake,978-955-1555-12-7,Novel,Kandy,95.0,12.22,501,3.36,75.4,22.07,29.5,70,81.45,56.05,Low Demand
2025-10,BK037,Charitha Thunak,K. Jayatillake,978-955-1555-12-7,Novel,Kandy,81.0,15.06,530,3.41,79.97,23.4,8.9,70,109.54,56.45,Low Demand
2025-11,BK037,Charitha Thunak,K. Jayatillake,978-955-1555-12-7,Novel,Kandy,91.0,15.78,387,3.45,60.17,19.05,9.8,70,71.93,52.32,Low Demand
2025-12,BK037,Charitha Thunak,K. Jayatillake,978-955-1555-12-7,Novel,Kandy,78.0,19.29,462,3.34,92.48,25.24,10.4,70,86.03,56.0,Low Demand
2025-01,BK038,Parajithayo,Siri Gunasinghe,978-955-1100-23-6,Novel,Colombo,53.0,16.4,418,4.3,54.68,18.91,9.7,70,65.63,67.88,Moderate Demand
2025-02,BK038,Parajithayo,Siri Gunasinghe,978-955-1100-23-6,Novel,Colombo,92.0,12.57,406,4.32,49.98,20.99,8.6,70,83.41,63.91,Moderate Demand
2025-03,BK038,Parajithayo,Siri Gunasinghe,978-955-1100-23-6,Novel,Colombo,96.0,14.64,466,4.37,58.99,27.93,9.7,70,91.48,65.69,Moderate Demand
2025-04,BK038,Parajithayo,Siri Gunasinghe,978-955-1100-23-6,Novel,Colombo,109.0,22.41,526,4.6,83.83,24.04,24.3,70,98.35,66.47,Moderate Demand
2025-05,BK038,Parajithayo,Siri Gunasinghe,978-955-1100-23-6,Novel,Colombo,76.0,13.3,471,4.14,64.95,19.31,19.2,70,74.1,65.75,Moderate Demand
2025-06,BK038,Parajithayo,Siri Gunasinghe,978-955-1100-23-6,Novel,Colombo,99.0,14.3,455,4.32,59.17,26.77,9.9,70,79.35,65.78,Moderate Demand
2025-07,BK038,Parajithayo,Siri Gunasinghe,978-955-1100-23-6,Novel,Colombo,70.0,13.03,482,4.23,80.63,27.31,9.7,70,64.31,68.87,Moderate Demand
2025-08,BK038,Parajithayo,Siri Gunasinghe,978-955-1100-23-6,Novel,Colombo,28.0,15.08,583,4.67,96.85,28.71,10.6,70,93.89,76.51,High Demand
2025-09,BK038,Parajithayo,Siri Gunasinghe,978-955-1100-23-6,Novel,Colombo,76.0,24.1,600,4.25,88.77,34.71,29.5,70,76.33,74.19,High Demand
2025-10,BK038,Parajithayo,Siri Gunasinghe,978-955-1100-23-6,Novel,Colombo,52.0,20.14,564,4.5,83.18,15.06,9.4,70,100.12,73.15,High Demand
2025-11,BK038,Parajithayo,Siri Gunasinghe,978-955-1100-23-6,Novel,Colombo,54.0,16.36,456,4.39,66.94,24.45,9.0,70,83.5,70.56,Moderate Demand
2025-12,BK038,Parajithayo,Siri Gunasinghe,978-955-1100-23-6,Novel,Colombo,61.0,19.37,529,4.39,76.31,25.33,8.5,70,96.13,71.68,High Demand
2025-01,BK038,Parajithayo,Siri Gunasinghe,978-955-1100-23-6,Novel,Galle,48.0,9.62,254,4.46,36.13,14.99,9.3,70,68.76,62.46,Low Demand
2025-02,BK038,Parajithayo,Siri Gunasinghe,978-955-1100-23-6,Novel,Galle,108.0,10.82,241,4.38,28.31,12.91,8.7,70,68.57,57.78,Low Demand
2025-03,BK038,Parajithayo,Siri Gunasinghe,978-955-1100-23-6,Novel,Galle,131.0,8.86,275,4.28,38.72,17.34,11.1,70,73.26,56.32,Low Demand
2025-04,BK038,Parajithayo,Siri Gunasinghe,978-955-1100-23-6,Novel,Galle,73.0,10.65,339,4.59,50.67,14.66,23.0,70,71.13,63.3,Moderate Demand
2025-05,BK038,Parajithayo,Siri Gunasinghe,978-955-1100-23-6,Novel,Galle,73.0,7.27,273,4.14,33.21,11.95,21.1,70,47.46,58.44,Low Demand
2025-06,BK038,Parajithayo,Siri Gunasinghe,978-955-1100-23-6,Novel,Galle,111.0,11.25,285,4.04,41.6,11.49,11.0,70,79.46,58.23,Low Demand
2025-07,BK038,Parajithayo,Siri Gunasinghe,978-955-1100-23-6,Novel,Galle,27.0,8.12,276,4.2,39.14,9.97,10.7,70,56.86,65.66,Moderate Demand
2025-08,BK038,Parajithayo,Siri Gunasinghe,978-955-1100-23-6,Novel,Galle,67.0,8.69,361,4.42,47.01,15.14,9.5,70,82.0,65.76,Moderate Demand
2025-09,BK038,Parajithayo,Siri Gunasinghe,978-955-1100-23-6,Novel,Galle,29.0,10.21,321,4.2,42.12,17.72,28.2,70,74.78,67.03,Moderate Demand
2025-10,BK038,Parajithayo,Siri Gunasinghe,978-955-1100-23-6,Novel,Galle,51.0,12.15,375,4.34,49.79,12.79,8.8,70,77.1,67.41,Moderate Demand
2025-11,BK038,Parajithayo,Siri Gunasinghe,978-955-1100-23-6,Novel,Galle,57.0,10.5,276,4.44,49.75,12.94,10.1,70,66.89,61.98,Low Demand
2025-12,BK038,Parajithayo,Siri Gunasinghe,978-955-1100-23-6,Novel,Galle,59.0,11.86,304,4.4,32.83,16.92,7.7,70,70.47,63.96,Moderate Demand
2025-01,BK038,Parajithayo,Siri Gunasinghe,978-955-1100-23-6,Novel,Kandy,45.0,10.73,380,4.37,54.2,18.73,10.4,70,75.18,67.53,Moderate Demand
2025-02,BK038,Parajithayo,Siri Gunasinghe,978-955-1100-23-6,Novel,Kandy,61.0,10.71,347,4.47,58.39,19.2,7.1,70,73.14,66.2,Moderate Demand
2025-03,BK038,Parajithayo,Siri Gunasinghe,978-955-1100-23-6,Novel,Kandy,51.0,13.43,441,4.33,55.03,23.03,9.7,70,76.52,69.81,Moderate Demand
2025-04,BK038,Parajithayo,Siri Gunasinghe,978-955-1100-23-6,Novel,Kandy,43.0,13.53,511,4.48,60.79,25.42,21.8,70,88.13,73.0,High Demand
2025-05,BK038,Parajithayo,Siri Gunasinghe,978-955-1100-23-6,Novel,Kandy,66.0,13.26,419,4.34,48.7,12.77,17.2,70,82.99,67.76,Moderate Demand
2025-06,BK038,Parajithayo,Siri Gunasinghe,978-955-1100-23-6,Novel,Kandy,80.0,14.99,417,4.54,45.29,24.77,10.2,70,71.5,66.99,Moderate Demand
2025-07,BK038,Parajithayo,Siri Gunasinghe,978-955-1100-23-6,Novel,Kandy,67.0,14.2,437,4.49,71.12,20.11,10.4,70,80.0,67.5,Moderate Demand
2025-08,BK038,Parajithayo,Siri Gunasinghe,978-955-1100-23-6,Novel,Kandy,98.0,12.52,535,4.34,70.75,21.02,7.7,70,66.23,66.91,Moderate Demand
2025-09,BK038,Parajithayo,Siri Gunasinghe,978-955-1100-23-6,Novel,Kandy,79.0,13.98,526,4.5,65.23,24.13,28.6,70,74.43,69.82,Moderate Demand
2025-10,BK038,Parajithayo,Siri Gunasinghe,978-955-1100-23-6,Novel,Kandy,49.0,21.46,546,4.47,65.34,25.98,9.1,70,61.91,74.06,High Demand
2025-11,BK038,Parajithayo,Siri Gunasinghe,978-955-1100-23-6,Novel,Kandy,84.0,10.82,392,4.44,57.41,19.25,9.3,70,71.04,64.42,Moderate Demand
2025-12,BK038,Parajithayo,Siri Gunasinghe,978-955-1100-23-6,Novel,Kandy,74.0,19.06,508,4.38,66.4,19.64,9.3,70,89.11,69.43,Moderate Demand
2025-01,BK039,Rosa Malak Mata Denna,Shanthi Dissanayake,978-955-6677-88-1,Novel,Colombo,92.0,29.72,832,3.46,105.44,31.98,11.5,70,113.14,70.74,Moderate Demand
2025-02,BK039,Rosa Malak Mata Denna,Shanthi Dissanayake,978-955-6677-88-1,Novel,Colombo,49.0,26.03,771,3.55,135.52,30.29,9.4,70,80.29,76.66,High Demand
2025-03,BK039,Rosa Malak Mata Denna,Shanthi Dissanayake,978-955-6677-88-1,Novel,Colombo,100.0,26.36,984,3.76,120.08,48.57,10.4,70,127.14,75.35,High Demand
2025-04,BK039,Rosa Malak Mata Denna,Shanthi Dissanayake,978-955-6677-88-1,Novel,Colombo,48.0,37.49,1086,3.8,146.19,44.48,23.4,70,103.02,85.12,High Demand
2025-05,BK039,Rosa Malak Mata Denna,Shanthi Dissanayake,978-955-6677-88-1,Novel,Colombo,69.0,24.74,903,3.38,131.47,39.59,17.4,70,98.78,76.07,High Demand
2025-06,BK039,Rosa Malak Mata Denna,Shanthi Dissanayake,978-955-6677-88-1,Novel,Colombo,48.0,27.78,859,3.49,110.66,31.24,9.7,70,96.39,77.27,High Demand
2025-07,BK039,Rosa Malak Mata Denna,Shanthi Dissanayake,978-955-6677-88-1,Novel,Colombo,69.0,30.9,941,3.31,131.08,43.82,8.5,70,137.28,75.99,High Demand
2025-08,BK039,Rosa Malak Mata Denna,Shanthi Dissanayake,978-955-6677-88-1,Novel,Colombo,77.0,32.92,1162,3.43,141.11,48.81,7.1,70,130.06,83.04,High Demand
2025-09,BK039,Rosa Malak Mata Denna,Shanthi Dissanayake,978-955-6677-88-1,Novel,Colombo,70.0,36.05,1125,3.7,241.56,49.25,29.4,70,170.3,85.52,High Demand
2025-10,BK039,Rosa Malak Mata Denna,Shanthi Dissanayake,978-955-6677-88-1,Novel,Colombo,60.0,35.85,1173,3.53,152.59,60.85,10.1,70,147.24,85.48,High Demand
2025-11,BK039,Rosa Malak Mata Denna,Shanthi Dissanayake,978-955-6677-88-1,Novel,Colombo,78.0,23.54,894,3.7,147.99,42.32,10.0,70,103.61,75.27,High Demand
2025-12,BK039,Rosa Malak Mata Denna,Shanthi Dissanayake,978-955-6677-88-1,Novel,Colombo,78.0,31.93,990,3.85,115.27,37.97,10.3,70,122.88,80.03,High Demand
2025-01,BK039,Rosa Malak Mata Denna,Shanthi Dissanayake,978-955-6677-88-1,Novel,Galle,77.0,5.58,194,3.37,21.98,11.71,7.6,70,62.27,50.7,Low Demand
2025-02,BK039,Rosa Malak Mata Denna,Shanthi Dissanayake,978-955-6677-88-1,Novel,Galle,76.0,4.24,172,3.65,28.36,6.77,9.7,70,43.83,50.73,Low Demand
2025-03,BK039,Rosa Malak Mata Denna,Shanthi Dissanayake,978-955-6677-88-1,Novel,Galle,105.0,6.75,222,3.68,30.16,7.59,7.7,70,49.21,48.22,Low Demand
2025-04,BK039,Rosa Malak Mata Denna,Shanthi Dissanayake,978-955-6677-88-1,Novel,Galle,91.0,8.57,270,3.67,38.14,9.24,23.1,70,57.36,51.24,Low Demand
2025-05,BK039,Rosa Malak Mata Denna,Shanthi Dissanayake,978-955-6677-88-1,Novel,Galle,24.0,6.74,233,3.78,33.33,12.91,19.3,70,51.38,55.82,Low Demand
2025-06,BK039,Rosa Malak Mata Denna,Shanthi Dissanayake,978-955-6677-88-1,Novel,Galle,64.0,4.61,213,3.8,38.3,9.57,10.9,70,50.93,50.86,Low Demand
2025-07,BK039,Rosa Malak Mata Denna,Shanthi Dissanayake,978-955-6677-88-1,Novel,Galle,102.0,8.36,229,3.72,44.71,9.46,9.9,70,68.53,48.27,Low Demand
2025-08,BK039,Rosa Malak Mata Denna,Shanthi Dissanayake,978-955-6677-88-1,Novel,Galle,100.0,9.4,261,3.5,47.93,13.95,9.8,70,57.86,49.85,Low Demand
2025-09,BK039,Rosa Malak Mata Denna,Shanthi Dissanayake,978-955-6677-88-1,Novel,Galle,99.0,9.85,266,3.81,38.92,12.43,33.9,70,54.61,51.14,Low Demand
2025-10,BK039,Rosa Malak Mata Denna,Shanthi Dissanayake,978-955-6677-88-1,Novel,Galle,72.0,9.6,282,3.95,53.54,14.34,9.8,70,54.45,53.74,Low Demand
2025-11,BK039,Rosa Malak Mata Denna,Shanthi Dissanayake,978-955-6677-88-1,Novel,Galle,107.0,5.82,222,3.48,40.93,13.94,10.1,70,42.38,48.4,Low Demand
2025-12,BK039,Rosa Malak Mata Denna,Shanthi Dissanayake,978-955-6677-88-1,Novel,Galle,38.0,8.1,238,3.61,31.09,11.55,9.8,70,62.31,55.3,Low Demand
2025-01,BK039,Rosa Malak Mata Denna,Shanthi Dissanayake,978-955-6677-88-1,Novel,Kandy,41.0,19.83,730,3.68,98.35,37.41,9.8,70,83.74,72.5,High Demand
2025-02,BK039,Rosa Malak Mata Denna,Shanthi Dissanayake,978-955-6677-88-1,Novel,Kandy,112.0,30.43,621,3.57,95.93,32.64,10.2,70,141.15,64.93,Moderate Demand
2025-03,BK039,Rosa Malak Mata Denna,Shanthi Dissanayake,978-955-6677-88-1,Novel,Kandy,26.0,24.55,835,3.68,160.4,37.78,11.0,70,108.67,77.31,High Demand
2025-04,BK039,Rosa Malak Mata Denna,Shanthi Dissanayake,978-955-6677-88-1,Novel,Kandy,46.0,34.37,926,3.68,127.89,56.59,23.2,70,100.68,80.96,High Demand
2025-05,BK039,Rosa Malak Mata Denna,Shanthi Dissanayake,978-955-6677-88-1,Novel,Kandy,95.0,18.97,799,3.8,108.73,38.09,19.7,70,78.94,69.79,Moderate Demand
2025-06,BK039,Rosa Malak Mata Denna,Shanthi Dissanayake,978-955-6677-88-1,Novel,Kandy,56.0,21.05,790,3.59,135.8,39.79,9.1,70,92.32,73.21,High Demand
2025-07,BK039,Rosa Malak Mata Denna,Shanthi Dissanayake,978-955-6677-88-1,Novel,Kandy,43.0,23.07,787,3.61,114.22,21.89,7.8,70,103.22,73.94,High Demand
2025-08,BK039,Rosa Malak Mata Denna,Shanthi Dissanayake,978-955-6677-88-1,Novel,Kandy,79.0,35.93,995,3.91,131.9,36.96,9.4,70,102.39,78.74,High Demand
2025-09,BK039,Rosa Malak Mata Denna,Shanthi Dissanayake,978-955-6677-88-1,Novel,Kandy,42.0,34.91,958,3.78,156.41,41.58,27.7,70,125.23,81.57,High Demand
2025-10,BK039,Rosa Malak Mata Denna,Shanthi Dissanayake,978-955-6677-88-1,Novel,Kandy,41.0,34.68,1025,3.58,157.6,46.96,8.9,70,129.59,83.66,High Demand
2025-11,BK039,Rosa Malak Mata Denna,Shanthi Dissanayake,978-955-6677-88-1,Novel,Kandy,91.0,18.22,798,3.44,70.82,37.63,9.0,70,109.13,70.48,Moderate Demand
2025-12,BK039,Rosa Malak Mata Denna,Shanthi Dissanayake,978-955-6677-88-1,Novel,Kandy,107.0,33.7,848,3.62,101.07,40.59,9.4,70,113.2,72.49,High Demand
2025-01,BK040,Paradal,Shanthi Dissanayake,978-955-6677-89-8,Novel,Colombo,105.0,13.94,513,4.23,82.07,21.6,9.5,70,81.27,64.53,Moderate Demand
2025-02,BK040,Paradal,Shanthi Dissanayake,978-955-6677-89-8,Novel,Colombo,60.0,22.67,498,4.09,55.89,26.03,9.0,70,74.92,69.34,Moderate Demand
2025-03,BK040,Paradal,Shanthi Dissanayake,978-955-6677-89-8,Novel,Colombo,30.0,24.94,587,3.93,102.22,28.75,8.3,70,69.67,74.49,High Demand
2025-04,BK040,Paradal,Shanthi Dissanayake,978-955-6677-89-8,Novel,Colombo,64.0,26.76,704,3.97,100.78,40.49,20.7,70,72.91,76.88,High Demand
2025-05,BK040,Paradal,Shanthi Dissanayake,978-955-6677-89-8,Novel,Colombo,54.0,24.57,652,4.03,95.6,20.7,20.0,70,85.21,74.29,High Demand
2025-06,BK040,Paradal,Shanthi Dissanayake,978-955-6677-89-8,Novel,Colombo,106.0,15.32,585,4.14,89.79,34.13,9.1,70,98.24,67.08,Moderate Demand
2025-07,BK040,Paradal,Shanthi Dissanayake,978-955-6677-89-8,Novel,Colombo,46.0,28.36,611,4.16,56.14,37.63,10.7,70,88.55,72.81,High Demand
2025-08,BK040,Paradal,Shanthi Dissanayake,978-955-6677-89-8,Novel,Colombo,51.0,24.69,738,4.29,90.14,38.68,10.3,70,81.91,77.44,High Demand
2025-09,BK040,Paradal,Shanthi Dissanayake,978-955-6677-89-8,Novel,Colombo,56.0,28.12,721,4.03,84.19,33.52,29.1,70,114.22,76.75,High Demand
2025-10,BK040,Paradal,Shanthi Dissanayake,978-955-6677-89-8,Novel,Colombo,63.0,20.2,733,4.04,107.17,29.3,9.7,70,83.31,76.27,High Demand
2025-11,BK040,Paradal,Shanthi Dissanayake,978-955-6677-89-8,Novel,Colombo,110.0,19.91,604,3.87,109.87,27.45,8.7,70,72.76,67.72,Moderate Demand
2025-12,BK040,Paradal,Shanthi Dissanayake,978-955-6677-89-8,Novel,Colombo,96.0,17.75,667,3.97,90.88,40.17,9.3,70,79.91,72.5,High Demand
2025-01,BK040,Paradal,Shanthi Dissanayake,978-955-6677-89-8,Novel,Galle,87.0,12.32,398,4.06,55.98,18.99,9.6,70,64.12,62.25,Low Demand
2025-02,BK040,Paradal,Shanthi Dissanayake,978-955-6677-89-8,Novel,Galle,56.0,12.25,342,4.05,34.89,11.3,9.2,70,69.31,62.73,Low Demand
2025-03,BK040,Paradal,Shanthi Dissanayake,978-955-6677-89-8,Novel,Galle,33.0,14.61,434,4.07,55.36,8.06,10.3,70,59.37,68.27,Moderate Demand
2025-04,BK040,Paradal,Shanthi Dissanayake,978-955-6677-89-8,Novel,Galle,42.0,20.83,505,4.15,67.23,24.28,19.0,70,60.36,69.65,Moderate Demand
2025-05,BK040,Paradal,Shanthi Dissanayake,978-955-6677-89-8,Novel,Galle,82.0,15.18,435,4.06,58.51,28.76,18.9,70,80.21,63.92,Moderate Demand
2025-06,BK040,Paradal,Shanthi Dissanayake,978-955-6677-89-8,Novel,Galle,56.0,14.61,421,3.88,68.75,12.69,10.6,70,77.29,65.78,Moderate Demand
2025-07,BK040,Paradal,Shanthi Dissanayake,978-955-6677-89-8,Novel,Galle,36.0,13.57,418,4.16,69.6,17.35,8.9,70,79.32,68.14,Moderate Demand
2025-08,BK040,Paradal,Shanthi Dissanayake,978-955-6677-89-8,Novel,Galle,49.0,25.06,579,4.15,80.31,26.94,8.4,70,96.46,72.14,High Demand
2025-09,BK040,Paradal,Shanthi Dissanayake,978-955-6677-89-8,Novel,Galle,44.0,16.11,536,3.99,80.93,26.85,27.7,70,84.79,72.09,High Demand
2025-10,BK040,Paradal,Shanthi Dissanayake,978-955-6677-89-8,Novel,Galle,50.0,19.97,515,4.59,49.06,24.89,9.7,70,103.51,68.92,Moderate Demand
2025-11,BK040,Paradal,Shanthi Dissanayake,978-955-6677-89-8,Novel,Galle,24.0,9.44,425,3.74,72.49,15.12,8.4,70,72.93,69.79,Moderate Demand
2025-12,BK040,Paradal,Shanthi Dissanayake,978-955-6677-89-8,Novel,Galle,96.0,15.03,530,3.9,77.55,23.9,9.5,70,82.75,67.13,Moderate Demand
2025-01,BK040,Paradal,Shanthi Dissanayake,978-955-6677-89-8,Novel,Kandy,32.0,18.19,527,4.02,53.53,21.3,8.7,70,99.33,71.83,High Demand
2025-02,BK040,Paradal,Shanthi Dissanayake,978-955-6677-89-8,Novel,Kandy,33.0,15.53,447,4.01,76.66,28.12,7.8,70,85.0,70.75,Moderate Demand
2025-03,BK040,Paradal,Shanthi Dissanayake,978-955-6677-89-8,Novel,Kandy,32.0,28.23,579,3.94,71.74,24.22,11.4,70,82.87,72.95,High Demand
2025-04,BK040,Paradal,Shanthi Dissanayake,978-955-6677-89-8,Novel,Kandy,60.0,31.93,666,4.15,105.93,36.18,23.7,70,94.0,73.65,High Demand
2025-05,BK040,Paradal,Shanthi Dissanayake,978-955-6677-89-8,Novel,Kandy,37.0,13.02,544,4.29,80.41,19.37,20.5,70,67.57,71.99,High Demand
2025-06,BK040,Paradal,Shanthi Dissanayake,978-955-6677-89-8,Novel,Kandy,62.0,14.86,545,4.2,79.04,22.34,7.9,70,94.4,69.91,Moderate Demand
2025-07,BK040,Paradal,Shanthi Dissanayake,978-955-6677-89-8,Novel,Kandy,68.0,18.45,586,4.14,103.41,22.34,8.5,70,83.24,71.13,High Demand
2025-08,BK040,Paradal,Shanthi Dissanayake,978-955-6677-89-8,Novel,Kandy,97.0,28.3,677,4.33,93.92,29.63,9.9,70,100.61,72.07,High Demand
2025-09,BK040,Paradal,Shanthi Dissanayake,978-955-6677-89-8,Novel,Kandy,54.0,26.89,676,3.89,101.08,28.55,28.5,70,116.37,76.78,High Demand
2025-10,BK040,Paradal,Shanthi Dissanayake,978-955-6677-89-8,Novel,Kandy,48.0,24.35,715,4.1,104.61,25.01,11.7,70,108.91,78.25,High Demand
2025-11,BK040,Paradal,Shanthi Dissanayake,978-955-6677-89-8,Novel,Kandy,88.0,13.39,529,4.12,86.18,23.41,12.8,70,87.58,67.62,Moderate Demand
2025-12,BK040,Paradal,Shanthi Dissanayake,978-955-6677-89-8,Novel,Kandy,57.0,19.04,667,4.06,82.02,22.49,8.2,70,100.51,75.04,High Demand
2025-01,BK041,Girikulu,Shanthi Dissanayake,978-955-6677-90-4,Novel,Colombo,68.0,5.23,298,4.08,48.37,15.97,11.4,70,65.55,60.37,Low Demand
2025-02,BK041,Girikulu,Shanthi Dissanayake,978-955-6677-90-4,Novel,Colombo,52.0,7.05,267,4.08,44.55,11.99,10.2,70,81.28,61.78,Low Demand
2025-03,BK041,Girikulu,Shanthi Dissanayake,978-955-6677-90-4,Novel,Colombo,30.0,11.56,334,4.02,44.11,11.03,11.8,70,46.56,65.12,Moderate Demand
2025-04,BK041,Girikulu,Shanthi Dissanayake,978-955-6677-90-4,Novel,Colombo,34.0,14.22,376,3.94,39.89,17.87,22.5,70,66.13,66.96,Moderate Demand
2025-05,BK041,Girikulu,Shanthi Dissanayake,978-955-6677-90-4,Novel,Colombo,34.0,7.76,309,3.95,51.35,9.63,18.3,70,56.39,63.28,Moderate Demand
2025-06,BK041,Girikulu,Shanthi Dissanayake,978-955-6677-90-4,Novel,Colombo,44.0,10.36,305,4.07,50.42,15.35,10.2,70,70.01,62.69,Low Demand
2025-07,BK041,Girikulu,Shanthi Dissanayake,978-955-6677-90-4,Novel,Colombo,55.0,12.81,311,4.18,50.88,14.34,8.1,70,63.62,62.37,Low Demand
2025-08,BK041,Girikulu,Shanthi Dissanayake,978-955-6677-90-4,Novel,Colombo,71.0,13.74,414,4.18,71.15,25.42,7.9,70,74.68,63.27,Moderate Demand
2025-09,BK041,Girikulu,Shanthi Dissanayake,978-955-6677-90-4,Novel,Colombo,37.0,11.45,362,4.22,66.54,19.04,30.8,70,91.88,66.36,Moderate Demand
2025-10,BK041,Girikulu,Shanthi Dissanayake,978-955-6677-90-4,Novel,Colombo,60.0,14.86,417,3.74,60.88,16.25,9.3,70,76.71,65.43,Moderate Demand
2025-11,BK041,Girikulu,Shanthi Dissanayake,978-955-6677-90-4,Novel,Colombo,53.0,11.49,316,3.96,58.65,17.68,9.2,70,75.59,62.28,Low Demand
2025-12,BK041,Girikulu,Shanthi Dissanayake,978-955-6677-90-4,Novel,Colombo,35.0,11.5,340,3.95,51.16,16.08,10.0,70,64.24,66.02,Moderate Demand
2025-01,BK041,Girikulu,Shanthi Dissanayake,978-955-6677-90-4,Novel,Galle,47.0,5.96,203,4.09,22.98,10.2,11.5,70,50.5,58.72,Low Demand
2025-02,BK041,Girikulu,Shanthi Dissanayake,978-955-6677-90-4,Novel,Galle,46.0,6.14,185,4.1,29.88,4.5,8.2,70,47.8,59.71,Low Demand
2025-03,BK041,Girikulu,Shanthi Dissanayake,978-955-6677-90-4,Novel,Galle,78.0,7.44,227,4.04,32.31,9.28,9.0,70,72.2,56.48,Low Demand
2025-04,BK041,Girikulu,Shanthi Dissanayake,978-955-6677-90-4,Novel,Galle,76.0,8.05,266,4.23,41.96,11.04,21.2,70,51.18,57.76,Low Demand
2025-05,BK041,Girikulu,Shanthi Dissanayake,978-955-6677-90-4,Novel,Galle,117.0,9.31,235,4.01,45.1,12.38,19.7,70,54.64,53.16,Low Demand
2025-06,BK041,Girikulu,Shanthi Dissanayake,978-955-6677-90-4,Novel,Galle,56.0,8.76,228,4.14,35.11,8.94,9.9,70,81.65,58.73,Low Demand
2025-07,BK041,Girikulu,Shanthi Dissanayake,978-955-6677-90-4,Novel,Galle,123.0,8.34,218,4.17,36.33,10.97,10.7,70,61.61,52.87,Low Demand
2025-08,BK041,Girikulu,Shanthi Dissanayake,978-955-6677-90-4,Novel,Galle,96.0,12.41,286,4.17,49.32,13.53,9.3,70,63.85,57.29,Low Demand
2025-09,BK041,Girikulu,Shanthi Dissanayake,978-955-6677-90-4,Novel,Galle,50.0,12.06,285,4.05,55.54,10.42,28.9,70,61.79,59.44,Low Demand
2025-10,BK041,Girikulu,Shanthi Dissanayake,978-955-6677-90-4,Novel,Galle,49.0,11.7,292,4.3,41.16,11.24,9.8,70,51.88,61.53,Low Demand
2025-11,BK041,Girikulu,Shanthi Dissanayake,978-955-6677-90-4,Novel,Galle,80.0,8.44,238,4.21,33.09,12.07,8.5,70,63.96,57.29,Low Demand
2025-12,BK041,Girikulu,Shanthi Dissanayake,978-955-6677-90-4,Novel,Galle,70.0,8.58,266,4.25,51.14,11.72,11.2,70,72.62,58.09,Low Demand
2025-01,BK041,Girikulu,Shanthi Dissanayake,978-955-6677-90-4,Novel,Kandy,58.0,11.94,266,4.15,30.86,11.39,11.2,70,53.04,59.83,Low Demand
2025-02,BK041,Girikulu,Shanthi Dissanayake,978-955-6677-90-4,Novel,Kandy,86.0,7.18,227,4.13,26.04,11.39,8.2,70,56.05,56.4,Low Demand
2025-03,BK041,Girikulu,Shanthi Dissanayake,978-955-6677-90-4,Novel,Kandy,39.0,8.58,297,3.97,27.64,14.64,9.3,70,81.25,61.96,Low Demand
2025-04,BK041,Girikulu,Shanthi Dissanayake,978-955-6677-90-4,Novel,Kandy,80.0,10.06,354,3.82,61.65,15.51,21.7,70,65.24,61.38,Low Demand
2025-05,BK041,Girikulu,Shanthi Dissanayake,978-955-6677-90-4,Novel,Kandy,38.0,9.91,296,3.92,29.71,13.34,19.7,70,71.7,62.87,Moderate Demand
2025-06,BK041,Girikulu,Shanthi Dissanayake,978-955-6677-90-4,Novel,Kandy,68.0,10.18,285,3.86,41.11,9.61,9.1,70,87.22,59.32,Low Demand
2025-07,BK041,Girikulu,Shanthi Dissanayake,978-955-6677-90-4,Novel,Kandy,86.0,11.53,304,4.09,44.15,13.7,8.6,70,55.94,58.21,Low Demand
2025-08,BK041,Girikulu,Shanthi Dissanayake,978-955-6677-90-4,Novel,Kandy,94.0,11.8,380,3.86,67.81,18.06,11.8,70,69.8,60.43,Low Demand
2025-09,BK041,Girikulu,Shanthi Dissanayake,978-955-6677-90-4,Novel,Kandy,108.0,8.94,380,4.03,44.31,23.91,32.5,70,61.63,60.91,Low Demand
2025-10,BK041,Girikulu,Shanthi Dissanayake,978-955-6677-90-4,Novel,Kandy,47.0,12.66,372,3.96,56.14,13.75,11.8,70,45.03,65.1,Moderate Demand
2025-11,BK041,Girikulu,Shanthi Dissanayake,978-955-6677-90-4,Novel,Kandy,69.0,11.43,294,4.11,44.8,16.99,8.5,70,78.42,60.07,Low Demand
2025-12,BK041,Girikulu,Shanthi Dissanayake,978-955-6677-90-4,Novel,Kandy,72.0,10.6,316,4.07,56.57,12.62,9.1,70,72.78,60.29,Low Demand
2025-01,BK042,Sakkarang,Prasanna Vithanage (Adapt.),978-955-3322-11-9,Drama,Colombo,45.0,18.55,588,3.61,84.58,32.22,10.3,65,76.22,63.66,Moderate Demand
2025-02,BK042,Sakkarang,Prasanna Vithanage (Adapt.),978-955-3322-11-9,Drama,Colombo,66.0,21.42,547,3.56,83.0,17.46,10.4,65,87.15,63.05,Moderate Demand
2025-03,BK042,Sakkarang,Prasanna Vithanage (Adapt.),978-955-3322-11-9,Drama,Colombo,104.0,26.49,660,3.64,91.35,28.54,10.6,65,77.68,61.2,Low Demand
2025-04,BK042,Sakkarang,Prasanna Vithanage (Adapt.),978-955-3322-11-9,Drama,Colombo,90.0,25.56,775,3.4,131.03,21.46,22.5,65,73.98,66.18,Moderate Demand
2025-05,BK042,Sakkarang,Prasanna Vithanage (Adapt.),978-955-3322-11-9,Drama,Colombo,102.0,17.27,705,3.15,115.24,22.16,19.7,65,79.72,63.5,Moderate Demand
2025-06,BK042,Sakkarang,Prasanna Vithanage (Adapt.),978-955-3322-11-9,Drama,Colombo,113.0,18.58,616,3.54,90.09,26.23,10.0,65,73.59,59.75,Low Demand
2025-07,BK042,Sakkarang,Prasanna Vithanage (Adapt.),978-955-3322-11-9,Drama,Colombo,55.0,21.14,674,3.68,101.76,31.98,9.3,65,72.45,65.19,Moderate Demand
2025-08,BK042,Sakkarang,Prasanna Vithanage (Adapt.),978-955-3322-11-9,Drama,Colombo,95.0,16.58,740,3.33,86.92,30.94,8.2,65,108.28,65.37,Moderate Demand
2025-09,BK042,Sakkarang,Prasanna Vithanage (Adapt.),978-955-3322-11-9,Drama,Colombo,88.0,26.55,704,3.61,108.98,33.97,26.8,65,78.42,64.91,Moderate Demand
2025-10,BK042,Sakkarang,Prasanna Vithanage (Adapt.),978-955-3322-11-9,Drama,Colombo,74.0,20.07,715,3.36,89.67,28.69,8.1,65,74.1,65.9,Moderate Demand
2025-11,BK042,Sakkarang,Prasanna Vithanage (Adapt.),978-955-3322-11-9,Drama,Colombo,110.0,24.24,669,3.44,94.31,40.7,9.1,65,90.92,62.35,Low Demand
2025-12,BK042,Sakkarang,Prasanna Vithanage (Adapt.),978-955-3322-11-9,Drama,Colombo,48.0,25.91,752,3.37,142.19,31.67,8.7,65,101.87,70.39,Moderate Demand
2025-01,BK042,Sakkarang,Prasanna Vithanage (Adapt.),978-955-3322-11-9,Drama,Galle,109.0,6.05,198,3.32,39.85,12.31,9.1,65,62.88,43.1,Low Demand
2025-02,BK042,Sakkarang,Prasanna Vithanage (Adapt.),978-955-3322-11-9,Drama,Galle,30.0,8.16,179,3.31,28.74,11.67,8.6,65,51.39,50.76,Low Demand
2025-03,BK042,Sakkarang,Prasanna Vithanage (Adapt.),978-955-3322-11-9,Drama,Galle,86.0,7.15,245,3.15,34.46,8.7,8.3,65,41.32,47.82,Low Demand
2025-04,BK042,Sakkarang,Prasanna Vithanage (Adapt.),978-955-3322-11-9,Drama,Galle,106.0,7.97,270,3.42,38.26,13.5,22.2,65,47.59,46.49,Low Demand
2025-05,BK042,Sakkarang,Prasanna Vithanage (Adapt.),978-955-3322-11-9,Drama,Galle,56.0,7.96,235,3.41,37.72,9.94,17.1,65,60.22,48.85,Low Demand
2025-06,BK042,Sakkarang,Prasanna Vithanage (Adapt.),978-955-3322-11-9,Drama,Galle,35.0,8.72,229,3.52,30.59,12.77,9.6,65,46.8,52.3,Low Demand
2025-07,BK042,Sakkarang,Prasanna Vithanage (Adapt.),978-955-3322-11-9,Drama,Galle,101.0,7.48,232,3.36,38.0,10.04,10.9,65,55.49,45.42,Low Demand
2025-08,BK042,Sakkarang,Prasanna Vithanage (Adapt.),978-955-3322-11-9,Drama,Galle,42.0,6.77,252,3.46,47.12,14.3,8.9,65,69.69,52.22,Low Demand
2025-09,BK042,Sakkarang,Prasanna Vithanage (Adapt.),978-955-3322-11-9,Drama,Galle,90.0,9.05,243,3.73,41.54,11.23,29.1,65,40.87,47.08,Low Demand
2025-10,BK042,Sakkarang,Prasanna Vithanage (Adapt.),978-955-3322-11-9,Drama,Galle,55.0,8.43,237,3.54,31.62,9.5,8.9,65,39.53,50.5,Low Demand
2025-11,BK042,Sakkarang,Prasanna Vithanage (Adapt.),978-955-3322-11-9,Drama,Galle,91.0,11.23,249,3.37,41.41,9.36,7.6,65,51.98,46.71,Low Demand
2025-12,BK042,Sakkarang,Prasanna Vithanage (Adapt.),978-955-3322-11-9,Drama,Galle,26.0,8.41,262,3.43,33.46,12.46,10.3,65,54.65,53.88,Low Demand
2025-01,BK042,Sakkarang,Prasanna Vithanage (Adapt.),978-955-3322-11-9,Drama,Kandy,45.0,20.19,604,3.4,60.74,29.41,10.8,65,92.64,65.14,Moderate Demand
2025-02,BK042,Sakkarang,Prasanna Vithanage (Adapt.),978-955-3322-11-9,Drama,Kandy,69.0,17.01,527,3.58,99.22,28.87,9.2,65,58.99,60.44,Low Demand
2025-03,BK042,Sakkarang,Prasanna Vithanage (Adapt.),978-955-3322-11-9,Drama,Kandy,56.0,16.03,665,3.33,123.83,29.91,10.0,65,93.67,65.52,Moderate Demand
2025-04,BK042,Sakkarang,Prasanna Vithanage (Adapt.),978-955-3322-11-9,Drama,Kandy,65.0,26.34,780,3.56,144.08,38.95,20.8,65,92.55,70.55,Moderate Demand
2025-05,BK042,Sakkarang,Prasanna Vithanage (Adapt.),978-955-3322-11-9,Drama,Kandy,72.0,25.48,690,3.46,96.13,29.45,19.5,65,63.54,64.5,Moderate Demand
2025-06,BK042,Sakkarang,Prasanna Vithanage (Adapt.),978-955-3322-11-9,Drama,Kandy,76.0,17.83,646,3.0,39.92,26.38,7.4,65,82.23,64.27,Moderate Demand
2025-07,BK042,Sakkarang,Prasanna Vithanage (Adapt.),978-955-3322-11-9,Drama,Kandy,46.0,18.85,660,3.48,82.96,24.22,8.0,65,91.99,66.37,Moderate Demand
2025-08,BK042,Sakkarang,Prasanna Vithanage (Adapt.),978-955-3322-11-9,Drama,Kandy,56.0,18.07,700,3.29,112.57,29.3,9.5,65,113.98,66.55,Moderate Demand
2025-09,BK042,Sakkarang,Prasanna Vithanage (Adapt.),978-955-3322-11-9,Drama,Kandy,65.0,28.2,689,3.25,91.9,31.96,32.0,65,80.35,65.12,Moderate Demand
2025-10,BK042,Sakkarang,Prasanna Vithanage (Adapt.),978-955-3322-11-9,Drama,Kandy,98.0,20.04,696,3.4,129.6,39.58,9.2,65,98.87,63.56,Moderate Demand
2025-11,BK042,Sakkarang,Prasanna Vithanage (Adapt.),978-955-3322-11-9,Drama,Kandy,39.0,22.67,619,3.45,80.46,37.06,10.6,65,66.26,66.68,Moderate Demand
2025-12,BK042,Sakkarang,Prasanna Vithanage (Adapt.),978-955-3322-11-9,Drama,Kandy,112.0,22.44,789,3.76,126.86,30.76,10.5,65,113.7,65.84,Moderate Demand
2025-01,BK043,Bhatti,Edward Mallawaarachchi,978-955-5544-33-2,Novel,Colombo,50.0,12.02,368,4.63,52.11,19.14,8.7,70,75.97,70.3,Moderate Demand
2025-02,BK043,Bhatti,Edward Mallawaarachchi,978-955-5544-33-2,Novel,Colombo,71.0,10.18,319,4.46,56.53,12.75,8.5,70,91.94,67.74,Moderate Demand
2025-03,BK043,Bhatti,Edward Mallawaarachchi,978-955-5544-33-2,Novel,Colombo,53.0,8.14,420,4.57,44.94,22.34,8.9,70,61.47,72.03,High Demand
2025-04,BK043,Bhatti,Edward Mallawaarachchi,978-955-5544-33-2,Novel,Colombo,91.0,14.89,441,4.65,63.87,13.43,23.2,70,65.83,70.04,Moderate Demand
2025-05,BK043,Bhatti,Edward Mallawaarachchi,978-955-5544-33-2,Novel,Colombo,30.0,13.6,387,4.45,59.14,20.87,19.9,70,55.07,73.27,High Demand
2025-06,BK043,Bhatti,Edward Mallawaarachchi,978-955-5544-33-2,Novel,Colombo,29.0,8.55,397,4.56,54.63,17.14,8.3,70,99.97,73.4,High Demand
2025-07,BK043,Bhatti,Edward Mallawaarachchi,978-955-5544-33-2,Novel,Colombo,52.0,12.14,388,4.35,42.09,17.8,8.2,70,70.18,71.23,High Demand
2025-08,BK043,Bhatti,Edward Mallawaarachchi,978-955-5544-33-2,Novel,Colombo,28.0,14.58,488,4.43,63.71,21.94,9.6,70,59.19,77.09,High Demand
2025-09,BK043,Bhatti,Edward Mallawaarachchi,978-955-5544-33-2,Novel,Colombo,67.0,13.39,492,4.55,59.66,18.02,29.9,70,75.0,73.21,High Demand
2025-10,BK043,Bhatti,Edward Mallawaarachchi,978-955-5544-33-2,Novel,Colombo,66.0,14.58,472,4.71,75.94,21.82,8.4,70,94.1,72.37,High Demand
2025-11,BK043,Bhatti,Edward Mallawaarachchi,978-955-5544-33-2,Novel,Colombo,78.0,8.94,400,4.46,64.65,17.42,10.1,70,85.68,69.55,Moderate Demand
2025-12,BK043,Bhatti,Edward Mallawaarachchi,978-955-5544-33-2,Novel,Colombo,36.0,14.94,430,4.48,67.63,22.34,9.8,70,86.19,73.96,High Demand
2025-01,BK043,Bhatti,Edward Mallawaarachchi,978-955-5544-33-2,Novel,Galle,52.0,12.06,311,4.61,46.2,14.63,9.6,70,54.93,68.07,Moderate Demand
2025-02,BK043,Bhatti,Edward Mallawaarachchi,978-955-5544-33-2,Novel,Galle,38.0,8.19,292,4.44,46.12,19.13,11.7,70,69.2,69.7,Moderate Demand
2025-03,BK043,Bhatti,Edward Mallawaarachchi,978-955-5544-33-2,Novel,Galle,47.0,11.01,345,4.52,52.12,16.88,8.0,70,49.26,69.9,Moderate Demand
2025-04,BK043,Bhatti,Edward Mallawaarachchi,978-955-5544-33-2,Novel,Galle,57.0,16.94,409,4.46,40.44,15.78,20.2,70,59.49,71.66,High Demand
2025-05,BK043,Bhatti,Edward Mallawaarachchi,978-955-5544-33-2,Novel,Galle,48.0,11.66,354,4.86,54.88,17.02,19.0,70,80.44,69.47,Moderate Demand
2025-06,BK043,Bhatti,Edward Mallawaarachchi,978-955-5544-33-2,Novel,Galle,83.0,9.7,319,4.51,55.51,11.79,8.3,70,81.71,65.32,Moderate Demand
2025-07,BK043,Bhatti,Edward Mallawaarachchi,978-955-5544-33-2,Novel,Galle,98.0,9.13,335,4.82,45.03,13.63,10.2,70,69.43,64.45,Moderate Demand
2025-08,BK043,Bhatti,Edward Mallawaarachchi,978-955-5544-33-2,Novel,Galle,73.0,14.79,445,4.61,70.49,22.24,9.9,70,56.78,70.81,High Demand
2025-09,BK043,Bhatti,Edward Mallawaarachchi,978-955-5544-33-2,Novel,Galle,55.0,14.37,441,4.86,49.5,17.76,30.0,70,68.63,73.23,High Demand
2025-10,BK043,Bhatti,Edward Mallawaarachchi,978-955-5544-33-2,Novel,Galle,99.0,16.25,455,4.46,65.25,19.97,8.9,70,76.41,69.87,Moderate Demand
2025-11,BK043,Bhatti,Edward Mallawaarachchi,978-955-5544-33-2,Novel,Galle,42.0,8.08,327,4.62,48.0,17.73,9.0,70,90.79,70.03,Moderate Demand
2025-12,BK043,Bhatti,Edward Mallawaarachchi,978-955-5544-33-2,Novel,Galle,94.0,14.55,369,4.21,60.94,15.7,9.6,70,67.41,66.33,Moderate Demand
2025-01,BK043,Bhatti,Edward Mallawaarachchi,978-955-5544-33-2,Novel,Kandy,91.0,11.9,396,4.78,64.71,15.09,9.5,70,58.4,67.87,Moderate Demand
2025-02,BK043,Bhatti,Edward Mallawaarachchi,978-955-5544-33-2,Novel,Kandy,88.0,13.51,341,4.69,74.63,12.89,9.4,70,60.57,66.69,Moderate Demand
2025-03,BK043,Bhatti,Edward Mallawaarachchi,978-955-5544-33-2,Novel,Kandy,54.0,12.71,449,4.54,28.89,30.25,9.6,70,69.29,72.72,High Demand
2025-04,BK043,Bhatti,Edward Mallawaarachchi,978-955-5544-33-2,Novel,Kandy,78.0,13.61,524,4.91,60.5,20.24,22.6,70,79.83,73.2,High Demand
2025-05,BK043,Bhatti,Edward Mallawaarachchi,978-955-5544-33-2,Novel,Kandy,63.0,12.53,430,5.0,56.46,19.34,19.0,70,75.88,70.86,High Demand
2025-06,BK043,Bhatti,Edward Mallawaarachchi,978-955-5544-33-2,Novel,Kandy,75.0,11.17,400,4.82,61.93,18.78,10.4,70,103.36,68.87,Moderate Demand
2025-07,BK043,Bhatti,Edward Mallawaarachchi,978-955-5544-33-2,Novel,Kandy,85.0,12.41,411,4.83,52.72,22.17,9.7,70,70.26,68.47,Moderate Demand
2025-08,BK043,Bhatti,Edward Mallawaarachchi,978-955-5544-33-2,Novel,Kandy,54.0,20.23,565,4.62,66.9,22.04,9.6,70,58.1,75.22,High Demand
2025-09,BK043,Bhatti,Edward Mallawaarachchi,978-955-5544-33-2,Novel,Kandy,49.0,19.8,502,4.49,52.46,18.4,28.5,70,100.22,75.46,High Demand
2025-10,BK043,Bhatti,Edward Mallawaarachchi,978-955-5544-33-2,Novel,Kandy,78.0,17.59,527,4.39,57.42,24.88,7.9,70,76.28,73.93,High Demand
2025-11,BK043,Bhatti,Edward Mallawaarachchi,978-955-5544-33-2,Novel,Kandy,109.0,11.87,392,4.76,48.89,16.94,11.0,70,67.78,67.01,Moderate Demand
2025-12,BK043,Bhatti,Edward Mallawaarachchi,978-955-5544-33-2,Novel,Kandy,51.0,14.4,468,4.32,90.33,16.65,12.0,70,75.68,75.16,High Demand
2025-01,BK044,Sihina Kumari,Edward Mallawaarachchi,978-955-5544-34-9,Novel,Colombo,77.0,15.2,428,4.79,54.22,12.2,9.8,70,85.19,70.97,High Demand
2025-02,BK044,Sihina Kumari,Edward Mallawaarachchi,978-955-5544-34-9,Novel,Colombo,77.0,17.39,408,5.0,92.26,21.58,7.1,70,84.82,72.61,High Demand
2025-03,BK044,Sihina Kumari,Edward Mallawaarachchi,978-955-5544-34-9,Novel,Colombo,94.0,14.27,468,4.86,78.78,19.51,10.6,70,90.55,71.88,High Demand
2025-04,BK044,Sihina Kumari,Edward Mallawaarachchi,978-955-5544-34-9,Novel,Colombo,77.0,18.3,561,4.62,76.16,32.3,21.8,70,87.64,76.06,High Demand
2025-05,BK044,Sihina Kumari,Edward Mallawaarachchi,978-955-5544-34-9,Novel,Colombo,61.0,14.29,508,4.68,82.24,20.26,18.6,70,88.02,76.25,High Demand
2025-06,BK044,Sihina Kumari,Edward Mallawaarachchi,978-955-5544-34-9,Novel,Colombo,70.0,16.46,477,4.97,85.97,23.4,9.8,70,71.05,75.6,High Demand
2025-07,BK044,Sihina Kumari,Edward Mallawaarachchi,978-955-5544-34-9,Novel,Colombo,54.0,18.49,493,4.64,56.82,26.82,10.4,70,71.0,76.73,High Demand
2025-08,BK044,Sihina Kumari,Edward Mallawaarachchi,978-955-5544-34-9,Novel,Colombo,55.0,10.27,629,4.72,66.19,18.83,11.0,70,86.51,80.15,High Demand
2025-09,BK044,Sihina Kumari,Edward Mallawaarachchi,978-955-5544-34-9,Novel,Colombo,109.0,21.04,605,4.58,107.82,29.94,31.4,70,88.59,76.39,High Demand
2025-10,BK044,Sihina Kumari,Edward Mallawaarachchi,978-955-5544-34-9,Novel,Colombo,66.0,17.22,589,4.79,73.8,21.92,7.8,70,67.08,78.41,High Demand
2025-11,BK044,Sihina Kumari,Edward Mallawaarachchi,978-955-5544-34-9,Novel,Colombo,89.0,9.35,464,4.72,74.71,16.88,11.4,70,67.88,72.84,High Demand
2025-12,BK044,Sihina Kumari,Edward Mallawaarachchi,978-955-5544-34-9,Novel,Colombo,22.0,19.07,543,4.96,90.18,25.34,8.9,70,109.61,82.07,High Demand
2025-01,BK044,Sihina Kumari,Edward Mallawaarachchi,978-955-5544-34-9,Novel,Galle,63.0,13.56,427,4.65,45.78,20.96,10.6,70,96.81,73.8,High Demand
2025-02,BK044,Sihina Kumari,Edward Mallawaarachchi,978-955-5544-34-9,Novel,Galle,87.0,14.2,374,4.76,63.58,15.76,10.0,70,101.62,71.77,High Demand
2025-03,BK044,Sihina Kumari,Edward Mallawaarachchi,978-955-5544-34-9,Novel,Galle,91.0,12.78,516,4.44,80.43,22.43,9.6,70,103.87,74.35,High Demand
2025-04,BK044,Sihina Kumari,Edward Mallawaarachchi,978-955-5544-34-9,Novel,Galle,87.0,26.77,589,5.0,97.15,33.25,25.7,70,108.58,78.34,High Demand
2025-05,BK044,Sihina Kumari,Edward Mallawaarachchi,978-955-5544-34-9,Novel,Galle,45.0,16.17,492,4.97,69.92,26.12,19.6,70,110.46,77.95,High Demand
2025-06,BK044,Sihina Kumari,Edward Mallawaarachchi,978-955-5544-34-9,Novel,Galle,38.0,14.31,456,4.77,72.36,21.15,9.5,70,93.29,77.36,High Demand
2025-07,BK044,Sihina Kumari,Edward Mallawaarachchi,978-955-5544-34-9,Novel,Galle,45.0,18.07,445,4.83,67.89,19.23,8.4,70,78.2,75.66,High Demand
2025-08,BK044,Sihina Kumari,Edward Mallawaarachchi,978-955-5544-34-9,Novel,Galle,51.0,21.21,592,4.87,86.24,28.48,9.4,70,89.82,81.8,High Demand
2025-09,BK044,Sihina Kumari,Edward Mallawaarachchi,978-955-5544-34-9,Novel,Galle,57.0,21.5,565,4.98,105.6,29.21,29.2,70,98.47,79.37,High Demand
2025-10,BK044,Sihina Kumari,Edward Mallawaarachchi,978-955-5544-34-9,Novel,Galle,37.0,23.53,609,4.55,101.94,27.81,9.3,70,102.12,82.57,High Demand
2025-11,BK044,Sihina Kumari,Edward Mallawaarachchi,978-955-5544-34-9,Novel,Galle,33.0,10.04,465,4.69,91.67,22.35,11.1,70,83.27,78.96,High Demand
2025-12,BK044,Sihina Kumari,Edward Mallawaarachchi,978-955-5544-34-9,Novel,Galle,35.0,22.08,516,5.0,82.32,28.01,9.5,70,84.27,80.16,High Demand
2025-01,BK044,Sihina Kumari,Edward Mallawaarachchi,978-955-5544-34-9,Novel,Kandy,45.0,16.42,541,4.99,90.57,19.25,9.3,70,89.54,80.28,High Demand
2025-02,BK044,Sihina Kumari,Edward Mallawaarachchi,978-955-5544-34-9,Novel,Kandy,111.0,18.95,506,4.92,69.14,26.57,11.9,70,79.85,73.62,High Demand
2025-03,BK044,Sihina Kumari,Edward Mallawaarachchi,978-955-5544-34-9,Novel,Kandy,111.0,22.28,597,4.83,76.18,29.11,8.0,70,129.33,76.16,High Demand
2025-04,BK044,Sihina Kumari,Edward Mallawaarachchi,978-955-5544-34-9,Novel,Kandy,108.0,20.39,696,4.93,113.81,32.17,23.4,70,112.73,82.05,High Demand
2025-05,BK044,Sihina Kumari,Edward Mallawaarachchi,978-955-5544-34-9,Novel,Kandy,118.0,21.66,637,4.94,92.9,26.19,21.0,70,65.63,75.11,High Demand
2025-06,BK044,Sihina Kumari,Edward Mallawaarachchi,978-955-5544-34-9,Novel,Kandy,57.0,20.86,554,4.95,76.83,32.32,9.1,70,106.02,79.7,High Demand
2025-07,BK044,Sihina Kumari,Edward Mallawaarachchi,978-955-5544-34-9,Novel,Kandy,36.0,19.25,601,4.66,86.06,25.45,8.5,70,81.77,82.38,High Demand
2025-08,BK044,Sihina Kumari,Edward Mallawaarachchi,978-955-5544-34-9,Novel,Kandy,109.0,24.58,703,4.81,73.33,29.18,10.2,70,98.49,78.46,High Demand
2025-09,BK044,Sihina Kumari,Edward Mallawaarachchi,978-955-5544-34-9,Novel,Kandy,39.0,18.15,749,4.86,113.22,31.24,29.9,70,108.26,88.2,High Demand
2025-10,BK044,Sihina Kumari,Edward Mallawaarachchi,978-955-5544-34-9,Novel,Kandy,97.0,18.67,726,4.84,120.85,30.75,7.3,70,119.89,81.6,High Demand
2025-11,BK044,Sihina Kumari,Edward Mallawaarachchi,978-955-5544-34-9,Novel,Kandy,122.0,15.04,561,4.66,75.56,25.16,10.0,70,92.63,74.31,High Demand
2025-12,BK044,Sihina Kumari,Edward Mallawaarachchi,978-955-5544-34-9,Novel,Kandy,109.0,24.24,684,4.78,79.82,29.01,9.2,70,107.42,79.01,High Demand
2025-01,BK045,Adaraneeya Wasthuwe,Upul Shantha Sannasgala,978-955-8811-22-5,Novel,Colombo,58.0,28.77,545,4.06,111.06,17.25,8.4,70,82.56,71.56,High Demand
2025-02,BK045,Adaraneeya Wasthuwe,Upul Shantha Sannasgala,978-955-8811-22-5,Novel,Colombo,59.0,17.68,474,4.11,80.06,16.37,9.9,70,113.78,69.21,Moderate Demand
2025-03,BK045,Adaraneeya Wasthuwe,Upul Shantha Sannasgala,978-955-8811-22-5,Novel,Colombo,33.0,19.34,615,4.24,70.04,25.22,9.4,70,89.31,76.27,High Demand
2025-04,BK045,Adaraneeya Wasthuwe,Upul Shantha Sannasgala,978-955-8811-22-5,Novel,Colombo,93.0,23.37,709,4.29,89.23,31.46,22.9,70,84.52,73.71,High Demand
2025-05,BK045,Adaraneeya Wasthuwe,Upul Shantha Sannasgala,978-955-8811-22-5,Novel,Colombo,40.0,24.28,645,4.28,67.58,24.18,19.1,70,72.09,76.56,High Demand
2025-06,BK045,Adaraneeya Wasthuwe,Upul Shantha Sannasgala,978-955-8811-22-5,Novel,Colombo,30.0,22.02,589,4.37,57.14,31.6,9.7,70,89.84,76.56,High Demand
2025-07,BK045,Adaraneeya Wasthuwe,Upul Shantha Sannasgala,978-955-8811-22-5,Novel,Colombo,81.0,15.79,608,4.24,62.59,27.14,10.2,70,83.07,69.51,Moderate Demand
2025-08,BK045,Adaraneeya Wasthuwe,Upul Shantha Sannasgala,978-955-8811-22-5,Novel,Colombo,101.0,29.32,775,4.0,97.93,40.02,9.5,70,105.62,75.21,High Demand
2025-09,BK045,Adaraneeya Wasthuwe,Upul Shantha Sannasgala,978-955-8811-22-5,Novel,Colombo,37.0,24.47,737,4.2,116.97,36.52,30.2,70,108.77,80.45,High Demand
2025-10,BK045,Adaraneeya Wasthuwe,Upul Shantha Sannasgala,978-955-8811-22-5,Novel,Colombo,56.0,27.97,761,4.14,126.19,21.49,9.2,70,82.19,79.06,High Demand
2025-11,BK045,Adaraneeya Wasthuwe,Upul Shantha Sannasgala,978-955-8811-22-5,Novel,Colombo,89.0,12.3,559,3.93,80.72,25.51,9.8,70,87.36,69.45,Moderate Demand
2025-12,BK045,Adaraneeya Wasthuwe,Upul Shantha Sannasgala,978-955-8811-22-5,Novel,Colombo,86.0,16.87,688,4.09,127.12,38.47,10.0,70,85.63,75.49,High Demand
2025-01,BK045,Adaraneeya Wasthuwe,Upul Shantha Sannasgala,978-955-8811-22-5,Novel,Galle,37.0,14.14,398,4.26,61.71,18.18,8.7,70,64.58,68.14,Moderate Demand
2025-02,BK045,Adaraneeya Wasthuwe,Upul Shantha Sannasgala,978-955-8811-22-5,Novel,Galle,65.0,8.25,333,4.35,42.57,17.35,10.8,70,59.8,64.46,Moderate Demand
2025-03,BK045,Adaraneeya Wasthuwe,Upul Shantha Sannasgala,978-955-8811-22-5,Novel,Galle,54.0,15.24,443,4.2,51.2,16.03,8.1,70,73.49,68.23,Moderate Demand
2025-04,BK045,Adaraneeya Wasthuwe,Upul Shantha Sannasgala,978-955-8811-22-5,Novel,Galle,68.0,17.13,486,3.99,76.16,22.71,23.7,70,71.51,68.44,Moderate Demand
2025-05,BK045,Adaraneeya Wasthuwe,Upul Shantha Sannasgala,978-955-8811-22-5,Novel,Galle,59.0,14.18,429,4.21,72.86,14.45,20.0,70,66.71,65.69,Moderate Demand
2025-06,BK045,Adaraneeya Wasthuwe,Upul Shantha Sannasgala,978-955-8811-22-5,Novel,Galle,29.0,14.32,405,4.09,69.44,14.21,10.6,70,70.48,69.88,Moderate Demand
2025-07,BK045,Adaraneeya Wasthuwe,Upul Shantha Sannasgala,978-955-8811-22-5,Novel,Galle,46.0,13.96,414,4.4,42.39,19.96,10.1,70,58.49,67.87,Moderate Demand
2025-08,BK045,Adaraneeya Wasthuwe,Upul Shantha Sannasgala,978-955-8811-22-5,Novel,Galle,42.0,17.6,507,4.01,46.36,25.46,9.1,70,98.96,71.26,High Demand
2025-09,BK045,Adaraneeya Wasthuwe,Upul Shantha Sannasgala,978-955-8811-22-5,Novel,Galle,49.0,15.48,499,4.31,97.02,22.27,30.9,70,90.49,70.95,High Demand
2025-10,BK045,Adaraneeya Wasthuwe,Upul Shantha Sannasgala,978-955-8811-22-5,Novel,Galle,35.0,16.65,518,4.16,68.67,22.04,8.0,70,76.97,72.44,High Demand
2025-11,BK045,Adaraneeya Wasthuwe,Upul Shantha Sannasgala,978-955-8811-22-5,Novel,Galle,65.0,20.02,401,4.26,68.74,16.14,9.8,70,77.83,65.8,Moderate Demand
2025-12,BK045,Adaraneeya Wasthuwe,Upul Shantha Sannasgala,978-955-8811-22-5,Novel,Galle,57.0,17.66,444,4.07,63.37,27.09,10.3,70,65.62,68.45,Moderate Demand
2025-01,BK045,Adaraneeya Wasthuwe,Upul Shantha Sannasgala,978-955-8811-22-5,Novel,Kandy,107.0,19.98,561,4.28,59.34,26.51,9.2,70,86.98,66.73,Moderate Demand
2025-02,BK045,Adaraneeya Wasthuwe,Upul Shantha Sannasgala,978-955-8811-22-5,Novel,Kandy,97.0,20.42,536,4.21,107.75,25.23,10.2,70,66.24,70.18,Moderate Demand
2025-03,BK045,Adaraneeya Wasthuwe,Upul Shantha Sannasgala,978-955-8811-22-5,Novel,Kandy,58.0,17.78,629,4.17,98.31,27.6,8.3,70,90.21,74.11,High Demand
2025-04,BK045,Adaraneeya Wasthuwe,Upul Shantha Sannasgala,978-955-8811-22-5,Novel,Kandy,59.0,23.78,687,4.06,130.08,32.49,23.9,70,99.39,77.05,High Demand
2025-05,BK045,Adaraneeya Wasthuwe,Upul Shantha Sannasgala,978-955-8811-22-5,Novel,Kandy,100.0,19.72,638,4.11,101.4,33.19,18.5,70,85.91,68.99,Moderate Demand
2025-06,BK045,Adaraneeya Wasthuwe,Upul Shantha Sannasgala,978-955-8811-22-5,Novel,Kandy,70.0,24.65,637,3.92,76.26,25.49,8.5,70,104.02,73.15,High Demand
2025-07,BK045,Adaraneeya Wasthuwe,Upul Shantha Sannasgala,978-955-8811-22-5,Novel,Kandy,24.0,17.6,646,4.28,92.13,24.78,8.8,70,80.06,77.41,High Demand
2025-08,BK045,Adaraneeya Wasthuwe,Upul Shantha Sannasgala,978-955-8811-22-5,Novel,Kandy,61.0,15.88,823,4.15,130.43,37.93,9.9,70,107.76,79.61,High Demand
2025-09,BK045,Adaraneeya Wasthuwe,Upul Shantha Sannasgala,978-955-8811-22-5,Novel,Kandy,49.0,23.92,793,4.43,107.58,32.93,30.1,70,114.89,81.48,High Demand
2025-10,BK045,Adaraneeya Wasthuwe,Upul Shantha Sannasgala,978-955-8811-22-5,Novel,Kandy,108.0,29.26,811,3.95,119.65,27.34,10.2,70,113.96,76.35,High Demand
2025-11,BK045,Adaraneeya Wasthuwe,Upul Shantha Sannasgala,978-955-8811-22-5,Novel,Kandy,49.0,30.58,647,4.45,114.62,26.87,9.6,70,93.25,75.74,High Demand
2025-12,BK045,Adaraneeya Wasthuwe,Upul Shantha Sannasgala,978-955-8811-22-5,Novel,Kandy,110.0,27.95,714,4.25,81.66,30.89,9.9,70,126.06,72.11,High Demand
2025-01,BK046,Warna,Upul Shantha Sannasgala,978-955-8811-23-2,Poetry,Colombo,41.0,5.03,187,3.83,23.58,7.87,9.1,50,60.45,54.28,Low Demand
2025-02,BK046,Warna,Upul Shantha Sannasgala,978-955-8811-23-2,Poetry,Colombo,86.0,5.81,169,3.99,26.47,8.56,9.3,50,59.35,50.0,Low Demand
2025-03,BK046,Warna,Upul Shantha Sannasgala,978-955-8811-23-2,Poetry,Colombo,74.0,5.6,207,3.7,35.14,9.52,9.2,50,48.47,49.9,Low Demand
2025-04,BK046,Warna,Upul Shantha Sannasgala,978-955-8811-23-2,Poetry,Colombo,59.0,7.84,243,3.71,33.98,13.93,20.3,50,59.24,54.63,Low Demand
2025-05,BK046,Warna,Upul Shantha Sannasgala,978-955-8811-23-2,Poetry,Colombo,74.0,5.85,214,4.11,24.63,11.88,17.9,50,51.08,53.71,Low Demand
2025-06,BK046,Warna,Upul Shantha Sannasgala,978-955-8811-23-2,Poetry,Colombo,71.0,5.02,209,3.61,34.19,10.8,9.3,50,74.62,53.14,Low Demand
2025-07,BK046,Warna,Upul Shantha Sannasgala,978-955-8811-23-2,Poetry,Colombo,71.0,7.01,202,3.89,27.02,7.99,9.5,50,57.93,51.3,Low Demand
2025-08,BK046,Warna,Upul Shantha Sannasgala,978-955-8811-23-2,Poetry,Colombo,91.0,6.67,200,4.13,30.02,9.25,9.0,50,47.97,50.34,Low Demand
2025-09,BK046,Warna,Upul Shantha Sannasgala,978-955-8811-23-2,Poetry,Colombo,98.0,6.89,213,3.92,34.16,8.9,27.3,50,64.1,50.84,Low Demand
2025-10,BK046,Warna,Upul Shantha Sannasgala,978-955-8811-23-2,Poetry,Colombo,84.0,7.38,216,4.11,29.85,9.04,11.3,50,66.16,51.15,Low Demand
2025-11,BK046,Warna,Upul Shantha Sannasgala,978-955-8811-23-2,Poetry,Colombo,102.0,9.11,203,3.88,33.97,10.21,9.3,50,50.12,49.77,Low Demand
2025-12,BK046,Warna,Upul Shantha Sannasgala,978-955-8811-23-2,Poetry,Colombo,95.0,7.31,215,3.81,35.61,14.29,8.7,50,58.03,50.5,Low Demand
2025-01,BK046,Warna,Upul Shantha Sannasgala,978-955-8811-23-2,Poetry,Galle,43.0,9.18,304,4.09,34.0,15.01,8.4,50,88.41,58.1,Low Demand
2025-02,BK046,Warna,Upul Shantha Sannasgala,978-955-8811-23-2,Poetry,Galle,98.0,10.73,262,4.03,46.13,14.67,10.5,50,62.08,52.5,Low Demand
2025-03,BK046,Warna,Upul Shantha Sannasgala,978-955-8811-23-2,Poetry,Galle,76.0,7.51,323,3.88,44.43,15.94,9.1,50,67.78,54.67,Low Demand
2025-04,BK046,Warna,Upul Shantha Sannasgala,978-955-8811-23-2,Poetry,Galle,84.0,14.74,392,4.12,59.41,19.31,24.8,50,106.71,58.0,Low Demand
2025-05,BK046,Warna,Upul Shantha Sannasgala,978-955-8811-23-2,Poetry,Galle,58.0,9.52,340,3.73,43.89,15.02,19.2,50,65.22,58.25,Low Demand
2025-06,BK046,Warna,Upul Shantha Sannasgala,978-955-8811-23-2,Poetry,Galle,74.0,8.32,290,4.07,52.84,13.69,9.3,50,50.4,54.95,Low Demand
2025-07,BK046,Warna,Upul Shantha Sannasgala,978-955-8811-23-2,Poetry,Galle,60.0,10.94,333,3.84,48.88,17.05,8.7,50,54.98,58.17,Low Demand
2025-08,BK046,Warna,Upul Shantha Sannasgala,978-955-8811-23-2,Poetry,Galle,103.0,14.33,346,3.96,46.82,20.88,10.1,50,67.83,54.47,Low Demand
2025-09,BK046,Warna,Upul Shantha Sannasgala,978-955-8811-23-2,Poetry,Galle,71.0,9.96,342,3.9,42.59,15.53,29.1,50,74.78,57.15,Low Demand
2025-10,BK046,Warna,Upul Shantha Sannasgala,978-955-8811-23-2,Poetry,Galle,50.0,12.41,331,3.92,46.03,10.73,9.2,50,55.38,58.36,Low Demand
2025-11,BK046,Warna,Upul Shantha Sannasgala,978-955-8811-23-2,Poetry,Galle,41.0,11.32,319,3.98,45.5,16.67,9.7,50,42.96,59.07,Low Demand
2025-12,BK046,Warna,Upul Shantha Sannasgala,978-955-8811-23-2,Poetry,Galle,67.0,9.39,369,4.13,47.33,14.71,9.9,50,74.63,58.64,Low Demand
2025-01,BK046,Warna,Upul Shantha Sannasgala,978-955-8811-23-2,Poetry,Kandy,46.0,8.35,224,4.12,29.46,9.65,10.3,50,54.63,55.46,Low Demand
2025-02,BK046,Warna,Upul Shantha Sannasgala,978-955-8811-23-2,Poetry,Kandy,100.0,6.23,203,3.91,33.63,10.08,8.4,50,52.01,50.84,Low Demand
2025-03,BK046,Warna,Upul Shantha Sannasgala,978-955-8811-23-2,Poetry,Kandy,60.0,6.46,267,3.91,43.91,5.91,10.4,50,50.99,53.99,Low Demand
2025-04,BK046,Warna,Upul Shantha Sannasgala,978-955-8811-23-2,Poetry,Kandy,111.0,8.57,297,3.77,44.88,10.98,21.3,50,74.37,52.05,Low Demand
2025-05,BK046,Warna,Upul Shantha Sannasgala,978-955-8811-23-2,Poetry,Kandy,106.0,7.01,248,4.16,46.41,10.92,19.4,50,56.67,49.8,Low Demand
2025-06,BK046,Warna,Upul Shantha Sannasgala,978-955-8811-23-2,Poetry,Kandy,107.0,9.03,246,4.04,44.5,12.1,8.3,50,45.95,49.6,Low Demand
2025-07,BK046,Warna,Upul Shantha Sannasgala,978-955-8811-23-2,Poetry,Kandy,69.0,7.99,283,3.8,50.1,12.22,9.8,50,50.88,54.06,Low Demand
2025-08,BK046,Warna,Upul Shantha Sannasgala,978-955-8811-23-2,Poetry,Kandy,84.0,10.44,258,3.94,41.15,8.94,9.3,50,54.57,54.16,Low Demand
2025-09,BK046,Warna,Upul Shantha Sannasgala,978-955-8811-23-2,Poetry,Kandy,51.0,9.34,270,4.12,40.57,11.38,30.4,50,45.97,56.84,Low Demand
2025-10,BK046,Warna,Upul Shantha Sannasgala,978-955-8811-23-2,Poetry,Kandy,118.0,7.45,263,3.79,37.08,10.62,8.9,50,54.1,49.33,Low Demand
2025-11,BK046,Warna,Upul Shantha Sannasgala,978-955-8811-23-2,Poetry,Kandy,45.0,6.87,240,3.96,35.23,12.25,9.4,50,69.36,56.51,Low Demand
2025-12,BK046,Warna,Upul Shantha Sannasgala,978-955-8811-23-2,Poetry,Kandy,86.0,9.45,273,3.9,43.3,13.67,8.7,50,69.45,51.71,Low Demand
2025-01,BK047,Amma,Maxim Gorky (Trans.),978-955-6655-44-1,Translated Classic,Colombo,26.0,5.75,272,4.25,39.63,14.0,9.2,78,74.52,66.42,Moderate Demand
2025-02,BK047,Amma,Maxim Gorky (Trans.),978-955-6655-44-1,Translated Classic,Colombo,37.0,5.71,254,4.32,52.1,9.07,9.0,78,75.52,66.02,Moderate Demand
2025-03,BK047,Amma,Maxim Gorky (Trans.),978-955-6655-44-1,Translated Classic,Colombo,59.0,8.41,307,4.0,56.7,15.13,9.1,78,68.52,64.46,Moderate Demand
2025-04,BK047,Amma,Maxim Gorky (Trans.),978-955-6655-44-1,Translated Classic,Colombo,68.0,13.91,377,4.47,61.55,18.58,23.5,78,77.91,65.73,Moderate Demand
2025-05,BK047,Amma,Maxim Gorky (Trans.),978-955-6655-44-1,Translated Classic,Colombo,30.0,10.34,311,4.23,55.67,11.21,16.7,78,47.85,67.31,Moderate Demand
2025-06,BK047,Amma,Maxim Gorky (Trans.),978-955-6655-44-1,Translated Classic,Colombo,79.0,9.8,293,4.35,40.65,14.83,10.0,78,75.24,63.86,Moderate Demand
2025-07,BK047,Amma,Maxim Gorky (Trans.),978-955-6655-44-1,Translated Classic,Colombo,26.0,9.57,308,4.09,30.76,12.35,11.3,78,73.83,68.05,Moderate Demand
2025-08,BK047,Amma,Maxim Gorky (Trans.),978-955-6655-44-1,Translated Classic,Colombo,90.0,8.13,400,4.69,57.31,13.05,9.8,78,76.97,65.3,Moderate Demand
2025-09,BK047,Amma,Maxim Gorky (Trans.),978-955-6655-44-1,Translated Classic,Colombo,49.0,11.65,370,4.38,62.23,13.22,28.8,78,75.41,68.47,Moderate Demand
2025-10,BK047,Amma,Maxim Gorky (Trans.),978-955-6655-44-1,Translated Classic,Colombo,65.0,8.78,390,4.0,71.93,19.02,10.0,78,60.22,68.1,Moderate Demand
2025-11,BK047,Amma,Maxim Gorky (Trans.),978-955-6655-44-1,Translated Classic,Colombo,77.0,11.76,309,4.23,64.36,15.09,9.6,78,62.57,63.69,Moderate Demand
2025-12,BK047,Amma,Maxim Gorky (Trans.),978-955-6655-44-1,Translated Classic,Colombo,24.0,10.38,312,4.26,47.65,17.46,8.9,78,50.48,68.59,Moderate Demand
2025-01,BK047,Amma,Maxim Gorky (Trans.),978-955-6655-44-1,Translated Classic,Galle,91.0,8.32,262,4.17,46.08,12.8,8.7,78,58.32,58.05,Low Demand
2025-02,BK047,Amma,Maxim Gorky (Trans.),978-955-6655-44-1,Translated Classic,Galle,47.0,9.15,240,4.09,45.46,13.16,11.6,78,60.87,64.23,Moderate Demand
2025-03,BK047,Amma,Maxim Gorky (Trans.),978-955-6655-44-1,Translated Classic,Galle,52.0,8.88,261,4.11,38.74,10.05,8.9,78,56.6,63.62,Moderate Demand
2025-04,BK047,Amma,Maxim Gorky (Trans.),978-955-6655-44-1,Translated Classic,Galle,70.0,11.16,322,4.18,56.62,14.84,21.3,78,82.26,62.95,Moderate Demand
2025-05,BK047,Amma,Maxim Gorky (Trans.),978-955-6655-44-1,Translated Classic,Galle,62.0,9.84,288,4.32,43.69,11.6,20.3,78,56.13,62.98,Moderate Demand
2025-06,BK047,Amma,Maxim Gorky (Trans.),978-955-6655-44-1,Translated Classic,Galle,70.0,7.83,261,4.35,50.51,15.37,8.9,78,67.41,62.02,Low Demand
2025-07,BK047,Amma,Maxim Gorky (Trans.),978-955-6655-44-1,Translated Classic,Galle,61.0,6.86,275,4.48,34.82,10.3,9.6,78,66.42,62.86,Moderate Demand
2025-08,BK047,Amma,Maxim Gorky (Trans.),978-955-6655-44-1,Translated Classic,Galle,63.0,11.54,338,4.28,29.01,12.95,8.5,78,67.45,63.57,Moderate Demand
2025-09,BK047,Amma,Maxim Gorky (Trans.),978-955-6655-44-1,Translated Classic,Galle,100.0,13.41,323,3.95,48.39,12.1,29.0,78,75.02,59.76,Low Demand
2025-10,BK047,Amma,Maxim Gorky (Trans.),978-955-6655-44-1,Translated Classic,Galle,103.0,13.31,352,4.26,60.77,19.5,9.1,78,74.88,60.14,Low Demand
2025-11,BK047,Amma,Maxim Gorky (Trans.),978-955-6655-44-1,Translated Classic,Galle,115.0,9.06,282,4.49,53.23,12.47,9.4,78,61.96,59.98,Low Demand
2025-12,BK047,Amma,Maxim Gorky (Trans.),978-955-6655-44-1,Translated Classic,Galle,55.0,11.56,314,4.1,46.48,15.7,9.1,78,82.71,65.22,Moderate Demand
2025-01,BK047,Amma,Maxim Gorky (Trans.),978-955-6655-44-1,Translated Classic,Kandy,81.0,11.76,394,4.32,64.27,15.69,11.1,78,71.76,64.27,Moderate Demand
2025-02,BK047,Amma,Maxim Gorky (Trans.),978-955-6655-44-1,Translated Classic,Kandy,61.0,13.74,361,4.36,51.05,19.58,8.8,78,81.45,67.85,Moderate Demand
2025-03,BK047,Amma,Maxim Gorky (Trans.),978-955-6655-44-1,Translated Classic,Kandy,30.0,12.5,432,4.14,66.11,14.78,9.7,78,63.48,71.15,High Demand
2025-04,BK047,Amma,Maxim Gorky (Trans.),978-955-6655-44-1,Translated Classic,Kandy,38.0,16.66,488,4.28,64.85,19.84,20.3,78,69.76,73.45,High Demand
2025-05,BK047,Amma,Maxim Gorky (Trans.),978-955-6655-44-1,Translated Classic,Kandy,84.0,19.54,452,4.15,52.72,24.29,19.5,78,80.68,67.81,Moderate Demand
2025-06,BK047,Amma,Maxim Gorky (Trans.),978-955-6655-44-1,Translated Classic,Kandy,41.0,16.74,444,4.52,77.48,21.49,10.0,78,109.07,71.5,High Demand
2025-07,BK047,Amma,Maxim Gorky (Trans.),978-955-6655-44-1,Translated Classic,Kandy,89.0,17.77,439,4.4,50.07,17.45,10.5,78,61.25,65.35,Moderate Demand
2025-08,BK047,Amma,Maxim Gorky (Trans.),978-955-6655-44-1,Translated Classic,Kandy,45.0,15.02,536,4.32,61.33,29.52,9.7,78,68.23,73.28,High Demand
2025-09,BK047,Amma,Maxim Gorky (Trans.),978-955-6655-44-1,Translated Classic,Kandy,71.0,16.22,551,4.4,92.53,19.5,28.0,78,76.27,71.98,High Demand
2025-10,BK047,Amma,Maxim Gorky (Trans.),978-955-6655-44-1,Translated Classic,Kandy,87.0,18.3,571,4.4,84.79,20.86,9.1,78,80.89,71.6,High Demand
2025-11,BK047,Amma,Maxim Gorky (Trans.),978-955-6655-44-1,Translated Classic,Kandy,50.0,16.13,442,4.16,43.2,23.8,10.8,78,79.31,70.79,High Demand
2025-12,BK047,Amma,Maxim Gorky (Trans.),978-955-6655-44-1,Translated Classic,Kandy,72.0,15.27,475,4.1,90.14,28.04,9.2,78,95.14,70.45,Moderate Demand
2025-01,BK048,Anna Karenina,Leo Tolstoy (Trans.),978-955-6655-45-8,Translated Classic,Colombo,106.0,12.74,337,3.69,39.36,15.46,9.1,78,63.51,55.44,Low Demand
2025-02,BK048,Anna Karenina,Leo Tolstoy (Trans.),978-955-6655-45-8,Translated Classic,Colombo,63.0,10.16,314,3.71,47.79,12.43,9.1,78,72.57,62.01,Low Demand
2025-03,BK048,Anna Karenina,Leo Tolstoy (Trans.),978-955-6655-45-8,Translated Classic,Colombo,63.0,15.69,395,4.03,53.64,12.52,9.1,78,69.71,60.96,Low Demand
2025-04,BK048,Anna Karenina,Leo Tolstoy (Trans.),978-955-6655-45-8,Translated Classic,Colombo,55.0,16.89,435,4.08,91.47,17.58,22.2,78,67.31,64.86,Moderate Demand
2025-05,BK048,Anna Karenina,Leo Tolstoy (Trans.),978-955-6655-45-8,Translated Classic,Colombo,86.0,9.67,370,4.15,51.54,16.32,20.7,78,62.57,56.94,Low Demand
2025-06,BK048,Anna Karenina,Leo Tolstoy (Trans.),978-955-6655-45-8,Translated Classic,Colombo,91.0,13.15,359,3.69,61.14,21.65,10.9,78,73.47,59.1,Low Demand
2025-07,BK048,Anna Karenina,Leo Tolstoy (Trans.),978-955-6655-45-8,Translated Classic,Colombo,63.0,11.23,362,3.9,53.41,18.42,10.8,78,69.25,61.39,Low Demand
2025-08,BK048,Anna Karenina,Leo Tolstoy (Trans.),978-955-6655-45-8,Translated Classic,Colombo,139.0,17.03,450,4.08,75.75,24.03,10.1,78,90.38,59.18,Low Demand
2025-09,BK048,Anna Karenina,Leo Tolstoy (Trans.),978-955-6655-45-8,Translated Classic,Colombo,57.0,14.42,476,4.16,55.24,21.32,28.6,78,80.08,66.3,Moderate Demand
2025-10,BK048,Anna Karenina,Leo Tolstoy (Trans.),978-955-6655-45-8,Translated Classic,Colombo,85.0,16.1,474,3.86,68.86,25.07,9.2,78,74.82,62.84,Moderate Demand
2025-11,BK048,Anna Karenina,Leo Tolstoy (Trans.),978-955-6655-45-8,Translated Classic,Colombo,47.0,12.93,355,3.85,46.17,18.36,10.1,78,54.91,60.56,Low Demand
2025-12,BK048,Anna Karenina,Leo Tolstoy (Trans.),978-955-6655-45-8,Translated Classic,Colombo,56.0,7.39,417,3.83,53.83,22.95,8.0,78,63.69,62.68,Low Demand
2025-01,BK048,Anna Karenina,Leo Tolstoy (Trans.),978-955-6655-45-8,Translated Classic,Galle,32.0,7.44,339,3.96,52.22,15.64,9.9,78,69.47,63.51,Moderate Demand
2025-02,BK048,Anna Karenina,Leo Tolstoy (Trans.),978-955-6655-45-8,Translated Classic,Galle,71.0,11.49,315,4.01,57.83,13.12,7.6,78,69.24,59.02,Low Demand
2025-03,BK048,Anna Karenina,Leo Tolstoy (Trans.),978-955-6655-45-8,Translated Classic,Galle,42.0,12.53,397,4.06,61.69,21.95,9.9,78,89.3,65.02,Moderate Demand
2025-04,BK048,Anna Karenina,Leo Tolstoy (Trans.),978-955-6655-45-8,Translated Classic,Galle,45.0,17.16,439,3.83,60.5,25.27,20.7,78,66.8,65.65,Moderate Demand
2025-05,BK048,Anna Karenina,Leo Tolstoy (Trans.),978-955-6655-45-8,Translated Classic,Galle,26.0,12.93,386,4.12,60.76,16.07,20.6,78,76.38,65.79,Moderate Demand
2025-06,BK048,Anna Karenina,Leo Tolstoy (Trans.),978-955-6655-45-8,Translated Classic,Galle,107.0,9.64,369,3.76,45.9,17.8,10.4,78,68.12,57.76,Low Demand
2025-07,BK048,Anna Karenina,Leo Tolstoy (Trans.),978-955-6655-45-8,Translated Classic,Galle,67.0,13.11,385,4.0,57.83,21.19,11.4,78,45.82,60.35,Low Demand
2025-08,BK048,Anna Karenina,Leo Tolstoy (Trans.),978-955-6655-45-8,Translated Classic,Galle,47.0,13.68,486,4.13,79.38,27.66,9.9,78,62.77,67.84,Moderate Demand
2025-09,BK048,Anna Karenina,Leo Tolstoy (Trans.),978-955-6655-45-8,Translated Classic,Galle,108.0,15.6,487,4.08,71.13,29.17,30.0,78,81.8,62.91,Moderate Demand
2025-10,BK048,Anna Karenina,Leo Tolstoy (Trans.),978-955-6655-45-8,Translated Classic,Galle,48.0,14.73,500,3.96,69.21,20.23,9.2,78,73.07,67.26,Moderate Demand
2025-11,BK048,Anna Karenina,Leo Tolstoy (Trans.),978-955-6655-45-8,Translated Classic,Galle,34.0,13.28,376,3.86,55.61,19.44,8.5,78,61.71,65.19,Moderate Demand
2025-12,BK048,Anna Karenina,Leo Tolstoy (Trans.),978-955-6655-45-8,Translated Classic,Galle,89.0,10.06,398,3.89,53.33,14.39,8.6,78,84.01,60.85,Low Demand
2025-01,BK048,Anna Karenina,Leo Tolstoy (Trans.),978-955-6655-45-8,Translated Classic,Kandy,25.0,7.68,294,3.79,42.93,8.21,9.5,78,59.9,62.55,Low Demand
2025-02,BK048,Anna Karenina,Leo Tolstoy (Trans.),978-955-6655-45-8,Translated Classic,Kandy,78.0,5.95,268,3.8,47.71,11.52,10.3,78,65.06,57.68,Low Demand
2025-03,BK048,Anna Karenina,Leo Tolstoy (Trans.),978-955-6655-45-8,Translated Classic,Kandy,39.0,15.71,357,3.75,35.93,18.55,9.7,78,75.81,64.33,Moderate Demand
2025-04,BK048,Anna Karenina,Leo Tolstoy (Trans.),978-955-6655-45-8,Translated Classic,Kandy,29.0,10.93,395,4.07,75.09,14.66,22.2,78,66.08,66.17,Moderate Demand
2025-05,BK048,Anna Karenina,Leo Tolstoy (Trans.),978-955-6655-45-8,Translated Classic,Kandy,30.0,8.81,320,3.73,50.94,14.35,17.0,78,71.07,63.23,Moderate Demand
2025-06,BK048,Anna Karenina,Leo Tolstoy (Trans.),978-955-6655-45-8,Translated Classic,Kandy,39.0,8.14,304,3.79,48.07,14.84,10.2,78,53.34,61.7,Low Demand
2025-07,BK048,Anna Karenina,Leo Tolstoy (Trans.),978-955-6655-45-8,Translated Classic,Kandy,100.0,9.62,335,4.11,40.9,15.35,9.6,78,51.67,56.57,Low Demand
2025-08,BK048,Anna Karenina,Leo Tolstoy (Trans.),978-955-6655-45-8,Translated Classic,Kandy,65.0,12.78,428,3.97,58.41,19.25,9.1,78,85.75,63.16,Moderate Demand
2025-09,BK048,Anna Karenina,Leo Tolstoy (Trans.),978-955-6655-45-8,Translated Classic,Kandy,48.0,15.2,413,4.17,57.19,24.14,30.4,78,88.28,65.09,Moderate Demand
2025-10,BK048,Anna Karenina,Leo Tolstoy (Trans.),978-955-6655-45-8,Translated Classic,Kandy,31.0,13.75,414,4.14,65.96,17.32,9.5,78,79.91,66.24,Moderate Demand
2025-11,BK048,Anna Karenina,Leo Tolstoy (Trans.),978-955-6655-45-8,Translated Classic,Kandy,95.0,11.44,325,3.97,54.75,13.01,9.4,78,57.18,56.42,Low Demand
2025-12,BK048,Anna Karenina,Leo Tolstoy (Trans.),978-955-6655-45-8,Translated Classic,Kandy,105.0,11.81,394,4.06,73.19,21.19,8.8,78,67.2,59.08,Low Demand
2025-01,BK049,Post-Modernism,Various,978-955-1212-12-1,Academic,Colombo,31.0,15.2,477,4.03,70.78,25.95,9.1,45,67.35,67.97,Moderate Demand
2025-02,BK049,Post-Modernism,Various,978-955-1212-12-1,Academic,Colombo,86.0,17.93,416,4.24,44.58,19.94,8.6,45,66.35,63.53,Moderate Demand
2025-03,BK049,Post-Modernism,Various,978-955-1212-12-1,Academic,Colombo,89.0,16.61,517,4.48,63.83,27.67,9.6,45,84.33,63.97,Moderate Demand
2025-04,BK049,Post-Modernism,Various,978-955-1212-12-1,Academic,Colombo,77.0,21.74,620,4.29,86.3,32.63,25.7,45,85.21,69.68,Moderate Demand
2025-05,BK049,Post-Modernism,Various,978-955-1212-12-1,Academic,Colombo,108.0,10.92,517,4.25,76.73,21.64,17.7,45,98.01,63.55,Moderate Demand
2025-06,BK049,Post-Modernism,Various,978-955-1212-12-1,Academic,Colombo,105.0,19.29,532,4.61,63.74,24.78,8.3,45,63.43,64.85,Moderate Demand
2025-07,BK049,Post-Modernism,Various,978-955-1212-12-1,Academic,Colombo,35.0,17.54,521,4.33,72.91,21.62,10.8,45,76.05,70.48,Moderate Demand
2025-08,BK049,Post-Modernism,Various,978-955-1212-12-1,Academic,Colombo,93.0,24.73,629,3.97,95.91,29.56,9.4,45,72.71,68.25,Moderate Demand
2025-09,BK049,Post-Modernism,Various,978-955-1212-12-1,Academic,Colombo,104.0,10.53,594,4.38,79.98,28.39,31.0,45,70.86,66.74,Moderate Demand
2025-10,BK049,Post-Modernism,Various,978-955-1212-12-1,Academic,Colombo,62.0,20.75,641,3.83,87.71,42.81,10.6,45,121.12,71.37,High Demand
2025-11,BK049,Post-Modernism,Various,978-955-1212-12-1,Academic,Colombo,36.0,16.01,491,4.29,100.36,12.59,9.2,45,102.52,69.58,Moderate Demand
2025-12,BK049,Post-Modernism,Various,978-955-1212-12-1,Academic,Colombo,99.0,18.44,546,4.28,80.03,20.46,9.0,45,92.15,65.65,Moderate Demand
2025-01,BK049,Post-Modernism,Various,978-955-1212-12-1,Academic,Galle,82.0,7.36,256,4.17,50.29,10.33,10.9,45,67.73,56.62,Low Demand
2025-02,BK049,Post-Modernism,Various,978-955-1212-12-1,Academic,Galle,67.0,8.42,228,4.08,40.07,12.84,9.8,45,67.93,57.04,Low Demand
2025-03,BK049,Post-Modernism,Various,978-955-1212-12-1,Academic,Galle,86.0,9.84,273,4.14,31.26,11.84,9.4,45,63.62,55.71,Low Demand
2025-04,BK049,Post-Modernism,Various,978-955-1212-12-1,Academic,Galle,49.0,10.96,327,4.62,57.58,12.32,19.1,45,33.33,61.64,Low Demand
2025-05,BK049,Post-Modernism,Various,978-955-1212-12-1,Academic,Galle,91.0,8.1,265,4.04,34.72,12.75,17.3,45,39.4,56.25,Low Demand
2025-06,BK049,Post-Modernism,Various,978-955-1212-12-1,Academic,Galle,32.0,8.46,264,4.06,39.35,10.13,10.2,45,68.59,60.64,Low Demand
2025-07,BK049,Post-Modernism,Various,978-955-1212-12-1,Academic,Galle,52.0,8.32,277,4.16,24.37,11.97,9.5,45,36.5,59.43,Low Demand
2025-08,BK049,Post-Modernism,Various,978-955-1212-12-1,Academic,Galle,61.0,11.37,351,4.14,49.12,18.98,10.7,45,85.26,60.95,Low Demand
2025-09,BK049,Post-Modernism,Various,978-955-1212-12-1,Academic,Galle,68.0,10.27,352,4.47,48.25,17.93,27.7,45,79.59,60.13,Low Demand
2025-10,BK049,Post-Modernism,Various,978-955-1212-12-1,Academic,Galle,42.0,6.92,326,4.26,57.36,11.46,9.4,45,70.96,62.43,Low Demand
2025-11,BK049,Post-Modernism,Various,978-955-1212-12-1,Academic,Galle,49.0,11.37,278,4.17,43.44,12.27,8.8,45,68.3,59.44,Low Demand
2025-12,BK049,Post-Modernism,Various,978-955-1212-12-1,Academic,Galle,24.0,7.54,324,4.34,44.6,15.58,9.9,45,75.82,64.43,Moderate Demand
2025-01,BK049,Post-Modernism,Various,978-955-1212-12-1,Academic,Kandy,27.0,6.93,220,4.28,25.18,9.51,8.4,45,53.29,60.28,Low Demand
2025-02,BK049,Post-Modernism,Various,978-955-1212-12-1,Academic,Kandy,37.0,5.67,205,4.21,33.61,9.15,8.0,45,78.04,59.23,Low Demand
2025-03,BK049,Post-Modernism,Various,978-955-1212-12-1,Academic,Kandy,69.0,7.97,261,4.15,34.93,13.33,9.1,45,59.39,56.86,Low Demand
2025-04,BK049,Post-Modernism,Various,978-955-1212-12-1,Academic,Kandy,90.0,7.62,275,4.17,38.24,13.0,20.5,45,54.17,56.03,Low Demand
2025-05,BK049,Post-Modernism,Various,978-955-1212-12-1,Academic,Kandy,67.0,7.65,240,4.19,46.26,12.38,16.2,45,79.32,56.82,Low Demand
2025-06,BK049,Post-Modernism,Various,978-955-1212-12-1,Academic,Kandy,39.0,6.9,243,4.15,39.68,13.47,11.0,45,63.07,59.67,Low Demand
2025-07,BK049,Post-Modernism,Various,978-955-1212-12-1,Academic,Kandy,95.0,6.05,242,4.2,39.77,9.85,8.1,45,63.98,54.11,Low Demand
2025-08,BK049,Post-Modernism,Various,978-955-1212-12-1,Academic,Kandy,67.0,10.58,313,4.4,59.99,17.12,7.0,45,79.5,58.85,Low Demand
2025-09,BK049,Post-Modernism,Various,978-955-1212-12-1,Academic,Kandy,55.0,12.38,304,4.03,50.71,14.65,31.6,45,90.59,60.13,Low Demand
2025-10,BK049,Post-Modernism,Various,978-955-1212-12-1,Academic,Kandy,63.0,9.79,288,4.26,49.61,13.07,9.4,45,63.83,58.63,Low Demand
2025-11,BK049,Post-Modernism,Various,978-955-1212-12-1,Academic,Kandy,31.0,8.48,251,4.34,40.43,12.55,9.9,45,63.07,60.88,Low Demand
2025-12,BK049,Post-Modernism,Various,978-955-1212-12-1,Academic,Kandy,45.0,7.69,283,4.19,48.62,9.23,9.6,45,49.54,60.98,Low Demand
2025-01,BK050,Mahavamsa,Mahanama Thera,978-955-0011-22-3,Historical/Religious,Colombo,94.0,5.6,177,3.9,27.34,6.38,8.5,55,52.99,49.33,Low Demand
2025-02,BK050,Mahavamsa,Mahanama Thera,978-955-0011-22-3,Historical/Religious,Colombo,27.0,5.96,156,4.07,29.74,6.08,8.7,55,66.66,55.38,Low Demand
2025-03,BK050,Mahavamsa,Mahanama Thera,978-955-0011-22-3,Historical/Religious,Colombo,119.0,5.87,206,3.82,31.24,10.19,11.9,55,47.64,49.4,Low Demand
2025-04,BK050,Mahavamsa,Mahanama Thera,978-955-0011-22-3,Historical/Religious,Colombo,50.0,9.1,238,4.0,33.46,12.67,21.5,55,49.53,56.83,Low Demand
2025-05,BK050,Mahavamsa,Mahanama Thera,978-955-0011-22-3,Historical/Religious,Colombo,69.0,7.42,233,4.0,32.47,9.18,19.5,55,40.92,51.84,Low Demand
2025-06,BK050,Mahavamsa,Mahanama Thera,978-955-0011-22-3,Historical/Religious,Colombo,60.0,7.06,201,3.96,26.62,7.2,9.2,55,43.37,52.79,Low Demand
2025-07,BK050,Mahavamsa,Mahanama Thera,978-955-0011-22-3,Historical/Religious,Colombo,50.0,5.83,199,3.95,30.69,6.25,10.5,55,42.43,53.83,Low Demand
2025-08,BK050,Mahavamsa,Mahanama Thera,978-955-0011-22-3,Historical/Religious,Colombo,40.0,5.99,204,4.05,39.09,8.93,9.5,55,54.94,56.11,Low Demand
2025-09,BK050,Mahavamsa,Mahanama Thera,978-955-0011-22-3,Historical/Religious,Colombo,97.0,6.94,202,4.12,25.16,9.08,29.4,55,57.59,48.62,Low Demand
2025-10,BK050,Mahavamsa,Mahanama Thera,978-955-0011-22-3,Historical/Religious,Colombo,85.0,7.1,208,3.75,26.03,9.27,10.7,55,36.46,51.04,Low Demand
2025-11,BK050,Mahavamsa,Mahanama Thera,978-955-0011-22-3,Historical/Religious,Colombo,78.0,6.63,189,4.08,25.04,9.34,8.8,55,57.97,51.27,Low Demand
2025-12,BK050,Mahavamsa,Mahanama Thera,978-955-0011-22-3,Historical/Religious,Colombo,43.0,6.18,226,3.8,31.71,10.49,8.3,55,69.09,56.54,Low Demand
2025-01,BK050,Mahavamsa,Mahanama Thera,978-955-0011-22-3,Historical/Religious,Galle,75.0,3.33,119,3.76,20.52,6.01,10.2,55,54.66,48.37,Low Demand
2025-02,BK050,Mahavamsa,Mahanama Thera,978-955-0011-22-3,Historical/Religious,Galle,91.0,4.06,115,3.94,19.54,5.13,7.6,55,42.7,48.09,Low Demand
2025-03,BK050,Mahavamsa,Mahanama Thera,978-955-0011-22-3,Historical/Religious,Galle,64.0,3.21,147,3.93,22.08,8.89,9.4,55,57.24,51.01,Low Demand
2025-04,BK050,Mahavamsa,Mahanama Thera,978-955-0011-22-3,Historical/Religious,Galle,42.0,5.93,152,3.65,13.89,7.83,22.3,55,46.85,54.27,Low Demand
2025-05,BK050,Mahavamsa,Mahanama Thera,978-955-0011-22-3,Historical/Religious,Galle,85.0,4.79,142,4.16,20.96,6.47,19.6,55,40.82,49.42,Low Demand
2025-06,BK050,Mahavamsa,Mahanama Thera,978-955-0011-22-3,Historical/Religious,Galle,79.0,4.36,131,3.85,20.44,6.39,11.0,55,37.85,49.75,Low Demand
2025-07,BK050,Mahavamsa,Mahanama Thera,978-955-0011-22-3,Historical/Religious,Galle,51.0,4.07,145,4.03,19.63,9.26,8.8,55,37.88,52.38,Low Demand
2025-08,BK050,Mahavamsa,Mahanama Thera,978-955-0011-22-3,Historical/Religious,Galle,93.0,5.29,145,3.97,14.0,5.15,10.2,55,47.33,48.05,Low Demand
2025-09,BK050,Mahavamsa,Mahanama Thera,978-955-0011-22-3,Historical/Religious,Galle,86.0,4.41,140,4.0,21.33,5.49,33.4,55,54.95,49.48,Low Demand
2025-10,BK050,Mahavamsa,Mahanama Thera,978-955-0011-22-3,Historical/Religious,Galle,69.0,6.11,144,3.93,20.02,6.61,8.9,55,35.15,51.74,Low Demand
2025-11,BK050,Mahavamsa,Mahanama Thera,978-955-0011-22-3,Historical/Religious,Galle,42.0,4.9,139,3.96,28.44,7.2,9.7,55,33.35,53.25,Low Demand
2025-12,BK050,Mahavamsa,Mahanama Thera,978-955-0011-22-3,Historical/Religious,Galle,74.0,3.89,158,3.92,21.2,7.68,9.7,55,61.62,50.97,Low Demand
2025-01,BK050,Mahavamsa,Mahanama Thera,978-955-0011-22-3,Historical/Religious,Kandy,47.0,5.47,152,3.86,22.29,9.83,9.1,55,42.8,52.67,Low Demand
2025-02,BK050,Mahavamsa,Mahanama Thera,978-955-0011-22-3,Historical/Religious,Kandy,101.0,4.57,142,4.08,21.05,6.57,9.9,55,70.01,49.09,Low Demand
2025-03,BK050,Mahavamsa,Mahanama Thera,978-955-0011-22-3,Historical/Religious,Kandy,81.0,5.1,175,3.95,25.52,8.33,8.9,55,55.95,49.54,Low Demand
2025-04,BK050,Mahavamsa,Mahanama Thera,978-955-0011-22-3,Historical/Religious,Kandy,77.0,6.18,195,3.96,20.88,8.61,24.0,55,41.57,52.08,Low Demand
2025-05,BK050,Mahavamsa,Mahanama Thera,978-955-0011-22-3,Historical/Religious,Kandy,53.0,6.28,201,3.83,33.65,7.5,19.2,55,62.99,54.39,Low Demand
2025-06,BK050,Mahavamsa,Mahanama Thera,978-955-0011-22-3,Historical/Religious,Kandy,52.0,5.96,173,3.82,27.45,7.02,11.5,55,61.59,52.97,Low Demand
2025-07,BK050,Mahavamsa,Mahanama Thera,978-955-0011-22-3,Historical/Religious,Kandy,51.0,6.36,176,3.95,23.74,7.48,9.5,55,37.61,52.9,Low Demand
2025-08,BK050,Mahavamsa,Mahanama Thera,978-955-0011-22-3,Historical/Religious,Kandy,41.0,6.68,194,3.69,25.55,9.9,9.2,55,51.58,54.94,Low Demand
2025-09,BK050,Mahavamsa,Mahanama Thera,978-955-0011-22-3,Historical/Religious,Kandy,136.0,5.35,185,4.15,30.87,10.48,30.9,55,66.37,47.02,Low Demand
2025-10,BK050,Mahavamsa,Mahanama Thera,978-955-0011-22-3,Historical/Religious,Kandy,100.0,4.57,186,3.84,30.01,7.58,11.5,55,39.59,47.14,Low Demand
2025-11,BK050,Mahavamsa,Mahanama Thera,978-955-0011-22-3,Historical/Religious,Kandy,113.0,5.01,176,3.9,23.7,9.91,10.4,55,57.17,47.39,Low Demand
2025-12,BK050,Mahavamsa,Mahanama Thera,978-955-0011-22-3,Historical/Religious,Kandy,75.0,6.8,194,3.85,26.53,7.15,7.9,55,57.52,49.31,Low Demand
2025-01,BK051,Saddharmaratnavaliya,Dharmasena Thera,978-955-0011-23-0,Historical/Religious,Colombo,44.0,10.65,290,3.52,44.32,16.89,9.9,55,76.06,53.29,Low Demand
2025-02,BK051,Saddharmaratnavaliya,Dharmasena Thera,978-955-0011-23-0,Historical/Religious,Colombo,35.0,13.94,301,3.6,45.86,12.47,8.5,55,74.71,55.81,Low Demand
2025-03,BK051,Saddharmaratnavaliya,Dharmasena Thera,978-955-0011-23-0,Historical/Religious,Colombo,59.0,8.55,348,3.61,49.02,14.63,9.8,55,57.84,53.75,Low Demand
2025-04,BK051,Saddharmaratnavaliya,Dharmasena Thera,978-955-0011-23-0,Historical/Religious,Colombo,37.0,13.22,395,3.4,54.96,18.72,23.6,55,50.53,58.27,Low Demand
2025-05,BK051,Saddharmaratnavaliya,Dharmasena Thera,978-955-0011-23-0,Historical/Religious,Colombo,86.0,11.91,388,3.35,50.07,17.51,19.0,55,61.4,52.22,Low Demand
2025-06,BK051,Saddharmaratnavaliya,Dharmasena Thera,978-955-0011-23-0,Historical/Religious,Colombo,43.0,10.72,349,3.49,39.33,13.15,8.6,55,63.86,56.38,Low Demand
2025-07,BK051,Saddharmaratnavaliya,Dharmasena Thera,978-955-0011-23-0,Historical/Religious,Colombo,56.0,11.77,360,3.49,41.57,19.17,9.4,55,62.74,55.48,Low Demand
2025-08,BK051,Saddharmaratnavaliya,Dharmasena Thera,978-955-0011-23-0,Historical/Religious,Colombo,113.0,12.02,393,3.39,60.64,14.07,10.2,55,60.41,51.27,Low Demand
2025-09,BK051,Saddharmaratnavaliya,Dharmasena Thera,978-955-0011-23-0,Historical/Religious,Colombo,41.0,11.18,355,3.7,61.94,18.4,31.1,55,53.22,56.42,Low Demand
2025-10,BK051,Saddharmaratnavaliya,Dharmasena Thera,978-955-0011-23-0,Historical/Religious,Colombo,35.0,10.65,375,3.36,54.13,14.0,9.7,55,78.05,57.49,Low Demand
2025-11,BK051,Saddharmaratnavaliya,Dharmasena Thera,978-955-0011-23-0,Historical/Religious,Colombo,61.0,12.34,350,3.38,22.28,19.18,9.5,55,59.05,54.88,Low Demand
2025-12,BK051,Saddharmaratnavaliya,Dharmasena Thera,978-955-0011-23-0,Historical/Religious,Colombo,44.0,15.09,387,3.64,46.81,21.11,8.8,55,57.85,57.92,Low Demand
2025-01,BK051,Saddharmaratnavaliya,Dharmasena Thera,978-955-0011-23-0,Historical/Religious,Galle,62.0,10.51,257,3.46,41.79,12.58,9.8,55,56.98,50.29,Low Demand
2025-02,BK051,Saddharmaratnavaliya,Dharmasena Thera,978-955-0011-23-0,Historical/Religious,Galle,52.0,7.11,221,3.49,52.23,12.29,8.6,55,55.33,51.26,Low Demand
2025-03,BK051,Saddharmaratnavaliya,Dharmasena Thera,978-955-0011-23-0,Historical/Religious,Galle,66.0,6.8,260,3.37,48.72,11.66,8.4,55,55.02,50.04,Low Demand
2025-04,BK051,Saddharmaratnavaliya,Dharmasena Thera,978-955-0011-23-0,Historical/Religious,Galle,44.0,9.55,303,3.32,42.58,13.74,22.9,55,70.93,54.45,Low Demand
2025-05,BK051,Saddharmaratnavaliya,Dharmasena Thera,978-955-0011-23-0,Historical/Religious,Galle,87.0,8.04,294,3.41,40.19,16.28,18.1,55,48.09,49.04,Low Demand
2025-06,BK051,Saddharmaratnavaliya,Dharmasena Thera,978-955-0011-23-0,Historical/Religious,Galle,40.0,9.59,247,3.26,32.39,9.65,9.0,55,57.15,51.43,Low Demand
2025-07,BK051,Saddharmaratnavaliya,Dharmasena Thera,978-955-0011-23-0,Historical/Religious,Galle,72.0,7.13,260,3.64,49.22,11.81,9.5,55,64.93,50.38,Low Demand
2025-08,BK051,Saddharmaratnavaliya,Dharmasena Thera,978-955-0011-23-0,Historical/Religious,Galle,66.0,9.15,283,3.55,41.38,12.39,10.5,55,52.55,51.54,Low Demand
2025-09,BK051,Saddharmaratnavaliya,Dharmasena Thera,978-955-0011-23-0,Historical/Religious,Galle,64.0,6.96,274,3.8,33.76,13.04,30.5,55,58.58,51.57,Low Demand
2025-10,BK051,Saddharmaratnavaliya,Dharmasena Thera,978-955-0011-23-0,Historical/Religious,Galle,58.0,8.55,285,3.47,48.03,12.54,9.4,55,63.09,52.02,Low Demand
2025-11,BK051,Saddharmaratnavaliya,Dharmasena Thera,978-955-0011-23-0,Historical/Religious,Galle,63.0,9.1,267,3.44,50.39,6.57,8.9,55,61.31,51.14,Low Demand
2025-12,BK051,Saddharmaratnavaliya,Dharmasena Thera,978-955-0011-23-0,Historical/Religious,Galle,34.0,12.5,300,3.66,29.13,14.19,8.8,55,59.28,54.75,Low Demand
2025-01,BK051,Saddharmaratnavaliya,Dharmasena Thera,978-955-0011-23-0,Historical/Religious,Kandy,49.0,11.82,420,3.42,53.53,19.57,10.1,55,53.53,57.71,Low Demand
2025-02,BK051,Saddharmaratnavaliya,Dharmasena Thera,978-955-0011-23-0,Historical/Religious,Kandy,104.0,15.15,403,3.65,74.06,24.12,6.6,55,59.05,52.45,Low Demand
2025-03,BK051,Saddharmaratnavaliya,Dharmasena Thera,978-955-0011-23-0,Historical/Religious,Kandy,30.0,9.18,447,3.45,73.03,23.52,9.0,55,70.16,60.33,Low Demand
2025-04,BK051,Saddharmaratnavaliya,Dharmasena Thera,978-955-0011-23-0,Historical/Religious,Kandy,56.0,14.15,541,3.26,66.99,22.32,25.2,55,74.81,62.75,Low Demand
2025-05,BK051,Saddharmaratnavaliya,Dharmasena Thera,978-955-0011-23-0,Historical/Religious,Kandy,90.0,14.22,518,3.47,71.38,22.11,19.4,55,71.4,57.0,Low Demand
2025-06,BK051,Saddharmaratnavaliya,Dharmasena Thera,978-955-0011-23-0,Historical/Religious,Kandy,67.0,13.94,462,3.44,83.97,19.47,9.9,55,65.94,55.33,Low Demand
2025-07,BK051,Saddharmaratnavaliya,Dharmasena Thera,978-955-0011-23-0,Historical/Religious,Kandy,98.0,15.98,466,3.57,69.59,20.18,8.8,55,50.48,54.72,Low Demand
2025-08,BK051,Saddharmaratnavaliya,Dharmasena Thera,978-955-0011-23-0,Historical/Religious,Kandy,74.0,17.13,484,3.44,56.3,18.93,9.2,55,79.88,57.33,Low Demand
2025-09,BK051,Saddharmaratnavaliya,Dharmasena Thera,978-955-0011-23-0,Historical/Religious,Kandy,42.0,11.82,495,3.55,72.82,27.94,33.4,55,61.76,61.58,Low Demand
2025-10,BK051,Saddharmaratnavaliya,Dharmasena Thera,978-955-0011-23-0,Historical/Religious,Kandy,23.0,16.89,485,3.54,75.59,23.88,9.9,55,91.99,62.55,Low Demand
2025-11,BK051,Saddharmaratnavaliya,Dharmasena Thera,978-955-0011-23-0,Historical/Religious,Kandy,39.0,12.05,452,3.39,69.08,22.94,9.5,55,104.49,60.57,Low Demand
2025-12,BK051,Saddharmaratnavaliya,Dharmasena Thera,978-955-0011-23-0,Historical/Religious,Kandy,73.0,22.82,526,3.34,71.73,23.39,7.9,55,87.91,60.36,Low Demand
2025-01,BK052,අනාගත අහස,මාර්ටින් වික්‍රමසිංහ (පරිවර්තනය),978-147-1385-34-4,Historical/Religious,Colombo,74.7,12.23,379,4.7,45.1,22.13,9.6,55,30.93,54.89,Low Demand
2025-01,BK052,අනාගත අහස,මාර්ටින් වික්‍රමසිංහ (පරිවර්තනය),978-147-1385-34-4,Historical/Religious,Galle,64.0,12.39,384,4.71,44.9,23.03,8.9,55,59.6,68.1,Moderate Demand
2025-01,BK052,අනාගත අහස,මාර්ටින් වික්‍රමසිංහ (පරිවර්තනය),978-147-1385-34-4,Historical/Religious,Kandy,58.3,12.55,389,4.7,43.29,20.55,7.1,55,23.63,48.72,Low Demand
2025-01,BK053,මිටියාවත සහ කාලය,"ජෝන් ෂෝර්ස් (John Shors), පරිවර්තනය: ප්‍රදීප් කුමාර බාලසූරිය (Translation: Pradeep Kumara Balasuriya)",978-976-3071-42-3,Horror,Colombo,73.1,14.35,445,4.89,50.65,24.35,12.0,68,52.42,69.55,Moderate Demand
2025-01,BK053,මිටියාවත සහ කාලය,"ජෝන් ෂෝර්ස් (John Shors), පරිවර්තනය: ප්‍රදීප් කුමාර බාලසූරිය (Translation: Pradeep Kumara Balasuriya)",978-976-3071-42-3,Horror,Galle,62.2,12.35,383,4.9,44.26,21.55,11.9,68,50.17,61.63,Moderate Demand
2025-01,BK053,මිටියාවත සහ කාලය,"ජෝන් ෂෝර්ස් (John Shors), පරිවර්තනය: ප්‍රදීප් කුමාර බාලසූරිය (Translation: Pradeep Kumara Balasuriya)",978-976-3071-42-3,Horror,Kandy,78.5,14.71,456,4.92,51.61,23.65,11.8,68,55.02,77.37,High Demand
2025-01,BK054,රහස සහ කතාව,පවනි උමයංගනා (Pawani Umayangana),978-476-5849-54-7,Non-fiction,Colombo,77.7,12.16,377,3.51,42.97,21.39,7.9,52,23.73,42.9,Low Demand
2025-01,BK054,රහස සහ කතාව,පවනි උමයංගනා (Pawani Umayangana),978-476-5849-54-7,Non-fiction,Galle,66.9,12.48,387,3.51,44.45,21.39,10.9,52,53.04,57.9,Moderate Demand
2025-01,BK054,රහස සහ කතාව,පවනි උමයංගනා (Pawani Umayangana),978-476-5849-54-7,Non-fiction,Kandy,82.1,13.29,412,3.49,46.52,22.55,9.4,52,23.2,35.78,Low Demand
2025-01,BK055,ඇහි පියන් ඇහැරිලා (Ahi Piyan Aharila),මහින්ද ප්‍රසාද් මසිඹුල,978-955-098-003-1,Poetry,Colombo,77.5,20.77,644,3.99,67.16,32.58,10.1,50,78.89,78.11,High Demand
2025-01,BK055,ඇහි පියන් ඇහැරිලා (Ahi Piyan Aharila),මහින්ද ප්‍රසාද් මසිඹුල,978-955-098-003-1,Poetry,Galle,75.2,16.42,509,4.01,56.39,27.84,9.9,50,75.75,70.19,Moderate Demand
2025-01,BK055,ඇහි පියන් ඇහැරිලා (Ahi Piyan Aharila),මහින්ද ප්‍රසාද් මසිඹුල,978-955-098-003-1,Poetry,Kandy,69.8,23.74,736,4.0,74.9,34.68,11.1,50,93.94,88.36,High Demand
2025-01,BK056,ගමන සහ කාලය,ප්‍රේමකීර්ති රණතුංග,978-316-8963-96-1,Short Stories,Colombo,72.4,12.87,399,4.1,45.97,22.39,10.8,57,35.43,40.34,Low Demand
2025-01,BK056,ගමන සහ කාලය,ප්‍රේමකීර්ති රණතුංග,978-316-8963-96-1,Short Stories,Galle,76.3,11.29,350,4.1,38.71,19.03,11.1,57,29.34,40.92,Low Demand
2025-01,BK056,ගමන සහ කාලය,ප්‍රේමකීර්ති රණතුංග,978-316-8963-96-1,Short Stories,Kandy,72.8,14.35,445,4.09,48.32,23.13,10.5,57,51.94,60.56,Moderate Demand
2025-01,BK057,කොළඹ කන්ද,Michael Crichton (පරිවර්තනය: සුදත් රොහාන්),978-645-5531-58-3,Poetry,Colombo,72.1,13.84,429,4.7,50.19,23.1,10.4,50,60.72,74.95,High Demand
2025-01,BK057,කොළඹ කන්ද,Michael Crichton (පරිවර්තනය: සුදත් රොහාන්),978-645-5531-58-3,Poetry,Galle,71.7,11.74,364,4.7,42.61,20.39,11.5,50,53.81,61.23,Moderate Demand
2025-01,BK057,කොළඹ කන්ද,Michael Crichton (පරිවර්තනය: සුදත් රොහාන්),978-645-5531-58-3,Poetry,Kandy,70.7,13.77,427,4.71,46.9,21.42,12.2,50,48.65,64.24,Moderate Demand
2025-01,BK058,වසන්තය සහ මිටියාවත,තරංගා දිසානායක,978-630-6739-38-7,Academic,Colombo,68.7,14.61,453,3.68,54.32,26.26,10.9,45,72.17,65.64,Moderate Demand
2025-01,BK058,වසන්තය සහ මිටියාවත,තරංගා දිසානායක,978-630-6739-38-7,Academic,Galle,69.1,12.1,375,3.7,45.61,22.1,10.1,45,35.91,54.86,Low Demand
2025-01,BK058,වසන්තය සහ මිටියාවත,තරංගා දිසානායක,978-630-6739-38-7,Academic,Kandy,78.0,14.0,434,3.71,49.16,23.19,10.5,45,51.21,64.33,Moderate Demand
2025-01,BK059,370 යානයේ අබිරහස (370 Yanaye Abirahasa),භද්‍රජී මහින්ද ජයතිලක,978-624-6570-68-2,Mystery,Colombo,73.8,20.06,622,4.91,63.9,31.9,9.4,71,70.8,87.84,High Demand
2025-01,BK059,370 යානයේ අබිරහස (370 Yanaye Abirahasa),භද්‍රජී මහින්ද ජයතිලක,978-624-6570-68-2,Mystery,Galle,70.8,18.06,560,4.91,62.71,28.48,8.6,71,78.27,94.5,High Demand
2025-01,BK059,370 යානයේ අබිරහස (370 Yanaye Abirahasa),භද්‍රජී මහින්ද ජයතිලක,978-624-6570-68-2,Mystery,Kandy,71.3,22.32,692,4.9,70.13,32.68,10.1,71,62.87,75.15,High Demand
2025-01,BK060,පර්සි ජැක්සන් සහ වංගිරියේ සටන,රික් රියෝඩන් (පරි. සවින්දි ආරියතිලක),978-955-697-089-0,Fantasy,Colombo,66.3,18.58,576,4.49,60.77,28.71,10.8,74,64.94,80.78,High Demand
2025-01,BK060,පර්සි ජැක්සන් සහ වංගිරියේ සටන,රික් රියෝඩන් (පරි. සවින්දි ආරියතිලක),978-955-697-089-0,Fantasy,Galle,68.5,19.23,596,4.49,61.84,29.23,11.8,74,97.25,87.64,High Demand
2025-01,BK060,පර්සි ජැක්සන් සහ වංගිරියේ සටන,රික් රියෝඩන් (පරි. සවින්දි ආරියතිලක),978-955-697-089-0,Fantasy,Kandy,66.8,22.06,684,4.49,69.52,33.26,10.6,74,80.6,81.04,High Demand
2025-01,BK061,ආලෝකයේ සමිඳාණෝ (Alokaye Samindano - Lord of Light),රොජර් සෙලාස්නි - පරි. පුෂ්ප රංජන් විජේසිංහ,978-624-6570-11-8,Sci-Fi,Colombo,78.5,19.81,614,4.99,63.35,30.61,9.3,72,77.81,81.07,High Demand
2025-01,BK061,ආලෝකයේ සමිඳාණෝ (Alokaye Samindano - Lord of Light),රොජර් සෙලාස්නි - පරි. පුෂ්ප රංජන් විජේසිංහ,978-624-6570-11-8,Sci-Fi,Galle,75.5,18.48,573,4.98,60.42,29.39,11.8,72,90.9,93.73,High Demand
2025-01,BK061,ආලෝකයේ සමිඳාණෝ (Alokaye Samindano - Lord of Light),රොජර් සෙලාස්නි - පරි. පුෂ්ප රංජන් විජේසිංහ,978-624-6570-11-8,Sci-Fi,Kandy,69.6,19.71,611,4.97,66.48,32.19,10.0,72,71.82,74.33,High Demand
2025-01,BK062,මිනිසා සහ සෙවනැලි,"කර්ට් වොනෙගට් (Kurt Vonnegut), පරිවර්තනය: ගාමිණී වියන්ගොඩ (Translation: Gamini Viyangoda)",978-673-1310-88-3,Psychology,Colombo,77.1,13.19,409,3.92,49.52,23.58,10.3,58,28.72,45.52,Low Demand
2025-01,BK062,මිනිසා සහ සෙවනැලි,"කර්ට් වොනෙගට් (Kurt Vonnegut), පරිවර්තනය: ගාමිණී වියන්ගොඩ (Translation: Gamini Viyangoda)",978-673-1310-88-3,Psychology,Galle,71.8,11.52,357,3.91,40.42,18.9,8.8,58,36.37,48.55,Low Demand
2025-01,BK062,මිනිසා සහ සෙවනැලි,"කර්ට් වොනෙගට් (Kurt Vonnegut), පරිවර්තනය: ගාමිණී වියන්ගොඩ (Translation: Gamini Viyangoda)",978-673-1310-88-3,Psychology,Kandy,71.0,13.29,412,3.91,50.0,24.1,10.5,58,38.17,47.79,Low Demand
2025-01,BK063,හේඩීස්ගේ දෙවොල (Hadesge Devola),රික් රයෝර්ඩන් - පරි. රූපේනි මානිංගමුව,978-955-697-343-3,Young Adult,Colombo,68.6,16.68,517,4.61,58.9,27.0,11.7,66,72.42,78.53,High Demand
2025-01,BK063,හේඩීස්ගේ දෙවොල (Hadesge Devola),රික් රයෝර්ඩන් - පරි. රූපේනි මානිංගමුව,978-955-697-343-3,Young Adult,Galle,76.7,14.71,456,4.6,54.35,26.9,10.4,66,60.79,64.59,Moderate Demand
2025-01,BK063,හේඩීස්ගේ දෙවොල (Hadesge Devola),රික් රයෝර්ඩන් - පරි. රූපේනි මානිංගමුව,978-955-697-343-3,Young Adult,Kandy,74.0,15.84,491,4.63,57.52,28.77,10.2,66,53.17,65.25,Moderate Demand
2025-01,BK064,2010,ආතර් සී. ක්ලාක් (පරිවර්තනය: චන්දන වීරසිංහ),978-624-5712-10-6,Sci-Fi,Colombo,72.2,24.13,748,4.1,71.55,32.84,10.0,72,87.07,86.09,High Demand
2025-01,BK064,2010,ආතර් සී. ක්ලාක් (පරිවර්තනය: චන්දන වීරසිංහ),978-624-5712-10-6,Sci-Fi,Galle,76.8,19.1,592,4.1,67.13,31.39,11.2,72,82.32,89.74,High Demand
2025-01,BK064,2010,ආතර් සී. ක්ලාක් (පරිවර්තනය: චන්දන වීරසිංහ),978-624-5712-10-6,Sci-Fi,Kandy,74.8,24.23,751,4.11,75.26,36.32,10.5,72,83.06,79.69,High Demand
2025-01,BK065,මන්දාරම් රාත්‍රිය,ඩී. එම්. අනුර දිසානායක,978-624-5829-10-1,Mystery,Colombo,72.5,19.23,596,4.98,63.42,31.0,11.3,71,74.75,80.07,High Demand
2025-01,BK065,මන්දාරම් රාත්‍රිය,ඩී. එම්. අනුර දිසානායක,978-624-5829-10-1,Mystery,Galle,77.1,17.45,541,4.97,63.19,30.74,12.6,71,69.98,74.04,High Demand
2025-01,BK065,මන්දාරම් රාත්‍රිය,ඩී. එම්. අනුර දිසානායක,978-624-5829-10-1,Mystery,Kandy,77.6,20.71,642,4.99,66.97,32.52,12.9,71,82.75,80.95,High Demand
2025-01,BK066,පරණ මාලිගාව,ක්‍රිස් කුස්නෙස්කි (පරිවර්තනය),978-726-5125-19-4,Horror,Colombo,80.3,13.16,408,4.5,45.45,22.03,10.9,68,26.87,59.17,Moderate Demand
2025-01,BK066,පරණ මාලිගාව,ක්‍රිස් කුස්නෙස්කි (පරිවර්තනය),978-726-5125-19-4,Horror,Galle,68.2,11.13,345,4.5,39.39,19.55,11.8,68,31.04,57.04,Moderate Demand
2025-01,BK066,පරණ මාලිගාව,ක්‍රිස් කුස්නෙස්කි (පරිවර්තනය),978-726-5125-19-4,Horror,Kandy,69.2,13.9,431,4.5,48.55,22.42,9.7,68,25.08,60.5,Moderate Demand
2025-01,BK067,අනාගතේ පැතිකඩක් (Profiles of the Future),ආතර් සී. ක්ලාක් (පරිවර්තනය: එස්. එම්. බන්දුසීල),978-624-5712-31-1,Sci-Fi,Colombo,76.7,19.45,603,3.9,68.32,31.06,9.7,72,62.3,73.25,High Demand
2025-01,BK067,අනාගතේ පැතිකඩක් (Profiles of the Future),ආතර් සී. ක්ලාක් (පරිවර්තනය: එස්. එම්. බන්දුසීල),978-624-5712-31-1,Sci-Fi,Galle,76.1,17.77,551,3.91,62.29,28.9,8.5,72,62.46,71.28,Moderate Demand
2025-01,BK067,අනාගතේ පැතිකඩක් (Profiles of the Future),ආතර් සී. ක්ලාක් (පරිවර්තනය: එස්. එම්. බන්දුසීල),978-624-5712-31-1,Sci-Fi,Kandy,71.1,20.19,626,3.89,65.55,31.26,11.5,72,78.0,72.75,Moderate Demand
2025-01,BK068,දඩයම් බල්ලෝ,පරිවර්තන නවකතා,978-624-5572-38-0,Thriller,Colombo,72.2,21.42,664,4.0,70.68,33.42,11.6,76,91.04,81.58,High Demand
2025-01,BK068,දඩයම් බල්ලෝ,පරිවර්තන නවකතා,978-624-5572-38-0,Thriller,Galle,76.5,19.29,598,3.99,67.29,31.61,11.3,76,85.27,73.64,High Demand
2025-01,BK068,දඩයම් බල්ලෝ,පරිවර්තන නවකතා,978-624-5572-38-0,Thriller,Kandy,70.3,21.58,669,4.0,70.03,32.94,8.4,76,79.38,87.72,High Demand
2025-01,BK069,අදිසි අනතුර (Adisi Anathura - The Crash),ෆ්‍රීඩා මැක්ෆැඩන් - පරි. නයනතාරා පිලපිටිය,978-624-6570-48-4,Thriller,Colombo,78.5,20.81,645,4.3,70.23,33.65,9.6,76,79.84,80.9,High Demand
2025-01,BK069,අදිසි අනතුර (Adisi Anathura - The Crash),ෆ්‍රීඩා මැක්ෆැඩන් - පරි. නයනතාරා පිලපිටිය,978-624-6570-48-4,Thriller,Galle,68.4,19.1,592,4.3,63.52,29.71,11.5,76,74.73,71.31,Moderate Demand
2025-01,BK069,අදිසි අනතුර (Adisi Anathura - The Crash),ෆ්‍රීඩා මැක්ෆැඩන් - පරි. නයනතාරා පිලපිටිය,978-624-6570-48-4,Thriller,Kandy,66.4,19.81,614,4.31,64.94,30.42,11.2,76,67.96,74.52,High Demand
2025-01,BK070,Crown of Midnight,සාරා ජේ. මාස් (Sarah J. Maas),978-624-5663-48-4,Fantasy,Colombo,77.6,23.23,720,4.5,76.55,34.97,10.1,74,98.4,96.39,High Demand
2025-01,BK070,Crown of Midnight,සාරා ජේ. මාස් (Sarah J. Maas),978-624-5663-48-4,Fantasy,Galle,75.5,22.06,684,4.48,69.0,33.87,10.6,74,98.93,92.5,High Demand
2025-01,BK070,Crown of Midnight,සාරා ජේ. මාස් (Sarah J. Maas),978-624-5663-48-4,Fantasy,Kandy,78.8,24.32,754,4.5,75.77,34.35,9.5,74,90.16,95.92,High Demand
2025-01,BK071,සුළං ගංගාව,පියදාස රත්නසිංහ (පරිවර්තනය),978-935-1789-28-8,Academic,Colombo,72.5,14.19,440,4.49,53.13,26.32,11.3,45,44.2,51.08,Low Demand
2025-01,BK071,සුළං ගංගාව,පියදාස රත්නසිංහ (පරිවර්තනය),978-935-1789-28-8,Academic,Galle,73.7,12.16,377,4.52,47.97,23.26,9.6,45,53.23,55.08,Low Demand
2025-01,BK071,සුළං ගංගාව,පියදාස රත්නසිංහ (පරිවර්තනය),978-935-1789-28-8,Academic,Kandy,70.6,13.48,418,4.5,49.48,24.19,9.0,45,25.78,50.94,Low Demand
2025-01,BK072,ගීතය සහ මාලිගාව,එරන්ද ගිනිගේ (Eranda Ginige),978-616-9581-88-7,Psychology,Colombo,70.9,13.19,409,3.7,50.16,24.52,10.2,58,29.41,43.99,Low Demand
2025-01,BK072,ගීතය සහ මාලිගාව,එරන්ද ගිනිගේ (Eranda Ginige),978-616-9581-88-7,Psychology,Galle,74.1,12.29,381,3.69,44.97,21.77,9.6,58,43.66,55.3,Low Demand
2025-01,BK072,ගීතය සහ මාලිගාව,එරන්ද ගිනිගේ (Eranda Ginige),978-616-9581-88-7,Psychology,Kandy,74.8,13.87,430,3.69,50.65,24.32,10.6,58,45.35,56.82,Moderate Demand
2025-01,BK073,ගමන සහ සෙවනැලි,"වික්ටෝරියා හෝල්ට් (Victoria Holt), පරිවර්තනය: කෝශලී සිරිචන්ද්‍ර (Translation: Koshalee Sirichandra)",978-477-2613-24-8,Horror,Colombo,70.8,13.55,420,3.79,49.45,22.77,8.0,68,39.83,42.71,Low Demand
2025-01,BK073,ගමන සහ සෙවනැලි,"වික්ටෝරියා හෝල්ට් (Victoria Holt), පරිවර්තනය: කෝශලී සිරිචන්ද්‍ර (Translation: Koshalee Sirichandra)",978-477-2613-24-8,Horror,Galle,70.4,11.48,356,3.8,40.35,20.52,11.4,68,25.99,50.56,Low Demand
2025-01,BK073,ගමන සහ සෙවනැලි,"වික්ටෝරියා හෝල්ට් (Victoria Holt), පරිවර්තනය: කෝශලී සිරිචන්ද්‍ර (Translation: Koshalee Sirichandra)",978-477-2613-24-8,Horror,Kandy,66.2,14.06,436,3.79,50.61,24.74,7.3,68,35.65,51.11,Low Demand
2025-01,BK074,එවා මෙහේ බෑ මචං,පිනසිරි දඩල්ලගේ,978-955-97643-5-9,Non-fiction,Colombo,77.2,13.48,418,4.4,51.68,24.81,11.9,52,43.2,62.35,Moderate Demand
2025-01,BK074,එවා මෙහේ බෑ මචං,පිනසිරි දඩල්ලගේ,978-955-97643-5-9,Non-fiction,Galle,63.0,11.61,360,4.41,39.45,19.71,7.8,52,30.26,52.24,Low Demand
2025-01,BK074,එවා මෙහේ බෑ මචං,පිනසිරි දඩල්ලගේ,978-955-97643-5-9,Non-fiction,Kandy,76.7,13.65,423,4.4,46.45,22.42,10.7,52,46.33,50.7,Low Demand
2025-01,BK075,"හොල්මන්, ආවේශ සහ යළි උපත (You Cannot Die)",ඉයන් කරි (පරිවර්තනය: භද්‍රජි මහින්ද ජයතිලක),978-955-671-215-5,Psychology,Colombo,65.1,12.58,390,4.8,45.55,22.55,10.5,58,28.22,57.48,Moderate Demand
2025-01,BK075,"හොල්මන්, ආවේශ සහ යළි උපත (You Cannot Die)",ඉයන් කරි (පරිවර්තනය: භද්‍රජි මහින්ද ජයතිලක),978-955-671-215-5,Psychology,Galle,79.8,11.42,354,4.8,41.65,20.74,9.8,58,38.32,61.66,Moderate Demand
2025-01,BK075,"හොල්මන්, ආවේශ සහ යළි උපත (You Cannot Die)",ඉයන් කරි (පරිවර්තනය: භද්‍රජි මහින්ද ජයතිලක),978-955-671-215-5,Psychology,Kandy,69.4,14.58,452,4.78,53.52,26.06,12.3,58,41.1,54.31,Low Demand
2025-01,BK076,සෙංකොට්ටං (Senkottan),මහින්ද ප්‍රසාද් මසිඹුල,978-955-098-000-0,Novel,Colombo,68.7,30.32,940,4.3,81.1,36.81,9.1,70,100.0,92.57,High Demand
2025-01,BK076,සෙංකොට්ටං (Senkottan),මහින්ද ප්‍රසාද් මසිඹුල,978-955-098-000-0,Novel,Galle,74.9,30.52,946,4.31,82.45,38.68,11.7,70,99.2,87.44,High Demand
2025-01,BK076,සෙංකොට්ටං (Senkottan),මහින්ද ප්‍රසාද් මසිඹුල,978-955-098-000-0,Novel,Kandy,85.3,31.84,987,4.3,82.03,38.77,9.9,70,100.0,97.75,High Demand
2025-01,BK077,අතීත මිටියාවත,ඊනිඩ් බ්ලයිටන් (Enid Blyton),978-845-3000-71-2,Children's,Colombo,77.6,13.29,412,4.4,43.48,21.1,11.0,60,44.44,64.65,Moderate Demand
2025-01,BK077,අතීත මිටියාවත,ඊනිඩ් බ්ලයිටන් (Enid Blyton),978-845-3000-71-2,Children's,Galle,70.2,11.65,361,4.4,40.74,19.48,11.4,60,27.26,49.16,Low Demand
2025-01,BK077,අතීත මිටියාවත,ඊනිඩ් බ්ලයිටන් (Enid Blyton),978-845-3000-71-2,Children's,Kandy,68.6,14.94,463,4.39,54.29,26.32,7.5,60,59.58,70.82,Moderate Demand
2025-01,BK078,සිහිනය සහ සෙවනැලි,"ස්ටෙෆනි ගාබර් (Stephanie Garber), පරිවර්තනය: කෝශලී සිරිචන්ද්‍ර (Translation: Koshalee Sirichandra)",978-748-7074-58-5,Historical/Religious,Colombo,70.1,12.71,394,4.6,45.35,22.06,9.3,55,25.32,49.79,Low Demand
2025-01,BK078,සිහිනය සහ සෙවනැලි,"ස්ටෙෆනි ගාබර් (Stephanie Garber), පරිවර්තනය: කෝශලී සිරිචන්ද්‍ර (Translation: Koshalee Sirichandra)",978-748-7074-58-5,Historical/Religious,Galle,76.9,11.71,363,4.61,42.32,20.55,11.1,55,30.09,54.45,Low Demand
2025-01,BK078,සිහිනය සහ සෙවනැලි,"ස්ටෙෆනි ගාබර් (Stephanie Garber), පරිවර්තනය: කෝශලී සිරිචන්ද්‍ර (Translation: Koshalee Sirichandra)",978-748-7074-58-5,Historical/Religious,Kandy,70.0,14.77,458,4.61,54.81,26.16,11.2,55,48.95,60.24,Moderate Demand
2025-01,BK079,හැරී පොටර් සහ රහස් කුටිය,ජේ. කේ. රෝලිං - පරි. අභය හේවාවසම්,978-955-573-623-7,Translation,Colombo,69.3,30.45,944,4.2,82.39,39.06,10.7,62,88.09,80.35,High Demand
2025-01,BK079,හැරී පොටර් සහ රහස් කුටිය,ජේ. කේ. රෝලිං - පරි. අභය හේවාවසම්,978-955-573-623-7,Translation,Galle,77.3,28.35,879,4.2,82.71,36.52,10.0,62,100.0,78.35,High Demand
2025-01,BK079,හැරී පොටර් සහ රහස් කුටිය,ජේ. කේ. රෝලිං - පරි. අභය හේවාවසම්,978-955-573-623-7,Translation,Kandy,71.3,29.13,903,4.21,81.42,37.65,10.3,62,100.0,81.89,High Demand
2025-01,BK080,විකෘති (Vikurthi),සෝමලතා සුබසිංහ,978-955-428-430-2,Drama,Colombo,67.6,17.87,554,4.93,61.39,29.68,10.3,65,74.82,82.79,High Demand
2025-01,BK080,විකෘති (Vikurthi),සෝමලතා සුබසිංහ,978-955-428-430-2,Drama,Galle,73.8,14.94,463,4.9,52.97,24.48,7.8,65,60.18,80.34,High Demand
2025-01,BK080,විකෘති (Vikurthi),සෝමලතා සුබසිංහ,978-955-428-430-2,Drama,Kandy,67.4,18.77,582,4.9,64.35,31.03,10.2,65,68.53,72.78,Moderate Demand
2025-01,BK081,නැන්දම්මාගේ ඩයරිය,කල්පනා කස්තුරිආරච්චි,978-624-9695-78-8,Short Stories,Colombo,73.1,13.35,414,4.1,47.71,22.61,11.5,57,33.09,52.7,Low Demand
2025-01,BK081,නැන්දම්මාගේ ඩයරිය,කල්පනා කස්තුරිආරච්චි,978-624-9695-78-8,Short Stories,Galle,66.9,12.45,386,4.1,43.19,20.23,10.7,57,48.74,67.42,Moderate Demand
2025-01,BK081,නැන්දම්මාගේ ඩයරිය,කල්පනා කස්තුරිආරච්චි,978-624-9695-78-8,Short Stories,Kandy,74.0,13.16,408,4.09,47.58,22.94,12.8,57,27.95,56.21,Moderate Demand
2025-01,BK082,හැරී පොටර් සහ අස්කබාන්හි සිරකරු,ජේ. කේ. රෝලිං - පරි. අභය හේවාවසම්,978-955-671-187-5,Translation,Colombo,83.0,37.42,1160,3.8,86.65,39.71,11.3,62,95.19,83.26,High Demand
2025-01,BK082,හැරී පොටර් සහ අස්කබාන්හි සිරකරු,ජේ. කේ. රෝලිං - පරි. අභය හේවාවසම්,978-955-671-187-5,Translation,Galle,76.9,31.42,974,3.81,85.45,39.26,9.8,62,97.42,77.39,High Demand
2025-01,BK082,හැරී පොටර් සහ අස්කබාන්හි සිරකරු,ජේ. කේ. රෝලිං - පරි. අභය හේවාවසම්,978-955-671-187-5,Translation,Kandy,72.7,35.65,1105,3.8,86.26,40.13,12.1,62,95.85,78.93,High Demand
2025-01,BK083,පර්සි ජැක්සන් සහ රාක්ෂ සයුර,රික් රියෝඩන් (පරි. සවින්දි ආරියතිලක),978-955-697-090-0,Fantasy,Colombo,72.2,18.68,579,4.41,63.42,30.19,10.1,74,78.96,81.2,High Demand
2025-01,BK083,පර්සි ජැක්සන් සහ රාක්ෂ සයුර,රික් රියෝඩන් (පරි. සවින්දි ආරියතිලක),978-955-697-090-0,Fantasy,Galle,73.7,17.9,555,4.4,62.65,28.77,9.7,74,88.29,81.05,High Demand
2025-01,BK083,පර්සි ජැක්සන් සහ රාක්ෂ සයුර,රික් රියෝඩන් (පරි. සවින්දි ආරියතිලක),978-955-697-090-0,Fantasy,Kandy,70.5,21.71,673,4.41,68.84,31.42,11.3,74,94.18,92.49,High Demand
2025-01,BK084,විභාග ජය ගැනීමේ රහස (Vibhaga Jaya Ganeeme Rahasa),ප්‍රවීන් රන්දෙනිය,978-624-97120-5-0,Academic,Colombo,73.3,19.13,593,4.1,65.55,30.26,10.1,45,76.41,67.03,Moderate Demand
2025-01,BK084,විභාග ජය ගැනීමේ රහස (Vibhaga Jaya Ganeeme Rahasa),ප්‍රවීන් රන්දෙනිය,978-624-97120-5-0,Academic,Galle,77.0,18.61,577,4.1,62.65,30.68,10.6,45,79.54,75.49,High Demand
2025-01,BK084,විභාග ජය ගැනීමේ රහස (Vibhaga Jaya Ganeeme Rahasa),ප්‍රවීන් රන්දෙනිය,978-624-97120-5-0,Academic,Kandy,76.7,22.16,687,4.1,69.52,32.52,10.5,45,76.04,66.25,Moderate Demand
2025-01,BK085,දික්තල කාලගෝල (Diktala Kalagola),පුණ්‍යසේන ගුණසිංහ,978-955-9377-71-9,Drama,Colombo,69.3,13.35,414,4.81,46.03,23.1,10.3,65,36.22,49.86,Low Demand
2025-01,BK085,දික්තල කාලගෝල (Diktala Kalagola),පුණ්‍යසේන ගුණසිංහ,978-955-9377-71-9,Drama,Galle,62.0,11.65,361,4.8,42.84,20.23,10.4,65,34.94,65.21,Moderate Demand
2025-01,BK085,දික්තල කාලගෝල (Diktala Kalagola),පුණ්‍යසේන ගුණසිංහ,978-955-9377-71-9,Drama,Kandy,72.8,14.61,453,4.79,52.19,25.03,10.6,65,37.26,64.48,Moderate Demand
2025-01,BK086,නැන්සි කෲ: ටෙඩි බෙයාර් අබිරහස,කැරොලයින් කීන්,978-955-657-006-8,Translation,Colombo,74.8,13.74,426,4.31,50.0,23.48,12.1,62,38.8,55.64,Low Demand
2025-01,BK086,නැන්සි කෲ: ටෙඩි බෙයාර් අබිරහස,කැරොලයින් කීන්,978-955-657-006-8,Translation,Galle,71.3,12.68,393,4.32,44.0,21.26,11.6,62,56.39,60.43,Moderate Demand
2025-01,BK086,නැන්සි කෲ: ටෙඩි බෙයාර් අබිරහස,කැරොලයින් කීන්,978-955-657-006-8,Translation,Kandy,77.9,13.9,431,4.31,46.16,21.26,11.4,62,37.43,58.07,Moderate Demand
2025-01,BK087,කතාව සහ සිහිනය,ක්‍රිස් කුස්නෙස්කි (පරිවර්තනය),978-566-9308-23-4,Short Stories,Colombo,66.9,12.0,372,3.71,44.42,21.48,8.0,57,11.19,46.87,Low Demand
2025-01,BK087,කතාව සහ සිහිනය,ක්‍රිස් කුස්නෙස්කි (පරිවර්තනය),978-566-9308-23-4,Short Stories,Galle,72.3,11.77,365,3.71,38.87,19.48,9.0,57,24.88,44.93,Low Demand
2025-01,BK087,කතාව සහ සිහිනය,ක්‍රිස් කුස්නෙස්කි (පරිවර්තනය),978-566-9308-23-4,Short Stories,Kandy,71.0,12.9,400,3.69,42.94,21.29,10.8,57,23.99,39.54,Low Demand
2025-01,BK088,අඹ යහළුවෝ,ටී. බී. ඉලංගරත්න,978-955-4682-00-9,Novel,Colombo,77.3,27.03,838,4.8,76.94,35.84,8.7,70,98.47,93.72,High Demand
2025-01,BK088,අඹ යහළුවෝ,ටී. බී. ඉලංගරත්න,978-955-4682-00-9,Novel,Galle,76.3,26.19,812,4.8,77.0,36.55,10.5,70,100.0,95.27,High Demand
2025-01,BK088,අඹ යහළුවෝ,ටී. බී. ඉලංගරත්න,978-955-4682-00-9,Novel,Kandy,80.0,28.71,890,4.8,80.1,37.19,7.7,70,98.79,88.93,High Demand
2025-01,BK089,මායා අහස,දිනිති තරුමිණි,978-222-3861-35-8,Young Adult,Colombo,76.1,13.97,433,4.29,48.29,23.52,8.8,66,49.28,68.33,Moderate Demand
2025-01,BK089,මායා අහස,දිනිති තරුමිණි,978-222-3861-35-8,Young Adult,Galle,68.3,11.23,348,4.28,42.71,20.45,10.7,66,17.33,52.45,Low Demand
2025-01,BK089,මායා අහස,දිනිති තරුමිණි,978-222-3861-35-8,Young Adult,Kandy,81.9,14.9,462,4.32,54.35,26.55,9.7,66,62.88,67.24,Moderate Demand
2025-01,BK090,අනාගත නගරය,පරිවර්තනය: චන්දන මෙන්ඩිස් (Chandana Mendis),978-587-7471-56-2,Drama,Colombo,75.0,13.26,411,3.69,48.42,24.35,13.1,65,41.06,58.39,Moderate Demand
2025-01,BK090,අනාගත නගරය,පරිවර්තනය: චන්දන මෙන්ඩිස් (Chandana Mendis),978-587-7471-56-2,Drama,Galle,66.4,12.13,376,3.7,46.23,21.55,10.1,65,35.11,55.47,Low Demand
2025-01,BK090,අනාගත නගරය,පරිවර්තනය: චන්දන මෙන්ඩිස් (Chandana Mendis),978-587-7471-56-2,Drama,Kandy,75.4,14.87,461,3.72,51.61,24.39,8.7,65,50.1,59.44,Moderate Demand
2025-01,BK091,හැරී පොටර් සහ ෆීනික්ස් නිකාය,ජේ. කේ. රෝලිං - පරි. අභය හේවාවසම්,978-955-573-951-1,Translation,Colombo,75.9,31.16,966,3.6,84.97,40.68,12.7,62,100.0,81.54,High Demand
2025-01,BK091,හැරී පොටර් සහ ෆීනික්ස් නිකාය,ජේ. කේ. රෝලිං - පරි. අභය හේවාවසම්,978-955-573-951-1,Translation,Galle,74.5,28.1,871,3.59,82.13,37.94,9.3,62,97.29,83.65,High Demand
2025-01,BK091,හැරී පොටර් සහ ෆීනික්ස් නිකාය,ජේ. කේ. රෝලිං - පරි. අභය හේවාවසම්,978-955-573-951-1,Translation,Kandy,74.6,32.42,1005,3.6,80.87,39.23,9.7,62,100.0,80.44,High Demand
2025-01,BK092,සැඟවුණු රහස,රොජර් ලී මැක්බ්‍රයිඩ් (Roger Lea MacBride) - පරිවර්තනය: චිත්‍රා අමරසේකර,978-745-6661-48-1,Historical/Religious,Colombo,75.4,13.58,421,4.9,48.48,23.55,11.5,55,44.44,60.86,Moderate Demand
2025-01,BK092,සැඟවුණු රහස,රොජර් ලී මැක්බ්‍රයිඩ් (Roger Lea MacBride) - පරිවර්තනය: චිත්‍රා අමරසේකර,978-745-6661-48-1,Historical/Religious,Galle,70.6,12.06,374,4.89,45.71,20.9,10.4,55,50.92,58.45,Moderate Demand
2025-01,BK092,සැඟවුණු රහස,රොජර් ලී මැක්බ්‍රයිඩ් (Roger Lea MacBride) - පරිවර්තනය: චිත්‍රා අමරසේකර,978-745-6661-48-1,Historical/Religious,Kandy,68.0,13.74,426,4.89,49.39,23.68,9.1,55,27.08,50.46,Low Demand
2025-01,BK093,සෙවනැලි සහ මාලිගාව,පරිවර්තනය: චන්දන මෙන්ඩිස් (Chandana Mendis),978-289-1737-32-0,Poetry,Colombo,72.9,12.35,383,3.9,42.03,19.48,8.3,50,28.15,45.73,Low Demand
2025-01,BK093,සෙවනැලි සහ මාලිගාව,පරිවර්තනය: චන්දන මෙන්ඩිස් (Chandana Mendis),978-289-1737-32-0,Poetry,Galle,74.2,11.84,367,3.92,41.87,19.94,8.6,50,38.9,56.79,Moderate Demand
2025-01,BK093,සෙවනැලි සහ මාලිගාව,පරිවර්තනය: චන්දන මෙන්ඩිස් (Chandana Mendis),978-289-1737-32-0,Poetry,Kandy,63.9,14.9,462,3.92,53.1,26.0,12.5,50,67.01,69.23,Moderate Demand
2025-01,BK094,නෙවර් ලයි (Never Lie),ෆ්‍රීඩා මැක්ෆැඩන් - පරි. තරුෂි නිරංගා ජයසිංහ,978-624-6570-46-0,Thriller,Colombo,74.4,22.35,693,4.3,72.35,33.9,9.7,76,89.82,83.73,High Demand
2025-01,BK094,නෙවර් ලයි (Never Lie),ෆ්‍රීඩා මැක්ෆැඩන් - පරි. තරුෂි නිරංගා ජයසිංහ,978-624-6570-46-0,Thriller,Galle,73.1,21.61,670,4.29,70.87,33.32,11.2,76,85.53,83.11,High Demand
2025-01,BK094,නෙවර් ලයි (Never Lie),ෆ්‍රීඩා මැක්ෆැඩන් - පරි. තරුෂි නිරංගා ජයසිංහ,978-624-6570-46-0,Thriller,Kandy,75.8,24.06,746,4.29,75.61,35.03,8.3,76,92.82,86.22,High Demand
2025-01,BK095,ප්‍රේම ගීතය,සමුද්‍ර වෙත්තසිංහ (Samudra Weththasingha),978-573-6220-40-5,Non-fiction,Colombo,78.6,12.58,390,4.5,49.87,23.48,10.5,52,30.98,48.86,Low Demand
2025-01,BK095,ප්‍රේම ගීතය,සමුද්‍ර වෙත්තසිංහ (Samudra Weththasingha),978-573-6220-40-5,Non-fiction,Galle,72.1,12.13,376,4.5,44.06,21.81,10.8,52,57.55,63.52,Moderate Demand
2025-01,BK095,ප්‍රේම ගීතය,සමුද්‍ර වෙත්තසිංහ (Samudra Weththasingha),978-573-6220-40-5,Non-fiction,Kandy,71.1,13.1,406,4.52,48.42,23.19,10.2,52,18.67,45.54,Low Demand
2025-01,BK096,පුද්ගලිකයි රහසිගතයි (The Secret Files of Sherlock Holmes),චන්දන මෙන්ඩිස් (පරිවර්තනය),955-97776-4-5,Mystery,Colombo,78.4,18.23,565,4.98,59.06,27.1,9.9,71,63.05,76.24,High Demand
2025-01,BK096,පුද්ගලිකයි රහසිගතයි (The Secret Files of Sherlock Holmes),චන්දන මෙන්ඩිස් (පරිවර්තනය),955-97776-4-5,Mystery,Galle,69.0,18.81,583,4.98,59.68,27.84,11.3,71,74.04,85.05,High Demand
2025-01,BK096,පුද්ගලිකයි රහසිගතයි (The Secret Files of Sherlock Holmes),චන්දන මෙන්ඩිස් (පරිවර්තනය),955-97776-4-5,Mystery,Kandy,73.2,19.9,617,4.96,66.0,31.16,8.9,71,78.57,78.01,High Demand
2025-01,BK097,පරණ කතාව,මාර්ටින් වික්‍රමසිංහ,978-528-5693-75-7,Children's,Colombo,72.4,13.55,420,4.09,50.81,24.19,9.4,60,64.48,80.66,High Demand
2025-01,BK097,පරණ කතාව,මාර්ටින් වික්‍රමසිංහ,978-528-5693-75-7,Children's,Galle,63.3,11.68,362,4.1,43.16,20.42,10.1,60,45.45,56.82,Moderate Demand
2025-01,BK097,පරණ කතාව,මාර්ටින් වික්‍රමසිංහ,978-528-5693-75-7,Children's,Kandy,75.9,16.13,500,4.1,55.68,26.52,11.1,60,65.32,66.59,Moderate Demand
2025-01,BK098,මාණික්කාවත (Manikkawatha),මහින්ද ප්‍රසාද් මසිඹුල,978-955-098-023-9,Novel,Colombo,78.7,26.42,819,3.5,77.58,36.1,11.2,70,94.75,77.95,High Demand
2025-01,BK098,මාණික්කාවත (Manikkawatha),මහින්ද ප්‍රසාද් මසිඹුල,978-955-098-023-9,Novel,Galle,79.1,25.19,781,3.49,76.26,35.13,12.0,70,91.77,76.96,High Demand
2025-01,BK098,මාණික්කාවත (Manikkawatha),මහින්ද ප්‍රසාද් මසිඹුල,978-955-098-023-9,Novel,Kandy,75.0,29.87,926,3.5,81.39,38.16,10.1,70,100.0,82.35,High Demand
2025-01,BK099,ගංගාව සහ ගංගාව,"ජේම්ස් හැඩ්ලි චේස් (James Hadley Chase), පරිවර්තනය: එන්. ජී. විජේරත්න (Translation: N. G. Wijerathna)",978-493-2631-22-5,Children's,Colombo,69.1,13.58,421,4.8,46.74,22.77,8.4,60,56.26,64.44,Moderate Demand
2025-01,BK099,ගංගාව සහ ගංගාව,"ජේම්ස් හැඩ්ලි චේස් (James Hadley Chase), පරිවර්තනය: එන්. ජී. විජේරත්න (Translation: N. G. Wijerathna)",978-493-2631-22-5,Children's,Galle,77.0,11.03,342,4.8,43.32,21.19,8.8,60,18.54,56.72,Moderate Demand
2025-01,BK099,ගංගාව සහ ගංගාව,"ජේම්ස් හැඩ්ලි චේස් (James Hadley Chase), පරිවර්තනය: එන්. ජී. විජේරත්න (Translation: N. G. Wijerathna)",978-493-2631-22-5,Children's,Kandy,66.6,15.42,478,4.82,52.1,25.35,11.4,60,60.13,72.7,Moderate Demand
2025-01,BK100,රන් මතකය,ලසිත රවීන් උමගිලිය,978-825-3894-18-1,Young Adult,Colombo,74.1,13.77,427,4.09,48.42,22.58,10.5,66,43.84,52.57,Low Demand
2025-01,BK100,රන් මතකය,ලසිත රවීන් උමගිලිය,978-825-3894-18-1,Young Adult,Galle,75.4,13.03,404,4.09,45.61,22.29,9.8,66,58.25,75.65,High Demand
2025-01,BK100,රන් මතකය,ලසිත රවීන් උමගිලිය,978-825-3894-18-1,Young Adult,Kandy,77.1,12.81,397,4.09,45.03,20.74,12.3,66,25.6,51.86,Low Demand
2025-02,BK052,අනාගත අහස,මාර්ටින් වික්‍රමසිංහ (පරිවර්තනය),978-147-1385-34-4,Historical/Religious,Colombo,69.5,11.36,318,4.69,41.68,20.57,11.2,55,31.08,53.92,Low Demand
2025-02,BK052,අනාගත අහස,මාර්ටින් වික්‍රමසිංහ (පරිවර්තනය),978-147-1385-34-4,Historical/Religious,Galle,70.2,11.14,312,4.7,40.39,19.29,9.4,55,39.12,61.45,Moderate Demand
2025-02,BK052,අනාගත අහස,මාර්ටින් වික්‍රමසිංහ (පරිවර්තනය),978-147-1385-34-4,Historical/Religious,Kandy,72.4,11.93,334,4.7,43.21,19.5,9.5,55,28.23,52.08,Low Demand
2025-02,BK053,මිටියාවත සහ කාලය,"ජෝන් ෂෝර්ස් (John Shors), පරිවර්තනය: ප්‍රදීප් කුමාර බාලසූරිය (Translation: Pradeep Kumara Balasuriya)",978-976-3071-42-3,Horror,Colombo,69.6,11.64,326,4.9,44.68,22.32,12.6,68,30.37,59.77,Moderate Demand
2025-02,BK053,මිටියාවත සහ කාලය,"ජෝන් ෂෝර්ස් (John Shors), පරිවර්තනය: ප්‍රදීප් කුමාර බාලසූරිය (Translation: Pradeep Kumara Balasuriya)",978-976-3071-42-3,Horror,Galle,68.4,10.32,289,4.9,37.75,18.07,9.6,68,30.78,58.51,Moderate Demand
2025-02,BK053,මිටියාවත සහ කාලය,"ජෝන් ෂෝර්ස් (John Shors), පරිවර්තනය: ප්‍රදීප් කුමාර බාලසූරිය (Translation: Pradeep Kumara Balasuriya)",978-976-3071-42-3,Horror,Kandy,75.5,10.36,290,4.89,38.18,19.11,10.8,68,22.6,62.05,Moderate Demand
2025-02,BK054,රහස සහ කතාව,පවනි උමයංගනා (Pawani Umayangana),978-476-5849-54-7,Non-fiction,Colombo,63.6,11.96,335,3.51,40.46,19.75,10.2,52,46.21,59.21,Moderate Demand
2025-02,BK054,රහස සහ කතාව,පවනි උමයංගනා (Pawani Umayangana),978-476-5849-54-7,Non-fiction,Galle,63.2,10.75,301,3.51,41.39,20.32,11.5,52,27.79,40.64,Low Demand
2025-02,BK054,රහස සහ කතාව,පවනි උමයංගනා (Pawani Umayangana),978-476-5849-54-7,Non-fiction,Kandy,66.1,12.57,352,3.51,45.64,21.82,10.6,52,61.44,50.22,Low Demand
2025-02,BK055,ඇහි පියන් ඇහැරිලා (Ahi Piyan Aharila),මහින්ද ප්‍රසාද් මසිඹුල,978-955-098-003-1,Poetry,Colombo,73.4,18.04,505,4.0,61.32,28.75,10.1,50,85.22,74.85,High Demand
2025-02,BK055,ඇහි පියන් ඇහැරිලා (Ahi Piyan Aharila),මහින්ද ප්‍රසාද් මසිඹුල,978-955-098-003-1,Poetry,Galle,73.2,16.36,458,3.99,56.96,26.46,8.1,50,78.28,71.37,Moderate Demand
2025-02,BK055,ඇහි පියන් ඇහැරිලා (Ahi Piyan Aharila),මහින්ද ප්‍රසාද් මසිඹුල,978-955-098-003-1,Poetry,Kandy,76.7,18.64,522,4.0,60.29,30.07,10.0,50,73.09,67.51,Moderate Demand
2025-02,BK056,ගමන සහ කාලය,ප්‍රේමකීර්ති රණතුංග,978-316-8963-96-1,Short Stories,Colombo,80.4,13.36,374,4.1,46.54,23.25,11.8,57,66.92,64.93,Moderate Demand
2025-02,BK056,ගමන සහ කාලය,ප්‍රේමකීර්ති රණතුංග,978-316-8963-96-1,Short Stories,Galle,79.3,10.25,287,4.11,39.14,19.43,11.0,57,26.31,51.98,Low Demand
2025-02,BK056,ගමන සහ කාලය,ප්‍රේමකීර්ති රණතුංග,978-316-8963-96-1,Short Stories,Kandy,70.2,13.54,379,4.1,46.57,22.43,9.9,57,62.5,71.73,Moderate Demand
2025-02,BK057,කොළඹ කන්ද,Michael Crichton (පරිවර්තනය: සුදත් රොහාන්),978-645-5531-58-3,Poetry,Colombo,70.8,12.04,337,4.71,46.79,22.46,10.0,50,39.74,53.5,Low Demand
2025-02,BK057,කොළඹ කන්ද,Michael Crichton (පරිවර්තනය: සුදත් රොහාන්),978-645-5531-58-3,Poetry,Galle,69.1,11.29,316,4.69,39.82,20.46,9.1,50,46.96,67.9,Moderate Demand
2025-02,BK057,කොළඹ කන්ද,Michael Crichton (පරිවර්තනය: සුදත් රොහාන්),978-645-5531-58-3,Poetry,Kandy,79.9,12.57,352,4.69,45.11,21.21,10.2,50,41.84,59.97,Moderate Demand
2025-02,BK058,වසන්තය සහ මිටියාවත,තරංගා දිසානායක,978-630-6739-38-7,Academic,Colombo,71.2,13.21,370,3.72,50.0,24.39,13.1,45,43.67,57.05,Moderate Demand
2025-02,BK058,වසන්තය සහ මිටියාවත,තරංගා දිසානායක,978-630-6739-38-7,Academic,Galle,72.1,10.46,293,3.71,39.11,18.86,7.7,45,28.77,43.12,Low Demand
2025-02,BK058,වසන්තය සහ මිටියාවත,තරංගා දිසානායක,978-630-6739-38-7,Academic,Kandy,74.2,11.71,328,3.69,43.82,20.79,8.4,45,22.87,33.47,Low Demand
2025-02,BK059,370 යානයේ අබිරහස (370 Yanaye Abirahasa),භද්‍රජී මහින්ද ජයතිලක,978-624-6570-68-2,Mystery,Colombo,71.0,15.64,438,4.9,56.96,28.29,11.1,71,74.05,78.05,High Demand
2025-02,BK059,370 යානයේ අබිරහස (370 Yanaye Abirahasa),භද්‍රජී මහින්ද ජයතිලක,978-624-6570-68-2,Mystery,Galle,68.5,17.07,478,4.9,63.36,30.39,10.7,71,78.47,74.73,High Demand
2025-02,BK059,370 යානයේ අබිරහස (370 Yanaye Abirahasa),භද්‍රජී මහින්ද ජයතිලක,978-624-6570-68-2,Mystery,Kandy,75.7,20.29,568,4.93,66.11,31.36,8.9,71,100.0,90.87,High Demand
2025-02,BK060,පර්සි ජැක්සන් සහ වංගිරියේ සටන,රික් රියෝඩන් (පරි. සවින්දි ආරියතිලක),978-955-697-089-0,Fantasy,Colombo,73.8,16.61,465,4.48,53.68,25.18,11.5,74,69.08,77.31,High Demand
2025-02,BK060,පර්සි ජැක්සන් සහ වංගිරියේ සටන,රික් රියෝඩන් (පරි. සවින්දි ආරියතිලක),978-955-697-089-0,Fantasy,Galle,78.6,15.18,425,4.49,49.25,24.32,11.5,74,74.6,78.18,High Demand
2025-02,BK060,පර්සි ජැක්සන් සහ වංගිරියේ සටන,රික් රියෝඩන් (පරි. සවින්දි ආරියතිලක),978-955-697-089-0,Fantasy,Kandy,71.8,17.46,489,4.49,60.36,27.93,11.9,74,80.83,79.15,High Demand
2025-02,BK061,ආලෝකයේ සමිඳාණෝ (Alokaye Samindano - Lord of Light),රොජර් සෙලාස්නි - පරි. පුෂ්ප රංජන් විජේසිංහ,978-624-6570-11-8,Sci-Fi,Colombo,72.1,17.54,491,4.97,54.54,24.96,9.9,72,86.06,86.01,High Demand
2025-02,BK061,ආලෝකයේ සමිඳාණෝ (Alokaye Samindano - Lord of Light),රොජර් සෙලාස්නි - පරි. පුෂ්ප රංජන් විජේසිංහ,978-624-6570-11-8,Sci-Fi,Galle,74.2,16.29,456,4.98,56.36,27.21,10.0,72,64.75,67.78,Moderate Demand
2025-02,BK061,ආලෝකයේ සමිඳාණෝ (Alokaye Samindano - Lord of Light),රොජර් සෙලාස්නි - පරි. පුෂ්ප රංජන් විජේසිංහ,978-624-6570-11-8,Sci-Fi,Kandy,72.8,17.79,498,4.98,61.54,28.96,10.3,72,74.28,80.68,High Demand
2025-02,BK062,මිනිසා සහ සෙවනැලි,"කර්ට් වොනෙගට් (Kurt Vonnegut), පරිවර්තනය: ගාමිණී වියන්ගොඩ (Translation: Gamini Viyangoda)",978-673-1310-88-3,Psychology,Colombo,69.0,12.07,338,3.9,43.39,21.32,11.8,58,42.29,53.91,Low Demand
2025-02,BK062,මිනිසා සහ සෙවනැලි,"කර්ට් වොනෙගට් (Kurt Vonnegut), පරිවර්තනය: ගාමිණී වියන්ගොඩ (Translation: Gamini Viyangoda)",978-673-1310-88-3,Psychology,Galle,67.0,11.79,330,3.91,41.0,20.21,7.9,58,43.14,62.65,Moderate Demand
2025-02,BK062,මිනිසා සහ සෙවනැලි,"කර්ට් වොනෙගට් (Kurt Vonnegut), පරිවර්තනය: ගාමිණී වියන්ගොඩ (Translation: Gamini Viyangoda)",978-673-1310-88-3,Psychology,Kandy,64.1,12.04,337,3.9,40.61,19.82,9.7,58,26.37,50.67,Low Demand
2025-02,BK063,හේඩීස්ගේ දෙවොල (Hadesge Devola),රික් රයෝර්ඩන් - පරි. රූපේනි මානිංගමුව,978-955-697-343-3,Young Adult,Colombo,77.0,13.93,390,4.6,50.14,23.75,8.7,66,54.68,69.0,Moderate Demand
2025-02,BK063,හේඩීස්ගේ දෙවොල (Hadesge Devola),රික් රයෝර්ඩන් - පරි. රූපේනි මානිංගමුව,978-955-697-343-3,Young Adult,Galle,71.2,12.89,361,4.59,46.25,23.0,8.4,66,56.09,72.02,Moderate Demand
2025-02,BK063,හේඩීස්ගේ දෙවොල (Hadesge Devola),රික් රයෝර්ඩන් - පරි. රූපේනි මානිංගමුව,978-955-697-343-3,Young Adult,Kandy,71.2,14.96,419,4.59,52.57,25.93,10.2,66,62.03,73.93,High Demand
2025-02,BK064,2010,ආතර් සී. ක්ලාක් (පරිවර්තනය: චන්දන වීරසිංහ),978-624-5712-10-6,Sci-Fi,Colombo,70.5,20.75,581,4.12,68.32,32.07,11.1,72,81.48,79.88,High Demand
2025-02,BK064,2010,ආතර් සී. ක්ලාක් (පරිවර්තනය: චන්දන වීරසිංහ),978-624-5712-10-6,Sci-Fi,Galle,74.0,16.5,462,4.1,55.64,26.39,13.3,72,88.52,83.08,High Demand
2025-02,BK064,2010,ආතර් සී. ක්ලාක් (පරිවර්තනය: චන්දන වීරසිංහ),978-624-5712-10-6,Sci-Fi,Kandy,69.1,20.21,566,4.09,62.79,29.93,10.7,72,77.94,86.75,High Demand
2025-02,BK065,මන්දාරම් රාත්‍රිය,ඩී. එම්. අනුර දිසානායක,978-624-5829-10-1,Mystery,Colombo,74.5,20.54,575,4.98,69.14,30.89,9.9,71,81.37,77.47,High Demand
2025-02,BK065,මන්දාරම් රාත්‍රිය,ඩී. එම්. අනුර දිසානායක,978-624-5829-10-1,Mystery,Galle,77.5,15.54,435,4.98,50.32,25.14,11.6,71,68.89,87.12,High Demand
2025-02,BK065,මන්දාරම් රාත්‍රිය,ඩී. එම්. අනුර දිසානායක,978-624-5829-10-1,Mystery,Kandy,74.5,16.29,456,4.97,59.71,29.07,7.3,71,79.56,81.75,High Demand
2025-02,BK066,පරණ මාලිගාව,ක්‍රිස් කුස්නෙස්කි (පරිවර්තනය),978-726-5125-19-4,Horror,Colombo,76.9,11.54,323,4.51,42.18,20.5,10.8,68,32.22,51.86,Low Demand
2025-02,BK066,පරණ මාලිගාව,ක්‍රිස් කුස්නෙස්කි (පරිවර්තනය),978-726-5125-19-4,Horror,Galle,65.6,10.36,290,4.5,36.57,18.18,10.7,68,20.39,50.84,Low Demand
2025-02,BK066,පරණ මාලිගාව,ක්‍රිස් කුස්නෙස්කි (පරිවර්තනය),978-726-5125-19-4,Horror,Kandy,71.9,13.0,364,4.49,47.54,23.0,12.6,68,54.12,71.69,Moderate Demand
2025-02,BK067,අනාගතේ පැතිකඩක් (Profiles of the Future),ආතර් සී. ක්ලාක් (පරිවර්තනය: එස්. එම්. බන්දුසීල),978-624-5712-31-1,Sci-Fi,Colombo,75.0,16.75,469,3.89,56.61,26.43,6.8,72,64.1,62.73,Moderate Demand
2025-02,BK067,අනාගතේ පැතිකඩක් (Profiles of the Future),ආතර් සී. ක්ලාක් (පරිවර්තනය: එස්. එම්. බන්දුසීල),978-624-5712-31-1,Sci-Fi,Galle,76.9,16.43,460,3.91,60.61,28.11,11.8,72,71.19,73.24,High Demand
2025-02,BK067,අනාගතේ පැතිකඩක් (Profiles of the Future),ආතර් සී. ක්ලාක් (පරිවර්තනය: එස්. එම්. බන්දුසීල),978-624-5712-31-1,Sci-Fi,Kandy,68.1,17.64,494,3.91,56.36,27.5,8.5,72,68.77,73.63,High Demand
2025-02,BK068,දඩයම් බල්ලෝ,පරිවර්තන නවකතා,978-624-5572-38-0,Thriller,Colombo,68.5,17.18,481,4.01,61.82,29.07,13.5,76,80.14,74.77,High Demand
2025-02,BK068,දඩයම් බල්ලෝ,පරිවර්තන නවකතා,978-624-5572-38-0,Thriller,Galle,73.4,17.96,503,4.0,58.18,28.04,12.0,76,78.19,79.78,High Demand
2025-02,BK068,දඩයම් බල්ලෝ,පරිවර්තන නවකතා,978-624-5572-38-0,Thriller,Kandy,72.1,17.68,495,4.0,58.68,26.25,9.9,76,75.32,75.19,High Demand
2025-02,BK069,අදිසි අනතුර (Adisi Anathura - The Crash),ෆ්‍රීඩා මැක්ෆැඩන් - පරි. නයනතාරා පිලපිටිය,978-624-6570-48-4,Thriller,Colombo,73.2,17.21,482,4.29,58.5,27.89,13.5,76,65.17,65.21,Moderate Demand
2025-02,BK069,අදිසි අනතුර (Adisi Anathura - The Crash),ෆ්‍රීඩා මැක්ෆැඩන් - පරි. නයනතාරා පිලපිටිය,978-624-6570-48-4,Thriller,Galle,72.5,16.14,452,4.3,52.57,24.75,10.3,76,67.69,66.31,Moderate Demand
2025-02,BK069,අදිසි අනතුර (Adisi Anathura - The Crash),ෆ්‍රීඩා මැක්ෆැඩන් - පරි. නයනතාරා පිලපිටිය,978-624-6570-48-4,Thriller,Kandy,74.4,18.43,516,4.31,59.79,29.04,11.9,76,80.54,80.97,High Demand
2025-02,BK070,Crown of Midnight,සාරා ජේ. මාස් (Sarah J. Maas),978-624-5663-48-4,Fantasy,Colombo,80.3,18.79,526,4.5,62.57,30.18,9.7,74,86.58,85.02,High Demand
2025-02,BK070,Crown of Midnight,සාරා ජේ. මාස් (Sarah J. Maas),978-624-5663-48-4,Fantasy,Galle,76.1,18.14,508,4.49,60.82,30.96,10.8,74,99.68,94.4,High Demand
2025-02,BK070,Crown of Midnight,සාරා ජේ. මාස් (Sarah J. Maas),978-624-5663-48-4,Fantasy,Kandy,81.3,20.0,560,4.51,67.82,31.93,10.0,74,90.07,95.1,High Demand
2025-02,BK071,සුළං ගංගාව,පියදාස රත්නසිංහ (පරිවර්තනය),978-935-1789-28-8,Academic,Colombo,72.8,11.57,324,4.49,42.32,19.86,12.6,45,40.13,47.63,Low Demand
2025-02,BK071,සුළං ගංගාව,පියදාස රත්නසිංහ (පරිවර්තනය),978-935-1789-28-8,Academic,Galle,74.8,11.25,315,4.51,39.36,19.04,10.6,45,33.12,55.7,Low Demand
2025-02,BK071,සුළං ගංගාව,පියදාස රත්නසිංහ (පරිවර්තනය),978-935-1789-28-8,Academic,Kandy,71.1,11.29,316,4.5,40.89,19.86,9.0,45,20.81,53.11,Low Demand
2025-02,BK072,ගීතය සහ මාලිගාව,එරන්ද ගිනිගේ (Eranda Ginige),978-616-9581-88-7,Psychology,Colombo,64.0,11.75,329,3.71,40.04,18.89,10.4,58,37.92,58.01,Moderate Demand
2025-02,BK072,ගීතය සහ මාලිගාව,එරන්ද ගිනිගේ (Eranda Ginige),978-616-9581-88-7,Psychology,Galle,69.2,11.89,333,3.7,43.54,21.57,10.0,58,42.68,54.81,Low Demand
2025-02,BK072,ගීතය සහ මාලිගාව,එරන්ද ගිනිගේ (Eranda Ginige),978-616-9581-88-7,Psychology,Kandy,69.2,11.54,323,3.71,38.54,17.0,12.6,58,32.09,50.06,Low Demand
2025-02,BK073,ගමන සහ සෙවනැලි,"වික්ටෝරියා හෝල්ට් (Victoria Holt), පරිවර්තනය: කෝශලී සිරිචන්ද්‍ර (Translation: Koshalee Sirichandra)",978-477-2613-24-8,Horror,Colombo,72.4,11.75,329,3.79,43.39,20.36,9.1,68,29.64,54.55,Low Demand
2025-02,BK073,ගමන සහ සෙවනැලි,"වික්ටෝරියා හෝල්ට් (Victoria Holt), පරිවර්තනය: කෝශලී සිරිචන්ද්‍ර (Translation: Koshalee Sirichandra)",978-477-2613-24-8,Horror,Galle,76.8,10.18,285,3.8,37.07,18.89,10.2,68,16.95,36.13,Low Demand
2025-02,BK073,ගමන සහ සෙවනැලි,"වික්ටෝරියා හෝල්ට් (Victoria Holt), පරිවර්තනය: කෝශලී සිරිචන්ද්‍ර (Translation: Koshalee Sirichandra)",978-477-2613-24-8,Horror,Kandy,76.2,12.07,338,3.8,45.61,21.61,12.9,68,45.75,60.15,Moderate Demand
2025-02,BK074,එවා මෙහේ බෑ මචං,පිනසිරි දඩල්ලගේ,978-955-97643-5-9,Non-fiction,Colombo,70.3,12.14,340,4.42,44.61,21.89,9.8,52,43.39,67.09,Moderate Demand
2025-02,BK074,එවා මෙහේ බෑ මචං,පිනසිරි දඩල්ලගේ,978-955-97643-5-9,Non-fiction,Galle,65.5,11.32,317,4.41,39.07,18.82,9.8,52,36.57,54.23,Low Demand
2025-02,BK074,එවා මෙහේ බෑ මචං,පිනසිරි දඩල්ලගේ,978-955-97643-5-9,Non-fiction,Kandy,66.2,11.25,315,4.39,43.14,20.14,10.6,52,18.16,41.56,Low Demand
2025-02,BK075,"හොල්මන්, ආවේශ සහ යළි උපත (You Cannot Die)",ඉයන් කරි (පරිවර්තනය: භද්‍රජි මහින්ද ජයතිලක),978-955-671-215-5,Psychology,Colombo,64.9,11.93,334,4.81,44.57,21.21,10.8,58,30.08,61.02,Moderate Demand
2025-02,BK075,"හොල්මන්, ආවේශ සහ යළි උපත (You Cannot Die)",ඉයන් කරි (පරිවර්තනය: භද්‍රජි මහින්ද ජයතිලක),978-955-671-215-5,Psychology,Galle,77.9,12.14,340,4.8,42.93,20.75,12.1,58,53.12,58.21,Moderate Demand
2025-02,BK075,"හොල්මන්, ආවේශ සහ යළි උපත (You Cannot Die)",ඉයන් කරි (පරිවර්තනය: භද්‍රජි මහින්ද ජයතිලක),978-955-671-215-5,Psychology,Kandy,72.7,11.79,330,4.79,43.21,21.82,10.6,58,11.68,48.31,Low Demand
2025-02,BK076,සෙංකොට්ටං (Senkottan),මහින්ද ප්‍රසාද් මසිඹුල,978-955-098-000-0,Novel,Colombo,72.5,26.32,737,4.31,74.0,35.29,12.6,70,96.7,85.12,High Demand
2025-02,BK076,සෙංකොට්ටං (Senkottan),මහින්ද ප්‍රසාද් මසිඹුල,978-955-098-000-0,Novel,Galle,79.0,23.79,666,4.3,73.32,33.39,8.4,70,92.52,85.27,High Demand
2025-02,BK076,සෙංකොට්ටං (Senkottan),මහින්ද ප්‍රසාද් මසිඹුල,978-955-098-000-0,Novel,Kandy,72.7,28.14,788,4.3,78.54,36.11,10.0,70,94.09,83.35,High Demand
2025-02,BK077,අතීත මිටියාවත,ඊනිඩ් බ්ලයිටන් (Enid Blyton),978-845-3000-71-2,Children's,Colombo,77.1,12.0,336,4.41,46.39,22.21,9.5,60,44.7,49.19,Low Demand
2025-02,BK077,අතීත මිටියාවත,ඊනිඩ් බ්ලයිටන් (Enid Blyton),978-845-3000-71-2,Children's,Galle,79.3,10.39,291,4.4,39.64,20.0,12.4,60,26.17,45.98,Low Demand
2025-02,BK077,අතීත මිටියාවත,ඊනිඩ් බ්ලයිටන් (Enid Blyton),978-845-3000-71-2,Children's,Kandy,80.1,12.29,344,4.39,40.68,20.39,11.4,60,38.64,57.82,Moderate Demand
2025-02,BK078,සිහිනය සහ සෙවනැලි,"ස්ටෙෆනි ගාබර් (Stephanie Garber), පරිවර්තනය: කෝශලී සිරිචන්ද්‍ර (Translation: Koshalee Sirichandra)",978-748-7074-58-5,Historical/Religious,Colombo,73.4,12.0,336,4.6,42.39,19.79,9.1,55,30.99,56.39,Moderate Demand
2025-02,BK078,සිහිනය සහ සෙවනැලි,"ස්ටෙෆනි ගාබර් (Stephanie Garber), පරිවර්තනය: කෝශලී සිරිචන්ද්‍ර (Translation: Koshalee Sirichandra)",978-748-7074-58-5,Historical/Religious,Galle,78.9,11.89,333,4.6,42.04,19.43,10.4,55,47.0,67.6,Moderate Demand
2025-02,BK078,සිහිනය සහ සෙවනැලි,"ස්ටෙෆනි ගාබර් (Stephanie Garber), පරිවර්තනය: කෝශලී සිරිචන්ද්‍ර (Translation: Koshalee Sirichandra)",978-748-7074-58-5,Historical/Religious,Kandy,66.8,10.5,294,4.61,38.43,18.96,8.2,55,3.46,41.36,Low Demand
2025-02,BK079,හැරී පොටර් සහ රහස් කුටිය,ජේ. කේ. රෝලිං - පරි. අභය හේවාවසම්,978-955-573-623-7,Translation,Colombo,76.3,25.36,710,4.2,73.11,33.75,9.5,62,90.38,90.45,High Demand
2025-02,BK079,හැරී පොටර් සහ රහස් කුටිය,ජේ. කේ. රෝලිං - පරි. අභය හේවාවසම්,978-955-573-623-7,Translation,Galle,75.7,25.71,720,4.2,75.43,33.96,10.5,62,99.1,87.68,High Demand
2025-02,BK079,හැරී පොටර් සහ රහස් කුටිය,ජේ. කේ. රෝලිං - පරි. අභය හේවාවසම්,978-955-573-623-7,Translation,Kandy,80.9,27.93,782,4.2,78.32,36.64,9.2,62,100.0,94.37,High Demand
2025-02,BK080,විකෘති (Vikurthi),සෝමලතා සුබසිංහ,978-955-428-430-2,Drama,Colombo,74.2,16.43,460,4.89,59.07,27.25,10.2,65,86.55,79.16,High Demand
2025-02,BK080,විකෘති (Vikurthi),සෝමලතා සුබසිංහ,978-955-428-430-2,Drama,Galle,70.7,13.39,375,4.91,47.39,22.14,15.0,65,50.18,61.97,Moderate Demand
2025-02,BK080,විකෘති (Vikurthi),සෝමලතා සුබසිංහ,978-955-428-430-2,Drama,Kandy,76.2,15.25,427,4.9,56.71,26.86,11.8,65,63.46,80.01,High Demand
2025-02,BK081,නැන්දම්මාගේ ඩයරිය,කල්පනා කස්තුරිආරච්චි,978-624-9695-78-8,Short Stories,Colombo,69.8,11.46,321,4.09,41.46,20.82,8.6,57,30.67,47.97,Low Demand
2025-02,BK081,නැන්දම්මාගේ ඩයරිය,කල්පනා කස්තුරිආරච්චි,978-624-9695-78-8,Short Stories,Galle,75.4,9.89,277,4.1,37.18,18.07,9.5,57,14.42,48.0,Low Demand
2025-02,BK081,නැන්දම්මාගේ ඩයරිය,කල්පනා කස්තුරිආරච්චි,978-624-9695-78-8,Short Stories,Kandy,71.9,13.25,371,4.09,44.71,21.29,10.1,57,52.29,66.46,Moderate Demand
2025-02,BK082,හැරී පොටර් සහ අස්කබාන්හි සිරකරු,ජේ. කේ. රෝලිං - පරි. අභය හේවාවසම්,978-955-671-187-5,Translation,Colombo,76.8,30.04,841,3.78,85.86,41.0,11.0,62,100.0,88.71,High Demand
2025-02,BK082,හැරී පොටර් සහ අස්කබාන්හි සිරකරු,ජේ. කේ. රෝලිං - පරි. අභය හේවාවසම්,978-955-671-187-5,Translation,Galle,66.3,28.32,793,3.81,78.86,35.93,10.2,62,94.92,76.31,High Demand
2025-02,BK082,හැරී පොටර් සහ අස්කබාන්හි සිරකරු,ජේ. කේ. රෝලිං - පරි. අභය හේවාවසම්,978-955-671-187-5,Translation,Kandy,75.8,30.79,862,3.79,87.25,40.82,9.8,62,94.48,85.17,High Demand
2025-02,BK083,පර්සි ජැක්සන් සහ රාක්ෂ සයුර,රික් රියෝඩන් (පරි. සවින්දි ආරියතිලක),978-955-697-090-0,Fantasy,Colombo,76.0,17.21,482,4.39,63.21,30.14,11.0,74,76.28,76.87,High Demand
2025-02,BK083,පර්සි ජැක්සන් සහ රාක්ෂ සයුර,රික් රියෝඩන් (පරි. සවින්දි ආරියතිලක),978-955-697-090-0,Fantasy,Galle,75.8,15.71,440,4.39,53.5,24.46,10.4,74,61.23,73.4,High Demand
2025-02,BK083,පර්සි ජැක්සන් සහ රාක්ෂ සයුර,රික් රියෝඩන් (පරි. සවින්දි ආරියතිලක),978-955-697-090-0,Fantasy,Kandy,69.6,16.93,474,4.4,56.68,27.36,10.1,74,63.17,78.53,High Demand
2025-02,BK084,විභාග ජය ගැනීමේ රහස (Vibhaga Jaya Ganeeme Rahasa),ප්‍රවීන් රන්දෙනිය,978-624-97120-5-0,Academic,Colombo,70.4,15.29,428,4.09,55.93,25.64,8.4,45,59.82,66.2,Moderate Demand
2025-02,BK084,විභාග ජය ගැනීමේ රහස (Vibhaga Jaya Ganeeme Rahasa),ප්‍රවීන් රන්දෙනිය,978-624-97120-5-0,Academic,Galle,62.4,14.86,416,4.09,54.11,25.61,12.0,45,71.06,69.59,Moderate Demand
2025-02,BK084,විභාග ජය ගැනීමේ රහස (Vibhaga Jaya Ganeeme Rahasa),ප්‍රවීන් රන්දෙනිය,978-624-97120-5-0,Academic,Kandy,70.7,20.32,569,4.08,60.71,28.89,8.8,45,81.37,72.08,Moderate Demand
2025-02,BK085,දික්තල කාලගෝල (Diktala Kalagola),පුණ්‍යසේන ගුණසිංහ,978-955-9377-71-9,Drama,Colombo,71.9,11.32,317,4.81,43.07,20.79,10.6,65,18.62,51.81,Low Demand
2025-02,BK085,දික්තල කාලගෝල (Diktala Kalagola),පුණ්‍යසේන ගුණසිංහ,978-955-9377-71-9,Drama,Galle,52.2,10.57,296,4.78,41.14,20.54,9.9,65,59.6,75.46,High Demand
2025-02,BK085,දික්තල කාලගෝල (Diktala Kalagola),පුණ්‍යසේන ගුණසිංහ,978-955-9377-71-9,Drama,Kandy,71.0,13.0,364,4.81,46.57,21.25,9.1,65,43.42,57.46,Moderate Demand
2025-02,BK086,නැන්සි කෲ: ටෙඩි බෙයාර් අබිරහස,කැරොලයින් කීන්,978-955-657-006-8,Translation,Colombo,69.4,14.25,399,4.29,48.93,23.96,9.2,62,58.25,71.45,Moderate Demand
2025-02,BK086,නැන්සි කෲ: ටෙඩි බෙයාර් අබිරහස,කැරොලයින් කීන්,978-955-657-006-8,Translation,Galle,70.0,11.11,311,4.29,38.36,18.61,13.2,62,33.28,61.61,Moderate Demand
2025-02,BK086,නැන්සි කෲ: ටෙඩි බෙයාර් අබිරහස,කැරොලයින් කීන්,978-955-657-006-8,Translation,Kandy,71.4,13.89,389,4.3,49.11,23.0,10.8,62,69.21,71.64,Moderate Demand
2025-02,BK087,කතාව සහ සිහිනය,ක්‍රිස් කුස්නෙස්කි (පරිවර්තනය),978-566-9308-23-4,Short Stories,Colombo,68.9,12.46,349,3.69,44.32,21.14,10.1,57,57.32,60.13,Moderate Demand
2025-02,BK087,කතාව සහ සිහිනය,ක්‍රිස් කුස්නෙස්කි (පරිවර්තනය),978-566-9308-23-4,Short Stories,Galle,83.0,10.68,299,3.68,39.18,19.61,12.2,57,28.33,41.27,Low Demand
2025-02,BK087,කතාව සහ සිහිනය,ක්‍රිස් කුස්නෙස්කි (පරිවර්තනය),978-566-9308-23-4,Short Stories,Kandy,72.1,11.96,335,3.69,42.86,20.54,10.7,57,36.15,48.49,Low Demand
2025-02,BK088,අඹ යහළුවෝ,ටී. බී. ඉලංගරත්න,978-955-4682-00-9,Novel,Colombo,72.9,23.89,669,4.8,71.43,32.61,10.0,70,100.0,100.0,High Demand
2025-02,BK088,අඹ යහළුවෝ,ටී. බී. ඉලංගරත්න,978-955-4682-00-9,Novel,Galle,72.1,21.89,613,4.79,73.68,35.07,10.9,70,94.09,86.09,High Demand
2025-02,BK088,අඹ යහළුවෝ,ටී. බී. ඉලංගරත්න,978-955-4682-00-9,Novel,Kandy,72.8,27.18,761,4.8,81.07,38.71,11.8,70,100.0,93.53,High Demand
2025-02,BK089,මායා අහස,දිනිති තරුමිණි,978-222-3861-35-8,Young Adult,Colombo,83.2,11.29,316,4.3,41.11,19.43,11.7,66,26.25,54.15,Low Demand
2025-02,BK089,මායා අහස,දිනිති තරුමිණි,978-222-3861-35-8,Young Adult,Galle,60.9,10.82,303,4.3,36.64,18.32,9.9,66,41.77,58.23,Moderate Demand
2025-02,BK089,මායා අහස,දිනිති තරුමිණි,978-222-3861-35-8,Young Adult,Kandy,72.5,12.14,340,4.31,45.54,22.18,9.4,66,40.19,55.69,Low Demand
2025-02,BK090,අනාගත නගරය,පරිවර්තනය: චන්දන මෙන්ඩිස් (Chandana Mendis),978-587-7471-56-2,Drama,Colombo,77.9,10.54,295,3.71,38.79,19.43,9.4,65,28.79,52.76,Low Demand
2025-02,BK090,අනාගත නගරය,පරිවර්තනය: චන්දන මෙන්ඩිස් (Chandana Mendis),978-587-7471-56-2,Drama,Galle,70.7,11.54,323,3.7,41.36,21.29,10.8,65,52.88,69.73,Moderate Demand
2025-02,BK090,අනාගත නගරය,පරිවර්තනය: චන්දන මෙන්ඩිස් (Chandana Mendis),978-587-7471-56-2,Drama,Kandy,71.9,12.18,341,3.7,41.93,21.11,7.3,65,23.36,52.06,Low Demand
2025-02,BK091,හැරී පොටර් සහ ෆීනික්ස් නිකාය,ජේ. කේ. රෝලිං - පරි. අභය හේවාවසම්,978-955-573-951-1,Translation,Colombo,84.4,28.79,806,3.6,83.11,40.89,11.1,62,93.74,82.71,High Demand
2025-02,BK091,හැරී පොටර් සහ ෆීනික්ස් නිකාය,ජේ. කේ. රෝලිං - පරි. අභය හේවාවසම්,978-955-573-951-1,Translation,Galle,74.0,23.93,670,3.61,72.46,34.14,10.0,62,78.95,67.09,Moderate Demand
2025-02,BK091,හැරී පොටර් සහ ෆීනික්ස් නිකාය,ජේ. කේ. රෝලිං - පරි. අභය හේවාවසම්,978-955-573-951-1,Translation,Kandy,80.2,27.21,762,3.59,82.5,39.39,9.8,62,76.24,77.72,High Demand
2025-02,BK092,සැඟවුණු රහස,රොජර් ලී මැක්බ්‍රයිඩ් (Roger Lea MacBride) - පරිවර්තනය: චිත්‍රා අමරසේකර,978-745-6661-48-1,Historical/Religious,Colombo,63.0,12.43,348,4.91,46.0,21.86,9.5,55,43.25,74.46,High Demand
2025-02,BK092,සැඟවුණු රහස,රොජර් ලී මැක්බ්‍රයිඩ් (Roger Lea MacBride) - පරිවර්තනය: චිත්‍රා අමරසේකර,978-745-6661-48-1,Historical/Religious,Galle,71.5,10.54,295,4.9,37.57,18.25,10.1,55,35.99,58.97,Moderate Demand
2025-02,BK092,සැඟවුණු රහස,රොජර් ලී මැක්බ්‍රයිඩ් (Roger Lea MacBride) - පරිවර්තනය: චිත්‍රා අමරසේකර,978-745-6661-48-1,Historical/Religious,Kandy,68.8,12.0,336,4.9,40.04,18.96,9.5,55,40.75,66.9,Moderate Demand
2025-02,BK093,සෙවනැලි සහ මාලිගාව,පරිවර්තනය: චන්දන මෙන්ඩිස් (Chandana Mendis),978-289-1737-32-0,Poetry,Colombo,69.5,11.86,332,3.91,41.0,19.82,9.5,50,28.74,49.37,Low Demand
2025-02,BK093,සෙවනැලි සහ මාලිගාව,පරිවර්තනය: චන්දන මෙන්ඩිස් (Chandana Mendis),978-289-1737-32-0,Poetry,Galle,75.9,10.39,291,3.89,36.54,18.39,9.3,50,22.97,44.36,Low Demand
2025-02,BK093,සෙවනැලි සහ මාලිගාව,පරිවර්තනය: චන්දන මෙන්ඩිස් (Chandana Mendis),978-289-1737-32-0,Poetry,Kandy,74.0,12.79,358,3.9,46.18,22.29,10.1,50,39.49,48.23,Low Demand
2025-02,BK094,නෙවර් ලයි (Never Lie),ෆ්‍රීඩා මැක්ෆැඩන් - පරි. තරුෂි නිරංගා ජයසිංහ,978-624-6570-46-0,Thriller,Colombo,76.8,20.68,579,4.28,68.89,33.71,8.5,76,93.79,87.9,High Demand
2025-02,BK094,නෙවර් ලයි (Never Lie),ෆ්‍රීඩා මැක්ෆැඩන් - පරි. තරුෂි නිරංගා ජයසිංහ,978-624-6570-46-0,Thriller,Galle,77.8,18.64,522,4.3,66.86,31.11,9.7,76,91.44,79.7,High Demand
2025-02,BK094,නෙවර් ලයි (Never Lie),ෆ්‍රීඩා මැක්ෆැඩන් - පරි. තරුෂි නිරංගා ජයසිංහ,978-624-6570-46-0,Thriller,Kandy,70.6,22.86,640,4.3,72.79,33.54,10.4,76,77.62,76.19,High Demand
2025-02,BK095,ප්‍රේම ගීතය,සමුද්‍ර වෙත්තසිංහ (Samudra Weththasingha),978-573-6220-40-5,Non-fiction,Colombo,68.2,11.61,325,4.5,44.11,21.21,9.0,52,25.46,55.52,Low Demand
2025-02,BK095,ප්‍රේම ගීතය,සමුද්‍ර වෙත්තසිංහ (Samudra Weththasingha),978-573-6220-40-5,Non-fiction,Galle,72.9,10.57,296,4.49,39.93,19.07,11.3,52,33.22,64.97,Moderate Demand
2025-02,BK095,ප්‍රේම ගීතය,සමුද්‍ර වෙත්තසිංහ (Samudra Weththasingha),978-573-6220-40-5,Non-fiction,Kandy,81.9,12.39,347,4.49,42.96,20.18,11.4,52,48.42,64.77,Moderate Demand
2025-02,BK096,පුද්ගලිකයි රහසිගතයි (The Secret Files of Sherlock Holmes),චන්දන මෙන්ඩිස් (පරිවර්තනය),955-97776-4-5,Mystery,Colombo,74.5,18.11,507,4.99,58.36,27.93,9.4,71,76.38,86.69,High Demand
2025-02,BK096,පුද්ගලිකයි රහසිගතයි (The Secret Files of Sherlock Holmes),චන්දන මෙන්ඩිස් (පරිවර්තනය),955-97776-4-5,Mystery,Galle,77.7,17.21,482,4.97,59.82,27.86,10.1,71,68.65,75.55,High Demand
2025-02,BK096,පුද්ගලිකයි රහසිගතයි (The Secret Files of Sherlock Holmes),චන්දන මෙන්ඩිස් (පරිවර්තනය),955-97776-4-5,Mystery,Kandy,80.6,16.96,475,4.98,60.0,29.5,13.0,71,64.55,75.52,High Demand
2025-02,BK097,පරණ කතාව,මාර්ටින් වික්‍රමසිංහ,978-528-5693-75-7,Children's,Colombo,72.4,11.11,311,4.1,41.46,20.71,13.2,60,19.49,42.27,Low Demand
2025-02,BK097,පරණ කතාව,මාර්ටින් වික්‍රමසිංහ,978-528-5693-75-7,Children's,Galle,64.2,11.21,314,4.09,38.36,19.21,10.7,60,32.43,57.29,Moderate Demand
2025-02,BK097,පරණ කතාව,මාර්ටින් වික්‍රමසිංහ,978-528-5693-75-7,Children's,Kandy,70.4,11.36,318,4.1,41.04,20.61,12.0,60,27.27,54.43,Low Demand
2025-02,BK098,මාණික්කාවත (Manikkawatha),මහින්ද ප්‍රසාද් මසිඹුල,978-955-098-023-9,Novel,Colombo,70.8,24.04,673,3.5,73.21,34.68,10.4,70,72.54,65.15,Moderate Demand
2025-02,BK098,මාණික්කාවත (Manikkawatha),මහින්ද ප්‍රසාද් මසිඹුල,978-955-098-023-9,Novel,Galle,81.9,21.14,592,3.5,68.54,32.14,12.7,70,88.21,78.15,High Demand
2025-02,BK098,මාණික්කාවත (Manikkawatha),මහින්ද ප්‍රසාද් මසිඹුල,978-955-098-023-9,Novel,Kandy,71.0,22.39,627,3.49,75.39,36.11,9.8,70,85.07,81.47,High Demand
2025-02,BK099,ගංගාව සහ ගංගාව,"ජේම්ස් හැඩ්ලි චේස් (James Hadley Chase), පරිවර්තනය: එන්. ජී. විජේරත්න (Translation: N. G. Wijerathna)",978-493-2631-22-5,Children's,Colombo,76.2,11.93,334,4.79,42.46,20.5,9.9,60,26.78,65.83,Moderate Demand
2025-02,BK099,ගංගාව සහ ගංගාව,"ජේම්ස් හැඩ්ලි චේස් (James Hadley Chase), පරිවර්තනය: එන්. ජී. විජේරත්න (Translation: N. G. Wijerathna)",978-493-2631-22-5,Children's,Galle,77.6,9.68,271,4.8,36.93,18.71,12.0,60,27.57,58.9,Moderate Demand
2025-02,BK099,ගංගාව සහ ගංගාව,"ජේම්ස් හැඩ්ලි චේස් (James Hadley Chase), පරිවර්තනය: එන්. ජී. විජේරත්න (Translation: N. G. Wijerathna)",978-493-2631-22-5,Children's,Kandy,69.7,10.82,303,4.79,40.14,19.68,11.9,60,12.86,49.89,Low Demand
2025-02,BK100,රන් මතකය,ලසිත රවීන් උමගිලිය,978-825-3894-18-1,Young Adult,Colombo,65.1,11.25,315,4.1,41.36,19.93,10.2,66,32.06,54.61,Low Demand
2025-02,BK100,රන් මතකය,ලසිත රවීන් උමගිලිය,978-825-3894-18-1,Young Adult,Galle,75.1,10.96,307,4.11,39.36,18.79,9.1,66,44.87,50.17,Low Demand
2025-02,BK100,රන් මතකය,ලසිත රවීන් උමගිලිය,978-825-3894-18-1,Young Adult,Kandy,69.0,11.82,331,4.1,42.79,20.39,9.9,66,29.17,53.02,Low Demand
2025-03,BK052,අනාගත අහස,මාර්ටින් වික්‍රමසිංහ (පරිවර්තනය),978-147-1385-34-4,Historical/Religious,Colombo,78.3,12.52,388,4.69,44.65,21.29,11.5,55,32.34,61.79,Moderate Demand
2025-03,BK052,අනාගත අහස,මාර්ටින් වික්‍රමසිංහ (පරිවර්තනය),978-147-1385-34-4,Historical/Religious,Galle,64.2,10.0,310,4.7,35.58,17.03,12.1,55,31.98,49.48,Low Demand
2025-03,BK052,අනාගත අහස,මාර්ටින් වික්‍රමසිංහ (පරිවර්තනය),978-147-1385-34-4,Historical/Religious,Kandy,72.5,11.94,370,4.71,42.35,20.58,15.1,55,25.17,53.35,Low Demand
2025-03,BK053,මිටියාවත සහ කාලය,"ජෝන් ෂෝර්ස් (John Shors), පරිවර්තනය: ප්‍රදීප් කුමාර බාලසූරිය (Translation: Pradeep Kumara Balasuriya)",978-976-3071-42-3,Horror,Colombo,76.8,14.06,436,4.9,49.13,23.61,10.8,68,45.48,67.85,Moderate Demand
2025-03,BK053,මිටියාවත සහ කාලය,"ජෝන් ෂෝර්ස් (John Shors), පරිවර්තනය: ප්‍රදීප් කුමාර බාලසූරිය (Translation: Pradeep Kumara Balasuriya)",978-976-3071-42-3,Horror,Galle,70.4,11.61,360,4.91,44.16,21.03,10.8,68,40.98,60.48,Moderate Demand
2025-03,BK053,මිටියාවත සහ කාලය,"ජෝන් ෂෝර්ස් (John Shors), පරිවර්තනය: ප්‍රදීප් කුමාර බාලසූරිය (Translation: Pradeep Kumara Balasuriya)",978-976-3071-42-3,Horror,Kandy,77.9,12.94,401,4.89,45.71,22.94,11.2,68,30.8,57.11,Moderate Demand
2025-03,BK054,රහස සහ කතාව,පවනි උමයංගනා (Pawani Umayangana),978-476-5849-54-7,Non-fiction,Colombo,75.1,12.61,391,3.51,45.39,21.42,8.8,52,39.18,53.48,Low Demand
2025-03,BK054,රහස සහ කතාව,පවනි උමයංගනා (Pawani Umayangana),978-476-5849-54-7,Non-fiction,Galle,72.9,9.94,308,3.47,40.13,20.32,11.5,52,34.08,45.16,Low Demand
2025-03,BK054,රහස සහ කතාව,පවනි උමයංගනා (Pawani Umayangana),978-476-5849-54-7,Non-fiction,Kandy,76.6,10.45,324,3.5,37.03,17.61,10.0,52,20.12,42.37,Low Demand
2025-03,BK055,ඇහි පියන් ඇහැරිලා (Ahi Piyan Aharila),මහින්ද ප්‍රසාද් මසිඹුල,978-955-098-003-1,Poetry,Colombo,71.8,18.74,581,4.01,64.74,29.65,10.2,50,59.62,70.74,Moderate Demand
2025-03,BK055,ඇහි පියන් ඇහැරිලා (Ahi Piyan Aharila),මහින්ද ප්‍රසාද් මසිඹුල,978-955-098-003-1,Poetry,Galle,73.7,16.23,503,4.0,54.13,25.1,11.0,50,72.23,78.69,High Demand
2025-03,BK055,ඇහි පියන් ඇහැරිලා (Ahi Piyan Aharila),මහින්ද ප්‍රසාද් මසිඹුල,978-955-098-003-1,Poetry,Kandy,74.9,15.87,492,3.99,54.65,26.39,7.7,50,70.2,57.63,Moderate Demand
2025-03,BK056,ගමන සහ කාලය,ප්‍රේමකීර්ති රණතුංග,978-316-8963-96-1,Short Stories,Colombo,65.7,11.74,364,4.1,45.48,22.06,8.6,57,16.39,41.29,Low Demand
2025-03,BK056,ගමන සහ කාලය,ප්‍රේමකීර්ති රණතුංග,978-316-8963-96-1,Short Stories,Galle,70.0,11.58,359,4.13,37.74,18.48,11.3,57,53.04,59.35,Moderate Demand
2025-03,BK056,ගමන සහ කාලය,ප්‍රේමකීර්ති රණතුංග,978-316-8963-96-1,Short Stories,Kandy,77.4,11.61,360,4.09,42.06,19.77,10.8,57,23.59,47.48,Low Demand
2025-03,BK057,කොළඹ කන්ද,Michael Crichton (පරිවර්තනය: සුදත් රොහාන්),978-645-5531-58-3,Poetry,Colombo,76.8,12.61,391,4.7,44.81,22.13,11.7,50,46.62,54.32,Low Demand
2025-03,BK057,කොළඹ කන්ද,Michael Crichton (පරිවර්තනය: සුදත් රොහාන්),978-645-5531-58-3,Poetry,Galle,71.2,12.23,379,4.7,40.81,18.81,8.1,50,42.19,62.36,Moderate Demand
2025-03,BK057,කොළඹ කන්ද,Michael Crichton (පරිවර්තනය: සුදත් රොහාන්),978-645-5531-58-3,Poetry,Kandy,70.4,12.94,401,4.71,44.35,21.45,8.7,50,28.3,56.85,Moderate Demand
2025-03,BK058,වසන්තය සහ මිටියාවත,තරංගා දිසානායක,978-630-6739-38-7,Academic,Colombo,69.5,11.68,362,3.69,40.0,19.71,8.6,45,32.66,46.25,Low Demand
2025-03,BK058,වසන්තය සහ මිටියාවත,තරංගා දිසානායක,978-630-6739-38-7,Academic,Galle,69.5,11.35,352,3.7,40.65,19.94,10.7,45,31.5,47.98,Low Demand
2025-03,BK058,වසන්තය සහ මිටියාවත,තරංගා දිසානායක,978-630-6739-38-7,Academic,Kandy,64.9,12.55,389,3.69,46.71,22.94,11.4,45,25.89,43.93,Low Demand
2025-03,BK059,370 යානයේ අබිරහස (370 Yanaye Abirahasa),භද්‍රජී මහින්ද ජයතිලක,978-624-6570-68-2,Mystery,Colombo,72.3,18.1,561,4.9,58.97,26.55,8.9,71,73.99,76.47,High Demand
2025-03,BK059,370 යානයේ අබිරහස (370 Yanaye Abirahasa),භද්‍රජී මහින්ද ජයතිලක,978-624-6570-68-2,Mystery,Galle,72.6,16.45,510,4.9,57.77,26.42,9.7,71,83.98,99.87,High Demand
2025-03,BK059,370 යානයේ අබිරහස (370 Yanaye Abirahasa),භද්‍රජී මහින්ද ජයතිලක,978-624-6570-68-2,Mystery,Kandy,79.1,20.39,632,4.89,64.9,30.03,10.6,71,88.14,84.41,High Demand
2025-03,BK060,පර්සි ජැක්සන් සහ වංගිරියේ සටන,රික් රියෝඩන් (පරි. සවින්දි ආරියතිලක),978-955-697-089-0,Fantasy,Colombo,76.4,18.52,574,4.5,65.68,30.19,11.2,74,76.61,86.81,High Demand
2025-03,BK060,පර්සි ජැක්සන් සහ වංගිරියේ සටන,රික් රියෝඩන් (පරි. සවින්දි ආරියතිලක),978-955-697-089-0,Fantasy,Galle,75.9,16.13,500,4.5,52.97,25.35,11.1,74,75.12,80.65,High Demand
2025-03,BK060,පර්සි ජැක්සන් සහ වංගිරියේ සටන,රික් රියෝඩන් (පරි. සවින්දි ආරියතිලක),978-955-697-089-0,Fantasy,Kandy,75.6,19.81,614,4.5,65.06,31.03,10.9,74,84.61,90.72,High Demand
2025-03,BK061,ආලෝකයේ සමිඳාණෝ (Alokaye Samindano - Lord of Light),රොජර් සෙලාස්නි - පරි. පුෂ්ප රංජන් විජේසිංහ,978-624-6570-11-8,Sci-Fi,Colombo,77.1,17.32,537,4.99,62.13,27.68,10.8,72,70.69,82.59,High Demand
2025-03,BK061,ආලෝකයේ සමිඳාණෝ (Alokaye Samindano - Lord of Light),රොජර් සෙලාස්නි - පරි. පුෂ්ප රංජන් විජේසිංහ,978-624-6570-11-8,Sci-Fi,Galle,71.2,15.26,473,4.98,54.48,25.81,10.9,72,57.34,85.71,High Demand
2025-03,BK061,ආලෝකයේ සමිඳාණෝ (Alokaye Samindano - Lord of Light),රොජර් සෙලාස්නි - පරි. පුෂ්ප රංජන් විජේසිංහ,978-624-6570-11-8,Sci-Fi,Kandy,71.0,17.16,532,4.98,59.1,28.35,9.8,72,71.02,76.07,High Demand
2025-03,BK062,මිනිසා සහ සෙවනැලි,"කර්ට් වොනෙගට් (Kurt Vonnegut), පරිවර්තනය: ගාමිණී වියන්ගොඩ (Translation: Gamini Viyangoda)",978-673-1310-88-3,Psychology,Colombo,78.4,12.65,392,3.9,44.58,22.0,11.2,58,36.17,54.32,Low Demand
2025-03,BK062,මිනිසා සහ සෙවනැලි,"කර්ට් වොනෙගට් (Kurt Vonnegut), පරිවර්තනය: ගාමිණී වියන්ගොඩ (Translation: Gamini Viyangoda)",978-673-1310-88-3,Psychology,Galle,76.1,12.16,377,3.89,45.68,22.1,10.1,58,49.37,63.96,Moderate Demand
2025-03,BK062,මිනිසා සහ සෙවනැලි,"කර්ට් වොනෙගට් (Kurt Vonnegut), පරිවර්තනය: ගාමිණී වියන්ගොඩ (Translation: Gamini Viyangoda)",978-673-1310-88-3,Psychology,Kandy,76.8,12.58,390,3.9,48.48,24.42,9.8,58,20.9,47.82,Low Demand
2025-03,BK063,හේඩීස්ගේ දෙවොල (Hadesge Devola),රික් රයෝර්ඩන් - පරි. රූපේනි මානිංගමුව,978-955-697-343-3,Young Adult,Colombo,74.5,14.87,461,4.59,53.84,26.29,10.3,66,70.35,79.9,High Demand
2025-03,BK063,හේඩීස්ගේ දෙවොල (Hadesge Devola),රික් රයෝර්ඩන් - පරි. රූපේනි මානිංගමුව,978-955-697-343-3,Young Adult,Galle,78.6,14.32,444,4.6,52.71,25.42,10.5,66,48.4,75.36,High Demand
2025-03,BK063,හේඩීස්ගේ දෙවොල (Hadesge Devola),රික් රයෝර්ඩන් - පරි. රූපේනි මානිංගමුව,978-955-697-343-3,Young Adult,Kandy,80.0,16.23,503,4.6,54.29,26.29,8.6,66,55.8,73.77,High Demand
2025-03,BK064,2010,ආතර් සී. ක්ලාක් (පරිවර්තනය: චන්දන වීරසිංහ),978-624-5712-10-6,Sci-Fi,Colombo,75.1,19.06,591,4.11,63.52,30.48,10.9,72,96.02,80.73,High Demand
2025-03,BK064,2010,ආතර් සී. ක්ලාක් (පරිවර්තනය: චන්දන වීරසිංහ),978-624-5712-10-6,Sci-Fi,Galle,68.2,16.77,520,4.11,59.48,27.87,9.3,72,85.18,73.98,High Demand
2025-03,BK064,2010,ආතර් සී. ක්ලාක් (පරිවර්තනය: චන්දන වීරසිංහ),978-624-5712-10-6,Sci-Fi,Kandy,78.9,22.03,683,4.1,71.16,33.97,8.7,72,86.29,81.82,High Demand
2025-03,BK065,මන්දාරම් රාත්‍රිය,ඩී. එම්. අනුර දිසානායක,978-624-5829-10-1,Mystery,Colombo,71.1,19.84,615,4.98,67.39,31.65,11.5,71,91.69,93.19,High Demand
2025-03,BK065,මන්දාරම් රාත්‍රිය,ඩී. එම්. අනුර දිසානායක,978-624-5829-10-1,Mystery,Galle,74.4,15.39,477,4.99,52.58,25.48,11.8,71,71.78,86.6,High Demand
2025-03,BK065,මන්දාරම් රාත්‍රිය,ඩී. එම්. අනුර දිසානායක,978-624-5829-10-1,Mystery,Kandy,75.1,19.87,616,4.98,65.65,31.32,8.5,71,75.48,94.51,High Demand
2025-03,BK066,පරණ මාලිගාව,ක්‍රිස් කුස්නෙස්කි (පරිවර්තනය),978-726-5125-19-4,Horror,Colombo,79.2,11.26,349,4.5,41.19,19.35,13.5,68,19.74,49.44,Low Demand
2025-03,BK066,පරණ මාලිගාව,ක්‍රිස් කුස්නෙස්කි (පරිවර්තනය),978-726-5125-19-4,Horror,Galle,74.7,10.77,334,4.49,40.84,20.55,8.0,68,39.58,60.66,Moderate Demand
2025-03,BK066,පරණ මාලිගාව,ක්‍රිස් කුස්නෙස්කි (පරිවර්තනය),978-726-5125-19-4,Horror,Kandy,75.1,13.42,416,4.5,49.61,23.9,10.3,68,59.6,79.23,High Demand
2025-03,BK067,අනාගතේ පැතිකඩක් (Profiles of the Future),ආතර් සී. ක්ලාක් (පරිවර්තනය: එස්. එම්. බන්දුසීල),978-624-5712-31-1,Sci-Fi,Colombo,69.4,18.97,588,3.9,60.45,29.32,11.2,72,75.29,77.44,High Demand
2025-03,BK067,අනාගතේ පැතිකඩක් (Profiles of the Future),ආතර් සී. ක්ලාක් (පරිවර්තනය: එස්. එම්. බන්දුසීල),978-624-5712-31-1,Sci-Fi,Galle,70.5,19.26,597,3.89,63.13,30.48,9.9,72,95.55,91.43,High Demand
2025-03,BK067,අනාගතේ පැතිකඩක් (Profiles of the Future),ආතර් සී. ක්ලාක් (පරිවර්තනය: එස්. එම්. බන්දුසීල),978-624-5712-31-1,Sci-Fi,Kandy,68.4,20.0,620,3.89,66.74,31.84,9.0,72,74.91,82.99,High Demand
2025-03,BK068,දඩයම් බල්ලෝ,පරිවර්තන නවකතා,978-624-5572-38-0,Thriller,Colombo,77.5,17.74,550,4.0,60.0,27.71,10.2,76,75.62,78.49,High Demand
2025-03,BK068,දඩයම් බල්ලෝ,පරිවර්තන නවකතා,978-624-5572-38-0,Thriller,Galle,77.7,17.97,557,4.02,62.87,31.29,9.8,76,80.67,83.75,High Demand
2025-03,BK068,දඩයම් බල්ලෝ,පරිවර්තන නවකතා,978-624-5572-38-0,Thriller,Kandy,69.8,19.32,599,3.99,61.74,29.48,10.8,76,80.57,82.67,High Demand
2025-03,BK069,අදිසි අනතුර (Adisi Anathura - The Crash),ෆ්‍රීඩා මැක්ෆැඩන් - පරි. නයනතාරා පිලපිටිය,978-624-6570-48-4,Thriller,Colombo,71.0,18.9,586,4.3,63.94,29.61,11.6,76,82.29,75.81,High Demand
2025-03,BK069,අදිසි අනතුර (Adisi Anathura - The Crash),ෆ්‍රීඩා මැක්ෆැඩන් - පරි. නයනතාරා පිලපිටිය,978-624-6570-48-4,Thriller,Galle,76.6,17.39,539,4.3,57.9,26.94,9.4,76,62.66,73.4,High Demand
2025-03,BK069,අදිසි අනතුර (Adisi Anathura - The Crash),ෆ්‍රීඩා මැක්ෆැඩන් - පරි. නයනතාරා පිලපිටිය,978-624-6570-48-4,Thriller,Kandy,72.2,20.65,640,4.31,67.52,31.94,8.2,76,85.84,84.78,High Demand
2025-03,BK070,Crown of Midnight,සාරා ජේ. මාස් (Sarah J. Maas),978-624-5663-48-4,Fantasy,Colombo,77.2,20.81,645,4.49,69.65,34.13,10.4,74,88.05,84.99,High Demand
2025-03,BK070,Crown of Midnight,සාරා ජේ. මාස් (Sarah J. Maas),978-624-5663-48-4,Fantasy,Galle,78.7,19.03,590,4.51,61.26,29.35,12.7,74,95.73,90.25,High Demand
2025-03,BK070,Crown of Midnight,සාරා ජේ. මාස් (Sarah J. Maas),978-624-5663-48-4,Fantasy,Kandy,68.9,23.13,717,4.51,72.94,34.77,13.7,74,68.01,74.38,High Demand
2025-03,BK071,සුළං ගංගාව,පියදාස රත්නසිංහ (පරිවර්තනය),978-935-1789-28-8,Academic,Colombo,73.0,12.06,374,4.5,41.45,19.23,9.9,45,21.57,51.71,Low Demand
2025-03,BK071,සුළං ගංගාව,පියදාස රත්නසිංහ (පරිවර්තනය),978-935-1789-28-8,Academic,Galle,68.2,11.19,347,4.5,43.1,20.9,9.7,45,25.35,46.76,Low Demand
2025-03,BK071,සුළං ගංගාව,පියදාස රත්නසිංහ (පරිවර්තනය),978-935-1789-28-8,Academic,Kandy,71.8,13.32,413,4.49,46.39,22.77,9.0,45,40.68,55.06,Low Demand
2025-03,BK072,ගීතය සහ මාලිගාව,එරන්ද ගිනිගේ (Eranda Ginige),978-616-9581-88-7,Psychology,Colombo,68.4,12.03,373,3.71,45.1,21.68,9.5,58,40.48,59.5,Moderate Demand
2025-03,BK072,ගීතය සහ මාලිගාව,එරන්ද ගිනිගේ (Eranda Ginige),978-616-9581-88-7,Psychology,Galle,72.7,12.03,373,3.7,42.13,20.13,9.7,58,30.84,44.65,Low Demand
2025-03,BK072,ගීතය සහ මාලිගාව,එරන්ද ගිනිගේ (Eranda Ginige),978-616-9581-88-7,Psychology,Kandy,82.9,13.29,412,3.7,47.03,23.48,11.2,58,33.12,51.77,Low Demand
2025-03,BK073,ගමන සහ සෙවනැලි,"වික්ටෝරියා හෝල්ට් (Victoria Holt), පරිවර්තනය: කෝශලී සිරිචන්ද්‍ර (Translation: Koshalee Sirichandra)",978-477-2613-24-8,Horror,Colombo,72.3,12.9,400,3.81,43.68,22.52,11.5,68,50.81,57.41,Moderate Demand
2025-03,BK073,ගමන සහ සෙවනැලි,"වික්ටෝරියා හෝල්ට් (Victoria Holt), පරිවර්තනය: කෝශලී සිරිචන්ද්‍ර (Translation: Koshalee Sirichandra)",978-477-2613-24-8,Horror,Galle,70.7,12.23,379,3.8,47.42,22.26,9.6,68,46.38,67.08,Moderate Demand
2025-03,BK073,ගමන සහ සෙවනැලි,"වික්ටෝරියා හෝල්ට් (Victoria Holt), පරිවර්තනය: කෝශලී සිරිචන්ද්‍ර (Translation: Koshalee Sirichandra)",978-477-2613-24-8,Horror,Kandy,83.8,11.61,360,3.81,39.84,19.94,11.6,68,9.05,45.51,Low Demand
2025-03,BK074,එවා මෙහේ බෑ මචං,පිනසිරි දඩල්ලගේ,978-955-97643-5-9,Non-fiction,Colombo,75.5,12.68,393,4.4,46.35,22.16,11.8,52,31.8,61.99,Moderate Demand
2025-03,BK074,එවා මෙහේ බෑ මචං,පිනසිරි දඩල්ලගේ,978-955-97643-5-9,Non-fiction,Galle,71.4,11.52,357,4.39,40.45,19.29,9.8,52,35.62,59.31,Moderate Demand
2025-03,BK074,එවා මෙහේ බෑ මචං,පිනසිරි දඩල්ලගේ,978-955-97643-5-9,Non-fiction,Kandy,70.5,11.74,364,4.41,41.0,19.97,8.6,52,32.94,52.68,Low Demand
2025-03,BK075,"හොල්මන්, ආවේශ සහ යළි උපත (You Cannot Die)",ඉයන් කරි (පරිවර්තනය: භද්‍රජි මහින්ද ජයතිලක),978-955-671-215-5,Psychology,Colombo,80.2,11.45,355,4.8,39.71,19.48,11.9,58,18.25,43.47,Low Demand
2025-03,BK075,"හොල්මන්, ආවේශ සහ යළි උපත (You Cannot Die)",ඉයන් කරි (පරිවර්තනය: භද්‍රජි මහින්ද ජයතිලක),978-955-671-215-5,Psychology,Galle,77.0,10.94,339,4.8,39.06,18.23,11.6,58,41.97,64.1,Moderate Demand
2025-03,BK075,"හොල්මන්, ආවේශ සහ යළි උපත (You Cannot Die)",ඉයන් කරි (පරිවර්තනය: භද්‍රජි මහින්ද ජයතිලක),978-955-671-215-5,Psychology,Kandy,76.3,13.45,417,4.79,49.71,24.39,11.1,58,34.53,53.35,Low Demand
2025-03,BK076,සෙංකොට්ටං (Senkottan),මහින්ද ප්‍රසාද් මසිඹුල,978-955-098-000-0,Novel,Colombo,74.3,29.97,929,4.31,78.13,36.74,12.3,70,84.39,86.44,High Demand
2025-03,BK076,සෙංකොට්ටං (Senkottan),මහින්ද ප්‍රසාද් මසිඹුල,978-955-098-000-0,Novel,Galle,70.4,24.32,754,4.3,71.03,32.71,10.5,70,86.79,79.44,High Demand
2025-03,BK076,සෙංකොට්ටං (Senkottan),මහින්ද ප්‍රසාද් මසිඹුල,978-955-098-000-0,Novel,Kandy,77.8,31.65,981,4.3,82.16,39.61,11.6,70,88.36,82.42,High Demand
2025-03,BK077,අතීත මිටියාවත,ඊනිඩ් බ්ලයිටන් (Enid Blyton),978-845-3000-71-2,Children's,Colombo,66.0,12.19,378,4.4,45.94,21.97,10.9,60,26.78,41.27,Low Demand
2025-03,BK077,අතීත මිටියාවත,ඊනිඩ් බ්ලයිටන් (Enid Blyton),978-845-3000-71-2,Children's,Galle,65.5,11.0,341,4.39,40.87,20.48,9.0,60,28.41,49.8,Low Demand
2025-03,BK077,අතීත මිටියාවත,ඊනිඩ් බ්ලයිටන් (Enid Blyton),978-845-3000-71-2,Children's,Kandy,75.8,12.45,386,4.41,48.0,22.58,8.4,60,25.28,51.93,Low Demand
2025-03,BK078,සිහිනය සහ සෙවනැලි,"ස්ටෙෆනි ගාබර් (Stephanie Garber), පරිවර්තනය: කෝශලී සිරිචන්ද්‍ර (Translation: Koshalee Sirichandra)",978-748-7074-58-5,Historical/Religious,Colombo,71.6,12.84,398,4.6,47.1,23.42,8.8,55,37.23,51.32,Low Demand
2025-03,BK078,සිහිනය සහ සෙවනැලි,"ස්ටෙෆනි ගාබර් (Stephanie Garber), පරිවර්තනය: කෝශලී සිරිචන්ද්‍ර (Translation: Koshalee Sirichandra)",978-748-7074-58-5,Historical/Religious,Galle,66.4,10.97,340,4.61,37.55,19.03,10.1,55,33.51,46.48,Low Demand
2025-03,BK078,සිහිනය සහ සෙවනැලි,"ස්ටෙෆනි ගාබර් (Stephanie Garber), පරිවර්තනය: කෝශලී සිරිචන්ද්‍ර (Translation: Koshalee Sirichandra)",978-748-7074-58-5,Historical/Religious,Kandy,68.4,13.42,416,4.62,50.87,24.48,11.3,55,30.21,60.86,Moderate Demand
2025-03,BK079,හැරී පොටර් සහ රහස් කුටිය,ජේ. කේ. රෝලිං - පරි. අභය හේවාවසම්,978-955-573-623-7,Translation,Colombo,77.6,28.42,881,4.21,81.97,37.61,10.5,62,95.42,86.07,High Demand
2025-03,BK079,හැරී පොටර් සහ රහස් කුටිය,ජේ. කේ. රෝලිං - පරි. අභය හේවාවසම්,978-955-573-623-7,Translation,Galle,75.8,26.0,806,4.2,73.94,34.42,8.7,62,95.58,84.65,High Demand
2025-03,BK079,හැරී පොටර් සහ රහස් කුටිය,ජේ. කේ. රෝලිං - පරි. අභය හේවාවසම්,978-955-573-623-7,Translation,Kandy,75.8,27.0,837,4.2,77.58,38.39,10.0,62,90.9,78.17,High Demand
2025-03,BK080,විකෘති (Vikurthi),සෝමලතා සුබසිංහ,978-955-428-430-2,Drama,Colombo,72.3,15.19,471,4.89,54.45,26.65,8.7,65,46.33,63.77,Moderate Demand
2025-03,BK080,විකෘති (Vikurthi),සෝමලතා සුබසිංහ,978-955-428-430-2,Drama,Galle,69.7,14.61,453,4.88,52.13,24.35,10.5,65,51.29,66.83,Moderate Demand
2025-03,BK080,විකෘති (Vikurthi),සෝමලතා සුබසිංහ,978-955-428-430-2,Drama,Kandy,69.5,15.26,473,4.9,56.1,27.97,11.5,65,48.05,69.17,Moderate Demand
2025-03,BK081,නැන්දම්මාගේ ඩයරිය,කල්පනා කස්තුරිආරච්චි,978-624-9695-78-8,Short Stories,Colombo,78.1,13.74,426,4.09,50.26,24.19,10.8,57,47.72,58.71,Moderate Demand
2025-03,BK081,නැන්දම්මාගේ ඩයරිය,කල්පනා කස්තුරිආරච්චි,978-624-9695-78-8,Short Stories,Galle,67.6,9.97,309,4.09,40.45,19.9,9.2,57,24.18,50.49,Low Demand
2025-03,BK081,නැන්දම්මාගේ ඩයරිය,කල්පනා කස්තුරිආරච්චි,978-624-9695-78-8,Short Stories,Kandy,75.9,12.52,388,4.11,43.87,21.52,10.2,57,23.6,47.68,Low Demand
2025-03,BK082,හැරී පොටර් සහ අස්කබාන්හි සිරකරු,ජේ. කේ. රෝලිං - පරි. අභය හේවාවසම්,978-955-671-187-5,Translation,Colombo,71.7,32.77,1016,3.78,81.61,39.74,9.0,62,100.0,85.96,High Demand
2025-03,BK082,හැරී පොටර් සහ අස්කබාන්හි සිරකරු,ජේ. කේ. රෝලිං - පරි. අභය හේවාවසම්,978-955-671-187-5,Translation,Galle,77.5,30.16,935,3.81,84.81,38.65,11.0,62,97.94,77.19,High Demand
2025-03,BK082,හැරී පොටර් සහ අස්කබාන්හි සිරකරු,ජේ. කේ. රෝලිං - පරි. අභය හේවාවසම්,978-955-671-187-5,Translation,Kandy,76.5,32.9,1020,3.8,81.87,39.61,10.6,62,95.0,74.13,High Demand
2025-03,BK083,පර්සි ජැක්සන් සහ රාක්ෂ සයුර,රික් රියෝඩන් (පරි. සවින්දි ආරියතිලක),978-955-697-090-0,Fantasy,Colombo,77.5,18.97,588,4.4,66.0,31.52,9.9,74,89.9,87.68,High Demand
2025-03,BK083,පර්සි ජැක්සන් සහ රාක්ෂ සයුර,රික් රියෝඩන් (පරි. සවින්දි ආරියතිලක),978-955-697-090-0,Fantasy,Galle,74.0,17.81,552,4.42,63.94,31.03,10.4,74,80.65,79.85,High Demand
2025-03,BK083,පර්සි ජැක්සන් සහ රාක්ෂ සයුර,රික් රියෝඩන් (පරි. සවින්දි ආරියතිලක),978-955-697-090-0,Fantasy,Kandy,71.7,19.16,594,4.41,64.65,30.42,10.0,74,71.78,82.33,High Demand
2025-03,BK084,විභාග ජය ගැනීමේ රහස (Vibhaga Jaya Ganeeme Rahasa),ප්‍රවීන් රන්දෙනිය,978-624-97120-5-0,Academic,Colombo,76.2,18.29,567,4.1,61.16,29.87,14.6,45,75.51,58.73,Moderate Demand
2025-03,BK084,විභාග ජය ගැනීමේ රහස (Vibhaga Jaya Ganeeme Rahasa),ප්‍රවීන් රන්දෙනිය,978-624-97120-5-0,Academic,Galle,71.0,18.0,558,4.1,59.81,28.55,10.1,45,79.07,65.25,Moderate Demand
2025-03,BK084,විභාග ජය ගැනීමේ රහස (Vibhaga Jaya Ganeeme Rahasa),ප්‍රවීන් රන්දෙනිය,978-624-97120-5-0,Academic,Kandy,75.6,18.81,583,4.1,56.23,27.68,10.3,45,59.99,54.51,Low Demand
2025-03,BK085,දික්තල කාලගෝල (Diktala Kalagola),පුණ්‍යසේන ගුණසිංහ,978-955-9377-71-9,Drama,Colombo,71.3,12.32,382,4.78,41.81,19.81,8.9,65,5.3,39.44,Low Demand
2025-03,BK085,දික්තල කාලගෝල (Diktala Kalagola),පුණ්‍යසේන ගුණසිංහ,978-955-9377-71-9,Drama,Galle,67.8,12.39,384,4.79,44.16,20.81,10.0,65,37.32,60.56,Moderate Demand
2025-03,BK085,දික්තල කාලගෝල (Diktala Kalagola),පුණ්‍යසේන ගුණසිංහ,978-955-9377-71-9,Drama,Kandy,71.5,12.71,394,4.8,48.68,24.55,9.3,65,36.13,60.99,Moderate Demand
2025-03,BK086,නැන්සි කෲ: ටෙඩි බෙයාර් අබිරහස,කැරොලයින් කීන්,978-955-657-006-8,Translation,Colombo,69.5,12.9,400,4.3,43.77,21.9,12.6,62,47.62,62.58,Moderate Demand
2025-03,BK086,නැන්සි කෲ: ටෙඩි බෙයාර් අබිරහස,කැරොලයින් කීන්,978-955-657-006-8,Translation,Galle,74.1,11.32,351,4.31,40.42,19.9,10.4,62,42.25,63.16,Moderate Demand
2025-03,BK086,නැන්සි කෲ: ටෙඩි බෙයාර් අබිරහස,කැරොලයින් කීන්,978-955-657-006-8,Translation,Kandy,64.4,13.48,418,4.3,46.55,21.97,8.9,62,42.21,70.53,Moderate Demand
2025-03,BK087,කතාව සහ සිහිනය,ක්‍රිස් කුස්නෙස්කි (පරිවර්තනය),978-566-9308-23-4,Short Stories,Colombo,69.5,11.9,369,3.73,40.94,19.84,10.2,57,18.71,45.45,Low Demand
2025-03,BK087,කතාව සහ සිහිනය,ක්‍රිස් කුස්නෙස්කි (පරිවර්තනය),978-566-9308-23-4,Short Stories,Galle,68.7,11.68,362,3.7,42.35,20.71,11.2,57,33.38,53.92,Low Demand
2025-03,BK087,කතාව සහ සිහිනය,ක්‍රිස් කුස්නෙස්කි (පරිවර්තනය),978-566-9308-23-4,Short Stories,Kandy,82.9,13.61,422,3.69,46.84,22.26,12.9,57,50.53,52.31,Low Demand
2025-03,BK088,අඹ යහළුවෝ,ටී. බී. ඉලංගරත්න,978-955-4682-00-9,Novel,Colombo,82.0,27.39,849,4.79,78.16,37.32,10.4,70,90.71,85.1,High Demand
2025-03,BK088,අඹ යහළුවෝ,ටී. බී. ඉලංගරත්න,978-955-4682-00-9,Novel,Galle,74.0,21.52,667,4.79,67.65,31.29,10.3,70,96.88,96.6,High Demand
2025-03,BK088,අඹ යහළුවෝ,ටී. බී. ඉලංගරත්න,978-955-4682-00-9,Novel,Kandy,74.2,28.13,872,4.8,77.45,37.58,8.9,70,86.77,84.03,High Demand
2025-03,BK089,මායා අහස,දිනිති තරුමිණි,978-222-3861-35-8,Young Adult,Colombo,70.9,12.23,379,4.3,45.06,21.32,9.9,66,27.89,45.53,Low Demand
2025-03,BK089,මායා අහස,දිනිති තරුමිණි,978-222-3861-35-8,Young Adult,Galle,72.5,11.26,349,4.28,42.74,21.42,9.8,66,46.66,56.06,Moderate Demand
2025-03,BK089,මායා අහස,දිනිති තරුමිණි,978-222-3861-35-8,Young Adult,Kandy,76.8,12.16,377,4.3,44.68,22.16,10.5,66,12.47,40.76,Low Demand
2025-03,BK090,අනාගත නගරය,පරිවර්තනය: චන්දන මෙන්ඩිස් (Chandana Mendis),978-587-7471-56-2,Drama,Colombo,77.0,13.52,419,3.68,52.39,24.26,8.7,65,50.33,58.28,Moderate Demand
2025-03,BK090,අනාගත නගරය,පරිවර්තනය: චන්දන මෙන්ඩිස් (Chandana Mendis),978-587-7471-56-2,Drama,Galle,74.3,10.97,340,3.7,42.71,20.23,11.9,65,26.34,40.67,Low Demand
2025-03,BK090,අනාගත නගරය,පරිවර්තනය: චන්දන මෙන්ඩිස් (Chandana Mendis),978-587-7471-56-2,Drama,Kandy,66.5,14.29,443,3.72,53.77,24.68,12.0,65,47.93,59.25,Moderate Demand
2025-03,BK091,හැරී පොටර් සහ ෆීනික්ස් නිකාය,ජේ. කේ. රෝලිං - පරි. අභය හේවාවසම්,978-955-573-951-1,Translation,Colombo,74.0,33.13,1027,3.6,86.52,39.97,11.0,62,91.55,77.83,High Demand
2025-03,BK091,හැරී පොටර් සහ ෆීනික්ස් නිකාය,ජේ. කේ. රෝලිං - පරි. අභය හේවාවසම්,978-955-573-951-1,Translation,Galle,72.1,26.84,832,3.61,80.16,36.61,13.2,62,87.89,71.33,Moderate Demand
2025-03,BK091,හැරී පොටර් සහ ෆීනික්ස් නිකාය,ජේ. කේ. රෝලිං - පරි. අභය හේවාවසම්,978-955-573-951-1,Translation,Kandy,75.7,30.03,931,3.59,78.0,37.35,9.9,62,100.0,71.56,Moderate Demand
2025-03,BK092,සැඟවුණු රහස,රොජර් ලී මැක්බ්‍රයිඩ් (Roger Lea MacBride) - පරිවර්තනය: චිත්‍රා අමරසේකර,978-745-6661-48-1,Historical/Religious,Colombo,71.9,12.39,384,4.9,44.55,20.71,9.9,55,27.61,50.18,Low Demand
2025-03,BK092,සැඟවුණු රහස,රොජර් ලී මැක්බ්‍රයිඩ් (Roger Lea MacBride) - පරිවර්තනය: චිත්‍රා අමරසේකර,978-745-6661-48-1,Historical/Religious,Galle,62.7,12.32,382,4.92,43.87,20.42,7.1,55,59.45,69.74,Moderate Demand
2025-03,BK092,සැඟවුණු රහස,රොජර් ලී මැක්බ්‍රයිඩ් (Roger Lea MacBride) - පරිවර්තනය: චිත්‍රා අමරසේකර,978-745-6661-48-1,Historical/Religious,Kandy,68.7,11.97,371,4.9,45.48,21.87,10.5,55,25.29,49.75,Low Demand
2025-03,BK093,සෙවනැලි සහ මාලිගාව,පරිවර්තනය: චන්දන මෙන්ඩිස් (Chandana Mendis),978-289-1737-32-0,Poetry,Colombo,76.2,12.32,382,3.9,46.74,23.0,11.9,50,18.31,39.46,Low Demand
2025-03,BK093,සෙවනැලි සහ මාලිගාව,පරිවර්තනය: චන්දන මෙන්ඩිස් (Chandana Mendis),978-289-1737-32-0,Poetry,Galle,68.2,10.19,316,3.91,36.48,17.84,10.1,50,16.67,40.8,Low Demand
2025-03,BK093,සෙවනැලි සහ මාලිගාව,පරිවර්තනය: චන්දන මෙන්ඩිස් (Chandana Mendis),978-289-1737-32-0,Poetry,Kandy,72.5,12.39,384,3.9,45.94,21.84,9.0,50,32.08,51.37,Low Demand
2025-03,BK094,නෙවර් ලයි (Never Lie),ෆ්‍රීඩා මැක්ෆැඩන් - පරි. තරුෂි නිරංගා ජයසිංහ,978-624-6570-46-0,Thriller,Colombo,77.7,23.9,741,4.3,75.55,36.16,8.4,76,79.26,81.24,High Demand
2025-03,BK094,නෙවර් ලයි (Never Lie),ෆ්‍රීඩා මැක්ෆැඩන් - පරි. තරුෂි නිරංගා ජයසිංහ,978-624-6570-46-0,Thriller,Galle,74.4,19.71,611,4.3,67.26,32.26,9.0,76,78.94,79.01,High Demand
2025-03,BK094,නෙවර් ලයි (Never Lie),ෆ්‍රීඩා මැක්ෆැඩන් - පරි. තරුෂි නිරංගා ජයසිංහ,978-624-6570-46-0,Thriller,Kandy,71.9,21.42,664,4.3,68.29,32.97,9.4,76,96.18,90.68,High Demand
2025-03,BK095,ප්‍රේම ගීතය,සමුද්‍ර වෙත්තසිංහ (Samudra Weththasingha),978-573-6220-40-5,Non-fiction,Colombo,64.8,12.58,390,4.5,43.35,21.03,10.4,52,35.7,56.92,Moderate Demand
2025-03,BK095,ප්‍රේම ගීතය,සමුද්‍ර වෙත්තසිංහ (Samudra Weththasingha),978-573-6220-40-5,Non-fiction,Galle,70.9,10.94,339,4.5,39.81,19.65,12.4,52,40.85,61.48,Moderate Demand
2025-03,BK095,ප්‍රේම ගීතය,සමුද්‍ර වෙත්තසිංහ (Samudra Weththasingha),978-573-6220-40-5,Non-fiction,Kandy,67.3,14.94,463,4.48,50.39,24.29,11.7,52,59.47,70.58,Moderate Demand
2025-03,BK096,පුද්ගලිකයි රහසිගතයි (The Secret Files of Sherlock Holmes),චන්දන මෙන්ඩිස් (පරිවර්තනය),955-97776-4-5,Mystery,Colombo,70.8,19.77,613,4.98,66.45,32.32,12.8,71,78.13,83.19,High Demand
2025-03,BK096,පුද්ගලිකයි රහසිගතයි (The Secret Files of Sherlock Holmes),චන්දන මෙන්ඩිස් (පරිවර්තනය),955-97776-4-5,Mystery,Galle,76.9,16.45,510,4.99,54.68,25.29,9.6,71,70.99,78.14,High Demand
2025-03,BK096,පුද්ගලිකයි රහසිගතයි (The Secret Files of Sherlock Holmes),චන්දන මෙන්ඩිස් (පරිවර්තනය),955-97776-4-5,Mystery,Kandy,75.1,19.19,595,4.98,62.77,29.52,8.9,71,52.76,70.39,Moderate Demand
2025-03,BK097,පරණ කතාව,මාර්ටින් වික්‍රමසිංහ,978-528-5693-75-7,Children's,Colombo,77.9,11.97,371,4.1,45.06,22.81,10.5,60,24.0,41.24,Low Demand
2025-03,BK097,පරණ කතාව,මාර්ටින් වික්‍රමසිංහ,978-528-5693-75-7,Children's,Galle,67.8,11.74,364,4.11,43.35,21.58,11.6,60,32.42,53.57,Low Demand
2025-03,BK097,පරණ කතාව,මාර්ටින් වික්‍රමසිංහ,978-528-5693-75-7,Children's,Kandy,73.1,12.26,380,4.1,43.06,21.68,9.2,60,31.87,54.76,Low Demand
2025-03,BK098,මාණික්කාවත (Manikkawatha),මහින්ද ප්‍රසාද් මසිඹුල,978-955-098-023-9,Novel,Colombo,80.6,26.74,829,3.51,76.65,37.06,10.3,70,93.4,78.41,High Demand
2025-03,BK098,මාණික්කාවත (Manikkawatha),මහින්ද ප්‍රසාද් මසිඹුල,978-955-098-023-9,Novel,Galle,69.2,22.1,685,3.52,71.84,33.1,11.6,70,89.71,82.15,High Demand
2025-03,BK098,මාණික්කාවත (Manikkawatha),මහින්ද ප්‍රසාද් මසිඹුල,978-955-098-023-9,Novel,Kandy,70.2,25.71,797,3.5,77.65,36.23,10.3,70,86.17,84.16,High Demand
2025-03,BK099,ගංගාව සහ ගංගාව,"ජේම්ස් හැඩ්ලි චේස් (James Hadley Chase), පරිවර්තනය: එන්. ජී. විජේරත්න (Translation: N. G. Wijerathna)",978-493-2631-22-5,Children's,Colombo,77.8,12.65,392,4.79,44.58,21.19,9.4,60,34.07,57.51,Moderate Demand
2025-03,BK099,ගංගාව සහ ගංගාව,"ජේම්ස් හැඩ්ලි චේස් (James Hadley Chase), පරිවර්තනය: එන්. ජී. විජේරත්න (Translation: N. G. Wijerathna)",978-493-2631-22-5,Children's,Galle,70.3,11.06,343,4.79,40.39,19.71,10.5,60,38.89,59.99,Moderate Demand
2025-03,BK099,ගංගාව සහ ගංගාව,"ජේම්ස් හැඩ්ලි චේස් (James Hadley Chase), පරිවර්තනය: එන්. ජී. විජේරත්න (Translation: N. G. Wijerathna)",978-493-2631-22-5,Children's,Kandy,74.4,14.0,434,4.81,51.42,24.77,11.3,60,34.39,63.46,Moderate Demand
2025-03,BK100,රන් මතකය,ලසිත රවීන් උමගිලිය,978-825-3894-18-1,Young Adult,Colombo,74.0,12.94,401,4.1,49.58,24.32,10.5,66,37.27,52.17,Low Demand
2025-03,BK100,රන් මතකය,ලසිත රවීන් උමගිලිය,978-825-3894-18-1,Young Adult,Galle,68.5,12.65,392,4.11,49.52,24.19,11.3,66,60.66,72.34,Moderate Demand
2025-03,BK100,රන් මතකය,ලසිත රවීන් උමගිලිය,978-825-3894-18-1,Young Adult,Kandy,66.7,13.32,413,4.1,48.0,23.16,11.7,66,24.62,49.51,Low Demand
2025-04,BK052,අනාගත අහස,මාර්ටින් වික්‍රමසිංහ (පරිවර්තනය),978-147-1385-34-4,Historical/Religious,Colombo,76.9,15.43,463,4.69,54.1,26.27,9.8,55,33.05,55.35,Low Demand
2025-04,BK052,අනාගත අහස,මාර්ටින් වික්‍රමසිංහ (පරිවර්තනය),978-147-1385-34-4,Historical/Religious,Galle,74.4,12.53,376,4.69,43.3,21.27,12.1,55,0.71,46.87,Low Demand
2025-04,BK052,අනාගත අහස,මාර්ටින් වික්‍රමසිංහ (පරිවර්තනය),978-147-1385-34-4,Historical/Religious,Kandy,80.4,15.4,462,4.7,54.37,26.23,11.4,55,27.26,44.67,Low Demand
2025-04,BK053,මිටියාවත සහ කාලය,"ජෝන් ෂෝර්ස් (John Shors), පරිවර්තනය: ප්‍රදීප් කුමාර බාලසූරිය (Translation: Pradeep Kumara Balasuriya)",978-976-3071-42-3,Horror,Colombo,79.0,15.13,454,4.9,54.07,25.23,12.5,68,26.69,60.0,Moderate Demand
2025-04,BK053,මිටියාවත සහ කාලය,"ජෝන් ෂෝර්ස් (John Shors), පරිවර්තනය: ප්‍රදීප් කුමාර බාලසූරිය (Translation: Pradeep Kumara Balasuriya)",978-976-3071-42-3,Horror,Galle,76.5,14.93,448,4.91,50.1,25.03,11.2,68,47.27,57.48,Moderate Demand
2025-04,BK053,මිටියාවත සහ කාලය,"ජෝන් ෂෝර්ස් (John Shors), පරිවර්තනය: ප්‍රදීප් කුමාර බාලසූරිය (Translation: Pradeep Kumara Balasuriya)",978-976-3071-42-3,Horror,Kandy,79.7,16.5,495,4.91,57.23,26.73,9.1,68,36.92,55.21,Low Demand
2025-04,BK054,රහස සහ කතාව,පවනි උමයංගනා (Pawani Umayangana),978-476-5849-54-7,Non-fiction,Colombo,74.2,14.43,433,3.5,50.17,23.77,9.6,52,15.47,38.68,Low Demand
2025-04,BK054,රහස සහ කතාව,පවනි උමයංගනා (Pawani Umayangana),978-476-5849-54-7,Non-fiction,Galle,69.2,14.43,433,3.51,50.73,24.47,8.8,52,26.74,44.97,Low Demand
2025-04,BK054,රහස සහ කතාව,පවනි උමයංගනා (Pawani Umayangana),978-476-5849-54-7,Non-fiction,Kandy,70.1,14.03,421,3.5,48.27,24.0,11.4,52,15.58,41.6,Low Demand
2025-04,BK055,ඇහි පියන් ඇහැරිලා (Ahi Piyan Aharila),මහින්ද ප්‍රසාද් මසිඹුල,978-955-098-003-1,Poetry,Colombo,71.8,23.37,701,3.99,70.53,33.43,8.1,50,80.4,80.84,High Demand
2025-04,BK055,ඇහි පියන් ඇහැරිලා (Ahi Piyan Aharila),මහින්ද ප්‍රසාද් මසිඹුල,978-955-098-003-1,Poetry,Galle,71.0,20.63,619,4.0,66.83,32.6,7.0,50,80.39,76.2,High Demand
2025-04,BK055,ඇහි පියන් ඇහැරිලා (Ahi Piyan Aharila),මහින්ද ප්‍රසාද් මසිඹුල,978-955-098-003-1,Poetry,Kandy,77.2,24.23,727,4.01,74.53,35.03,9.9,50,82.6,75.25,High Demand
2025-04,BK056,ගමන සහ කාලය,ප්‍රේමකීර්ති රණතුංග,978-316-8963-96-1,Short Stories,Colombo,69.2,15.1,453,4.1,48.47,21.87,11.2,57,30.05,58.92,Moderate Demand
2025-04,BK056,ගමන සහ කාලය,ප්‍රේමකීර්ති රණතුංග,978-316-8963-96-1,Short Stories,Galle,69.4,14.27,428,4.09,52.2,25.37,11.7,57,42.19,58.95,Moderate Demand
2025-04,BK056,ගමන සහ කාලය,ප්‍රේමකීර්ති රණතුංග,978-316-8963-96-1,Short Stories,Kandy,75.7,16.77,503,4.1,61.8,29.2,10.8,57,33.36,43.48,Low Demand
2025-04,BK057,කොළඹ කන්ද,Michael Crichton (පරිවර්තනය: සුදත් රොහාන්),978-645-5531-58-3,Poetry,Colombo,78.4,13.87,416,4.73,52.83,25.03,10.8,50,18.23,46.23,Low Demand
2025-04,BK057,කොළඹ කන්ද,Michael Crichton (පරිවර්තනය: සුදත් රොහාන්),978-645-5531-58-3,Poetry,Galle,67.5,14.33,430,4.69,49.63,25.27,10.6,50,33.55,58.64,Moderate Demand
2025-04,BK057,කොළඹ කන්ද,Michael Crichton (පරිවර්තනය: සුදත් රොහාන්),978-645-5531-58-3,Poetry,Kandy,70.0,15.63,469,4.69,56.87,26.87,9.4,50,25.96,52.88,Low Demand
2025-04,BK058,වසන්තය සහ මිටියාවත,තරංගා දිසානායක,978-630-6739-38-7,Academic,Colombo,75.0,14.87,446,3.71,55.07,25.73,8.4,45,12.38,37.66,Low Demand
2025-04,BK058,වසන්තය සහ මිටියාවත,තරංගා දිසානායක,978-630-6739-38-7,Academic,Galle,71.5,14.4,432,3.71,49.9,23.87,10.4,45,36.41,50.84,Low Demand
2025-04,BK058,වසන්තය සහ මිටියාවත,තරංගා දිසානායක,978-630-6739-38-7,Academic,Kandy,68.2,14.47,434,3.7,50.93,25.4,11.4,45,27.77,44.98,Low Demand
2025-04,BK059,370 යානයේ අබිරහස (370 Yanaye Abirahasa),භද්‍රජී මහින්ද ජයතිලක,978-624-6570-68-2,Mystery,Colombo,71.3,22.87,686,4.91,67.8,33.8,10.5,71,76.81,81.93,High Demand
2025-04,BK059,370 යානයේ අබිරහස (370 Yanaye Abirahasa),භද්‍රජී මහින්ද ජයතිලක,978-624-6570-68-2,Mystery,Galle,75.6,20.8,624,4.89,64.7,32.53,11.4,71,83.38,90.18,High Demand
2025-04,BK059,370 යානයේ අබිරහස (370 Yanaye Abirahasa),භද්‍රජී මහින්ද ජයතිලක,978-624-6570-68-2,Mystery,Kandy,74.2,24.2,726,4.9,74.77,34.67,10.8,71,84.7,81.61,High Demand
2025-04,BK060,පර්සි ජැක්සන් සහ වංගිරියේ සටන,රික් රියෝඩන් (පරි. සවින්දි ආරියතිලක),978-955-697-089-0,Fantasy,Colombo,70.3,22.83,685,4.5,70.43,32.97,10.6,74,57.76,65.45,Moderate Demand
2025-04,BK060,පර්සි ජැක්සන් සහ වංගිරියේ සටන,රික් රියෝඩන් (පරි. සවින්දි ආරියතිලක),978-955-697-089-0,Fantasy,Galle,70.7,21.67,650,4.5,68.27,32.43,10.3,74,81.12,70.74,Moderate Demand
2025-04,BK060,පර්සි ජැක්සන් සහ වංගිරියේ සටන,රික් රියෝඩන් (පරි. සවින්දි ආරියතිලක),978-955-697-089-0,Fantasy,Kandy,81.4,23.5,705,4.5,74.97,35.37,11.0,74,71.49,68.34,Moderate Demand
2025-04,BK061,ආලෝකයේ සමිඳාණෝ (Alokaye Samindano - Lord of Light),රොජර් සෙලාස්නි - පරි. පුෂ්ප රංජන් විජේසිංහ,978-624-6570-11-8,Sci-Fi,Colombo,74.0,22.6,678,4.99,65.47,33.63,9.3,72,70.92,76.13,High Demand
2025-04,BK061,ආලෝකයේ සමිඳාණෝ (Alokaye Samindano - Lord of Light),රොජර් සෙලාස්නි - පරි. පුෂ්ප රංජන් විජේසිංහ,978-624-6570-11-8,Sci-Fi,Galle,75.6,21.03,631,4.98,68.0,31.87,9.1,72,70.05,79.55,High Demand
2025-04,BK061,ආලෝකයේ සමිඳාණෝ (Alokaye Samindano - Lord of Light),රොජර් සෙලාස්නි - පරි. පුෂ්ප රංජන් විජේසිංහ,978-624-6570-11-8,Sci-Fi,Kandy,69.0,22.6,678,4.98,69.63,33.53,8.7,72,78.1,85.01,High Demand
2025-04,BK062,මිනිසා සහ සෙවනැලි,"කර්ට් වොනෙගට් (Kurt Vonnegut), පරිවර්තනය: ගාමිණී වියන්ගොඩ (Translation: Gamini Viyangoda)",978-673-1310-88-3,Psychology,Colombo,73.1,15.27,458,3.9,55.4,25.9,8.1,58,24.1,43.74,Low Demand
2025-04,BK062,මිනිසා සහ සෙවනැලි,"කර්ට් වොනෙගට් (Kurt Vonnegut), පරිවර්තනය: ගාමිණී වියන්ගොඩ (Translation: Gamini Viyangoda)",978-673-1310-88-3,Psychology,Galle,62.6,14.27,428,3.9,50.93,24.83,8.9,58,32.47,51.53,Low Demand
2025-04,BK062,මිනිසා සහ සෙවනැලි,"කර්ට් වොනෙගට් (Kurt Vonnegut), පරිවර්තනය: ගාමිණී වියන්ගොඩ (Translation: Gamini Viyangoda)",978-673-1310-88-3,Psychology,Kandy,68.4,15.97,479,3.9,52.6,24.63,11.0,58,37.32,56.03,Moderate Demand
2025-04,BK063,හේඩීස්ගේ දෙවොල (Hadesge Devola),රික් රයෝර්ඩන් - පරි. රූපේනි මානිංගමුව,978-955-697-343-3,Young Adult,Colombo,70.5,19.03,571,4.6,62.3,30.23,12.9,66,65.6,70.5,Moderate Demand
2025-04,BK063,හේඩීස්ගේ දෙවොල (Hadesge Devola),රික් රයෝර්ඩන් - පරි. රූපේනි මානිංගමුව,978-955-697-343-3,Young Adult,Galle,79.8,17.73,532,4.6,60.77,28.17,10.8,66,63.52,70.39,Moderate Demand
2025-04,BK063,හේඩීස්ගේ දෙවොල (Hadesge Devola),රික් රයෝර්ඩන් - පරි. රූපේනි මානිංගමුව,978-955-697-343-3,Young Adult,Kandy,68.6,18.0,540,4.61,58.13,26.87,9.0,66,34.97,57.72,Moderate Demand
2025-04,BK064,2010,ආතර් සී. ක්ලාක් (පරිවර්තනය: චන්දන වීරසිංහ),978-624-5712-10-6,Sci-Fi,Colombo,71.6,23.73,712,4.12,71.97,33.47,8.8,72,91.43,84.16,High Demand
2025-04,BK064,2010,ආතර් සී. ක්ලාක් (පරිවර්තනය: චන්දන වීරසිංහ),978-624-5712-10-6,Sci-Fi,Galle,78.2,22.6,678,4.09,69.1,33.83,12.6,72,80.68,85.8,High Demand
2025-04,BK064,2010,ආතර් සී. ක්ලාක් (පරිවර්තනය: චන්දන වීරසිංහ),978-624-5712-10-6,Sci-Fi,Kandy,70.3,24.67,740,4.1,78.63,36.8,9.8,72,93.73,86.18,High Demand
2025-04,BK065,මන්දාරම් රාත්‍රිය,ඩී. එම්. අනුර දිසානායක,978-624-5829-10-1,Mystery,Colombo,70.9,23.5,705,4.98,75.93,36.7,11.3,71,82.71,80.82,High Demand
2025-04,BK065,මන්දාරම් රාත්‍රිය,ඩී. එම්. අනුර දිසානායක,978-624-5829-10-1,Mystery,Galle,75.5,22.73,682,4.98,74.63,35.07,10.5,71,92.7,92.2,High Demand
2025-04,BK065,මන්දාරම් රාත්‍රිය,ඩී. එම්. අනුර දිසානායක,978-624-5829-10-1,Mystery,Kandy,78.5,22.9,687,4.97,73.53,33.9,11.8,71,79.82,92.44,High Demand
2025-04,BK066,පරණ මාලිගාව,ක්‍රිස් කුස්නෙස්කි (පරිවර්තනය),978-726-5125-19-4,Horror,Colombo,75.2,16.77,503,4.5,57.67,27.27,9.1,68,38.29,59.73,Moderate Demand
2025-04,BK066,පරණ මාලිගාව,ක්‍රිස් කුස්නෙස්කි (පරිවර්තනය),978-726-5125-19-4,Horror,Galle,64.5,13.47,404,4.52,47.43,21.9,8.9,68,20.13,55.29,Low Demand
2025-04,BK066,පරණ මාලිගාව,ක්‍රිස් කුස්නෙස්කි (පරිවර්තනය),978-726-5125-19-4,Horror,Kandy,74.1,16.4,492,4.5,59.07,26.03,9.6,68,40.01,60.87,Moderate Demand
2025-04,BK067,අනාගතේ පැතිකඩක් (Profiles of the Future),ආතර් සී. ක්ලාක් (පරිවර්තනය: එස්. එම්. බන්දුසීල),978-624-5712-31-1,Sci-Fi,Colombo,76.6,24.03,721,3.9,75.07,35.63,10.1,72,77.0,76.37,High Demand
2025-04,BK067,අනාගතේ පැතිකඩක් (Profiles of the Future),ආතර් සී. ක්ලාක් (පරිවර්තනය: එස්. එම්. බන්දුසීල),978-624-5712-31-1,Sci-Fi,Galle,76.5,20.87,626,3.91,67.17,31.0,9.7,72,80.4,65.37,Moderate Demand
2025-04,BK067,අනාගතේ පැතිකඩක් (Profiles of the Future),ආතර් සී. ක්ලාක් (පරිවර්තනය: එස්. එම්. බන්දුසීල),978-624-5712-31-1,Sci-Fi,Kandy,74.7,24.03,721,3.89,70.1,33.5,11.3,72,70.31,74.35,High Demand
2025-04,BK068,දඩයම් බල්ලෝ,පරිවර්තන නවකතා,978-624-5572-38-0,Thriller,Colombo,73.4,23.6,708,4.0,75.03,35.57,11.5,76,77.65,68.63,Moderate Demand
2025-04,BK068,දඩයම් බල්ලෝ,පරිවර්තන නවකතා,978-624-5572-38-0,Thriller,Galle,75.1,20.8,624,4.01,66.73,31.3,11.1,76,59.68,68.08,Moderate Demand
2025-04,BK068,දඩයම් බල්ලෝ,පරිවර්තන නවකතා,978-624-5572-38-0,Thriller,Kandy,76.0,21.77,653,3.99,73.33,35.1,10.9,76,77.51,77.99,High Demand
2025-04,BK069,අදිසි අනතුර (Adisi Anathura - The Crash),ෆ්‍රීඩා මැක්ෆැඩන් - පරි. නයනතාරා පිලපිටිය,978-624-6570-48-4,Thriller,Colombo,79.7,22.87,686,4.3,75.7,36.63,8.8,76,61.66,79.76,High Demand
2025-04,BK069,අදිසි අනතුර (Adisi Anathura - The Crash),ෆ්‍රීඩා මැක්ෆැඩන් - පරි. නයනතාරා පිලපිටිය,978-624-6570-48-4,Thriller,Galle,71.6,20.1,603,4.28,65.83,30.67,9.2,76,70.62,77.31,High Demand
2025-04,BK069,අදිසි අනතුර (Adisi Anathura - The Crash),ෆ්‍රීඩා මැක්ෆැඩන් - පරි. නයනතාරා පිලපිටිය,978-624-6570-48-4,Thriller,Kandy,72.4,23.4,702,4.29,76.0,35.4,13.0,76,79.16,78.83,High Demand
2025-04,BK070,Crown of Midnight,සාරා ජේ. මාස් (Sarah J. Maas),978-624-5663-48-4,Fantasy,Colombo,76.7,27.03,811,4.51,81.0,39.33,12.8,74,80.57,85.94,High Demand
2025-04,BK070,Crown of Midnight,සාරා ජේ. මාස් (Sarah J. Maas),978-624-5663-48-4,Fantasy,Galle,73.9,22.63,679,4.51,71.17,34.0,12.3,74,74.93,77.91,High Demand
2025-04,BK070,Crown of Midnight,සාරා ජේ. මාස් (Sarah J. Maas),978-624-5663-48-4,Fantasy,Kandy,75.3,29.5,885,4.5,78.2,36.33,10.5,74,81.49,93.84,High Demand
2025-04,BK071,සුළං ගංගාව,පියදාස රත්නසිංහ (පරිවර්තනය),978-935-1789-28-8,Academic,Colombo,67.4,14.57,437,4.5,52.73,24.97,9.1,45,22.87,54.76,Low Demand
2025-04,BK071,සුළං ගංගාව,පියදාස රත්නසිංහ (පරිවර්තනය),978-935-1789-28-8,Academic,Galle,75.2,13.1,393,4.5,47.03,23.1,10.5,45,24.88,39.01,Low Demand
2025-04,BK071,සුළං ගංගාව,පියදාස රත්නසිංහ (පරිවර්තනය),978-935-1789-28-8,Academic,Kandy,70.6,15.83,475,4.51,54.97,26.73,10.4,45,30.85,44.12,Low Demand
2025-04,BK072,ගීතය සහ මාලිගාව,එරන්ද ගිනිගේ (Eranda Ginige),978-616-9581-88-7,Psychology,Colombo,69.2,14.2,426,3.71,47.6,22.7,9.3,58,19.17,50.47,Low Demand
2025-04,BK072,ගීතය සහ මාලිගාව,එරන්ද ගිනිගේ (Eranda Ginige),978-616-9581-88-7,Psychology,Galle,78.8,13.6,408,3.7,48.1,23.03,9.6,58,34.96,57.72,Moderate Demand
2025-04,BK072,ගීතය සහ මාලිගාව,එරන්ද ගිනිගේ (Eranda Ginige),978-616-9581-88-7,Psychology,Kandy,75.5,16.33,490,3.69,53.4,25.13,8.5,58,44.12,49.3,Low Demand
2025-04,BK073,ගමන සහ සෙවනැලි,"වික්ටෝරියා හෝල්ට් (Victoria Holt), පරිවර්තනය: කෝශලී සිරිචන්ද්‍ර (Translation: Koshalee Sirichandra)",978-477-2613-24-8,Horror,Colombo,76.9,15.2,456,3.81,54.8,26.8,11.8,68,21.01,42.15,Low Demand
2025-04,BK073,ගමන සහ සෙවනැලි,"වික්ටෝරියා හෝල්ට් (Victoria Holt), පරිවර්තනය: කෝශලී සිරිචන්ද්‍ර (Translation: Koshalee Sirichandra)",978-477-2613-24-8,Horror,Galle,65.0,14.03,421,3.82,51.93,24.6,9.2,68,37.6,67.91,Moderate Demand
2025-04,BK073,ගමන සහ සෙවනැලි,"වික්ටෝරියා හෝල්ට් (Victoria Holt), පරිවර්තනය: කෝශලී සිරිචන්ද්‍ර (Translation: Koshalee Sirichandra)",978-477-2613-24-8,Horror,Kandy,73.0,14.97,449,3.81,53.2,25.7,11.3,68,26.29,51.83,Low Demand
2025-04,BK074,එවා මෙහේ බෑ මචං,පිනසිරි දඩල්ලගේ,978-955-97643-5-9,Non-fiction,Colombo,74.4,16.4,492,4.39,57.33,27.83,10.5,52,47.31,68.86,Moderate Demand
2025-04,BK074,එවා මෙහේ බෑ මචං,පිනසිරි දඩල්ලගේ,978-955-97643-5-9,Non-fiction,Galle,76.4,14.63,439,4.39,49.5,22.8,12.4,52,33.01,51.65,Low Demand
2025-04,BK074,එවා මෙහේ බෑ මචං,පිනසිරි දඩල්ලගේ,978-955-97643-5-9,Non-fiction,Kandy,78.6,17.0,510,4.39,62.53,29.67,9.5,52,51.25,64.9,Moderate Demand
2025-04,BK075,"හොල්මන්, ආවේශ සහ යළි උපත (You Cannot Die)",ඉයන් කරි (පරිවර්තනය: භද්‍රජි මහින්ද ජයතිලක),978-955-671-215-5,Psychology,Colombo,70.5,14.8,444,4.8,56.6,26.23,9.7,58,21.96,48.15,Low Demand
2025-04,BK075,"හොල්මන්, ආවේශ සහ යළි උපත (You Cannot Die)",ඉයන් කරි (පරිවර්තනය: භද්‍රජි මහින්ද ජයතිලක),978-955-671-215-5,Psychology,Galle,72.1,13.23,397,4.81,47.4,22.4,9.9,58,35.0,60.33,Moderate Demand
2025-04,BK075,"හොල්මන්, ආවේශ සහ යළි උපත (You Cannot Die)",ඉයන් කරි (පරිවර්තනය: භද්‍රජි මහින්ද ජයතිලක),978-955-671-215-5,Psychology,Kandy,79.8,15.7,471,4.81,51.9,24.97,9.2,58,24.14,54.92,Low Demand
2025-04,BK076,සෙංකොට්ටං (Senkottan),මහින්ද ප්‍රසාද් මසිඹුල,978-955-098-000-0,Novel,Colombo,77.7,34.23,1027,4.29,86.1,40.4,8.1,70,100.0,85.37,High Demand
2025-04,BK076,සෙංකොට්ටං (Senkottan),මහින්ද ප්‍රසාද් මසිඹුල,978-955-098-000-0,Novel,Galle,79.3,32.5,975,4.31,81.4,39.0,8.8,70,100.0,91.91,High Demand
2025-04,BK076,සෙංකොට්ටං (Senkottan),මහින්ද ප්‍රසාද් මසිඹුල,978-955-098-000-0,Novel,Kandy,79.6,35.57,1067,4.3,85.7,38.97,9.4,70,97.61,87.97,High Demand
2025-04,BK077,අතීත මිටියාවත,ඊනිඩ් බ්ලයිටන් (Enid Blyton),978-845-3000-71-2,Children's,Colombo,75.1,16.7,501,4.4,60.4,29.23,11.5,60,45.42,52.63,Low Demand
2025-04,BK077,අතීත මිටියාවත,ඊනිඩ් බ්ලයිටන් (Enid Blyton),978-845-3000-71-2,Children's,Galle,79.8,14.57,437,4.4,51.47,25.2,11.2,60,55.37,63.97,Moderate Demand
2025-04,BK077,අතීත මිටියාවත,ඊනිඩ් බ්ලයිටන් (Enid Blyton),978-845-3000-71-2,Children's,Kandy,71.6,14.33,430,4.39,49.47,22.7,10.7,60,14.44,41.16,Low Demand
2025-04,BK078,සිහිනය සහ සෙවනැලි,"ස්ටෙෆනි ගාබර් (Stephanie Garber), පරිවර්තනය: කෝශලී සිරිචන්ද්‍ර (Translation: Koshalee Sirichandra)",978-748-7074-58-5,Historical/Religious,Colombo,73.3,15.2,456,4.59,52.97,25.87,9.8,55,41.56,57.59,Moderate Demand
2025-04,BK078,සිහිනය සහ සෙවනැලි,"ස්ටෙෆනි ගාබර් (Stephanie Garber), පරිවර්තනය: කෝශලී සිරිචන්ද්‍ර (Translation: Koshalee Sirichandra)",978-748-7074-58-5,Historical/Religious,Galle,68.7,14.47,434,4.61,47.13,23.1,8.1,55,35.81,49.24,Low Demand
2025-04,BK078,සිහිනය සහ සෙවනැලි,"ස්ටෙෆනි ගාබර් (Stephanie Garber), පරිවර්තනය: කෝශලී සිරිචන්ද්‍ර (Translation: Koshalee Sirichandra)",978-748-7074-58-5,Historical/Religious,Kandy,80.5,15.37,461,4.6,55.5,26.13,11.3,55,24.73,50.99,Low Demand
2025-04,BK079,හැරී පොටර් සහ රහස් කුටිය,ජේ. කේ. රෝලිං - පරි. අභය හේවාවසම්,978-955-573-623-7,Translation,Colombo,82.3,34.77,1043,4.19,86.43,40.7,10.0,62,98.26,95.72,High Demand
2025-04,BK079,හැරී පොටර් සහ රහස් කුටිය,ජේ. කේ. රෝලිං - පරි. අභය හේවාවසම්,978-955-573-623-7,Translation,Galle,74.0,31.3,939,4.19,83.23,39.47,9.2,62,99.03,85.2,High Demand
2025-04,BK079,හැරී පොටර් සහ රහස් කුටිය,ජේ. කේ. රෝලිං - පරි. අභය හේවාවසම්,978-955-573-623-7,Translation,Kandy,76.1,37.83,1135,4.2,87.5,40.67,9.3,62,97.13,82.61,High Demand
2025-04,BK080,විකෘති (Vikurthi),සෝමලතා සුබසිංහ,978-955-428-430-2,Drama,Colombo,77.0,21.63,649,4.89,66.13,30.6,9.8,65,63.74,71.29,Moderate Demand
2025-04,BK080,විකෘති (Vikurthi),සෝමලතා සුබසිංහ,978-955-428-430-2,Drama,Galle,66.5,18.4,552,4.9,68.47,31.8,8.9,65,54.83,73.08,High Demand
2025-04,BK080,විකෘති (Vikurthi),සෝමලතා සුබසිංහ,978-955-428-430-2,Drama,Kandy,67.7,19.97,599,4.89,64.77,30.83,10.7,65,59.88,77.12,High Demand
2025-04,BK081,නැන්දම්මාගේ ඩයරිය,කල්පනා කස්තුරිආරච්චි,978-624-9695-78-8,Short Stories,Colombo,71.4,15.4,462,4.09,52.13,23.43,12.7,57,40.4,61.12,Moderate Demand
2025-04,BK081,නැන්දම්මාගේ ඩයරිය,කල්පනා කස්තුරිආරච්චි,978-624-9695-78-8,Short Stories,Galle,70.1,13.73,412,4.09,48.17,23.03,11.1,57,19.53,44.74,Low Demand
2025-04,BK081,නැන්දම්මාගේ ඩයරිය,කල්පනා කස්තුරිආරච්චි,978-624-9695-78-8,Short Stories,Kandy,82.4,16.37,491,4.11,53.33,26.2,11.2,57,44.6,51.54,Low Demand
2025-04,BK082,හැරී පොටර් සහ අස්කබාන්හි සිරකරු,ජේ. කේ. රෝලිං - පරි. අභය හේවාවසම්,978-955-671-187-5,Translation,Colombo,75.4,36.13,1084,3.8,86.33,40.53,11.0,62,89.34,75.99,High Demand
2025-04,BK082,හැරී පොටර් සහ අස්කබාන්හි සිරකරු,ජේ. කේ. රෝලිං - පරි. අභය හේවාවසම්,978-955-671-187-5,Translation,Galle,78.1,35.8,1074,3.8,85.5,38.13,10.1,62,94.65,87.27,High Demand
2025-04,BK082,හැරී පොටර් සහ අස්කබාන්හි සිරකරු,ජේ. කේ. රෝලිං - පරි. අභය හේවාවසම්,978-955-671-187-5,Translation,Kandy,79.4,41.63,1249,3.8,89.17,41.87,11.8,62,100.0,82.07,High Demand
2025-04,BK083,පර්සි ජැක්සන් සහ රාක්ෂ සයුර,රික් රියෝඩන් (පරි. සවින්දි ආරියතිලක),978-955-697-090-0,Fantasy,Colombo,73.7,24.67,740,4.4,74.2,34.33,10.8,74,68.75,77.38,High Demand
2025-04,BK083,පර්සි ජැක්සන් සහ රාක්ෂ සයුර,රික් රියෝඩන් (පරි. සවින්දි ආරියතිලක),978-955-697-090-0,Fantasy,Galle,72.4,18.77,563,4.39,63.7,30.03,10.5,74,69.77,73.97,High Demand
2025-04,BK083,පර්සි ජැක්සන් සහ රාක්ෂ සයුර,රික් රියෝඩන් (පරි. සවින්දි ආරියතිලක),978-955-697-090-0,Fantasy,Kandy,76.4,22.4,672,4.4,73.8,36.13,11.3,74,74.98,78.51,High Demand
2025-04,BK084,විභාග ජය ගැනීමේ රහස (Vibhaga Jaya Ganeeme Rahasa),ප්‍රවීන් රන්දෙනිය,978-624-97120-5-0,Academic,Colombo,74.0,24.7,741,4.1,76.1,35.6,7.1,45,76.55,72.04,Moderate Demand
2025-04,BK084,විභාග ජය ගැනීමේ රහස (Vibhaga Jaya Ganeeme Rahasa),ප්‍රවීන් රන්දෙනිය,978-624-97120-5-0,Academic,Galle,76.4,21.17,635,4.1,68.33,32.8,9.8,45,85.11,75.93,High Demand
2025-04,BK084,විභාග ජය ගැනීමේ රහස (Vibhaga Jaya Ganeeme Rahasa),ප්‍රවීන් රන්දෙනිය,978-624-97120-5-0,Academic,Kandy,71.6,25.13,754,4.1,75.37,35.77,12.2,45,97.08,80.29,High Demand
2025-04,BK085,දික්තල කාලගෝල (Diktala Kalagola),පුණ්‍යසේන ගුණසිංහ,978-955-9377-71-9,Drama,Colombo,77.5,15.27,458,4.8,51.27,25.13,13.9,65,23.99,51.7,Low Demand
2025-04,BK085,දික්තල කාලගෝල (Diktala Kalagola),පුණ්‍යසේන ගුණසිංහ,978-955-9377-71-9,Drama,Galle,73.8,14.17,425,4.8,48.1,23.73,9.3,65,23.5,62.06,Moderate Demand
2025-04,BK085,දික්තල කාලගෝල (Diktala Kalagola),පුණ්‍යසේන ගුණසිංහ,978-955-9377-71-9,Drama,Kandy,72.6,15.7,471,4.82,57.6,26.73,11.5,65,35.44,58.58,Moderate Demand
2025-04,BK086,නැන්සි කෲ: ටෙඩි බෙයාර් අබිරහස,කැරොලයින් කීන්,978-955-657-006-8,Translation,Colombo,72.0,17.6,528,4.3,61.27,30.4,10.2,62,46.81,68.15,Moderate Demand
2025-04,BK086,නැන්සි කෲ: ටෙඩි බෙයාර් අබිරහස,කැරොලයින් කීන්,978-955-657-006-8,Translation,Galle,74.5,15.53,466,4.29,56.7,27.53,10.2,62,53.83,64.94,Moderate Demand
2025-04,BK086,නැන්සි කෲ: ටෙඩි බෙයාර් අබිරහස,කැරොලයින් කීන්,978-955-657-006-8,Translation,Kandy,76.8,16.57,497,4.31,55.87,28.27,13.1,62,46.88,68.39,Moderate Demand
2025-04,BK087,කතාව සහ සිහිනය,ක්‍රිස් කුස්නෙස්කි (පරිවර්තනය),978-566-9308-23-4,Short Stories,Colombo,62.1,15.1,453,3.7,49.9,24.3,9.5,57,33.61,49.9,Low Demand
2025-04,BK087,කතාව සහ සිහිනය,ක්‍රිස් කුස්නෙස්කි (පරිවර්තනය),978-566-9308-23-4,Short Stories,Galle,70.0,14.6,438,3.69,51.9,25.37,12.3,57,38.26,53.58,Low Demand
2025-04,BK087,කතාව සහ සිහිනය,ක්‍රිස් කුස්නෙස්කි (පරිවර්තනය),978-566-9308-23-4,Short Stories,Kandy,76.9,16.3,489,3.7,56.73,26.87,8.5,57,28.67,58.19,Moderate Demand
2025-04,BK088,අඹ යහළුවෝ,ටී. බී. ඉලංගරත්න,978-955-4682-00-9,Novel,Colombo,66.6,32.07,962,4.81,83.53,40.0,10.5,70,89.37,83.36,High Demand
2025-04,BK088,අඹ යහළුවෝ,ටී. බී. ඉලංගරත්න,978-955-4682-00-9,Novel,Galle,71.4,27.1,813,4.82,76.7,36.1,12.4,70,83.44,90.57,High Demand
2025-04,BK088,අඹ යහළුවෝ,ටී. බී. ඉලංගරත්න,978-955-4682-00-9,Novel,Kandy,76.5,32.53,976,4.8,84.1,39.53,9.8,70,83.55,79.44,High Demand
2025-04,BK089,මායා අහස,දිනිති තරුමිණි,978-222-3861-35-8,Young Adult,Colombo,69.0,16.43,493,4.3,52.97,25.33,10.8,66,43.16,63.78,Moderate Demand
2025-04,BK089,මායා අහස,දිනිති තරුමිණි,978-222-3861-35-8,Young Adult,Galle,79.4,14.37,431,4.3,49.43,23.6,10.6,66,40.58,54.34,Low Demand
2025-04,BK089,මායා අහස,දිනිති තරුමිණි,978-222-3861-35-8,Young Adult,Kandy,74.1,15.47,464,4.3,52.0,24.9,8.5,66,20.3,42.21,Low Demand
2025-04,BK090,අනාගත නගරය,පරිවර්තනය: චන්දන මෙන්ඩිස් (Chandana Mendis),978-587-7471-56-2,Drama,Colombo,66.2,16.03,481,3.72,55.5,26.03,9.0,65,24.56,51.91,Low Demand
2025-04,BK090,අනාගත නගරය,පරිවර්තනය: චන්දන මෙන්ඩිස් (Chandana Mendis),978-587-7471-56-2,Drama,Galle,74.8,12.9,387,3.7,45.97,22.1,11.5,65,22.17,44.02,Low Demand
2025-04,BK090,අනාගත නගරය,පරිවර්තනය: චන්දන මෙන්ඩිස් (Chandana Mendis),978-587-7471-56-2,Drama,Kandy,72.4,15.87,476,3.7,56.07,27.03,13.6,65,17.89,47.97,Low Demand
2025-04,BK091,හැරී පොටර් සහ ෆීනික්ස් නිකාය,ජේ. කේ. රෝලිං - පරි. අභය හේවාවසම්,978-955-573-951-1,Translation,Colombo,78.2,35.87,1076,3.6,84.6,39.4,10.6,62,100.0,93.33,High Demand
2025-04,BK091,හැරී පොටර් සහ ෆීනික්ස් නිකාය,ජේ. කේ. රෝලිං - පරි. අභය හේවාවසම්,978-955-573-951-1,Translation,Galle,77.0,31.5,945,3.6,80.0,37.47,8.5,62,82.1,78.54,High Demand
2025-04,BK091,හැරී පොටර් සහ ෆීනික්ස් නිකාය,ජේ. කේ. රෝලිං - පරි. අභය හේවාවසම්,978-955-573-951-1,Translation,Kandy,75.6,39.17,1175,3.61,85.37,39.6,11.3,62,100.0,91.63,High Demand
2025-04,BK092,සැඟවුණු රහස,රොජර් ලී මැක්බ්‍රයිඩ් (Roger Lea MacBride) - පරිවර්තනය: චිත්‍රා අමරසේකර,978-745-6661-48-1,Historical/Religious,Colombo,75.6,16.07,482,4.91,53.6,24.3,8.7,55,49.15,68.48,Moderate Demand
2025-04,BK092,සැඟවුණු රහස,රොජර් ලී මැක්බ්‍රයිඩ් (Roger Lea MacBride) - පරිවර්තනය: චිත්‍රා අමරසේකර,978-745-6661-48-1,Historical/Religious,Galle,73.1,12.57,377,4.9,46.03,21.6,9.2,55,11.12,50.77,Low Demand
2025-04,BK092,සැඟවුණු රහස,රොජර් ලී මැක්බ්‍රයිඩ් (Roger Lea MacBride) - පරිවර්තනය: චිත්‍රා අමරසේකර,978-745-6661-48-1,Historical/Religious,Kandy,68.7,15.6,468,4.89,55.5,25.8,9.7,55,33.34,66.98,Moderate Demand
2025-04,BK093,සෙවනැලි සහ මාලිගාව,පරිවර්තනය: චන්දන මෙන්ඩිස් (Chandana Mendis),978-289-1737-32-0,Poetry,Colombo,72.2,15.03,451,3.89,55.27,26.97,12.2,50,37.76,47.26,Low Demand
2025-04,BK093,සෙවනැලි සහ මාලිගාව,පරිවර්තනය: චන්දන මෙන්ඩිස් (Chandana Mendis),978-289-1737-32-0,Poetry,Galle,77.3,14.6,438,3.89,49.97,23.93,10.4,50,49.84,51.43,Low Demand
2025-04,BK093,සෙවනැලි සහ මාලිගාව,පරිවර්තනය: චන්දන මෙන්ඩිස් (Chandana Mendis),978-289-1737-32-0,Poetry,Kandy,72.5,16.37,491,3.9,55.77,27.77,11.3,50,26.96,45.61,Low Demand
2025-04,BK094,නෙවර් ලයි (Never Lie),ෆ්‍රීඩා මැක්ෆැඩන් - පරි. තරුෂි නිරංගා ජයසිංහ,978-624-6570-46-0,Thriller,Colombo,78.0,30.27,908,4.31,80.0,36.37,10.5,76,93.01,94.11,High Demand
2025-04,BK094,නෙවර් ලයි (Never Lie),ෆ්‍රීඩා මැක්ෆැඩන් - පරි. තරුෂි නිරංගා ජයසිංහ,978-624-6570-46-0,Thriller,Galle,75.4,24.2,726,4.29,76.87,36.47,11.8,76,89.53,82.75,High Demand
2025-04,BK094,නෙවර් ලයි (Never Lie),ෆ්‍රීඩා මැක්ෆැඩන් - පරි. තරුෂි නිරංගා ජයසිංහ,978-624-6570-46-0,Thriller,Kandy,71.6,26.87,806,4.29,77.7,37.47,11.2,76,84.21,83.81,High Demand
2025-04,BK095,ප්‍රේම ගීතය,සමුද්‍ර වෙත්තසිංහ (Samudra Weththasingha),978-573-6220-40-5,Non-fiction,Colombo,78.6,15.87,476,4.5,52.9,26.33,8.9,52,43.86,60.89,Moderate Demand
2025-04,BK095,ප්‍රේම ගීතය,සමුද්‍ර වෙත්තසිංහ (Samudra Weththasingha),978-573-6220-40-5,Non-fiction,Galle,76.5,14.73,442,4.51,49.1,23.9,9.7,52,58.35,72.23,Moderate Demand
2025-04,BK095,ප්‍රේම ගීතය,සමුද්‍ර වෙත්තසිංහ (Samudra Weththasingha),978-573-6220-40-5,Non-fiction,Kandy,75.2,16.53,496,4.5,57.7,27.9,11.2,52,43.05,62.22,Moderate Demand
2025-04,BK096,පුද්ගලිකයි රහසිගතයි (The Secret Files of Sherlock Holmes),චන්දන මෙන්ඩිස් (පරිවර්තනය),955-97776-4-5,Mystery,Colombo,76.3,21.87,656,4.97,71.97,34.73,8.5,71,72.81,72.95,High Demand
2025-04,BK096,පුද්ගලිකයි රහසිගතයි (The Secret Files of Sherlock Holmes),චන්දන මෙන්ඩිස් (පරිවර්තනය),955-97776-4-5,Mystery,Galle,74.8,20.57,617,4.99,65.87,30.0,7.8,71,80.18,75.01,High Demand
2025-04,BK096,පුද්ගලිකයි රහසිගතයි (The Secret Files of Sherlock Holmes),චන්දන මෙන්ඩිස් (පරිවර්තනය),955-97776-4-5,Mystery,Kandy,76.6,24.2,726,4.98,71.7,33.67,13.0,71,86.86,85.84,High Demand
2025-04,BK097,පරණ කතාව,මාර්ටින් වික්‍රමසිංහ,978-528-5693-75-7,Children's,Colombo,76.9,15.3,459,4.1,53.67,26.07,12.4,60,42.63,68.79,Moderate Demand
2025-04,BK097,පරණ කතාව,මාර්ටින් වික්‍රමසිංහ,978-528-5693-75-7,Children's,Galle,68.7,14.13,424,4.09,51.93,25.4,11.7,60,27.74,52.47,Low Demand
2025-04,BK097,පරණ කතාව,මාර්ටින් වික්‍රමසිංහ,978-528-5693-75-7,Children's,Kandy,70.0,16.43,493,4.09,52.67,25.5,9.0,60,38.02,55.03,Low Demand
2025-04,BK098,මාණික්කාවත (Manikkawatha),මහින්ද ප්‍රසාද් මසිඹුල,978-955-098-023-9,Novel,Colombo,77.0,30.97,929,3.49,84.77,39.0,10.4,70,100.0,87.08,High Demand
2025-04,BK098,මාණික්කාවත (Manikkawatha),මහින්ද ප්‍රසාද් මසිඹුල,978-955-098-023-9,Novel,Galle,78.4,29.07,872,3.49,81.4,38.13,10.5,70,95.9,81.66,High Demand
2025-04,BK098,මාණික්කාවත (Manikkawatha),මහින්ද ප්‍රසාද් මසිඹුල,978-955-098-023-9,Novel,Kandy,76.5,31.23,937,3.51,82.53,39.73,11.3,70,72.2,63.2,Moderate Demand
2025-04,BK099,ගංගාව සහ ගංගාව,"ජේම්ස් හැඩ්ලි චේස් (James Hadley Chase), පරිවර්තනය: එන්. ජී. විජේරත්න (Translation: N. G. Wijerathna)",978-493-2631-22-5,Children's,Colombo,74.4,17.83,535,4.79,62.37,30.27,8.0,60,56.4,71.3,Moderate Demand
2025-04,BK099,ගංගාව සහ ගංගාව,"ජේම්ස් හැඩ්ලි චේස් (James Hadley Chase), පරිවර්තනය: එන්. ජී. විජේරත්න (Translation: N. G. Wijerathna)",978-493-2631-22-5,Children's,Galle,78.5,14.87,446,4.8,54.17,26.33,9.3,60,45.42,65.97,Moderate Demand
2025-04,BK099,ගංගාව සහ ගංගාව,"ජේම්ස් හැඩ්ලි චේස් (James Hadley Chase), පරිවර්තනය: එන්. ජී. විජේරත්න (Translation: N. G. Wijerathna)",978-493-2631-22-5,Children's,Kandy,67.9,16.8,504,4.8,58.2,28.3,11.8,60,49.7,73.28,High Demand
2025-04,BK100,රන් මතකය,ලසිත රවීන් උමගිලිය,978-825-3894-18-1,Young Adult,Colombo,76.3,14.87,446,4.09,52.0,24.27,11.7,66,29.4,54.07,Low Demand
2025-04,BK100,රන් මතකය,ලසිත රවීන් උමගිලිය,978-825-3894-18-1,Young Adult,Galle,69.0,12.57,377,4.09,45.77,22.4,10.3,66,24.29,52.31,Low Demand
2025-04,BK100,රන් මතකය,ලසිත රවීන් උමගිලිය,978-825-3894-18-1,Young Adult,Kandy,75.6,16.1,483,4.09,52.8,25.37,10.2,66,29.55,44.88,Low Demand
2025-05,BK052,අනාගත අහස,මාර්ටින් වික්‍රමසිංහ (පරිවර්තනය),978-147-1385-34-4,Historical/Religious,Colombo,71.8,12.58,390,4.69,47.74,23.77,8.1,55,31.9,51.38,Low Demand
2025-05,BK052,අනාගත අහස,මාර්ටින් වික්‍රමසිංහ (පරිවර්තනය),978-147-1385-34-4,Historical/Religious,Galle,73.5,12.52,388,4.69,45.74,22.35,8.6,55,42.43,69.12,Moderate Demand
2025-05,BK052,අනාගත අහස,මාර්ටින් වික්‍රමසිංහ (පරිවර්තනය),978-147-1385-34-4,Historical/Religious,Kandy,79.1,13.65,423,4.69,49.19,23.26,9.3,55,25.8,47.55,Low Demand
2025-05,BK053,මිටියාවත සහ කාලය,"ජෝන් ෂෝර්ස් (John Shors), පරිවර්තනය: ප්‍රදීප් කුමාර බාලසූරිය (Translation: Pradeep Kumara Balasuriya)",978-976-3071-42-3,Horror,Colombo,69.1,14.74,457,4.9,46.81,22.97,11.2,68,51.5,68.32,Moderate Demand
2025-05,BK053,මිටියාවත සහ කාලය,"ජෝන් ෂෝර්ස් (John Shors), පරිවර්තනය: ප්‍රදීප් කුමාර බාලසූරිය (Translation: Pradeep Kumara Balasuriya)",978-976-3071-42-3,Horror,Galle,73.5,12.68,393,4.9,46.55,23.39,11.8,68,33.93,60.44,Moderate Demand
2025-05,BK053,මිටියාවත සහ කාලය,"ජෝන් ෂෝර්ස් (John Shors), පරිවර්තනය: ප්‍රදීප් කුමාර බාලසූරිය (Translation: Pradeep Kumara Balasuriya)",978-976-3071-42-3,Horror,Kandy,63.9,13.55,420,4.9,48.81,23.55,11.9,68,16.07,43.79,Low Demand
2025-05,BK054,රහස සහ කතාව,පවනි උමයංගනා (Pawani Umayangana),978-476-5849-54-7,Non-fiction,Colombo,73.6,14.68,455,3.51,54.65,25.94,7.7,52,27.72,47.02,Low Demand
2025-05,BK054,රහස සහ කතාව,පවනි උමයංගනා (Pawani Umayangana),978-476-5849-54-7,Non-fiction,Galle,79.0,12.13,376,3.5,40.9,19.71,9.5,52,28.91,44.85,Low Demand
2025-05,BK054,රහස සහ කතාව,පවනි උමයංගනා (Pawani Umayangana),978-476-5849-54-7,Non-fiction,Kandy,76.6,14.84,460,3.49,50.61,24.06,9.0,52,54.19,50.94,Low Demand
2025-05,BK055,ඇහි පියන් ඇහැරිලා (Ahi Piyan Aharila),මහින්ද ප්‍රසාද් මසිඹුල,978-955-098-003-1,Poetry,Colombo,72.7,20.32,630,3.99,64.52,30.58,8.9,50,83.32,79.5,High Demand
2025-05,BK055,ඇහි පියන් ඇහැරිලා (Ahi Piyan Aharila),මහින්ද ප්‍රසාද් මසිඹුල,978-955-098-003-1,Poetry,Galle,73.8,18.26,566,4.0,62.06,28.65,8.6,50,75.86,76.61,High Demand
2025-05,BK055,ඇහි පියන් ඇහැරිලා (Ahi Piyan Aharila),මහින්ද ප්‍රසාද් මසිඹුල,978-955-098-003-1,Poetry,Kandy,73.7,20.77,644,4.01,67.61,32.29,8.9,50,66.69,61.53,Moderate Demand
2025-05,BK056,ගමන සහ කාලය,ප්‍රේමකීර්ති රණතුංග,978-316-8963-96-1,Short Stories,Colombo,73.7,13.03,404,4.1,45.35,21.94,9.5,57,27.48,47.92,Low Demand
2025-05,BK056,ගමන සහ කාලය,ප්‍රේමකීර්ති රණතුංග,978-316-8963-96-1,Short Stories,Galle,69.8,13.23,410,4.1,47.71,22.81,9.5,57,60.68,71.61,Moderate Demand
2025-05,BK056,ගමන සහ කාලය,ප්‍රේමකීර්ති රණතුංග,978-316-8963-96-1,Short Stories,Kandy,66.8,13.94,432,4.11,47.35,22.77,11.5,57,42.21,58.02,Moderate Demand
2025-05,BK057,කොළඹ කන්ද,Michael Crichton (පරිවර්තනය: සුදත් රොහාන්),978-645-5531-58-3,Poetry,Colombo,72.8,13.55,420,4.71,48.55,23.0,10.4,50,37.33,50.31,Low Demand
2025-05,BK057,කොළඹ කන්ද,Michael Crichton (පරිවර්තනය: සුදත් රොහාන්),978-645-5531-58-3,Poetry,Galle,67.4,13.74,426,4.71,45.42,22.74,9.2,50,36.75,51.91,Low Demand
2025-05,BK057,කොළඹ කන්ද,Michael Crichton (පරිවර්තනය: සුදත් රොහාන්),978-645-5531-58-3,Poetry,Kandy,63.2,13.32,413,4.7,48.87,22.84,11.6,50,23.86,53.91,Low Demand
2025-05,BK058,වසන්තය සහ මිටියාවත,තරංගා දිසානායක,978-630-6739-38-7,Academic,Colombo,65.5,14.03,435,3.72,49.32,23.32,10.7,45,35.63,48.0,Low Demand
2025-05,BK058,වසන්තය සහ මිටියාවත,තරංගා දිසානායක,978-630-6739-38-7,Academic,Galle,72.4,12.32,382,3.69,43.94,20.9,9.8,45,28.74,38.43,Low Demand
2025-05,BK058,වසන්තය සහ මිටියාවත,තරංගා දිසානායක,978-630-6739-38-7,Academic,Kandy,65.4,14.03,435,3.67,50.58,23.87,11.0,45,42.3,52.24,Low Demand
2025-05,BK059,370 යානයේ අබිරහස (370 Yanaye Abirahasa),භද්‍රජී මහින්ද ජයතිලක,978-624-6570-68-2,Mystery,Colombo,70.1,20.81,645,4.89,67.71,32.06,10.1,71,78.92,84.59,High Demand
2025-05,BK059,370 යානයේ අබිරහස (370 Yanaye Abirahasa),භද්‍රජී මහින්ද ජයතිලක,978-624-6570-68-2,Mystery,Galle,67.6,16.39,508,4.9,57.32,27.32,9.5,71,69.34,82.69,High Demand
2025-05,BK059,370 යානයේ අබිරහස (370 Yanaye Abirahasa),භද්‍රජී මහින්ද ජයතිලක,978-624-6570-68-2,Mystery,Kandy,71.4,21.06,653,4.91,65.84,31.77,7.6,71,88.84,86.98,High Demand
2025-05,BK060,පර්සි ජැක්සන් සහ වංගිරියේ සටන,රික් රියෝඩන් (පරි. සවින්දි ආරියතිලක),978-955-697-089-0,Fantasy,Colombo,76.0,21.55,668,4.49,73.58,34.87,8.8,74,80.29,87.69,High Demand
2025-05,BK060,පර්සි ජැක්සන් සහ වංගිරියේ සටන,රික් රියෝඩන් (පරි. සවින්දි ආරියතිලක),978-955-697-089-0,Fantasy,Galle,76.2,18.29,567,4.49,58.74,27.74,10.9,74,80.78,78.85,High Demand
2025-05,BK060,පර්සි ජැක්සන් සහ වංගිරියේ සටන,රික් රියෝඩන් (පරි. සවින්දි ආරියතිලක),978-955-697-089-0,Fantasy,Kandy,76.9,24.03,745,4.5,75.97,36.58,9.4,74,78.87,75.19,High Demand
2025-05,BK061,ආලෝකයේ සමිඳාණෝ (Alokaye Samindano - Lord of Light),රොජර් සෙලාස්නි - පරි. පුෂ්ප රංජන් විජේසිංහ,978-624-6570-11-8,Sci-Fi,Colombo,76.8,20.55,637,4.98,64.71,29.58,9.2,72,71.43,81.02,High Demand
2025-05,BK061,ආලෝකයේ සමිඳාණෝ (Alokaye Samindano - Lord of Light),රොජර් සෙලාස්නි - පරි. පුෂ්ප රංජන් විජේසිංහ,978-624-6570-11-8,Sci-Fi,Galle,65.8,17.42,540,4.98,61.68,30.03,9.7,72,73.87,76.23,High Demand
2025-05,BK061,ආලෝකයේ සමිඳාණෝ (Alokaye Samindano - Lord of Light),රොජර් සෙලාස්නි - පරි. පුෂ්ප රංජන් විජේසිංහ,978-624-6570-11-8,Sci-Fi,Kandy,73.9,21.23,658,4.98,74.65,36.13,13.7,72,81.64,84.4,High Demand
2025-05,BK062,මිනිසා සහ සෙවනැලි,"කර්ට් වොනෙගට් (Kurt Vonnegut), පරිවර්තනය: ගාමිණී වියන්ගොඩ (Translation: Gamini Viyangoda)",978-673-1310-88-3,Psychology,Colombo,67.7,13.48,418,3.89,46.32,21.97,8.2,58,32.2,48.96,Low Demand
2025-05,BK062,මිනිසා සහ සෙවනැලි,"කර්ට් වොනෙගට් (Kurt Vonnegut), පරිවර්තනය: ගාමිණී වියන්ගොඩ (Translation: Gamini Viyangoda)",978-673-1310-88-3,Psychology,Galle,75.7,12.42,385,3.9,45.19,22.68,10.2,58,51.36,64.43,Moderate Demand
2025-05,BK062,මිනිසා සහ සෙවනැලි,"කර්ට් වොනෙගට් (Kurt Vonnegut), පරිවර්තනය: ගාමිණී වියන්ගොඩ (Translation: Gamini Viyangoda)",978-673-1310-88-3,Psychology,Kandy,75.5,12.39,384,3.89,43.58,20.55,12.8,58,2.61,30.66,Low Demand
2025-05,BK063,හේඩීස්ගේ දෙවොල (Hadesge Devola),රික් රයෝර්ඩන් - පරි. රූපේනි මානිංගමුව,978-955-697-343-3,Young Adult,Colombo,72.8,16.0,496,4.6,58.81,28.19,8.9,66,68.11,69.14,Moderate Demand
2025-05,BK063,හේඩීස්ගේ දෙවොල (Hadesge Devola),රික් රයෝර්ඩන් - පරි. රූපේනි මානිංගමුව,978-955-697-343-3,Young Adult,Galle,66.2,14.61,453,4.6,49.84,23.9,8.9,66,59.41,71.84,Moderate Demand
2025-05,BK063,හේඩීස්ගේ දෙවොල (Hadesge Devola),රික් රයෝර්ඩන් - පරි. රූපේනි මානිංගමුව,978-955-697-343-3,Young Adult,Kandy,72.5,16.9,524,4.59,59.32,27.03,7.6,66,81.53,77.59,High Demand
2025-05,BK064,2010,ආතර් සී. ක්ලාක් (පරිවර්තනය: චන්දන වීරසිංහ),978-624-5712-10-6,Sci-Fi,Colombo,74.7,21.19,657,4.09,66.32,33.03,10.7,72,90.44,77.42,High Demand
2025-05,BK064,2010,ආතර් සී. ක්ලාක් (පරිවර්තනය: චන්දන වීරසිංහ),978-624-5712-10-6,Sci-Fi,Galle,76.5,20.45,634,4.11,66.58,30.74,8.8,72,75.75,79.25,High Demand
2025-05,BK064,2010,ආතර් සී. ක්ලාක් (පරිවර්තනය: චන්දන වීරසිංහ),978-624-5712-10-6,Sci-Fi,Kandy,82.5,22.23,689,4.11,72.97,34.77,9.9,72,92.34,85.38,High Demand
2025-05,BK065,මන්දාරම් රාත්‍රිය,ඩී. එම්. අනුර දිසානායක,978-624-5829-10-1,Mystery,Colombo,78.1,21.19,657,4.98,70.84,33.35,8.2,71,86.77,94.54,High Demand
2025-05,BK065,මන්දාරම් රාත්‍රිය,ඩී. එම්. අනුර දිසානායක,978-624-5829-10-1,Mystery,Galle,70.7,19.97,619,4.98,64.35,32.35,11.5,71,94.3,96.89,High Demand
2025-05,BK065,මන්දාරම් රාත්‍රිය,ඩී. එම්. අනුර දිසානායක,978-624-5829-10-1,Mystery,Kandy,73.1,20.23,627,4.98,66.97,32.39,10.8,71,78.76,85.02,High Demand
2025-05,BK066,පරණ මාලිගාව,ක්‍රිස් කුස්නෙස්කි (පරිවර්තනය),978-726-5125-19-4,Horror,Colombo,67.6,13.97,433,4.49,50.39,24.39,11.2,68,43.49,57.57,Moderate Demand
2025-05,BK066,පරණ මාලිගාව,ක්‍රිස් කුස්නෙස්කි (පරිවර්තනය),978-726-5125-19-4,Horror,Galle,68.4,12.1,375,4.52,44.13,21.9,11.3,68,28.9,59.1,Moderate Demand
2025-05,BK066,පරණ මාලිගාව,ක්‍රිස් කුස්නෙස්කි (පරිවර්තනය),978-726-5125-19-4,Horror,Kandy,64.9,13.74,426,4.49,46.39,22.9,7.9,68,25.17,59.37,Moderate Demand
2025-05,BK067,අනාගතේ පැතිකඩක් (Profiles of the Future),ආතර් සී. ක්ලාක් (පරිවර්තනය: එස්. එම්. බන්දුසීල),978-624-5712-31-1,Sci-Fi,Colombo,74.0,19.42,602,3.9,63.65,28.84,10.0,72,83.95,88.6,High Demand
2025-05,BK067,අනාගතේ පැතිකඩක් (Profiles of the Future),ආතර් සී. ක්ලාක් (පරිවර්තනය: එස්. එම්. බන්දුසීල),978-624-5712-31-1,Sci-Fi,Galle,78.3,17.68,548,3.91,58.13,29.65,10.6,72,70.18,69.43,Moderate Demand
2025-05,BK067,අනාගතේ පැතිකඩක් (Profiles of the Future),ආතර් සී. ක්ලාක් (පරිවර්තනය: එස්. එම්. බන්දුසීල),978-624-5712-31-1,Sci-Fi,Kandy,68.7,20.26,628,3.89,68.03,31.81,11.6,72,72.3,81.15,High Demand
2025-05,BK068,දඩයම් බල්ලෝ,පරිවර්තන නවකතා,978-624-5572-38-0,Thriller,Colombo,77.4,20.97,650,4.0,70.03,33.48,8.9,76,69.09,68.09,Moderate Demand
2025-05,BK068,දඩයම් බල්ලෝ,පරිවර්තන නවකතා,978-624-5572-38-0,Thriller,Galle,76.6,18.94,587,4.0,65.84,30.42,12.1,76,87.77,81.41,High Demand
2025-05,BK068,දඩයම් බල්ලෝ,පරිවර්තන නවකතා,978-624-5572-38-0,Thriller,Kandy,80.6,22.9,710,4.01,69.97,32.9,9.0,76,82.37,74.18,High Demand
2025-05,BK069,අදිසි අනතුර (Adisi Anathura - The Crash),ෆ්‍රීඩා මැක්ෆැඩන් - පරි. නයනතාරා පිලපිටිය,978-624-6570-48-4,Thriller,Colombo,69.8,20.13,624,4.29,64.13,30.32,10.5,76,83.1,90.55,High Demand
2025-05,BK069,අදිසි අනතුර (Adisi Anathura - The Crash),ෆ්‍රීඩා මැක්ෆැඩන් - පරි. නයනතාරා පිලපිටිය,978-624-6570-48-4,Thriller,Galle,75.5,18.23,565,4.3,61.84,30.06,12.8,76,74.85,77.56,High Demand
2025-05,BK069,අදිසි අනතුර (Adisi Anathura - The Crash),ෆ්‍රීඩා මැක්ෆැඩන් - පරි. නයනතාරා පිලපිටිය,978-624-6570-48-4,Thriller,Kandy,75.3,19.71,611,4.29,64.16,30.06,9.1,76,64.38,74.28,High Demand
2025-05,BK070,Crown of Midnight,සාරා ජේ. මාස් (Sarah J. Maas),978-624-5663-48-4,Fantasy,Colombo,70.3,23.26,721,4.5,72.45,33.42,8.5,74,96.89,91.35,High Demand
2025-05,BK070,Crown of Midnight,සාරා ජේ. මාස් (Sarah J. Maas),978-624-5663-48-4,Fantasy,Galle,70.4,21.68,672,4.51,72.71,36.19,12.4,74,92.66,96.8,High Demand
2025-05,BK070,Crown of Midnight,සාරා ජේ. මාස් (Sarah J. Maas),978-624-5663-48-4,Fantasy,Kandy,76.9,23.74,736,4.5,69.42,33.1,8.3,74,93.06,93.25,High Demand
2025-05,BK071,සුළං ගංගාව,පියදාස රත්නසිංහ (පරිවර්තනය),978-935-1789-28-8,Academic,Colombo,71.1,14.23,441,4.49,50.42,23.81,8.7,45,46.43,65.19,Moderate Demand
2025-05,BK071,සුළං ගංගාව,පියදාස රත්නසිංහ (පරිවර්තනය),978-935-1789-28-8,Academic,Galle,79.1,12.03,373,4.52,44.32,20.94,11.0,45,26.88,40.47,Low Demand
2025-05,BK071,සුළං ගංගාව,පියදාස රත්නසිංහ (පරිවර්තනය),978-935-1789-28-8,Academic,Kandy,71.9,12.68,393,4.49,45.71,21.81,8.7,45,10.21,36.25,Low Demand
2025-05,BK072,ගීතය සහ මාලිගාව,එරන්ද ගිනිගේ (Eranda Ginige),978-616-9581-88-7,Psychology,Colombo,74.6,13.48,418,3.69,46.13,22.9,9.3,58,20.3,42.01,Low Demand
2025-05,BK072,ගීතය සහ මාලිගාව,එරන්ද ගිනිගේ (Eranda Ginige),978-616-9581-88-7,Psychology,Galle,83.1,11.45,355,3.69,42.16,19.84,9.0,58,20.94,51.82,Low Demand
2025-05,BK072,ගීතය සහ මාලිගාව,එරන්ද ගිනිගේ (Eranda Ginige),978-616-9581-88-7,Psychology,Kandy,74.7,13.58,421,3.71,50.48,22.97,13.5,58,27.71,44.21,Low Demand
2025-05,BK073,ගමන සහ සෙවනැලි,"වික්ටෝරියා හෝල්ට් (Victoria Holt), පරිවර්තනය: කෝශලී සිරිචන්ද්‍ර (Translation: Koshalee Sirichandra)",978-477-2613-24-8,Horror,Colombo,75.3,13.42,416,3.81,50.9,24.68,11.9,68,37.39,51.26,Low Demand
2025-05,BK073,ගමන සහ සෙවනැලි,"වික්ටෝරියා හෝල්ට් (Victoria Holt), පරිවර්තනය: කෝශලී සිරිචන්ද්‍ර (Translation: Koshalee Sirichandra)",978-477-2613-24-8,Horror,Galle,64.4,12.06,374,3.8,45.0,22.06,10.5,68,29.47,54.29,Low Demand
2025-05,BK073,ගමන සහ සෙවනැලි,"වික්ටෝරියා හෝල්ට් (Victoria Holt), පරිවර්තනය: කෝශලී සිරිචන්ද්‍ර (Translation: Koshalee Sirichandra)",978-477-2613-24-8,Horror,Kandy,74.2,14.26,442,3.81,49.48,23.9,10.4,68,46.9,58.94,Moderate Demand
2025-05,BK074,එවා මෙහේ බෑ මචං,පිනසිරි දඩල්ලගේ,978-955-97643-5-9,Non-fiction,Colombo,77.3,14.52,450,4.4,50.13,24.55,12.8,52,48.62,51.69,Low Demand
2025-05,BK074,එවා මෙහේ බෑ මචං,පිනසිරි දඩල්ලගේ,978-955-97643-5-9,Non-fiction,Galle,70.0,12.16,377,4.4,43.48,20.9,9.3,52,27.37,48.76,Low Demand
2025-05,BK074,එවා මෙහේ බෑ මචං,පිනසිරි දඩල්ලගේ,978-955-97643-5-9,Non-fiction,Kandy,73.9,14.0,434,4.39,49.45,24.03,10.8,52,45.12,57.31,Moderate Demand
2025-05,BK075,"හොල්මන්, ආවේශ සහ යළි උපත (You Cannot Die)",ඉයන් කරි (පරිවර්තනය: භද්‍රජි මහින්ද ජයතිලක),978-955-671-215-5,Psychology,Colombo,68.4,13.29,412,4.81,48.77,24.03,8.6,58,13.16,52.26,Low Demand
2025-05,BK075,"හොල්මන්, ආවේශ සහ යළි උපත (You Cannot Die)",ඉයන් කරි (පරිවර්තනය: භද්‍රජි මහින්ද ජයතිලක),978-955-671-215-5,Psychology,Galle,70.1,12.48,387,4.81,45.48,21.81,8.7,58,39.43,60.87,Moderate Demand
2025-05,BK075,"හොල්මන්, ආවේශ සහ යළි උපත (You Cannot Die)",ඉයන් කරි (පරිවර්තනය: භද්‍රජි මහින්ද ජයතිලක),978-955-671-215-5,Psychology,Kandy,72.3,13.32,413,4.81,45.19,21.94,10.0,58,15.51,45.98,Low Demand
2025-05,BK076,සෙංකොට්ටං (Senkottan),මහින්ද ප්‍රසාද් මසිඹුල,978-955-098-000-0,Novel,Colombo,72.1,31.74,984,4.29,83.06,39.03,12.0,70,100.0,85.46,High Demand
2025-05,BK076,සෙංකොට්ටං (Senkottan),මහින්ද ප්‍රසාද් මසිඹුල,978-955-098-000-0,Novel,Galle,77.5,27.55,854,4.31,80.81,37.06,10.7,70,98.62,83.27,High Demand
2025-05,BK076,සෙංකොට්ටං (Senkottan),මහින්ද ප්‍රසාද් මසිඹුල,978-955-098-000-0,Novel,Kandy,81.6,31.61,980,4.3,83.26,38.52,8.4,70,100.0,85.1,High Demand
2025-05,BK077,අතීත මිටියාවත,ඊනිඩ් බ්ලයිටන් (Enid Blyton),978-845-3000-71-2,Children's,Colombo,73.5,13.48,418,4.41,48.23,22.77,8.6,60,41.23,58.37,Moderate Demand
2025-05,BK077,අතීත මිටියාවත,ඊනිඩ් බ්ලයිටන් (Enid Blyton),978-845-3000-71-2,Children's,Galle,72.2,11.23,348,4.37,41.35,19.39,9.9,60,20.18,47.99,Low Demand
2025-05,BK077,අතීත මිටියාවත,ඊනිඩ් බ්ලයිටන් (Enid Blyton),978-845-3000-71-2,Children's,Kandy,76.9,13.74,426,4.39,50.77,23.35,12.5,60,41.18,58.26,Moderate Demand
2025-05,BK078,සිහිනය සහ සෙවනැලි,"ස්ටෙෆනි ගාබර් (Stephanie Garber), පරිවර්තනය: කෝශලී සිරිචන්ද්‍ර (Translation: Koshalee Sirichandra)",978-748-7074-58-5,Historical/Religious,Colombo,74.5,12.26,380,4.59,42.23,20.84,11.2,55,26.81,44.71,Low Demand
2025-05,BK078,සිහිනය සහ සෙවනැලි,"ස්ටෙෆනි ගාබර් (Stephanie Garber), පරිවර්තනය: කෝශලී සිරිචන්ද්‍ර (Translation: Koshalee Sirichandra)",978-748-7074-58-5,Historical/Religious,Galle,68.4,11.0,341,4.6,39.39,19.1,11.2,55,31.53,53.08,Low Demand
2025-05,BK078,සිහිනය සහ සෙවනැලි,"ස්ටෙෆනි ගාබර් (Stephanie Garber), පරිවර්තනය: කෝශලී සිරිචන්ද්‍ර (Translation: Koshalee Sirichandra)",978-748-7074-58-5,Historical/Religious,Kandy,67.1,14.52,450,4.61,47.42,22.81,13.9,55,43.59,58.14,Moderate Demand
2025-05,BK079,හැරී පොටර් සහ රහස් කුටිය,ජේ. කේ. රෝලිං - පරි. අභය හේවාවසම්,978-955-573-623-7,Translation,Colombo,74.7,32.0,992,4.23,84.42,40.65,8.0,62,100.0,87.76,High Demand
2025-05,BK079,හැරී පොටර් සහ රහස් කුටිය,ජේ. කේ. රෝලිං - පරි. අභය හේවාවසම්,978-955-573-623-7,Translation,Galle,77.6,30.77,954,4.2,79.55,37.87,10.0,62,100.0,90.53,High Demand
2025-05,BK079,හැරී පොටර් සහ රහස් කුටිය,ජේ. කේ. රෝලිං - පරි. අභය හේවාවසම්,978-955-573-623-7,Translation,Kandy,76.2,31.84,987,4.19,81.81,37.35,10.3,62,89.93,91.97,High Demand
2025-05,BK080,විකෘති (Vikurthi),සෝමලතා සුබසිංහ,978-955-428-430-2,Drama,Colombo,70.5,17.19,533,4.9,63.52,29.13,8.9,65,66.02,77.12,High Demand
2025-05,BK080,විකෘති (Vikurthi),සෝමලතා සුබසිංහ,978-955-428-430-2,Drama,Galle,76.5,16.13,500,4.9,55.81,27.58,10.7,65,63.36,66.98,Moderate Demand
2025-05,BK080,විකෘති (Vikurthi),සෝමලතා සුබසිංහ,978-955-428-430-2,Drama,Kandy,77.9,17.42,540,4.91,54.71,25.94,10.7,65,73.79,73.81,High Demand
2025-05,BK081,නැන්දම්මාගේ ඩයරිය,කල්පනා කස්තුරිආරච්චි,978-624-9695-78-8,Short Stories,Colombo,71.3,13.61,422,4.1,45.77,22.77,11.5,57,46.58,57.99,Moderate Demand
2025-05,BK081,නැන්දම්මාගේ ඩයරිය,කල්පනා කස්තුරිආරච්චි,978-624-9695-78-8,Short Stories,Galle,70.2,12.16,377,4.1,46.52,22.29,11.6,57,34.04,50.15,Low Demand
2025-05,BK081,නැන්දම්මාගේ ඩයරිය,කල්පනා කස්තුරිආරච්චි,978-624-9695-78-8,Short Stories,Kandy,70.4,14.0,434,4.1,48.65,24.0,10.3,57,43.7,57.04,Moderate Demand
2025-05,BK082,හැරී පොටර් සහ අස්කබාන්හි සිරකරු,ජේ. කේ. රෝලිං - පරි. අභය හේවාවසම්,978-955-671-187-5,Translation,Colombo,78.5,36.26,1124,3.8,86.71,39.81,8.9,62,95.89,92.45,High Demand
2025-05,BK082,හැරී පොටර් සහ අස්කබාන්හි සිරකරු,ජේ. කේ. රෝලිං - පරි. අභය හේවාවසම්,978-955-671-187-5,Translation,Galle,74.4,29.87,926,3.8,81.84,36.94,11.5,62,99.13,88.03,High Demand
2025-05,BK082,හැරී පොටර් සහ අස්කබාන්හි සිරකරු,ජේ. කේ. රෝලිං - පරි. අභය හේවාවසම්,978-955-671-187-5,Translation,Kandy,76.8,35.32,1095,3.8,86.61,40.39,8.9,62,98.64,82.15,High Demand
2025-05,BK083,පර්සි ජැක්සන් සහ රාක්ෂ සයුර,රික් රියෝඩන් (පරි. සවින්දි ආරියතිලක),978-955-697-090-0,Fantasy,Colombo,76.6,18.03,559,4.4,62.94,29.58,8.9,74,68.14,70.87,Moderate Demand
2025-05,BK083,පර්සි ජැක්සන් සහ රාක්ෂ සයුර,රික් රියෝඩන් (පරි. සවින්දි ආරියතිලක),978-955-697-090-0,Fantasy,Galle,75.2,19.68,610,4.38,62.29,29.71,12.1,74,89.98,81.2,High Demand
2025-05,BK083,පර්සි ජැක්සන් සහ රාක්ෂ සයුර,රික් රියෝඩන් (පරි. සවින්දි ආරියතිලක),978-955-697-090-0,Fantasy,Kandy,70.9,20.45,634,4.41,67.35,32.68,11.3,74,65.47,60.2,Moderate Demand
2025-05,BK084,විභාග ජය ගැනීමේ රහස (Vibhaga Jaya Ganeeme Rahasa),ප්‍රවීන් රන්දෙනිය,978-624-97120-5-0,Academic,Colombo,70.1,19.71,611,4.1,70.19,34.19,8.5,45,82.59,73.7,High Demand
2025-05,BK084,විභාග ජය ගැනීමේ රහස (Vibhaga Jaya Ganeeme Rahasa),ප්‍රවීන් රන්දෙනිය,978-624-97120-5-0,Academic,Galle,72.0,17.58,545,4.1,54.68,25.32,8.5,45,73.22,63.31,Moderate Demand
2025-05,BK084,විභාග ජය ගැනීමේ රහස (Vibhaga Jaya Ganeeme Rahasa),ප්‍රවීන් රන්දෙනිය,978-624-97120-5-0,Academic,Kandy,83.9,20.55,637,4.11,69.26,32.65,11.3,45,73.76,72.8,Moderate Demand
2025-05,BK085,දික්තල කාලගෝල (Diktala Kalagola),පුණ්‍යසේන ගුණසිංහ,978-955-9377-71-9,Drama,Colombo,64.4,13.87,430,4.8,45.26,21.74,10.8,65,36.5,62.46,Moderate Demand
2025-05,BK085,දික්තල කාලගෝල (Diktala Kalagola),පුණ්‍යසේන ගුණසිංහ,978-955-9377-71-9,Drama,Galle,73.7,11.48,356,4.81,38.23,18.42,10.4,65,16.11,54.94,Low Demand
2025-05,BK085,දික්තල කාලගෝල (Diktala Kalagola),පුණ්‍යසේන ගුණසිංහ,978-955-9377-71-9,Drama,Kandy,72.8,14.13,438,4.8,51.97,24.94,10.6,65,33.51,51.77,Low Demand
2025-05,BK086,නැන්සි කෲ: ටෙඩි බෙයාර් අබිරහස,කැරොලයින් කීන්,978-955-657-006-8,Translation,Colombo,69.2,16.03,497,4.31,57.19,25.97,9.6,62,46.19,62.8,Moderate Demand
2025-05,BK086,නැන්සි කෲ: ටෙඩි බෙයාර් අබිරහස,කැරොලයින් කීන්,978-955-657-006-8,Translation,Galle,64.0,11.29,350,4.28,39.16,19.19,13.0,62,29.02,56.23,Moderate Demand
2025-05,BK086,නැන්සි කෲ: ටෙඩි බෙයාර් අබිරහස,කැරොලයින් කීන්,978-955-657-006-8,Translation,Kandy,69.2,16.16,501,4.32,58.87,27.61,10.7,62,59.51,70.47,Moderate Demand
2025-05,BK087,කතාව සහ සිහිනය,ක්‍රිස් කුස්නෙස්කි (පරිවර්තනය),978-566-9308-23-4,Short Stories,Colombo,79.9,13.9,431,3.7,50.48,23.74,11.8,57,42.71,58.51,Moderate Demand
2025-05,BK087,කතාව සහ සිහිනය,ක්‍රිස් කුස්නෙස්කි (පරිවර්තනය),978-566-9308-23-4,Short Stories,Galle,78.0,13.03,404,3.7,48.45,22.77,11.1,57,49.42,61.32,Moderate Demand
2025-05,BK087,කතාව සහ සිහිනය,ක්‍රිස් කුස්නෙස්කි (පරිවර්තනය),978-566-9308-23-4,Short Stories,Kandy,75.4,12.9,400,3.7,47.19,22.61,10.8,57,26.78,45.55,Low Demand
2025-05,BK088,අඹ යහළුවෝ,ටී. බී. ඉලංගරත්න,978-955-4682-00-9,Novel,Colombo,75.1,25.97,805,4.79,79.74,38.06,11.6,70,87.13,89.31,High Demand
2025-05,BK088,අඹ යහළුවෝ,ටී. බී. ඉලංගරත්න,978-955-4682-00-9,Novel,Galle,71.2,23.26,721,4.8,76.45,36.29,8.9,70,98.24,97.4,High Demand
2025-05,BK088,අඹ යහළුවෝ,ටී. බී. ඉලංගරත්න,978-955-4682-00-9,Novel,Kandy,76.4,26.29,815,4.79,79.1,36.06,12.8,70,87.65,81.74,High Demand
2025-05,BK089,මායා අහස,දිනිති තරුමිණි,978-222-3861-35-8,Young Adult,Colombo,66.7,12.55,389,4.3,43.26,21.26,9.6,66,25.69,48.88,Low Demand
2025-05,BK089,මායා අහස,දිනිති තරුමිණි,978-222-3861-35-8,Young Adult,Galle,75.9,13.06,405,4.3,43.94,20.61,9.8,66,24.1,47.0,Low Demand
2025-05,BK089,මායා අහස,දිනිති තරුමිණි,978-222-3861-35-8,Young Adult,Kandy,65.1,13.61,422,4.29,45.84,22.16,11.7,66,33.74,54.03,Low Demand
2025-05,BK090,අනාගත නගරය,පරිවර්තනය: චන්දන මෙන්ඩිස් (Chandana Mendis),978-587-7471-56-2,Drama,Colombo,72.2,14.35,445,3.69,50.35,24.35,10.5,65,37.93,45.71,Low Demand
2025-05,BK090,අනාගත නගරය,පරිවර්තනය: චන්දන මෙන්ඩිස් (Chandana Mendis),978-587-7471-56-2,Drama,Galle,74.7,12.55,389,3.7,46.19,21.84,9.4,65,42.97,58.15,Moderate Demand
2025-05,BK090,අනාගත නගරය,පරිවර්තනය: චන්දන මෙන්ඩිස් (Chandana Mendis),978-587-7471-56-2,Drama,Kandy,67.7,14.32,444,3.7,52.94,24.58,11.7,65,50.19,57.03,Moderate Demand
2025-05,BK091,හැරී පොටර් සහ ෆීනික්ස් නිකාය,ජේ. කේ. රෝලිං - පරි. අභය හේවාවසම්,978-955-573-951-1,Translation,Colombo,74.3,32.1,995,3.61,87.48,40.65,10.6,62,100.0,79.77,High Demand
2025-05,BK091,හැරී පොටර් සහ ෆීනික්ස් නිකාය,ජේ. කේ. රෝලිං - පරි. අභය හේවාවසම්,978-955-573-951-1,Translation,Galle,76.8,32.1,995,3.62,83.9,38.45,10.9,62,79.91,73.66,High Demand
2025-05,BK091,හැරී පොටර් සහ ෆීනික්ස් නිකාය,ජේ. කේ. රෝලිං - පරි. අභය හේවාවසම්,978-955-573-951-1,Translation,Kandy,72.7,34.32,1064,3.59,85.9,40.97,10.7,62,100.0,83.35,High Demand
2025-05,BK092,සැඟවුණු රහස,රොජර් ලී මැක්බ්‍රයිඩ් (Roger Lea MacBride) - පරිවර්තනය: චිත්‍රා අමරසේකර,978-745-6661-48-1,Historical/Religious,Colombo,82.0,13.87,430,4.9,48.16,23.58,10.4,55,46.21,65.42,Moderate Demand
2025-05,BK092,සැඟවුණු රහස,රොජර් ලී මැක්බ්‍රයිඩ් (Roger Lea MacBride) - පරිවර්තනය: චිත්‍රා අමරසේකර,978-745-6661-48-1,Historical/Religious,Galle,73.1,12.03,373,4.89,42.77,20.74,9.2,55,25.24,52.05,Low Demand
2025-05,BK092,සැඟවුණු රහස,රොජර් ලී මැක්බ්‍රයිඩ් (Roger Lea MacBride) - පරිවර්තනය: චිත්‍රා අමරසේකර,978-745-6661-48-1,Historical/Religious,Kandy,64.1,13.97,433,4.9,49.65,23.94,10.6,55,36.05,59.12,Moderate Demand
2025-05,BK093,සෙවනැලි සහ මාලිගාව,පරිවර්තනය: චන්දන මෙන්ඩිස් (Chandana Mendis),978-289-1737-32-0,Poetry,Colombo,72.8,13.48,418,3.91,45.77,21.87,7.6,50,28.82,48.1,Low Demand
2025-05,BK093,සෙවනැලි සහ මාලිගාව,පරිවර්තනය: චන්දන මෙන්ඩිස් (Chandana Mendis),978-289-1737-32-0,Poetry,Galle,73.2,12.61,391,3.89,45.77,21.9,11.3,50,44.83,59.62,Moderate Demand
2025-05,BK093,සෙවනැලි සහ මාලිගාව,පරිවර්තනය: චන්දන මෙන්ඩිස් (Chandana Mendis),978-289-1737-32-0,Poetry,Kandy,66.8,13.32,413,3.9,45.16,22.16,11.0,50,20.55,49.27,Low Demand
2025-05,BK094,නෙවර් ලයි (Never Lie),ෆ්‍රීඩා මැක්ෆැඩන් - පරි. තරුෂි නිරංගා ජයසිංහ,978-624-6570-46-0,Thriller,Colombo,71.4,25.42,788,4.31,79.1,37.26,10.0,76,85.68,87.7,High Demand
2025-05,BK094,නෙවර් ලයි (Never Lie),ෆ්‍රීඩා මැක්ෆැඩන් - පරි. තරුෂි නිරංගා ජයසිංහ,978-624-6570-46-0,Thriller,Galle,73.9,21.45,665,4.3,68.81,31.58,9.9,76,80.62,79.94,High Demand
2025-05,BK094,නෙවර් ලයි (Never Lie),ෆ්‍රීඩා මැක්ෆැඩන් - පරි. තරුෂි නිරංගා ජයසිංහ,978-624-6570-46-0,Thriller,Kandy,73.7,24.39,756,4.3,73.55,34.16,9.4,76,95.99,85.28,High Demand
2025-05,BK095,ප්‍රේම ගීතය,සමුද්‍ර වෙත්තසිංහ (Samudra Weththasingha),978-573-6220-40-5,Non-fiction,Colombo,73.7,12.81,397,4.5,43.42,21.26,9.5,52,37.0,62.87,Moderate Demand
2025-05,BK095,ප්‍රේම ගීතය,සමුද්‍ර වෙත්තසිංහ (Samudra Weththasingha),978-573-6220-40-5,Non-fiction,Galle,68.3,12.39,384,4.49,44.71,20.42,10.3,52,34.68,49.06,Low Demand
2025-05,BK095,ප්‍රේම ගීතය,සමුද්‍ර වෙත්තසිංහ (Samudra Weththasingha),978-573-6220-40-5,Non-fiction,Kandy,76.2,15.87,492,4.48,54.48,26.55,8.6,52,45.58,68.44,Moderate Demand
2025-05,BK096,පුද්ගලිකයි රහසිගතයි (The Secret Files of Sherlock Holmes),චන්දන මෙන්ඩිස් (පරිවර්තනය),955-97776-4-5,Mystery,Colombo,76.8,19.84,615,4.97,65.13,31.68,10.7,71,64.79,79.87,High Demand
2025-05,BK096,පුද්ගලිකයි රහසිගතයි (The Secret Files of Sherlock Holmes),චන්දන මෙන්ඩිස් (පරිවර්තනය),955-97776-4-5,Mystery,Galle,75.3,19.48,604,4.98,67.81,33.03,10.5,71,80.84,78.48,High Demand
2025-05,BK096,පුද්ගලිකයි රහසිගතයි (The Secret Files of Sherlock Holmes),චන්දන මෙන්ඩිස් (පරිවර්තනය),955-97776-4-5,Mystery,Kandy,74.0,22.03,683,4.98,68.06,32.58,10.8,71,89.93,88.55,High Demand
2025-05,BK097,පරණ කතාව,මාර්ටින් වික්‍රමසිංහ,978-528-5693-75-7,Children's,Colombo,65.5,12.39,384,4.09,46.29,23.19,11.4,60,9.04,40.77,Low Demand
2025-05,BK097,පරණ කතාව,මාර්ටින් වික්‍රමසිංහ,978-528-5693-75-7,Children's,Galle,68.6,12.48,387,4.09,47.39,23.35,11.1,60,31.27,54.63,Low Demand
2025-05,BK097,පරණ කතාව,මාර්ටින් වික්‍රමසිංහ,978-528-5693-75-7,Children's,Kandy,62.1,13.65,423,4.09,47.55,23.0,9.3,60,37.57,56.24,Moderate Demand
2025-05,BK098,මාණික්කාවත (Manikkawatha),මහින්ද ප්‍රසාද් මසිඹුල,978-955-098-023-9,Novel,Colombo,71.5,26.74,829,3.51,75.35,35.55,8.9,70,82.64,81.07,High Demand
2025-05,BK098,මාණික්කාවත (Manikkawatha),මහින්ද ප්‍රසාද් මසිඹුල,978-955-098-023-9,Novel,Galle,75.9,24.81,769,3.5,73.94,35.1,9.3,70,95.04,77.68,High Demand
2025-05,BK098,මාණික්කාවත (Manikkawatha),මහින්ද ප්‍රසාද් මසිඹුල,978-955-098-023-9,Novel,Kandy,80.1,29.61,918,3.51,80.68,37.55,8.0,70,100.0,88.29,High Demand
2025-05,BK099,ගංගාව සහ ගංගාව,"ජේම්ස් හැඩ්ලි චේස් (James Hadley Chase), පරිවර්තනය: එන්. ජී. විජේරත්න (Translation: N. G. Wijerathna)",978-493-2631-22-5,Children's,Colombo,66.5,15.1,468,4.79,55.45,27.0,8.5,60,54.77,69.35,Moderate Demand
2025-05,BK099,ගංගාව සහ ගංගාව,"ජේම්ස් හැඩ්ලි චේස් (James Hadley Chase), පරිවර්තනය: එන්. ජී. විජේරත්න (Translation: N. G. Wijerathna)",978-493-2631-22-5,Children's,Galle,78.8,12.68,393,4.79,47.87,22.55,11.7,60,41.12,67.94,Moderate Demand
2025-05,BK099,ගංගාව සහ ගංගාව,"ජේම්ස් හැඩ්ලි චේස් (James Hadley Chase), පරිවර්තනය: එන්. ජී. විජේරත්න (Translation: N. G. Wijerathna)",978-493-2631-22-5,Children's,Kandy,69.6,15.39,477,4.8,56.74,26.23,11.2,60,49.27,72.65,Moderate Demand
2025-05,BK100,රන් මතකය,ලසිත රවීන් උමගිලිය,978-825-3894-18-1,Young Adult,Colombo,70.8,14.39,446,4.1,50.68,24.26,8.8,66,56.73,70.61,Moderate Demand
2025-05,BK100,රන් මතකය,ලසිත රවීන් උමගිලිය,978-825-3894-18-1,Young Adult,Galle,75.2,13.1,406,4.12,48.29,23.0,9.5,66,34.51,62.36,Moderate Demand
2025-05,BK100,රන් මතකය,ලසිත රවීන් උමගිලිය,978-825-3894-18-1,Young Adult,Kandy,82.1,13.9,431,4.12,47.45,22.55,8.1,66,18.31,49.69,Low Demand
2025-06,BK052,අනාගත අහස,මාර්ටින් වික්‍රමසිංහ (පරිවර්තනය),978-147-1385-34-4,Historical/Religious,Colombo,74.4,11.03,331,4.68,43.17,19.47,8.6,55,26.49,54.56,Low Demand
2025-06,BK052,අනාගත අහස,මාර්ටින් වික්‍රමසිංහ (පරිවර්තනය),978-147-1385-34-4,Historical/Religious,Galle,73.5,10.13,304,4.68,39.53,19.5,8.2,55,32.26,45.53,Low Demand
2025-06,BK052,අනාගත අහස,මාර්ටින් වික්‍රමසිංහ (පරිවර්තනය),978-147-1385-34-4,Historical/Religious,Kandy,76.1,12.4,372,4.71,48.23,22.7,8.6,55,40.82,59.36,Moderate Demand
2025-06,BK053,මිටියාවත සහ කාලය,"ජෝන් ෂෝර්ස් (John Shors), පරිවර්තනය: ප්‍රදීප් කුමාර බාලසූරිය (Translation: Pradeep Kumara Balasuriya)",978-976-3071-42-3,Horror,Colombo,76.2,11.83,355,4.9,45.57,23.33,9.7,68,44.91,58.37,Moderate Demand
2025-06,BK053,මිටියාවත සහ කාලය,"ජෝන් ෂෝර්ස් (John Shors), පරිවර්තනය: ප්‍රදීප් කුමාර බාලසූරිය (Translation: Pradeep Kumara Balasuriya)",978-976-3071-42-3,Horror,Galle,65.9,10.07,302,4.89,37.47,18.83,9.7,68,12.09,52.59,Low Demand
2025-06,BK053,මිටියාවත සහ කාලය,"ජෝන් ෂෝර්ස් (John Shors), පරිවර්තනය: ප්‍රදීප් කුමාර බාලසූරිය (Translation: Pradeep Kumara Balasuriya)",978-976-3071-42-3,Horror,Kandy,71.9,13.17,395,4.9,47.93,23.53,9.8,68,60.39,78.23,High Demand
2025-06,BK054,රහස සහ කතාව,පවනි උමයංගනා (Pawani Umayangana),978-476-5849-54-7,Non-fiction,Colombo,69.3,12.57,377,3.51,43.83,21.37,11.5,52,55.6,50.14,Low Demand
2025-06,BK054,රහස සහ කතාව,පවනි උමයංගනා (Pawani Umayangana),978-476-5849-54-7,Non-fiction,Galle,70.9,11.67,350,3.5,40.43,20.1,9.9,52,48.69,56.11,Moderate Demand
2025-06,BK054,රහස සහ කතාව,පවනි උමයංගනා (Pawani Umayangana),978-476-5849-54-7,Non-fiction,Kandy,83.4,12.1,363,3.48,45.8,21.97,12.6,52,40.19,62.78,Moderate Demand
2025-06,BK055,ඇහි පියන් ඇහැරිලා (Ahi Piyan Aharila),මහින්ද ප්‍රසාද් මසිඹුල,978-955-098-003-1,Poetry,Colombo,77.6,17.0,510,4.0,58.23,26.43,10.1,50,72.53,71.56,Moderate Demand
2025-06,BK055,ඇහි පියන් ඇහැරිලා (Ahi Piyan Aharila),මහින්ද ප්‍රසාද් මසිඹුල,978-955-098-003-1,Poetry,Galle,78.5,15.57,467,4.02,55.83,25.8,11.5,50,61.27,63.22,Moderate Demand
2025-06,BK055,ඇහි පියන් ඇහැරිලා (Ahi Piyan Aharila),මහින්ද ප්‍රසාද් මසිඹුල,978-955-098-003-1,Poetry,Kandy,77.5,16.1,483,4.0,55.2,26.0,9.2,50,65.36,61.61,Moderate Demand
2025-06,BK056,ගමන සහ කාලය,ප්‍රේමකීර්ති රණතුංග,978-316-8963-96-1,Short Stories,Colombo,73.7,10.57,317,4.09,41.1,19.83,11.3,57,3.83,43.6,Low Demand
2025-06,BK056,ගමන සහ කාලය,ප්‍රේමකීර්ති රණතුංග,978-316-8963-96-1,Short Stories,Galle,66.5,10.73,322,4.09,41.6,20.0,10.8,57,39.3,57.0,Moderate Demand
2025-06,BK056,ගමන සහ කාලය,ප්‍රේමකීර්ති රණතුංග,978-316-8963-96-1,Short Stories,Kandy,69.2,12.97,389,4.09,44.9,21.57,9.2,57,41.0,56.39,Moderate Demand
2025-06,BK057,කොළඹ කන්ද,Michael Crichton (පරිවර්තනය: සුදත් රොහාන්),978-645-5531-58-3,Poetry,Colombo,70.8,12.47,374,4.72,50.43,24.77,11.4,50,47.01,58.31,Moderate Demand
2025-06,BK057,කොළඹ කන්ද,Michael Crichton (පරිවර්තනය: සුදත් රොහාන්),978-645-5531-58-3,Poetry,Galle,67.9,11.03,331,4.69,40.37,20.47,9.7,50,43.14,56.97,Moderate Demand
2025-06,BK057,කොළඹ කන්ද,Michael Crichton (පරිවර්තනය: සුදත් රොහාන්),978-645-5531-58-3,Poetry,Kandy,71.9,13.17,395,4.71,46.33,22.57,9.4,50,46.46,66.63,Moderate Demand
2025-06,BK058,වසන්තය සහ මිටියාවත,තරංගා දිසානායක,978-630-6739-38-7,Academic,Colombo,76.3,11.1,333,3.69,38.6,19.8,10.1,45,15.6,37.34,Low Demand
2025-06,BK058,වසන්තය සහ මිටියාවත,තරංගා දිසානායක,978-630-6739-38-7,Academic,Galle,72.0,11.07,332,3.68,38.67,19.1,10.5,45,40.39,49.38,Low Demand
2025-06,BK058,වසන්තය සහ මිටියාවත,තරංගා දිසානායක,978-630-6739-38-7,Academic,Kandy,70.8,11.13,334,3.69,42.37,20.13,10.1,45,28.88,55.51,Low Demand
2025-06,BK059,370 යානයේ අබිරහස (370 Yanaye Abirahasa),භද්‍රජී මහින්ද ජයතිලක,978-624-6570-68-2,Mystery,Colombo,69.9,18.27,548,4.91,57.1,27.23,12.4,71,74.29,78.33,High Demand
2025-06,BK059,370 යානයේ අබිරහස (370 Yanaye Abirahasa),භද්‍රජී මහින්ද ජයතිලක,978-624-6570-68-2,Mystery,Galle,79.6,15.3,459,4.91,54.3,26.33,12.7,71,74.89,74.84,High Demand
2025-06,BK059,370 යානයේ අබිරහස (370 Yanaye Abirahasa),භද්‍රජී මහින්ද ජයතිලක,978-624-6570-68-2,Mystery,Kandy,71.5,18.1,543,4.91,57.47,26.77,10.3,71,63.48,75.41,High Demand
2025-06,BK060,පර්සි ජැක්සන් සහ වංගිරියේ සටන,රික් රියෝඩන් (පරි. සවින්දි ආරියතිලක),978-955-697-089-0,Fantasy,Colombo,66.9,18.87,566,4.49,60.07,27.73,10.7,74,80.37,86.89,High Demand
2025-06,BK060,පර්සි ජැක්සන් සහ වංගිරියේ සටන,රික් රියෝඩන් (පරි. සවින්දි ආරියතිලක),978-955-697-089-0,Fantasy,Galle,73.5,16.73,502,4.5,58.7,28.43,10.0,74,81.98,83.1,High Demand
2025-06,BK060,පර්සි ජැක්සන් සහ වංගිරියේ සටන,රික් රියෝඩන් (පරි. සවින්දි ආරියතිලක),978-955-697-089-0,Fantasy,Kandy,75.3,16.93,508,4.5,57.47,28.1,10.6,74,52.07,65.01,Moderate Demand
2025-06,BK061,ආලෝකයේ සමිඳාණෝ (Alokaye Samindano - Lord of Light),රොජර් සෙලාස්නි - පරි. පුෂ්ප රංජන් විජේසිංහ,978-624-6570-11-8,Sci-Fi,Colombo,73.4,18.13,544,4.98,60.53,30.37,11.0,72,84.19,87.65,High Demand
2025-06,BK061,ආලෝකයේ සමිඳාණෝ (Alokaye Samindano - Lord of Light),රොජර් සෙලාස්නි - පරි. පුෂ්ප රංජන් විජේසිංහ,978-624-6570-11-8,Sci-Fi,Galle,63.2,16.47,494,4.98,53.87,26.27,8.4,72,77.95,78.93,High Demand
2025-06,BK061,ආලෝකයේ සමිඳාණෝ (Alokaye Samindano - Lord of Light),රොජර් සෙලාස්නි - පරි. පුෂ්ප රංජන් විජේසිංහ,978-624-6570-11-8,Sci-Fi,Kandy,79.2,17.2,516,4.97,57.7,27.9,10.9,72,73.85,76.1,High Demand
2025-06,BK062,මිනිසා සහ සෙවනැලි,"කර්ට් වොනෙගට් (Kurt Vonnegut), පරිවර්තනය: ගාමිණී වියන්ගොඩ (Translation: Gamini Viyangoda)",978-673-1310-88-3,Psychology,Colombo,80.0,10.73,322,3.89,41.2,20.13,12.2,58,17.46,45.92,Low Demand
2025-06,BK062,මිනිසා සහ සෙවනැලි,"කර්ට් වොනෙගට් (Kurt Vonnegut), පරිවර්තනය: ගාමිණී වියන්ගොඩ (Translation: Gamini Viyangoda)",978-673-1310-88-3,Psychology,Galle,68.8,9.87,296,3.9,36.13,17.67,9.6,58,34.2,46.93,Low Demand
2025-06,BK062,මිනිසා සහ සෙවනැලි,"කර්ට් වොනෙගට් (Kurt Vonnegut), පරිවර්තනය: ගාමිණී වියන්ගොඩ (Translation: Gamini Viyangoda)",978-673-1310-88-3,Psychology,Kandy,68.2,11.2,336,3.9,39.9,19.4,10.1,58,7.12,33.2,Low Demand
2025-06,BK063,හේඩීස්ගේ දෙවොල (Hadesge Devola),රික් රයෝර්ඩන් - පරි. රූපේනි මානිංගමුව,978-955-697-343-3,Young Adult,Colombo,69.4,14.83,445,4.61,50.33,24.1,8.5,66,53.5,65.05,Moderate Demand
2025-06,BK063,හේඩීස්ගේ දෙවොල (Hadesge Devola),රික් රයෝර්ඩන් - පරි. රූපේනි මානිංගමුව,978-955-697-343-3,Young Adult,Galle,68.9,12.7,381,4.59,45.2,21.43,11.9,66,58.77,72.95,High Demand
2025-06,BK063,හේඩීස්ගේ දෙවොල (Hadesge Devola),රික් රයෝර්ඩන් - පරි. රූපේනි මානිංගමුව,978-955-697-343-3,Young Adult,Kandy,72.9,13.47,404,4.61,43.03,20.9,10.4,66,51.59,68.34,Moderate Demand
2025-06,BK064,2010,ආතර් සී. ක්ලාක් (පරිවර්තනය: චන්දන වීරසිංහ),978-624-5712-10-6,Sci-Fi,Colombo,71.8,18.17,545,4.1,57.7,26.67,8.5,72,96.23,90.61,High Demand
2025-06,BK064,2010,ආතර් සී. ක්ලාක් (පරිවර්තනය: චන්දන වීරසිංහ),978-624-5712-10-6,Sci-Fi,Galle,81.3,17.97,539,4.09,58.5,28.73,8.9,72,79.88,68.96,Moderate Demand
2025-06,BK064,2010,ආතර් සී. ක්ලාක් (පරිවර්තනය: චන්දන වීරසිංහ),978-624-5712-10-6,Sci-Fi,Kandy,72.8,18.3,549,4.1,64.33,30.57,11.0,72,90.52,83.35,High Demand
2025-06,BK065,මන්දාරම් රාත්‍රිය,ඩී. එම්. අනුර දිසානායක,978-624-5829-10-1,Mystery,Colombo,73.4,17.57,527,4.99,56.67,27.17,12.2,71,73.39,81.49,High Demand
2025-06,BK065,මන්දාරම් රාත්‍රිය,ඩී. එම්. අනුර දිසානායක,978-624-5829-10-1,Mystery,Galle,77.1,15.7,471,4.98,53.83,26.4,10.5,71,68.34,74.33,High Demand
2025-06,BK065,මන්දාරම් රාත්‍රිය,ඩී. එම්. අනුර දිසානායක,978-624-5829-10-1,Mystery,Kandy,68.2,17.33,520,4.98,60.1,28.63,11.4,71,69.08,80.44,High Demand
2025-06,BK066,පරණ මාලිගාව,ක්‍රිස් කුස්නෙස්කි (පරිවර්තනය),978-726-5125-19-4,Horror,Colombo,76.8,12.27,368,4.5,45.4,22.5,11.4,68,33.38,61.74,Moderate Demand
2025-06,BK066,පරණ මාලිගාව,ක්‍රිස් කුස්නෙස්කි (පරිවර්තනය),978-726-5125-19-4,Horror,Galle,76.6,9.33,280,4.47,33.53,16.2,9.2,68,18.88,52.53,Low Demand
2025-06,BK066,පරණ මාලිගාව,ක්‍රිස් කුස්නෙස්කි (පරිවර්තනය),978-726-5125-19-4,Horror,Kandy,69.3,12.67,380,4.49,45.97,22.17,9.1,68,41.87,69.6,Moderate Demand
2025-06,BK067,අනාගතේ පැතිකඩක් (Profiles of the Future),ආතර් සී. ක්ලාක් (පරිවර්තනය: එස්. එම්. බන්දුසීල),978-624-5712-31-1,Sci-Fi,Colombo,66.0,18.0,540,3.9,54.3,24.87,11.2,72,80.92,71.93,Moderate Demand
2025-06,BK067,අනාගතේ පැතිකඩක් (Profiles of the Future),ආතර් සී. ක්ලාක් (පරිවර්තනය: එස්. එම්. බන්දුසීල),978-624-5712-31-1,Sci-Fi,Galle,76.0,16.37,491,3.88,59.53,27.4,8.3,72,74.54,78.04,High Demand
2025-06,BK067,අනාගතේ පැතිකඩක් (Profiles of the Future),ආතර් සී. ක්ලාක් (පරිවර්තනය: එස්. එම්. බන්දුසීල),978-624-5712-31-1,Sci-Fi,Kandy,74.0,18.9,567,3.9,62.43,30.3,9.0,72,84.08,79.21,High Demand
2025-06,BK068,දඩයම් බල්ලෝ,පරිවර්තන නවකතා,978-624-5572-38-0,Thriller,Colombo,71.3,17.4,522,4.0,54.8,26.67,9.6,76,53.93,56.44,Moderate Demand
2025-06,BK068,දඩයම් බල්ලෝ,පරිවර්තන නවකතා,978-624-5572-38-0,Thriller,Galle,68.2,14.93,448,4.01,52.6,24.67,10.3,76,74.46,80.84,High Demand
2025-06,BK068,දඩයම් බල්ලෝ,පරිවර්තන නවකතා,978-624-5572-38-0,Thriller,Kandy,72.3,17.67,530,4.01,58.23,27.6,12.6,76,63.52,69.34,Moderate Demand
2025-06,BK069,අදිසි අනතුර (Adisi Anathura - The Crash),ෆ්‍රීඩා මැක්ෆැඩන් - පරි. නයනතාරා පිලපිටිය,978-624-6570-48-4,Thriller,Colombo,73.1,17.3,519,4.3,59.6,27.93,9.8,76,70.23,78.09,High Demand
2025-06,BK069,අදිසි අනතුර (Adisi Anathura - The Crash),ෆ්‍රීඩා මැක්ෆැඩන් - පරි. නයනතාරා පිලපිටිය,978-624-6570-48-4,Thriller,Galle,77.4,16.1,483,4.31,56.67,26.0,11.1,76,72.95,67.68,Moderate Demand
2025-06,BK069,අදිසි අනතුර (Adisi Anathura - The Crash),ෆ්‍රීඩා මැක්ෆැඩන් - පරි. නයනතාරා පිලපිටිය,978-624-6570-48-4,Thriller,Kandy,76.4,20.67,620,4.3,68.63,32.57,11.4,76,85.72,71.78,Moderate Demand
2025-06,BK070,Crown of Midnight,සාරා ජේ. මාස් (Sarah J. Maas),978-624-5663-48-4,Fantasy,Colombo,77.8,21.33,640,4.5,66.57,31.37,9.6,74,90.15,88.5,High Demand
2025-06,BK070,Crown of Midnight,සාරා ජේ. මාස් (Sarah J. Maas),978-624-5663-48-4,Fantasy,Galle,81.6,18.4,552,4.5,59.83,29.03,13.5,74,71.82,78.45,High Demand
2025-06,BK070,Crown of Midnight,සාරා ජේ. මාස් (Sarah J. Maas),978-624-5663-48-4,Fantasy,Kandy,74.6,20.8,624,4.5,67.93,31.73,8.4,74,79.94,72.92,High Demand
2025-06,BK071,සුළං ගංගාව,පියදාස රත්නසිංහ (පරිවර්තනය),978-935-1789-28-8,Academic,Colombo,68.6,11.53,346,4.49,41.27,19.8,12.4,45,34.9,54.26,Low Demand
2025-06,BK071,සුළං ගංගාව,පියදාස රත්නසිංහ (පරිවර්තනය),978-935-1789-28-8,Academic,Galle,75.9,10.73,322,4.5,37.23,18.37,10.1,45,35.66,52.52,Low Demand
2025-06,BK071,සුළං ගංගාව,පියදාස රත්නසිංහ (පරිවර්තනය),978-935-1789-28-8,Academic,Kandy,61.3,11.53,346,4.5,43.83,21.33,9.7,45,27.75,43.95,Low Demand
2025-06,BK072,ගීතය සහ මාලිගාව,එරන්ද ගිනිගේ (Eranda Ginige),978-616-9581-88-7,Psychology,Colombo,69.4,12.27,368,3.7,46.5,22.07,13.1,58,37.54,51.81,Low Demand
2025-06,BK072,ගීතය සහ මාලිගාව,එරන්ද ගිනිගේ (Eranda Ginige),978-616-9581-88-7,Psychology,Galle,67.1,10.1,303,3.7,36.5,18.03,10.7,58,27.63,46.92,Low Demand
2025-06,BK072,ගීතය සහ මාලිගාව,එරන්ද ගිනිගේ (Eranda Ginige),978-616-9581-88-7,Psychology,Kandy,74.0,12.6,378,3.71,45.0,22.47,11.2,58,33.56,50.64,Low Demand
2025-06,BK073,ගමන සහ සෙවනැලි,"වික්ටෝරියා හෝල්ට් (Victoria Holt), පරිවර්තනය: කෝශලී සිරිචන්ද්‍ර (Translation: Koshalee Sirichandra)",978-477-2613-24-8,Horror,Colombo,68.3,12.17,365,3.8,45.43,21.9,11.0,68,31.76,56.71,Moderate Demand
2025-06,BK073,ගමන සහ සෙවනැලි,"වික්ටෝරියා හෝල්ට් (Victoria Holt), පරිවර්තනය: කෝශලී සිරිචන්ද්‍ර (Translation: Koshalee Sirichandra)",978-477-2613-24-8,Horror,Galle,77.7,10.3,309,3.81,36.7,18.13,10.5,68,46.9,51.0,Low Demand
2025-06,BK073,ගමන සහ සෙවනැලි,"වික්ටෝරියා හෝල්ට් (Victoria Holt), පරිවර්තනය: කෝශලී සිරිචන්ද්‍ර (Translation: Koshalee Sirichandra)",978-477-2613-24-8,Horror,Kandy,78.6,12.63,379,3.8,44.97,20.83,11.4,68,43.48,61.91,Moderate Demand
2025-06,BK074,එවා මෙහේ බෑ මචං,පිනසිරි දඩල්ලගේ,978-955-97643-5-9,Non-fiction,Colombo,84.0,11.33,340,4.4,37.4,18.13,8.9,52,24.65,46.83,Low Demand
2025-06,BK074,එවා මෙහේ බෑ මචං,පිනසිරි දඩල්ලගේ,978-955-97643-5-9,Non-fiction,Galle,74.9,10.67,320,4.39,40.47,19.07,9.1,52,56.86,62.66,Moderate Demand
2025-06,BK074,එවා මෙහේ බෑ මචං,පිනසිරි දඩල්ලගේ,978-955-97643-5-9,Non-fiction,Kandy,73.8,11.83,355,4.4,44.9,22.27,9.4,52,34.28,50.67,Low Demand
2025-06,BK075,"හොල්මන්, ආවේශ සහ යළි උපත (You Cannot Die)",ඉයන් කරි (පරිවර්තනය: භද්‍රජි මහින්ද ජයතිලක),978-955-671-215-5,Psychology,Colombo,73.1,11.67,350,4.79,46.53,22.47,8.2,58,45.97,59.76,Moderate Demand
2025-06,BK075,"හොල්මන්, ආවේශ සහ යළි උපත (You Cannot Die)",ඉයන් කරි (පරිවර්තනය: භද්‍රජි මහින්ද ජයතිලක),978-955-671-215-5,Psychology,Galle,67.1,10.57,317,4.79,40.67,19.67,9.9,58,31.2,55.41,Low Demand
2025-06,BK075,"හොල්මන්, ආවේශ සහ යළි උපත (You Cannot Die)",ඉයන් කරි (පරිවර්තනය: භද්‍රජි මහින්ද ජයතිලක),978-955-671-215-5,Psychology,Kandy,70.7,12.27,368,4.8,45.03,21.57,11.2,58,12.16,37.56,Low Demand
2025-06,BK076,සෙංකොට්ටං (Senkottan),මහින්ද ප්‍රසාද් මසිඹුල,978-955-098-000-0,Novel,Colombo,70.3,25.0,750,4.3,74.37,34.2,8.5,70,91.42,85.02,High Demand
2025-06,BK076,සෙංකොට්ටං (Senkottan),මහින්ද ප්‍රසාද් මසිඹුල,978-955-098-000-0,Novel,Galle,77.4,23.97,719,4.29,72.37,33.0,8.9,70,85.49,93.68,High Demand
2025-06,BK076,සෙංකොට්ටං (Senkottan),මහින්ද ප්‍රසාද් මසිඹුල,978-955-098-000-0,Novel,Kandy,70.2,26.77,803,4.29,79.6,36.83,11.0,70,93.96,89.92,High Demand
2025-06,BK077,අතීත මිටියාවත,ඊනිඩ් බ්ලයිටන් (Enid Blyton),978-845-3000-71-2,Children's,Colombo,67.9,11.43,343,4.4,40.97,18.87,9.9,60,24.69,53.54,Low Demand
2025-06,BK077,අතීත මිටියාවත,ඊනිඩ් බ්ලයිටන් (Enid Blyton),978-845-3000-71-2,Children's,Galle,73.3,10.1,303,4.4,40.37,19.43,10.9,60,22.72,46.58,Low Demand
2025-06,BK077,අතීත මිටියාවත,ඊනිඩ් බ්ලයිටන් (Enid Blyton),978-845-3000-71-2,Children's,Kandy,68.0,11.77,353,4.41,44.2,21.7,10.9,60,31.56,51.86,Low Demand
2025-06,BK078,සිහිනය සහ සෙවනැලි,"ස්ටෙෆනි ගාබර් (Stephanie Garber), පරිවර්තනය: කෝශලී සිරිචන්ද්‍ර (Translation: Koshalee Sirichandra)",978-748-7074-58-5,Historical/Religious,Colombo,75.6,11.7,351,4.6,40.4,20.97,13.6,55,29.51,52.43,Low Demand
2025-06,BK078,සිහිනය සහ සෙවනැලි,"ස්ටෙෆනි ගාබර් (Stephanie Garber), පරිවර්තනය: කෝශලී සිරිචන්ද්‍ර (Translation: Koshalee Sirichandra)",978-748-7074-58-5,Historical/Religious,Galle,71.4,9.43,283,4.59,36.17,17.77,8.4,55,19.59,46.48,Low Demand
2025-06,BK078,සිහිනය සහ සෙවනැලි,"ස්ටෙෆනි ගාබර් (Stephanie Garber), පරිවර්තනය: කෝශලී සිරිචන්ද්‍ර (Translation: Koshalee Sirichandra)",978-748-7074-58-5,Historical/Religious,Kandy,80.4,12.07,362,4.6,42.43,20.3,9.1,55,11.66,48.57,Low Demand
2025-06,BK079,හැරී පොටර් සහ රහස් කුටිය,ජේ. කේ. රෝලිං - පරි. අභය හේවාවසම්,978-955-573-623-7,Translation,Colombo,76.7,27.83,835,4.2,77.87,36.97,11.4,62,93.73,79.72,High Demand
2025-06,BK079,හැරී පොටර් සහ රහස් කුටිය,ජේ. කේ. රෝලිං - පරි. අභය හේවාවසම්,978-955-573-623-7,Translation,Galle,67.2,23.97,719,4.2,77.7,37.8,11.0,62,97.95,84.57,High Demand
2025-06,BK079,හැරී පොටර් සහ රහස් කුටිය,ජේ. කේ. රෝලිං - පරි. අභය හේවාවසම්,978-955-573-623-7,Translation,Kandy,78.9,27.9,837,4.2,81.6,39.03,8.4,62,100.0,98.48,High Demand
2025-06,BK080,විකෘති (Vikurthi),සෝමලතා සුබසිංහ,978-955-428-430-2,Drama,Colombo,75.3,14.27,428,4.9,50.27,23.43,10.0,65,56.79,75.27,High Demand
2025-06,BK080,විකෘති (Vikurthi),සෝමලතා සුබසිංහ,978-955-428-430-2,Drama,Galle,67.0,12.87,386,4.89,46.33,21.37,9.4,65,58.92,79.75,High Demand
2025-06,BK080,විකෘති (Vikurthi),සෝමලතා සුබසිංහ,978-955-428-430-2,Drama,Kandy,84.0,13.67,410,4.91,50.0,24.43,12.7,65,53.1,77.96,High Demand
2025-06,BK081,නැන්දම්මාගේ ඩයරිය,කල්පනා කස්තුරිආරච්චි,978-624-9695-78-8,Short Stories,Colombo,67.8,11.13,334,4.11,37.73,18.4,11.1,57,18.55,50.83,Low Demand
2025-06,BK081,නැන්දම්මාගේ ඩයරිය,කල්පනා කස්තුරිආරච්චි,978-624-9695-78-8,Short Stories,Galle,65.3,10.63,319,4.08,39.43,19.83,9.7,57,42.46,56.69,Moderate Demand
2025-06,BK081,නැන්දම්මාගේ ඩයරිය,කල්පනා කස්තුරිආරච්චි,978-624-9695-78-8,Short Stories,Kandy,73.3,13.33,400,4.11,51.2,25.03,8.6,57,41.78,60.9,Moderate Demand
2025-06,BK082,හැරී පොටර් සහ අස්කබාන්හි සිරකරු,ජේ. කේ. රෝලිං - පරි. අභය හේවාවසම්,978-955-671-187-5,Translation,Colombo,74.3,31.07,932,3.79,83.3,39.63,8.6,62,92.59,83.16,High Demand
2025-06,BK082,හැරී පොටර් සහ අස්කබාන්හි සිරකරු,ජේ. කේ. රෝලිං - පරි. අභය හේවාවසම්,978-955-671-187-5,Translation,Galle,74.9,25.37,761,3.8,74.77,35.37,10.2,62,86.12,84.54,High Demand
2025-06,BK082,හැරී පොටර් සහ අස්කබාන්හි සිරකරු,ජේ. කේ. රෝලිං - පරි. අභය හේවාවසම්,978-955-671-187-5,Translation,Kandy,74.5,30.8,924,3.8,82.17,37.23,10.7,62,100.0,82.86,High Demand
2025-06,BK083,පර්සි ජැක්සන් සහ රාක්ෂ සයුර,රික් රියෝඩන් (පරි. සවින්දි ආරියතිලක),978-955-697-090-0,Fantasy,Colombo,73.1,16.7,501,4.41,61.67,29.33,8.9,74,49.94,61.24,Moderate Demand
2025-06,BK083,පර්සි ජැක්සන් සහ රාක්ෂ සයුර,රික් රියෝඩන් (පරි. සවින්දි ආරියතිලක),978-955-697-090-0,Fantasy,Galle,71.4,15.93,478,4.42,54.17,25.8,11.4,74,66.71,68.97,Moderate Demand
2025-06,BK083,පර්සි ජැක්සන් සහ රාක්ෂ සයුර,රික් රියෝඩන් (පරි. සවින්දි ආරියතිලක),978-955-697-090-0,Fantasy,Kandy,74.0,20.27,608,4.41,69.1,32.57,8.4,74,76.42,82.63,High Demand
2025-06,BK084,විභාග ජය ගැනීමේ රහස (Vibhaga Jaya Ganeeme Rahasa),ප්‍රවීන් රන්දෙනිය,978-624-97120-5-0,Academic,Colombo,76.7,16.2,486,4.1,55.6,26.73,10.7,45,56.4,59.73,Moderate Demand
2025-06,BK084,විභාග ජය ගැනීමේ රහස (Vibhaga Jaya Ganeeme Rahasa),ප්‍රවීන් රන්දෙනිය,978-624-97120-5-0,Academic,Galle,71.3,14.73,442,4.12,52.8,26.2,9.5,45,54.97,53.48,Low Demand
2025-06,BK084,විභාග ජය ගැනීමේ රහස (Vibhaga Jaya Ganeeme Rahasa),ප්‍රවීන් රන්දෙනිය,978-624-97120-5-0,Academic,Kandy,77.0,19.0,570,4.09,64.13,30.47,9.9,45,77.15,75.02,High Demand
2025-06,BK085,දික්තල කාලගෝල (Diktala Kalagola),පුණ්‍යසේන ගුණසිංහ,978-955-9377-71-9,Drama,Colombo,67.0,11.7,351,4.78,44.0,20.2,8.7,65,42.12,61.16,Moderate Demand
2025-06,BK085,දික්තල කාලගෝල (Diktala Kalagola),පුණ්‍යසේන ගුණසිංහ,978-955-9377-71-9,Drama,Galle,70.4,11.33,340,4.79,43.1,20.83,10.5,65,32.06,61.43,Moderate Demand
2025-06,BK085,දික්තල කාලගෝල (Diktala Kalagola),පුණ්‍යසේන ගුණසිංහ,978-955-9377-71-9,Drama,Kandy,72.3,12.47,374,4.79,44.2,21.0,11.4,65,32.5,55.84,Moderate Demand
2025-06,BK086,නැන්සි කෲ: ටෙඩි බෙයාර් අබිරහස,කැරොලයින් කීන්,978-955-657-006-8,Translation,Colombo,67.8,12.83,385,4.3,49.73,24.0,11.2,62,40.42,58.32,Moderate Demand
2025-06,BK086,නැන්සි කෲ: ටෙඩි බෙයාර් අබිරහස,කැරොලයින් කීන්,978-955-657-006-8,Translation,Galle,72.5,12.67,380,4.31,43.03,21.4,10.6,62,53.27,57.59,Moderate Demand
2025-06,BK086,නැන්සි කෲ: ටෙඩි බෙයාර් අබිරහස,කැරොලයින් කීන්,978-955-657-006-8,Translation,Kandy,65.8,13.63,409,4.28,49.47,23.47,11.0,62,67.51,71.23,Moderate Demand
2025-06,BK087,කතාව සහ සිහිනය,ක්‍රිස් කුස්නෙස්කි (පරිවර්තනය),978-566-9308-23-4,Short Stories,Colombo,73.1,11.4,342,3.7,44.8,21.9,10.9,57,23.76,42.25,Low Demand
2025-06,BK087,කතාව සහ සිහිනය,ක්‍රිස් කුස්නෙස්කි (පරිවර්තනය),978-566-9308-23-4,Short Stories,Galle,82.3,10.97,329,3.71,41.97,20.17,9.7,57,29.67,50.26,Low Demand
2025-06,BK087,කතාව සහ සිහිනය,ක්‍රිස් කුස්නෙස්කි (පරිවර්තනය),978-566-9308-23-4,Short Stories,Kandy,61.7,11.9,357,3.7,41.13,20.97,12.6,57,32.25,43.07,Low Demand
2025-06,BK088,අඹ යහළුවෝ,ටී. බී. ඉලංගරත්න,978-955-4682-00-9,Novel,Colombo,74.7,22.77,683,4.8,73.27,35.0,11.6,70,81.06,76.35,High Demand
2025-06,BK088,අඹ යහළුවෝ,ටී. බී. ඉලංගරත්න,978-955-4682-00-9,Novel,Galle,65.7,22.4,672,4.81,65.37,29.73,9.1,70,88.54,75.3,High Demand
2025-06,BK088,අඹ යහළුවෝ,ටී. බී. ඉලංගරත්න,978-955-4682-00-9,Novel,Kandy,76.3,23.37,701,4.8,72.6,33.43,11.1,70,93.73,88.17,High Demand
2025-06,BK089,මායා අහස,දිනිති තරුමිණි,978-222-3861-35-8,Young Adult,Colombo,73.6,12.07,362,4.3,44.53,21.23,8.4,66,34.8,54.18,Low Demand
2025-06,BK089,මායා අහස,දිනිති තරුමිණි,978-222-3861-35-8,Young Adult,Galle,66.8,10.3,309,4.31,37.43,18.87,11.3,66,36.66,54.82,Low Demand
2025-06,BK089,මායා අහස,දිනිති තරුමිණි,978-222-3861-35-8,Young Adult,Kandy,71.3,11.9,357,4.31,46.9,22.83,9.5,66,21.31,51.53,Low Demand
2025-06,BK090,අනාගත නගරය,පරිවර්තනය: චන්දන මෙන්ඩිස් (Chandana Mendis),978-587-7471-56-2,Drama,Colombo,70.9,11.17,335,3.69,39.07,19.0,9.1,65,15.58,47.4,Low Demand
2025-06,BK090,අනාගත නගරය,පරිවර්තනය: චන්දන මෙන්ඩිස් (Chandana Mendis),978-587-7471-56-2,Drama,Galle,71.3,9.57,287,3.69,36.03,18.13,10.6,65,8.82,31.32,Low Demand
2025-06,BK090,අනාගත නගරය,පරිවර්තනය: චන්දන මෙන්ඩිස් (Chandana Mendis),978-587-7471-56-2,Drama,Kandy,70.3,11.77,353,3.69,45.2,21.57,10.2,65,14.59,47.91,Low Demand
2025-06,BK091,හැරී පොටර් සහ ෆීනික්ස් නිකාය,ජේ. කේ. රෝලිං - පරි. අභය හේවාවසම්,978-955-573-951-1,Translation,Colombo,79.9,28.9,867,3.6,82.6,38.8,12.0,62,81.49,84.35,High Demand
2025-06,BK091,හැරී පොටර් සහ ෆීනික්ස් නිකාය,ජේ. කේ. රෝලිං - පරි. අභය හේවාවසම්,978-955-573-951-1,Translation,Galle,80.1,28.17,845,3.6,80.6,38.17,11.4,62,90.58,78.02,High Demand
2025-06,BK091,හැරී පොටර් සහ ෆීනික්ස් නිකාය,ජේ. කේ. රෝලිං - පරි. අභය හේවාවසම්,978-955-573-951-1,Translation,Kandy,76.6,28.9,867,3.59,82.7,37.83,9.2,62,100.0,89.97,High Demand
2025-06,BK092,සැඟවුණු රහස,රොජර් ලී මැක්බ්‍රයිඩ් (Roger Lea MacBride) - පරිවර්තනය: චිත්‍රා අමරසේකර,978-745-6661-48-1,Historical/Religious,Colombo,68.6,11.57,347,4.9,42.57,20.2,10.7,55,25.43,57.1,Moderate Demand
2025-06,BK092,සැඟවුණු රහස,රොජර් ලී මැක්බ්‍රයිඩ් (Roger Lea MacBride) - පරිවර්තනය: චිත්‍රා අමරසේකර,978-745-6661-48-1,Historical/Religious,Galle,72.4,11.3,339,4.89,41.8,20.3,11.3,55,60.5,74.58,High Demand
2025-06,BK092,සැඟවුණු රහස,රොජර් ලී මැක්බ්‍රයිඩ් (Roger Lea MacBride) - පරිවර්තනය: චිත්‍රා අමරසේකර,978-745-6661-48-1,Historical/Religious,Kandy,75.9,12.23,367,4.91,44.4,21.8,11.0,55,40.87,57.62,Moderate Demand
2025-06,BK093,සෙවනැලි සහ මාලිගාව,පරිවර්තනය: චන්දන මෙන්ඩිස් (Chandana Mendis),978-289-1737-32-0,Poetry,Colombo,74.0,10.67,320,3.9,38.7,18.53,8.9,50,13.84,41.19,Low Demand
2025-06,BK093,සෙවනැලි සහ මාලිගාව,පරිවර්තනය: චන්දන මෙන්ඩිස් (Chandana Mendis),978-289-1737-32-0,Poetry,Galle,76.2,11.17,335,3.9,41.6,19.47,9.1,50,26.67,41.79,Low Demand
2025-06,BK093,සෙවනැලි සහ මාලිගාව,පරිවර්තනය: චන්දන මෙන්ඩිස් (Chandana Mendis),978-289-1737-32-0,Poetry,Kandy,72.0,12.0,360,3.9,44.93,21.47,11.1,50,45.8,58.13,Moderate Demand
2025-06,BK094,නෙවර් ලයි (Never Lie),ෆ්‍රීඩා මැක්ෆැඩන් - පරි. තරුෂි නිරංගා ජයසිංහ,978-624-6570-46-0,Thriller,Colombo,66.3,20.73,622,4.3,67.07,32.1,12.5,76,67.47,72.85,Moderate Demand
2025-06,BK094,නෙවර් ලයි (Never Lie),ෆ්‍රීඩා මැක්ෆැඩන් - පරි. තරුෂි නිරංගා ජයසිංහ,978-624-6570-46-0,Thriller,Galle,75.5,19.8,594,4.28,65.47,30.93,8.0,76,79.28,80.84,High Demand
2025-06,BK094,නෙවර් ලයි (Never Lie),ෆ්‍රීඩා මැක්ෆැඩන් - පරි. තරුෂි නිරංගා ජයසිංහ,978-624-6570-46-0,Thriller,Kandy,79.4,21.4,642,4.3,67.3,31.8,11.1,76,83.83,77.53,High Demand
2025-06,BK095,ප්‍රේම ගීතය,සමුද්‍ර වෙත්තසිංහ (Samudra Weththasingha),978-573-6220-40-5,Non-fiction,Colombo,70.3,11.43,343,4.49,38.8,19.87,9.3,52,23.55,48.84,Low Demand
2025-06,BK095,ප්‍රේම ගීතය,සමුද්‍ර වෙත්තසිංහ (Samudra Weththasingha),978-573-6220-40-5,Non-fiction,Galle,70.6,10.93,328,4.5,37.1,18.43,11.3,52,38.83,58.66,Moderate Demand
2025-06,BK095,ප්‍රේම ගීතය,සමුද්‍ර වෙත්තසිංහ (Samudra Weththasingha),978-573-6220-40-5,Non-fiction,Kandy,70.1,11.3,339,4.48,39.3,19.4,8.1,52,13.84,44.59,Low Demand
2025-06,BK096,පුද්ගලිකයි රහසිගතයි (The Secret Files of Sherlock Holmes),චන්දන මෙන්ඩිස් (පරිවර්තනය),955-97776-4-5,Mystery,Colombo,65.1,17.67,530,4.99,56.17,26.77,11.2,71,85.17,81.89,High Demand
2025-06,BK096,පුද්ගලිකයි රහසිගතයි (The Secret Files of Sherlock Holmes),චන්දන මෙන්ඩිස් (පරිවර්තනය),955-97776-4-5,Mystery,Galle,74.4,14.43,433,4.98,51.3,23.4,9.6,71,69.55,78.2,High Demand
2025-06,BK096,පුද්ගලිකයි රහසිගතයි (The Secret Files of Sherlock Holmes),චන්දන මෙන්ඩිස් (පරිවර්තනය),955-97776-4-5,Mystery,Kandy,70.3,17.77,533,4.98,58.13,27.43,10.4,71,81.55,83.36,High Demand
2025-06,BK097,පරණ කතාව,මාර්ටින් වික්‍රමසිංහ,978-528-5693-75-7,Children's,Colombo,76.5,12.77,383,4.09,43.43,20.83,10.3,60,38.09,53.58,Low Demand
2025-06,BK097,පරණ කතාව,මාර්ටින් වික්‍රමසිංහ,978-528-5693-75-7,Children's,Galle,67.6,10.93,328,4.09,40.8,20.57,8.5,60,44.32,61.54,Moderate Demand
2025-06,BK097,පරණ කතාව,මාර්ටින් වික්‍රමසිංහ,978-528-5693-75-7,Children's,Kandy,73.7,11.8,354,4.08,43.43,20.5,8.6,60,26.89,51.79,Low Demand
2025-06,BK098,මාණික්කාවත (Manikkawatha),මහින්ද ප්‍රසාද් මසිඹුල,978-955-098-023-9,Novel,Colombo,78.8,24.8,744,3.51,77.13,35.23,11.1,70,99.6,84.06,High Demand
2025-06,BK098,මාණික්කාවත (Manikkawatha),මහින්ද ප්‍රසාද් මසිඹුල,978-955-098-023-9,Novel,Galle,73.7,23.57,707,3.5,67.07,31.2,10.8,70,79.2,83.63,High Demand
2025-06,BK098,මාණික්කාවත (Manikkawatha),මහින්ද ප්‍රසාද් මසිඹුල,978-955-098-023-9,Novel,Kandy,77.6,26.4,792,3.51,75.73,34.97,12.9,70,97.5,83.26,High Demand
2025-06,BK099,ගංගාව සහ ගංගාව,"ජේම්ස් හැඩ්ලි චේස් (James Hadley Chase), පරිවර්තනය: එන්. ජී. විජේරත්න (Translation: N. G. Wijerathna)",978-493-2631-22-5,Children's,Colombo,69.4,13.1,393,4.81,47.63,22.57,9.6,60,42.82,58.47,Moderate Demand
2025-06,BK099,ගංගාව සහ ගංගාව,"ජේම්ස් හැඩ්ලි චේස් (James Hadley Chase), පරිවර්තනය: එන්. ජී. විජේරත්න (Translation: N. G. Wijerathna)",978-493-2631-22-5,Children's,Galle,79.2,11.23,337,4.79,38.53,19.37,12.6,60,30.61,63.73,Moderate Demand
2025-06,BK099,ගංගාව සහ ගංගාව,"ජේම්ස් හැඩ්ලි චේස් (James Hadley Chase), පරිවර්තනය: එන්. ජී. විජේරත්න (Translation: N. G. Wijerathna)",978-493-2631-22-5,Children's,Kandy,68.8,11.77,353,4.81,41.17,20.43,11.7,60,24.26,52.13,Low Demand
2025-06,BK100,රන් මතකය,ලසිත රවීන් උමගිලිය,978-825-3894-18-1,Young Adult,Colombo,76.7,10.8,324,4.07,39.63,19.23,8.3,66,18.92,42.71,Low Demand
2025-06,BK100,රන් මතකය,ලසිත රවීන් උමගිලිය,978-825-3894-18-1,Young Adult,Galle,64.5,9.43,283,4.11,33.8,15.97,10.1,66,10.12,41.51,Low Demand
2025-06,BK100,රන් මතකය,ලසිත රවීන් උමගිලිය,978-825-3894-18-1,Young Adult,Kandy,62.1,11.53,346,4.09,40.5,19.7,9.8,66,13.07,37.46,Low Demand
2025-07,BK052,අනාගත අහස,මාර්ටින් වික්‍රමසිංහ (පරිවර්තනය),978-147-1385-34-4,Historical/Religious,Colombo,74.1,9.77,303,4.7,36.55,18.23,9.9,55,15.48,40.58,Low Demand
2025-07,BK052,අනාගත අහස,මාර්ටින් වික්‍රමසිංහ (පරිවර්තනය),978-147-1385-34-4,Historical/Religious,Galle,66.8,9.9,307,4.7,35.13,17.52,10.3,55,36.11,60.39,Moderate Demand
2025-07,BK052,අනාගත අහස,මාර්ටින් වික්‍රමසිංහ (පරිවර්තනය),978-147-1385-34-4,Historical/Religious,Kandy,78.1,11.74,364,4.7,42.55,20.39,11.9,55,28.49,61.85,Moderate Demand
2025-07,BK053,මිටියාවත සහ කාලය,"ජෝන් ෂෝර්ස් (John Shors), පරිවර්තනය: ප්‍රදීප් කුමාර බාලසූරිය (Translation: Pradeep Kumara Balasuriya)",978-976-3071-42-3,Horror,Colombo,71.9,10.45,324,4.9,41.19,20.23,9.5,68,15.65,45.44,Low Demand
2025-07,BK053,මිටියාවත සහ කාලය,"ජෝන් ෂෝර්ස් (John Shors), පරිවර්තනය: ප්‍රදීප් කුමාර බාලසූරිය (Translation: Pradeep Kumara Balasuriya)",978-976-3071-42-3,Horror,Galle,71.5,10.61,329,4.89,37.42,18.81,10.4,68,31.35,62.02,Moderate Demand
2025-07,BK053,මිටියාවත සහ කාලය,"ජෝන් ෂෝර්ස් (John Shors), පරිවර්තනය: ප්‍රදීප් කුමාර බාලසූරිය (Translation: Pradeep Kumara Balasuriya)",978-976-3071-42-3,Horror,Kandy,73.5,10.81,335,4.91,39.26,19.13,13.2,68,10.76,44.79,Low Demand
2025-07,BK054,රහස සහ කතාව,පවනි උමයංගනා (Pawani Umayangana),978-476-5849-54-7,Non-fiction,Colombo,63.9,10.19,316,3.5,40.71,19.23,11.4,52,27.53,44.71,Low Demand
2025-07,BK054,රහස සහ කතාව,පවනි උමයංගනා (Pawani Umayangana),978-476-5849-54-7,Non-fiction,Galle,65.1,10.61,329,3.49,38.9,18.74,12.7,52,37.01,49.93,Low Demand
2025-07,BK054,රහස සහ කතාව,පවනි උමයංගනා (Pawani Umayangana),978-476-5849-54-7,Non-fiction,Kandy,77.0,10.0,310,3.49,37.1,18.65,7.7,52,11.73,40.52,Low Demand
2025-07,BK055,ඇහි පියන් ඇහැරිලා (Ahi Piyan Aharila),මහින්ද ප්‍රසාද් මසිඹුල,978-955-098-003-1,Poetry,Colombo,72.2,16.13,500,3.99,57.32,27.74,9.8,50,56.94,62.83,Moderate Demand
2025-07,BK055,ඇහි පියන් ඇහැරිලා (Ahi Piyan Aharila),මහින්ද ප්‍රසාද් මසිඹුල,978-955-098-003-1,Poetry,Galle,72.5,15.81,490,4.0,54.03,26.68,7.3,50,64.97,69.68,Moderate Demand
2025-07,BK055,ඇහි පියන් ඇහැරිලා (Ahi Piyan Aharila),මහින්ද ප්‍රසාද් මසිඹුල,978-955-098-003-1,Poetry,Kandy,70.1,16.61,515,4.01,54.35,26.23,11.0,50,68.13,65.8,Moderate Demand
2025-07,BK056,ගමන සහ කාලය,ප්‍රේමකීර්ති රණතුංග,978-316-8963-96-1,Short Stories,Colombo,80.5,10.42,323,4.09,37.16,17.68,10.5,57,24.71,42.82,Low Demand
2025-07,BK056,ගමන සහ කාලය,ප්‍රේමකීර්ති රණතුංග,978-316-8963-96-1,Short Stories,Galle,70.5,9.87,306,4.1,37.42,18.65,10.0,57,22.83,48.88,Low Demand
2025-07,BK056,ගමන සහ කාලය,ප්‍රේමකීර්ති රණතුංග,978-316-8963-96-1,Short Stories,Kandy,79.4,11.35,352,4.1,39.87,19.23,10.0,57,22.06,44.29,Low Demand
2025-07,BK057,කොළඹ කන්ද,Michael Crichton (පරිවර්තනය: සුදත් රොහාන්),978-645-5531-58-3,Poetry,Colombo,76.2,11.26,349,4.71,39.06,18.58,10.3,50,33.09,50.19,Low Demand
2025-07,BK057,කොළඹ කන්ද,Michael Crichton (පරිවර්තනය: සුදත් රොහාන්),978-645-5531-58-3,Poetry,Galle,75.1,10.65,330,4.69,36.58,18.71,11.3,50,45.03,65.93,Moderate Demand
2025-07,BK057,කොළඹ කන්ද,Michael Crichton (පරිවර්තනය: සුදත් රොහාන්),978-645-5531-58-3,Poetry,Kandy,68.9,10.97,340,4.7,39.19,18.65,10.4,50,27.62,54.47,Low Demand
2025-07,BK058,වසන්තය සහ මිටියාවත,තරංගා දිසානායක,978-630-6739-38-7,Academic,Colombo,69.3,10.74,333,3.69,40.35,19.03,11.1,45,32.68,42.8,Low Demand
2025-07,BK058,වසන්තය සහ මිටියාවත,තරංගා දිසානායක,978-630-6739-38-7,Academic,Galle,65.0,10.32,320,3.71,37.19,18.65,9.1,45,40.22,52.08,Low Demand
2025-07,BK058,වසන්තය සහ මිටියාවත,තරංගා දිසානායක,978-630-6739-38-7,Academic,Kandy,78.1,10.26,318,3.71,34.94,17.48,12.4,45,12.36,47.28,Low Demand
2025-07,BK059,370 යානයේ අබිරහස (370 Yanaye Abirahasa),භද්‍රජී මහින්ද ජයතිලක,978-624-6570-68-2,Mystery,Colombo,78.8,15.87,492,4.91,54.19,26.06,12.2,71,66.59,79.54,High Demand
2025-07,BK059,370 යානයේ අබිරහස (370 Yanaye Abirahasa),භද්‍රජී මහින්ද ජයතිලක,978-624-6570-68-2,Mystery,Galle,76.5,12.74,395,4.9,42.71,20.9,10.9,71,50.33,68.53,Moderate Demand
2025-07,BK059,370 යානයේ අබිරහස (370 Yanaye Abirahasa),භද්‍රජී මහින්ද ජයතිලක,978-624-6570-68-2,Mystery,Kandy,76.3,17.84,553,4.9,59.84,28.19,10.5,71,63.59,66.09,Moderate Demand
2025-07,BK060,පර්සි ජැක්සන් සහ වංගිරියේ සටන,රික් රියෝඩන් (පරි. සවින්දි ආරියතිලක),978-955-697-089-0,Fantasy,Colombo,72.9,16.26,504,4.5,57.68,27.39,9.5,74,74.68,79.22,High Demand
2025-07,BK060,පර්සි ජැක්සන් සහ වංගිරියේ සටන,රික් රියෝඩන් (පරි. සවින්දි ආරියතිලක),978-955-697-089-0,Fantasy,Galle,78.0,15.16,470,4.51,50.0,23.61,11.2,74,56.89,72.72,Moderate Demand
2025-07,BK060,පර්සි ජැක්සන් සහ වංගිරියේ සටන,රික් රියෝඩන් (පරි. සවින්දි ආරියතිලක),978-955-697-089-0,Fantasy,Kandy,71.6,18.19,564,4.5,59.0,27.77,9.3,74,80.79,80.79,High Demand
2025-07,BK061,ආලෝකයේ සමිඳාණෝ (Alokaye Samindano - Lord of Light),රොජර් සෙලාස්නි - පරි. පුෂ්ප රංජන් විජේසිංහ,978-624-6570-11-8,Sci-Fi,Colombo,74.3,15.71,487,4.99,55.32,25.55,13.5,72,47.07,61.97,Moderate Demand
2025-07,BK061,ආලෝකයේ සමිඳාණෝ (Alokaye Samindano - Lord of Light),රොජර් සෙලාස්නි - පරි. පුෂ්ප රංජන් විජේසිංහ,978-624-6570-11-8,Sci-Fi,Galle,73.5,16.03,497,4.98,56.94,27.68,9.2,72,74.37,77.57,High Demand
2025-07,BK061,ආලෝකයේ සමිඳාණෝ (Alokaye Samindano - Lord of Light),රොජර් සෙලාස්නි - පරි. පුෂ්ප රංජන් විජේසිංහ,978-624-6570-11-8,Sci-Fi,Kandy,75.4,15.68,486,4.98,51.58,24.61,8.1,72,67.82,81.47,High Demand
2025-07,BK062,මිනිසා සහ සෙවනැලි,"කර්ට් වොනෙගට් (Kurt Vonnegut), පරිවර්තනය: ගාමිණී වියන්ගොඩ (Translation: Gamini Viyangoda)",978-673-1310-88-3,Psychology,Colombo,73.0,10.71,332,3.9,40.81,19.87,8.9,58,35.51,48.57,Low Demand
2025-07,BK062,මිනිසා සහ සෙවනැලි,"කර්ට් වොනෙගට් (Kurt Vonnegut), පරිවර්තනය: ගාමිණී වියන්ගොඩ (Translation: Gamini Viyangoda)",978-673-1310-88-3,Psychology,Galle,76.0,9.71,301,3.9,34.61,17.1,9.8,58,11.92,27.02,Low Demand
2025-07,BK062,මිනිසා සහ සෙවනැලි,"කර්ට් වොනෙගට් (Kurt Vonnegut), පරිවර්තනය: ගාමිණී වියන්ගොඩ (Translation: Gamini Viyangoda)",978-673-1310-88-3,Psychology,Kandy,70.7,12.26,380,3.89,43.42,20.74,10.6,58,45.53,58.61,Moderate Demand
2025-07,BK063,හේඩීස්ගේ දෙවොල (Hadesge Devola),රික් රයෝර්ඩන් - පරි. රූපේනි මානිංගමුව,978-955-697-343-3,Young Adult,Colombo,73.9,12.35,383,4.6,45.61,21.84,11.3,66,43.97,67.34,Moderate Demand
2025-07,BK063,හේඩීස්ගේ දෙවොල (Hadesge Devola),රික් රයෝර්ඩන් - පරි. රූපේනි මානිංගමුව,978-955-697-343-3,Young Adult,Galle,71.1,12.48,387,4.59,44.68,21.77,10.8,66,60.3,66.14,Moderate Demand
2025-07,BK063,හේඩීස්ගේ දෙවොල (Hadesge Devola),රික් රයෝර්ඩන් - පරි. රූපේනි මානිංගමුව,978-955-697-343-3,Young Adult,Kandy,77.2,14.94,463,4.62,49.84,23.77,8.4,66,62.51,72.71,Moderate Demand
2025-07,BK064,2010,ආතර් සී. ක්ලාක් (පරිවර්තනය: චන්දන වීරසිංහ),978-624-5712-10-6,Sci-Fi,Colombo,75.5,17.26,535,4.11,60.71,28.16,11.0,72,63.01,75.01,High Demand
2025-07,BK064,2010,ආතර් සී. ක්ලාක් (පරිවර්තනය: චන්දන වීරසිංහ),978-624-5712-10-6,Sci-Fi,Galle,81.4,16.97,526,4.1,58.77,29.35,13.2,72,81.55,76.05,High Demand
2025-07,BK064,2010,ආතර් සී. ක්ලාක් (පරිවර්තනය: චන්දන වීරසිංහ),978-624-5712-10-6,Sci-Fi,Kandy,76.0,19.35,600,4.11,68.13,32.55,10.3,72,87.21,87.25,High Demand
2025-07,BK065,මන්දාරම් රාත්‍රිය,ඩී. එම්. අනුර දිසානායක,978-624-5829-10-1,Mystery,Colombo,65.1,17.23,534,4.98,63.42,30.45,10.7,71,88.22,95.67,High Demand
2025-07,BK065,මන්දාරම් රාත්‍රිය,ඩී. එම්. අනුර දිසානායක,978-624-5829-10-1,Mystery,Galle,74.3,15.71,487,4.97,54.97,27.06,10.5,71,73.98,86.12,High Demand
2025-07,BK065,මන්දාරම් රාත්‍රිය,ඩී. එම්. අනුර දිසානායක,978-624-5829-10-1,Mystery,Kandy,69.6,17.06,529,4.97,57.77,28.77,10.8,71,76.27,70.91,Moderate Demand
2025-07,BK066,පරණ මාලිගාව,ක්‍රිස් කුස්නෙස්කි (පරිවර්තනය),978-726-5125-19-4,Horror,Colombo,69.5,9.68,300,4.5,36.03,17.48,8.4,68,20.78,49.56,Low Demand
2025-07,BK066,පරණ මාලිගාව,ක්‍රිස් කුස්නෙස්කි (පරිවර්තනය),978-726-5125-19-4,Horror,Galle,66.3,9.48,294,4.51,34.97,17.87,10.0,68,21.34,65.53,Moderate Demand
2025-07,BK066,පරණ මාලිගාව,ක්‍රිස් කුස්නෙස්කි (පරිවර්තනය),978-726-5125-19-4,Horror,Kandy,66.1,12.45,386,4.51,44.84,21.39,11.1,68,40.98,63.82,Moderate Demand
2025-07,BK067,අනාගතේ පැතිකඩක් (Profiles of the Future),ආතර් සී. ක්ලාක් (පරිවර්තනය: එස්. එම්. බන්දුසීල),978-624-5712-31-1,Sci-Fi,Colombo,67.4,17.0,527,3.9,55.06,25.55,11.6,72,73.56,80.13,High Demand
2025-07,BK067,අනාගතේ පැතිකඩක් (Profiles of the Future),ආතර් සී. ක්ලාක් (පරිවර්තනය: එස්. එම්. බන්දුසීල),978-624-5712-31-1,Sci-Fi,Galle,77.4,13.23,410,3.9,49.23,24.39,11.9,72,47.95,70.37,Moderate Demand
2025-07,BK067,අනාගතේ පැතිකඩක් (Profiles of the Future),ආතර් සී. ක්ලාක් (පරිවර්තනය: එස්. එම්. බන්දුසීල),978-624-5712-31-1,Sci-Fi,Kandy,75.1,17.45,541,3.91,61.65,29.74,10.5,72,78.14,76.67,High Demand
2025-07,BK068,දඩයම් බල්ලෝ,පරිවර්තන නවකතා,978-624-5572-38-0,Thriller,Colombo,75.0,15.9,493,4.01,56.74,26.29,9.6,76,69.0,64.88,Moderate Demand
2025-07,BK068,දඩයම් බල්ලෝ,පරිවර්තන නවකතා,978-624-5572-38-0,Thriller,Galle,73.4,14.52,450,4.0,50.97,23.26,8.5,76,67.18,66.1,Moderate Demand
2025-07,BK068,දඩයම් බල්ලෝ,පරිවර්තන නවකතා,978-624-5572-38-0,Thriller,Kandy,69.9,15.94,494,3.99,58.32,26.87,11.3,76,71.24,77.71,High Demand
2025-07,BK069,අදිසි අනතුර (Adisi Anathura - The Crash),ෆ්‍රීඩා මැක්ෆැඩන් - පරි. නයනතාරා පිලපිටිය,978-624-6570-48-4,Thriller,Colombo,69.5,18.42,571,4.31,60.68,26.9,11.8,76,62.7,61.38,Moderate Demand
2025-07,BK069,අදිසි අනතුර (Adisi Anathura - The Crash),ෆ්‍රීඩා මැක්ෆැඩන් - පරි. නයනතාරා පිලපිටිය,978-624-6570-48-4,Thriller,Galle,67.5,17.13,531,4.3,54.81,25.45,10.3,76,74.76,80.27,High Demand
2025-07,BK069,අදිසි අනතුර (Adisi Anathura - The Crash),ෆ්‍රීඩා මැක්ෆැඩන් - පරි. නයනතාරා පිලපිටිය,978-624-6570-48-4,Thriller,Kandy,73.6,16.16,501,4.3,57.55,27.68,8.2,76,66.24,65.7,Moderate Demand
2025-07,BK070,Crown of Midnight,සාරා ජේ. මාස් (Sarah J. Maas),978-624-5663-48-4,Fantasy,Colombo,64.9,17.42,540,4.49,58.42,27.03,8.2,74,71.53,72.91,Moderate Demand
2025-07,BK070,Crown of Midnight,සාරා ජේ. මාස් (Sarah J. Maas),978-624-5663-48-4,Fantasy,Galle,69.3,15.81,490,4.5,56.84,26.55,7.0,74,73.26,82.23,High Demand
2025-07,BK070,Crown of Midnight,සාරා ජේ. මාස් (Sarah J. Maas),978-624-5663-48-4,Fantasy,Kandy,73.0,19.81,614,4.51,68.87,31.55,10.0,74,85.2,89.66,High Demand
2025-07,BK071,සුළං ගංගාව,පියදාස රත්නසිංහ (පරිවර්තනය),978-935-1789-28-8,Academic,Colombo,78.4,10.0,310,4.49,34.77,17.16,14.1,45,22.03,45.82,Low Demand
2025-07,BK071,සුළං ගංගාව,පියදාස රත්නසිංහ (පරිවර්තනය),978-935-1789-28-8,Academic,Galle,72.6,10.42,323,4.48,37.58,18.52,10.6,45,45.2,57.38,Moderate Demand
2025-07,BK071,සුළං ගංගාව,පියදාස රත්නසිංහ (පරිවර්තනය),978-935-1789-28-8,Academic,Kandy,76.2,11.0,341,4.5,38.65,19.55,9.8,45,21.85,47.89,Low Demand
2025-07,BK072,ගීතය සහ මාලිගාව,එරන්ද ගිනිගේ (Eranda Ginige),978-616-9581-88-7,Psychology,Colombo,63.6,10.03,311,3.7,37.55,17.97,10.3,58,14.52,47.22,Low Demand
2025-07,BK072,ගීතය සහ මාලිගාව,එරන්ද ගිනිගේ (Eranda Ginige),978-616-9581-88-7,Psychology,Galle,74.9,10.39,322,3.7,41.16,20.13,10.7,58,44.06,58.35,Moderate Demand
2025-07,BK072,ගීතය සහ මාලිගාව,එරන්ද ගිනිගේ (Eranda Ginige),978-616-9581-88-7,Psychology,Kandy,74.1,11.45,355,3.7,41.81,20.58,10.7,58,29.05,45.76,Low Demand
2025-07,BK073,ගමන සහ සෙවනැලි,"වික්ටෝරියා හෝල්ට් (Victoria Holt), පරිවර්තනය: කෝශලී සිරිචන්ද්‍ර (Translation: Koshalee Sirichandra)",978-477-2613-24-8,Horror,Colombo,68.4,12.9,400,3.81,47.26,23.23,11.6,68,34.77,53.19,Low Demand
2025-07,BK073,ගමන සහ සෙවනැලි,"වික්ටෝරියා හෝල්ට් (Victoria Holt), පරිවර්තනය: කෝශලී සිරිචන්ද්‍ර (Translation: Koshalee Sirichandra)",978-477-2613-24-8,Horror,Galle,68.0,10.32,320,3.8,36.9,18.55,10.2,68,28.61,52.13,Low Demand
2025-07,BK073,ගමන සහ සෙවනැලි,"වික්ටෝරියා හෝල්ට් (Victoria Holt), පරිවර්තනය: කෝශලී සිරිචන්ද්‍ර (Translation: Koshalee Sirichandra)",978-477-2613-24-8,Horror,Kandy,74.5,11.55,358,3.79,39.23,19.16,9.1,68,38.63,57.38,Moderate Demand
2025-07,BK074,එවා මෙහේ බෑ මචං,පිනසිරි දඩල්ලගේ,978-955-97643-5-9,Non-fiction,Colombo,66.6,10.42,323,4.41,39.52,19.61,10.9,52,27.54,57.08,Moderate Demand
2025-07,BK074,එවා මෙහේ බෑ මචං,පිනසිරි දඩල්ලගේ,978-955-97643-5-9,Non-fiction,Galle,65.8,8.97,278,4.4,34.68,17.55,8.3,52,17.56,49.94,Low Demand
2025-07,BK074,එවා මෙහේ බෑ මචං,පිනසිරි දඩල්ලගේ,978-955-97643-5-9,Non-fiction,Kandy,67.2,12.0,372,4.38,45.03,22.32,10.3,52,28.74,56.11,Moderate Demand
2025-07,BK075,"හොල්මන්, ආවේශ සහ යළි උපත (You Cannot Die)",ඉයන් කරි (පරිවර්තනය: භද්‍රජි මහින්ද ජයතිලක),978-955-671-215-5,Psychology,Colombo,67.6,10.32,320,4.79,37.97,18.77,9.0,58,15.87,51.31,Low Demand
2025-07,BK075,"හොල්මන්, ආවේශ සහ යළි උපත (You Cannot Die)",ඉයන් කරි (පරිවර්තනය: භද්‍රජි මහින්ද ජයතිලක),978-955-671-215-5,Psychology,Galle,70.7,10.84,336,4.81,36.74,18.48,10.6,58,56.61,58.1,Moderate Demand
2025-07,BK075,"හොල්මන්, ආවේශ සහ යළි උපත (You Cannot Die)",ඉයන් කරි (පරිවර්තනය: භද්‍රජි මහින්ද ජයතිලක),978-955-671-215-5,Psychology,Kandy,75.3,11.61,360,4.79,39.45,18.94,10.4,58,28.95,55.88,Moderate Demand
2025-07,BK076,සෙංකොට්ටං (Senkottan),මහින්ද ප්‍රසාද් මසිඹුල,978-955-098-000-0,Novel,Colombo,74.2,26.55,823,4.3,74.68,34.97,10.3,70,95.84,93.95,High Demand
2025-07,BK076,සෙංකොට්ටං (Senkottan),මහින්ද ප්‍රසාද් මසිඹුල,978-955-098-000-0,Novel,Galle,77.5,22.94,711,4.31,71.19,32.81,10.5,70,86.63,76.14,High Demand
2025-07,BK076,සෙංකොට්ටං (Senkottan),මහින්ද ප්‍රසාද් මසිඹුල,978-955-098-000-0,Novel,Kandy,67.0,27.03,838,4.3,78.06,36.26,10.1,70,96.05,86.97,High Demand
2025-07,BK077,අතීත මිටියාවත,ඊනිඩ් බ්ලයිටන් (Enid Blyton),978-845-3000-71-2,Children's,Colombo,66.8,11.1,344,4.41,38.35,19.29,10.4,60,24.96,47.9,Low Demand
2025-07,BK077,අතීත මිටියාවත,ඊනිඩ් බ්ලයිටන් (Enid Blyton),978-845-3000-71-2,Children's,Galle,81.9,9.52,295,4.41,35.65,17.77,7.9,60,16.2,39.29,Low Demand
2025-07,BK077,අතීත මිටියාවත,ඊනිඩ් බ්ලයිටන් (Enid Blyton),978-845-3000-71-2,Children's,Kandy,76.4,11.06,343,4.39,39.87,18.74,10.2,60,13.47,49.63,Low Demand
2025-07,BK078,සිහිනය සහ සෙවනැලි,"ස්ටෙෆනි ගාබර් (Stephanie Garber), පරිවර්තනය: කෝශලී සිරිචන්ද්‍ර (Translation: Koshalee Sirichandra)",978-748-7074-58-5,Historical/Religious,Colombo,67.7,10.58,328,4.61,37.74,18.35,11.7,55,37.89,64.54,Moderate Demand
2025-07,BK078,සිහිනය සහ සෙවනැලි,"ස්ටෙෆනි ගාබර් (Stephanie Garber), පරිවර්තනය: කෝශලී සිරිචන්ද්‍ර (Translation: Koshalee Sirichandra)",978-748-7074-58-5,Historical/Religious,Galle,71.5,9.87,306,4.59,35.74,17.77,10.4,55,29.61,61.99,Moderate Demand
2025-07,BK078,සිහිනය සහ සෙවනැලි,"ස්ටෙෆනි ගාබර් (Stephanie Garber), පරිවර්තනය: කෝශලී සිරිචන්ද්‍ර (Translation: Koshalee Sirichandra)",978-748-7074-58-5,Historical/Religious,Kandy,71.1,12.1,375,4.58,42.65,20.16,9.7,55,29.87,58.43,Moderate Demand
2025-07,BK079,හැරී පොටර් සහ රහස් කුටිය,ජේ. කේ. රෝලිං - පරි. අභය හේවාවසම්,978-955-573-623-7,Translation,Colombo,76.3,23.19,719,4.2,67.84,32.45,11.8,62,85.16,85.15,High Demand
2025-07,BK079,හැරී පොටර් සහ රහස් කුටිය,ජේ. කේ. රෝලිං - පරි. අභය හේවාවසම්,978-955-573-623-7,Translation,Galle,66.6,24.81,769,4.21,78.55,36.81,9.6,62,87.21,68.86,Moderate Demand
2025-07,BK079,හැරී පොටර් සහ රහස් කුටිය,ජේ. කේ. රෝලිං - පරි. අභය හේවාවසම්,978-955-573-623-7,Translation,Kandy,77.6,29.16,904,4.21,82.58,36.74,9.4,62,89.9,82.41,High Demand
2025-07,BK080,විකෘති (Vikurthi),සෝමලතා සුබසිංහ,978-955-428-430-2,Drama,Colombo,71.5,15.0,465,4.91,51.81,25.29,7.9,65,39.58,61.66,Moderate Demand
2025-07,BK080,විකෘති (Vikurthi),සෝමලතා සුබසිංහ,978-955-428-430-2,Drama,Galle,76.2,13.39,415,4.9,46.16,22.19,7.5,65,56.35,72.34,Moderate Demand
2025-07,BK080,විකෘති (Vikurthi),සෝමලතා සුබසිංහ,978-955-428-430-2,Drama,Kandy,76.6,13.58,421,4.9,47.39,21.97,8.6,65,54.62,79.03,High Demand
2025-07,BK081,නැන්දම්මාගේ ඩයරිය,කල්පනා කස්තුරිආරච්චි,978-624-9695-78-8,Short Stories,Colombo,68.7,10.68,331,4.1,37.81,19.26,9.9,57,32.48,49.42,Low Demand
2025-07,BK081,නැන්දම්මාගේ ඩයරිය,කල්පනා කස්තුරිආරච්චි,978-624-9695-78-8,Short Stories,Galle,75.2,10.1,313,4.11,37.55,19.26,10.3,57,37.21,55.7,Low Demand
2025-07,BK081,නැන්දම්මාගේ ඩයරිය,කල්පනා කස්තුරිආරච්චි,978-624-9695-78-8,Short Stories,Kandy,70.3,10.52,326,4.1,39.16,19.39,10.7,57,9.45,39.98,Low Demand
2025-07,BK082,හැරී පොටර් සහ අස්කබාන්හි සිරකරු,ජේ. කේ. රෝලිං - පරි. අභය හේවාවසම්,978-955-671-187-5,Translation,Colombo,74.9,28.71,890,3.78,83.42,39.87,11.6,62,87.07,86.27,High Demand
2025-07,BK082,හැරී පොටර් සහ අස්කබාන්හි සිරකරු,ජේ. කේ. රෝලිං - පරි. අභය හේවාවසම්,978-955-671-187-5,Translation,Galle,72.1,25.19,781,3.8,75.39,35.48,9.4,62,94.89,77.11,High Demand
2025-07,BK082,හැරී පොටර් සහ අස්කබාන්හි සිරකරු,ජේ. කේ. රෝලිං - පරි. අභය හේවාවසම්,978-955-671-187-5,Translation,Kandy,77.8,29.19,905,3.8,79.65,37.35,10.3,62,83.02,72.84,Moderate Demand
2025-07,BK083,පර්සි ජැක්සන් සහ රාක්ෂ සයුර,රික් රියෝඩන් (පරි. සවින්දි ආරියතිලක),978-955-697-090-0,Fantasy,Colombo,77.7,15.77,489,4.41,56.1,26.29,9.5,74,63.51,79.51,High Demand
2025-07,BK083,පර්සි ජැක්සන් සහ රාක්ෂ සයුර,රික් රියෝඩන් (පරි. සවින්දි ආරියතිලක),978-955-697-090-0,Fantasy,Galle,76.5,16.65,516,4.4,57.26,25.58,10.2,74,78.61,82.84,High Demand
2025-07,BK083,පර්සි ජැක්සන් සහ රාක්ෂ සයුර,රික් රියෝඩන් (පරි. සවින්දි ආරියතිලක),978-955-697-090-0,Fantasy,Kandy,77.3,16.45,510,4.42,56.39,26.39,10.3,74,54.05,73.52,High Demand
2025-07,BK084,විභාග ජය ගැනීමේ රහස (Vibhaga Jaya Ganeeme Rahasa),ප්‍රවීන් රන්දෙනිය,978-624-97120-5-0,Academic,Colombo,74.8,17.84,553,4.09,61.68,29.9,10.1,45,75.79,83.85,High Demand
2025-07,BK084,විභාග ජය ගැනීමේ රහස (Vibhaga Jaya Ganeeme Rahasa),ප්‍රවීන් රන්දෙනිය,978-624-97120-5-0,Academic,Galle,77.0,14.45,448,4.1,51.1,24.97,12.6,45,57.74,56.07,Moderate Demand
2025-07,BK084,විභාග ජය ගැනීමේ රහස (Vibhaga Jaya Ganeeme Rahasa),ප්‍රවීන් රන්දෙනිය,978-624-97120-5-0,Academic,Kandy,72.3,16.35,507,4.11,56.39,26.35,10.1,45,50.04,55.91,Moderate Demand
2025-07,BK085,දික්තල කාලගෝල (Diktala Kalagola),පුණ්‍යසේන ගුණසිංහ,978-955-9377-71-9,Drama,Colombo,73.7,12.94,401,4.81,45.42,21.55,10.6,65,36.27,51.46,Low Demand
2025-07,BK085,දික්තල කාලගෝල (Diktala Kalagola),පුණ්‍යසේන ගුණසිංහ,978-955-9377-71-9,Drama,Galle,68.5,9.74,302,4.8,39.29,20.0,9.8,65,33.69,58.72,Moderate Demand
2025-07,BK085,දික්තල කාලගෝල (Diktala Kalagola),පුණ්‍යසේන ගුණසිංහ,978-955-9377-71-9,Drama,Kandy,69.1,11.71,363,4.8,42.48,21.1,9.7,65,33.72,62.79,Moderate Demand
2025-07,BK086,නැන්සි කෲ: ටෙඩි බෙයාර් අබිරහස,කැරොලයින් කීන්,978-955-657-006-8,Translation,Colombo,74.8,13.13,407,4.3,46.03,22.65,9.7,62,36.83,60.53,Moderate Demand
2025-07,BK086,නැන්සි කෲ: ටෙඩි බෙයාර් අබිරහස,කැරොලයින් කීන්,978-955-657-006-8,Translation,Galle,73.0,11.29,350,4.3,40.16,19.97,10.9,62,49.99,63.28,Moderate Demand
2025-07,BK086,නැන්සි කෲ: ටෙඩි බෙයාර් අබිරහස,කැරොලයින් කීන්,978-955-657-006-8,Translation,Kandy,71.5,13.26,411,4.3,46.71,23.23,10.8,62,50.56,68.52,Moderate Demand
2025-07,BK087,කතාව සහ සිහිනය,ක්‍රිස් කුස්නෙස්කි (පරිවර්තනය),978-566-9308-23-4,Short Stories,Colombo,77.0,10.97,340,3.7,39.26,19.06,11.7,57,49.46,59.71,Moderate Demand
2025-07,BK087,කතාව සහ සිහිනය,ක්‍රිස් කුස්නෙස්කි (පරිවර්තනය),978-566-9308-23-4,Short Stories,Galle,76.3,9.65,299,3.71,38.39,19.03,10.5,57,19.78,47.25,Low Demand
2025-07,BK087,කතාව සහ සිහිනය,ක්‍රිස් කුස්නෙස්කි (පරිවර්තනය),978-566-9308-23-4,Short Stories,Kandy,71.5,10.35,321,3.7,38.23,19.52,11.4,57,10.26,30.05,Low Demand
2025-07,BK088,අඹ යහළුවෝ,ටී. බී. ඉලංගරත්න,978-955-4682-00-9,Novel,Colombo,78.3,22.58,700,4.8,71.84,34.35,11.5,70,79.92,86.58,High Demand
2025-07,BK088,අඹ යහළුවෝ,ටී. බී. ඉලංගරත්න,978-955-4682-00-9,Novel,Galle,72.0,19.77,613,4.81,61.84,29.39,9.2,70,81.04,90.04,High Demand
2025-07,BK088,අඹ යහළුවෝ,ටී. බී. ඉලංගරත්න,978-955-4682-00-9,Novel,Kandy,76.5,21.55,668,4.8,71.87,34.87,11.4,70,83.75,81.78,High Demand
2025-07,BK089,මායා අහස,දිනිති තරුමිණි,978-222-3861-35-8,Young Adult,Colombo,73.8,10.84,336,4.3,39.16,19.48,10.3,66,31.7,48.73,Low Demand
2025-07,BK089,මායා අහස,දිනිති තරුමිණි,978-222-3861-35-8,Young Adult,Galle,69.4,9.94,308,4.3,37.61,17.32,10.1,66,30.71,52.83,Low Demand
2025-07,BK089,මායා අහස,දිනිති තරුමිණි,978-222-3861-35-8,Young Adult,Kandy,73.1,10.13,314,4.29,36.06,18.29,10.2,66,10.43,47.18,Low Demand
2025-07,BK090,අනාගත නගරය,පරිවර්තනය: චන්දන මෙන්ඩිස් (Chandana Mendis),978-587-7471-56-2,Drama,Colombo,72.5,10.94,339,3.7,38.52,19.19,9.8,65,36.73,50.37,Low Demand
2025-07,BK090,අනාගත නගරය,පරිවර්තනය: චන්දන මෙන්ඩිස් (Chandana Mendis),978-587-7471-56-2,Drama,Galle,71.2,10.68,331,3.71,37.29,18.42,7.9,65,57.09,64.26,Moderate Demand
2025-07,BK090,අනාගත නගරය,පරිවර්තනය: චන්දන මෙන්ඩිස් (Chandana Mendis),978-587-7471-56-2,Drama,Kandy,72.2,9.87,306,3.69,37.32,18.9,11.1,65,12.89,40.34,Low Demand
2025-07,BK091,හැරී පොටර් සහ ෆීනික්ස් නිකාය,ජේ. කේ. රෝලිං - පරි. අභය හේවාවසම්,978-955-573-951-1,Translation,Colombo,71.7,27.29,846,3.6,76.87,36.87,11.1,62,90.01,79.16,High Demand
2025-07,BK091,හැරී පොටර් සහ ෆීනික්ස් නිකාය,ජේ. කේ. රෝලිං - පරි. අභය හේවාවසම්,978-955-573-951-1,Translation,Galle,71.2,23.77,737,3.59,74.55,32.74,9.1,62,87.66,79.04,High Demand
2025-07,BK091,හැරී පොටර් සහ ෆීනික්ස් නිකාය,ජේ. කේ. රෝලිං - පරි. අභය හේවාවසම්,978-955-573-951-1,Translation,Kandy,80.7,29.19,905,3.61,83.06,39.16,10.5,62,94.57,94.24,High Demand
2025-07,BK092,සැඟවුණු රහස,රොජර් ලී මැක්බ්‍රයිඩ් (Roger Lea MacBride) - පරිවර්තනය: චිත්‍රා අමරසේකර,978-745-6661-48-1,Historical/Religious,Colombo,72.4,10.52,326,4.88,36.0,18.71,11.0,55,13.8,41.88,Low Demand
2025-07,BK092,සැඟවුණු රහස,රොජර් ලී මැක්බ්‍රයිඩ් (Roger Lea MacBride) - පරිවර්තනය: චිත්‍රා අමරසේකර,978-745-6661-48-1,Historical/Religious,Galle,60.3,9.77,303,4.91,37.94,17.77,9.0,55,24.75,45.55,Low Demand
2025-07,BK092,සැඟවුණු රහස,රොජර් ලී මැක්බ්‍රයිඩ් (Roger Lea MacBride) - පරිවර්තනය: චිත්‍රා අමරසේකර,978-745-6661-48-1,Historical/Religious,Kandy,71.9,11.58,359,4.91,43.68,21.26,8.8,55,33.98,55.06,Low Demand
2025-07,BK093,සෙවනැලි සහ මාලිගාව,පරිවර්තනය: චන්දන මෙන්ඩිස් (Chandana Mendis),978-289-1737-32-0,Poetry,Colombo,71.0,10.71,332,3.89,42.19,20.65,12.2,50,44.64,51.08,Low Demand
2025-07,BK093,සෙවනැලි සහ මාලිගාව,පරිවර්තනය: චන්දන මෙන්ඩිස් (Chandana Mendis),978-289-1737-32-0,Poetry,Galle,65.1,10.19,316,3.9,39.74,18.48,10.5,50,48.56,58.15,Moderate Demand
2025-07,BK093,සෙවනැලි සහ මාලිගාව,පරිවර්තනය: චන්දන මෙන්ඩිස් (Chandana Mendis),978-289-1737-32-0,Poetry,Kandy,73.3,12.19,378,3.91,42.61,20.71,11.9,50,24.15,31.1,Low Demand
2025-07,BK094,නෙවර් ලයි (Never Lie),ෆ්‍රීඩා මැක්ෆැඩන් - පරි. තරුෂි නිරංගා ජයසිංහ,978-624-6570-46-0,Thriller,Colombo,71.2,20.32,630,4.28,64.45,30.55,11.9,76,88.14,88.68,High Demand
2025-07,BK094,නෙවර් ලයි (Never Lie),ෆ්‍රීඩා මැක්ෆැඩන් - පරි. තරුෂි නිරංගා ජයසිංහ,978-624-6570-46-0,Thriller,Galle,68.2,18.13,562,4.3,58.87,26.9,10.4,76,98.7,96.2,High Demand
2025-07,BK094,නෙවර් ලයි (Never Lie),ෆ්‍රීඩා මැක්ෆැඩන් - පරි. තරුෂි නිරංගා ජයසිංහ,978-624-6570-46-0,Thriller,Kandy,71.9,21.55,668,4.31,70.55,33.74,9.0,76,99.79,93.16,High Demand
2025-07,BK095,ප්‍රේම ගීතය,සමුද්‍ර වෙත්තසිංහ (Samudra Weththasingha),978-573-6220-40-5,Non-fiction,Colombo,68.8,11.55,358,4.51,42.74,20.52,9.7,52,43.79,53.35,Low Demand
2025-07,BK095,ප්‍රේම ගීතය,සමුද්‍ර වෙත්තසිංහ (Samudra Weththasingha),978-573-6220-40-5,Non-fiction,Galle,67.3,10.32,320,4.5,36.68,17.74,10.2,52,32.24,51.77,Low Demand
2025-07,BK095,ප්‍රේම ගීතය,සමුද්‍ර වෙත්තසිංහ (Samudra Weththasingha),978-573-6220-40-5,Non-fiction,Kandy,72.6,11.52,357,4.5,42.0,21.1,11.0,52,24.08,47.14,Low Demand
2025-07,BK096,පුද්ගලිකයි රහසිගතයි (The Secret Files of Sherlock Holmes),චන්දන මෙන්ඩිස් (පරිවර්තනය),955-97776-4-5,Mystery,Colombo,69.4,17.26,535,4.98,56.39,27.45,10.8,71,78.05,74.92,High Demand
2025-07,BK096,පුද්ගලිකයි රහසිගතයි (The Secret Files of Sherlock Holmes),චන්දන මෙන්ඩිස් (පරිවර්තනය),955-97776-4-5,Mystery,Galle,67.7,14.03,435,4.98,52.06,24.58,10.1,71,67.94,80.0,High Demand
2025-07,BK096,පුද්ගලිකයි රහසිගතයි (The Secret Files of Sherlock Holmes),චන්දන මෙන්ඩිස් (පරිවර්තනය),955-97776-4-5,Mystery,Kandy,71.3,17.55,544,4.99,57.77,27.39,9.1,71,72.69,73.94,High Demand
2025-07,BK097,පරණ කතාව,මාර්ටින් වික්‍රමසිංහ,978-528-5693-75-7,Children's,Colombo,73.1,11.03,342,4.1,39.52,19.61,11.5,60,33.84,53.93,Low Demand
2025-07,BK097,පරණ කතාව,මාර්ටින් වික්‍රමසිංහ,978-528-5693-75-7,Children's,Galle,69.8,9.71,301,4.1,36.42,18.23,10.6,60,18.9,33.75,Low Demand
2025-07,BK097,පරණ කතාව,මාර්ටින් වික්‍රමසිංහ,978-528-5693-75-7,Children's,Kandy,77.5,11.23,348,4.11,40.68,19.61,9.1,60,21.66,49.69,Low Demand
2025-07,BK098,මාණික්කාවත (Manikkawatha),මහින්ද ප්‍රසාද් මසිඹුල,978-955-098-023-9,Novel,Colombo,74.9,24.23,751,3.51,73.19,34.94,11.4,70,92.12,85.1,High Demand
2025-07,BK098,මාණික්කාවත (Manikkawatha),මහින්ද ප්‍රසාද් මසිඹුල,978-955-098-023-9,Novel,Galle,69.6,20.42,633,3.51,68.97,33.52,12.3,70,83.73,73.98,High Demand
2025-07,BK098,මාණික්කාවත (Manikkawatha),මහින්ද ප්‍රසාද් මසිඹුල,978-955-098-023-9,Novel,Kandy,77.0,22.45,696,3.51,71.29,34.16,9.7,70,95.96,89.06,High Demand
2025-07,BK099,ගංගාව සහ ගංගාව,"ජේම්ස් හැඩ්ලි චේස් (James Hadley Chase), පරිවර්තනය: එන්. ජී. විජේරත්න (Translation: N. G. Wijerathna)",978-493-2631-22-5,Children's,Colombo,78.9,10.97,340,4.81,41.84,19.77,10.4,60,39.99,52.22,Low Demand
2025-07,BK099,ගංගාව සහ ගංගාව,"ජේම්ස් හැඩ්ලි චේස් (James Hadley Chase), පරිවර්තනය: එන්. ජී. විජේරත්න (Translation: N. G. Wijerathna)",978-493-2631-22-5,Children's,Galle,77.4,9.68,300,4.78,34.68,17.23,9.3,60,14.49,50.19,Low Demand
2025-07,BK099,ගංගාව සහ ගංගාව,"ජේම්ස් හැඩ්ලි චේස් (James Hadley Chase), පරිවර්තනය: එන්. ජී. විජේරත්න (Translation: N. G. Wijerathna)",978-493-2631-22-5,Children's,Kandy,73.8,11.19,347,4.8,40.65,20.13,11.4,60,18.37,48.54,Low Demand
2025-07,BK100,රන් මතකය,ලසිත රවීන් උමගිලිය,978-825-3894-18-1,Young Adult,Colombo,60.7,10.9,338,4.11,37.97,18.39,9.0,66,25.23,60.64,Moderate Demand
2025-07,BK100,රන් මතකය,ලසිත රවීන් උමගිලිය,978-825-3894-18-1,Young Adult,Galle,68.8,9.77,303,4.08,37.97,17.9,10.5,66,25.28,54.72,Low Demand
2025-07,BK100,රන් මතකය,ලසිත රවීන් උමගිලිය,978-825-3894-18-1,Young Adult,Kandy,82.8,11.74,364,4.12,42.68,21.77,9.7,66,45.97,55.8,Moderate Demand
2025-08,BK052,අනාගත අහස,මාර්ටින් වික්‍රමසිංහ (පරිවර්තනය),978-147-1385-34-4,Historical/Religious,Colombo,72.0,13.1,406,4.71,42.68,20.58,12.4,55,34.27,60.4,Moderate Demand
2025-08,BK052,අනාගත අහස,මාර්ටින් වික්‍රමසිංහ (පරිවර්තනය),978-147-1385-34-4,Historical/Religious,Galle,76.1,9.87,306,4.7,38.84,18.97,10.4,55,7.99,41.69,Low Demand
2025-08,BK052,අනාගත අහස,මාර්ටින් වික්‍රමසිංහ (පරිවර්තනය),978-147-1385-34-4,Historical/Religious,Kandy,78.9,12.84,398,4.7,44.55,22.32,10.8,55,36.4,61.78,Moderate Demand
2025-08,BK053,මිටියාවත සහ කාලය,"ජෝන් ෂෝර්ස් (John Shors), පරිවර්තනය: ප්‍රදීප් කුමාර බාලසූරිය (Translation: Pradeep Kumara Balasuriya)",978-976-3071-42-3,Horror,Colombo,74.2,13.48,418,4.9,47.65,22.9,8.3,68,40.69,62.82,Moderate Demand
2025-08,BK053,මිටියාවත සහ කාලය,"ජෝන් ෂෝර්ස් (John Shors), පරිවර්තනය: ප්‍රදීප් කුමාර බාලසූරිය (Translation: Pradeep Kumara Balasuriya)",978-976-3071-42-3,Horror,Galle,66.5,10.39,322,4.89,40.61,19.0,9.9,68,33.47,65.61,Moderate Demand
2025-08,BK053,මිටියාවත සහ කාලය,"ජෝන් ෂෝර්ස් (John Shors), පරිවර්තනය: ප්‍රදීප් කුමාර බාලසූරිය (Translation: Pradeep Kumara Balasuriya)",978-976-3071-42-3,Horror,Kandy,69.1,12.35,383,4.9,45.19,22.55,11.5,68,18.38,58.8,Moderate Demand
2025-08,BK054,රහස සහ කතාව,පවනි උමයංගනා (Pawani Umayangana),978-476-5849-54-7,Non-fiction,Colombo,62.6,11.68,362,3.49,40.06,19.9,10.8,52,23.08,46.63,Low Demand
2025-08,BK054,රහස සහ කතාව,පවනි උමයංගනා (Pawani Umayangana),978-476-5849-54-7,Non-fiction,Galle,74.0,10.68,331,3.5,37.19,18.68,10.4,52,21.89,40.95,Low Demand
2025-08,BK054,රහස සහ කතාව,පවනි උමයංගනා (Pawani Umayangana),978-476-5849-54-7,Non-fiction,Kandy,68.7,11.74,364,3.49,42.1,19.94,10.2,52,15.87,42.85,Low Demand
2025-08,BK055,ඇහි පියන් ඇහැරිලා (Ahi Piyan Aharila),මහින්ද ප්‍රසාද් මසිඹුල,978-955-098-003-1,Poetry,Colombo,72.5,15.65,485,4.0,55.13,25.26,8.9,50,48.71,58.52,Moderate Demand
2025-08,BK055,ඇහි පියන් ඇහැරිලා (Ahi Piyan Aharila),මහින්ද ප්‍රසාද් මසිඹුල,978-955-098-003-1,Poetry,Galle,72.7,16.1,499,4.0,55.39,26.39,10.8,50,59.94,75.09,High Demand
2025-08,BK055,ඇහි පියන් ඇහැරිලා (Ahi Piyan Aharila),මහින්ද ප්‍රසාද් මසිඹුල,978-955-098-003-1,Poetry,Kandy,73.3,18.74,581,3.99,68.13,32.32,8.3,50,71.93,71.64,Moderate Demand
2025-08,BK056,ගමන සහ කාලය,ප්‍රේමකීර්ති රණතුංග,978-316-8963-96-1,Short Stories,Colombo,75.4,12.35,383,4.11,45.9,22.61,11.9,57,21.48,43.38,Low Demand
2025-08,BK056,ගමන සහ කාලය,ප්‍රේමකීර්ති රණතුංග,978-316-8963-96-1,Short Stories,Galle,72.0,9.84,305,4.11,36.52,17.74,9.5,57,4.43,37.24,Low Demand
2025-08,BK056,ගමන සහ කාලය,ප්‍රේමකීර්ති රණතුංග,978-316-8963-96-1,Short Stories,Kandy,73.9,12.45,386,4.09,41.58,20.48,10.7,57,35.52,57.87,Moderate Demand
2025-08,BK057,කොළඹ කන්ද,Michael Crichton (පරිවර්තනය: සුදත් රොහාන්),978-645-5531-58-3,Poetry,Colombo,77.4,13.55,420,4.7,50.29,23.52,10.5,50,46.83,62.86,Moderate Demand
2025-08,BK057,කොළඹ කන්ද,Michael Crichton (පරිවර්තනය: සුදත් රොහාන්),978-645-5531-58-3,Poetry,Galle,70.6,10.19,316,4.7,39.42,19.13,11.1,50,24.76,50.98,Low Demand
2025-08,BK057,කොළඹ කන්ද,Michael Crichton (පරිවර්තනය: සුදත් රොහාන්),978-645-5531-58-3,Poetry,Kandy,78.3,11.71,363,4.69,41.68,20.52,11.2,50,11.43,47.81,Low Demand
2025-08,BK058,වසන්තය සහ මිටියාවත,තරංගා දිසානායක,978-630-6739-38-7,Academic,Colombo,60.5,11.65,361,3.7,44.45,21.71,10.0,45,25.43,45.13,Low Demand
2025-08,BK058,වසන්තය සහ මිටියාවත,තරංගා දිසානායක,978-630-6739-38-7,Academic,Galle,73.3,10.13,314,3.7,39.45,18.77,10.5,45,21.78,39.38,Low Demand
2025-08,BK058,වසන්තය සහ මිටියාවත,තරංගා දිසානායක,978-630-6739-38-7,Academic,Kandy,69.1,11.87,368,3.7,44.71,21.74,8.3,45,25.08,40.15,Low Demand
2025-08,BK059,370 යානයේ අබිරහස (370 Yanaye Abirahasa),භද්‍රජී මහින්ද ජයතිලක,978-624-6570-68-2,Mystery,Colombo,70.9,16.55,513,4.91,55.71,26.03,10.2,71,52.27,77.84,High Demand
2025-08,BK059,370 යානයේ අබිරහස (370 Yanaye Abirahasa),භද්‍රජී මහින්ද ජයතිලක,978-624-6570-68-2,Mystery,Galle,72.2,16.1,499,4.9,55.16,26.58,12.4,71,62.72,75.72,High Demand
2025-08,BK059,370 යානයේ අබිරහස (370 Yanaye Abirahasa),භද්‍රජී මහින්ද ජයතිලක,978-624-6570-68-2,Mystery,Kandy,69.8,17.1,530,4.91,62.71,30.19,10.5,71,46.22,63.49,Moderate Demand
2025-08,BK060,පර්සි ජැක්සන් සහ වංගිරියේ සටන,රික් රියෝඩන් (පරි. සවින්දි ආරියතිලක),978-955-697-089-0,Fantasy,Colombo,81.8,19.61,608,4.49,64.16,31.1,9.0,74,56.56,70.82,Moderate Demand
2025-08,BK060,පර්සි ජැක්සන් සහ වංගිරියේ සටන,රික් රියෝඩන් (පරි. සවින්දි ආරියතිලක),978-955-697-089-0,Fantasy,Galle,73.3,15.68,486,4.5,55.84,27.81,9.6,74,51.81,69.13,Moderate Demand
2025-08,BK060,පර්සි ජැක්සන් සහ වංගිරියේ සටන,රික් රියෝඩන් (පරි. සවින්දි ආරියතිලක),978-955-697-089-0,Fantasy,Kandy,71.5,18.23,565,4.5,61.0,29.26,10.5,74,72.76,84.07,High Demand
2025-08,BK061,ආලෝකයේ සමිඳාණෝ (Alokaye Samindano - Lord of Light),රොජර් සෙලාස්නි - පරි. පුෂ්ප රංජන් විජේසිංහ,978-624-6570-11-8,Sci-Fi,Colombo,70.8,18.1,561,4.98,57.65,27.65,11.5,72,67.59,70.69,Moderate Demand
2025-08,BK061,ආලෝකයේ සමිඳාණෝ (Alokaye Samindano - Lord of Light),රොජර් සෙලාස්නි - පරි. පුෂ්ප රංජන් විජේසිංහ,978-624-6570-11-8,Sci-Fi,Galle,75.1,16.06,498,4.98,56.03,27.06,11.4,72,54.98,61.09,Moderate Demand
2025-08,BK061,ආලෝකයේ සමිඳාණෝ (Alokaye Samindano - Lord of Light),රොජර් සෙලාස්නි - පරි. පුෂ්ප රංජන් විජේසිංහ,978-624-6570-11-8,Sci-Fi,Kandy,77.6,19.1,592,4.99,64.48,30.9,9.3,72,70.26,85.7,High Demand
2025-08,BK062,මිනිසා සහ සෙවනැලි,"කර්ට් වොනෙගට් (Kurt Vonnegut), පරිවර්තනය: ගාමිණී වියන්ගොඩ (Translation: Gamini Viyangoda)",978-673-1310-88-3,Psychology,Colombo,79.0,11.1,344,3.9,37.84,18.39,12.0,58,16.32,43.61,Low Demand
2025-08,BK062,මිනිසා සහ සෙවනැලි,"කර්ට් වොනෙගට් (Kurt Vonnegut), පරිවර්තනය: ගාමිණී වියන්ගොඩ (Translation: Gamini Viyangoda)",978-673-1310-88-3,Psychology,Galle,71.9,9.94,308,3.91,37.06,17.9,10.7,58,13.74,35.33,Low Demand
2025-08,BK062,මිනිසා සහ සෙවනැලි,"කර්ට් වොනෙගට් (Kurt Vonnegut), පරිවර්තනය: ගාමිණී වියන්ගොඩ (Translation: Gamini Viyangoda)",978-673-1310-88-3,Psychology,Kandy,73.8,11.68,362,3.9,45.06,21.84,10.0,58,16.32,40.72,Low Demand
2025-08,BK063,හේඩීස්ගේ දෙවොල (Hadesge Devola),රික් රයෝර්ඩන් - පරි. රූපේනි මානිංගමුව,978-955-697-343-3,Young Adult,Colombo,76.3,13.84,429,4.6,51.19,24.39,8.6,66,37.46,59.9,Moderate Demand
2025-08,BK063,හේඩීස්ගේ දෙවොල (Hadesge Devola),රික් රයෝර්ඩන් - පරි. රූපේනි මානිංගමුව,978-955-697-343-3,Young Adult,Galle,71.3,12.77,396,4.6,46.39,22.84,11.2,66,49.41,72.27,Moderate Demand
2025-08,BK063,හේඩීස්ගේ දෙවොල (Hadesge Devola),රික් රයෝර්ඩන් - පරි. රූපේනි මානිංගමුව,978-955-697-343-3,Young Adult,Kandy,68.0,13.68,424,4.61,48.23,22.84,9.0,66,37.94,56.96,Moderate Demand
2025-08,BK064,2010,ආතර් සී. ක්ලාක් (පරිවර්තනය: චන්දන වීරසිංහ),978-624-5712-10-6,Sci-Fi,Colombo,73.3,19.16,594,4.11,61.42,30.03,11.3,72,76.24,75.55,High Demand
2025-08,BK064,2010,ආතර් සී. ක්ලාක් (පරිවර්තනය: චන්දන වීරසිංහ),978-624-5712-10-6,Sci-Fi,Galle,76.7,18.0,558,4.1,63.26,28.84,8.7,72,79.74,67.72,Moderate Demand
2025-08,BK064,2010,ආතර් සී. ක්ලාක් (පරිවර්තනය: චන්දන වීරසිංහ),978-624-5712-10-6,Sci-Fi,Kandy,80.3,21.61,670,4.09,71.0,33.1,9.8,72,58.77,66.3,Moderate Demand
2025-08,BK065,මන්දාරම් රාත්‍රිය,ඩී. එම්. අනුර දිසානායක,978-624-5829-10-1,Mystery,Colombo,72.0,19.29,598,4.98,64.23,29.77,11.4,71,79.52,88.72,High Demand
2025-08,BK065,මන්දාරම් රාත්‍රිය,ඩී. එම්. අනුර දිසානායක,978-624-5829-10-1,Mystery,Galle,69.3,15.9,493,4.98,59.03,28.68,11.8,71,43.9,63.94,Moderate Demand
2025-08,BK065,මන්දාරම් රාත්‍රිය,ඩී. එම්. අනුර දිසානායක,978-624-5829-10-1,Mystery,Kandy,68.9,20.61,639,4.99,69.03,31.94,8.8,71,76.95,73.53,High Demand
2025-08,BK066,පරණ මාලිගාව,ක්‍රිස් කුස්නෙස්කි (පරිවර්තනය),978-726-5125-19-4,Horror,Colombo,80.9,12.52,388,4.51,46.58,22.39,11.0,68,43.14,58.54,Moderate Demand
2025-08,BK066,පරණ මාලිගාව,ක්‍රිස් කුස්නෙස්කි (පරිවර්තනය),978-726-5125-19-4,Horror,Galle,68.4,11.52,357,4.49,43.26,19.87,11.6,68,30.31,66.89,Moderate Demand
2025-08,BK066,පරණ මාලිගාව,ක්‍රිස් කුස්නෙස්කි (පරිවර්තනය),978-726-5125-19-4,Horror,Kandy,70.3,12.84,398,4.49,44.74,20.68,10.1,68,24.57,52.35,Low Demand
2025-08,BK067,අනාගතේ පැතිකඩක් (Profiles of the Future),ආතර් සී. ක්ලාක් (පරිවර්තනය: එස්. එම්. බන්දුසීල),978-624-5712-31-1,Sci-Fi,Colombo,76.0,18.26,566,3.91,60.16,28.65,7.8,72,63.53,71.3,Moderate Demand
2025-08,BK067,අනාගතේ පැතිකඩක් (Profiles of the Future),ආතර් සී. ක්ලාක් (පරිවර්තනය: එස්. එම්. බන්දුසීල),978-624-5712-31-1,Sci-Fi,Galle,64.0,14.06,436,3.89,49.71,24.26,12.9,72,50.29,66.27,Moderate Demand
2025-08,BK067,අනාගතේ පැතිකඩක් (Profiles of the Future),ආතර් සී. ක්ලාක් (පරිවර්තනය: එස්. එම්. බන්දුසීල),978-624-5712-31-1,Sci-Fi,Kandy,69.6,18.45,572,3.89,59.65,27.9,10.5,72,51.06,66.79,Moderate Demand
2025-08,BK068,දඩයම් බල්ලෝ,පරිවර්තන නවකතා,978-624-5572-38-0,Thriller,Colombo,67.0,18.29,567,4.01,63.0,30.68,9.2,76,78.81,75.08,High Demand
2025-08,BK068,දඩයම් බල්ලෝ,පරිවර්තන නවකතා,978-624-5572-38-0,Thriller,Galle,74.5,16.06,498,4.0,51.9,24.48,10.9,76,54.12,60.62,Moderate Demand
2025-08,BK068,දඩයම් බල්ලෝ,පරිවර්තන නවකතා,978-624-5572-38-0,Thriller,Kandy,69.5,17.84,553,4.02,59.23,28.94,10.1,76,47.91,62.53,Moderate Demand
2025-08,BK069,අදිසි අනතුර (Adisi Anathura - The Crash),ෆ්‍රීඩා මැක්ෆැඩන් - පරි. නයනතාරා පිලපිටිය,978-624-6570-48-4,Thriller,Colombo,64.8,18.1,561,4.3,62.16,30.0,10.9,76,59.92,74.29,High Demand
2025-08,BK069,අදිසි අනතුර (Adisi Anathura - The Crash),ෆ්‍රීඩා මැක්ෆැඩන් - පරි. නයනතාරා පිලපිටිය,978-624-6570-48-4,Thriller,Galle,77.5,18.26,566,4.29,58.35,27.81,10.7,76,60.9,68.35,Moderate Demand
2025-08,BK069,අදිසි අනතුර (Adisi Anathura - The Crash),ෆ්‍රීඩා මැක්ෆැඩන් - පරි. නයනතාරා පිලපිටිය,978-624-6570-48-4,Thriller,Kandy,76.2,18.19,564,4.29,65.1,30.48,10.6,76,76.93,78.53,High Demand
2025-08,BK070,Crown of Midnight,සාරා ජේ. මාස් (Sarah J. Maas),978-624-5663-48-4,Fantasy,Colombo,77.8,18.68,579,4.5,60.1,29.9,11.0,74,69.47,80.17,High Demand
2025-08,BK070,Crown of Midnight,සාරා ජේ. මාස් (Sarah J. Maas),978-624-5663-48-4,Fantasy,Galle,72.8,19.65,609,4.51,61.77,29.16,9.8,74,77.63,89.17,High Demand
2025-08,BK070,Crown of Midnight,සාරා ජේ. මාස් (Sarah J. Maas),978-624-5663-48-4,Fantasy,Kandy,74.9,20.65,640,4.5,64.45,30.16,8.8,74,69.67,82.3,High Demand
2025-08,BK071,සුළං ගංගාව,පියදාස රත්නසිංහ (පරිවර්තනය),978-935-1789-28-8,Academic,Colombo,72.3,12.0,372,4.5,41.81,20.32,10.5,45,24.23,48.75,Low Demand
2025-08,BK071,සුළං ගංගාව,පියදාස රත්නසිංහ (පරිවර්තනය),978-935-1789-28-8,Academic,Galle,82.9,10.94,339,4.51,41.32,20.23,9.1,45,37.58,59.43,Moderate Demand
2025-08,BK071,සුළං ගංගාව,පියදාස රත්නසිංහ (පරිවර්තනය),978-935-1789-28-8,Academic,Kandy,74.4,11.87,368,4.51,41.26,20.39,8.7,45,20.97,33.2,Low Demand
2025-08,BK072,ගීතය සහ මාලිගාව,එරන්ද ගිනිගේ (Eranda Ginige),978-616-9581-88-7,Psychology,Colombo,71.0,11.71,363,3.69,42.03,18.97,9.9,58,28.62,55.57,Low Demand
2025-08,BK072,ගීතය සහ මාලිගාව,එරන්ද ගිනිගේ (Eranda Ginige),978-616-9581-88-7,Psychology,Galle,77.2,11.16,346,3.7,41.97,20.77,11.7,58,38.56,50.33,Low Demand
2025-08,BK072,ගීතය සහ මාලිගාව,එරන්ද ගිනිගේ (Eranda Ginige),978-616-9581-88-7,Psychology,Kandy,69.4,12.29,381,3.7,41.71,20.77,10.9,58,28.38,40.76,Low Demand
2025-08,BK073,ගමන සහ සෙවනැලි,"වික්ටෝරියා හෝල්ට් (Victoria Holt), පරිවර්තනය: කෝශලී සිරිචන්ද්‍ර (Translation: Koshalee Sirichandra)",978-477-2613-24-8,Horror,Colombo,68.6,12.48,387,3.81,41.29,21.23,9.3,68,33.48,55.29,Low Demand
2025-08,BK073,ගමන සහ සෙවනැලි,"වික්ටෝරියා හෝල්ට් (Victoria Holt), පරිවර්තනය: කෝශලී සිරිචන්ද්‍ර (Translation: Koshalee Sirichandra)",978-477-2613-24-8,Horror,Galle,65.4,10.48,325,3.8,41.39,20.1,10.6,68,14.67,41.94,Low Demand
2025-08,BK073,ගමන සහ සෙවනැලි,"වික්ටෝරියා හෝල්ට් (Victoria Holt), පරිවර්තනය: කෝශලී සිරිචන්ද්‍ර (Translation: Koshalee Sirichandra)",978-477-2613-24-8,Horror,Kandy,69.4,11.68,362,3.81,42.52,21.0,12.8,68,11.58,45.65,Low Demand
2025-08,BK074,එවා මෙහේ බෑ මචං,පිනසිරි දඩල්ලගේ,978-955-97643-5-9,Non-fiction,Colombo,69.8,10.94,339,4.4,40.13,20.19,9.7,52,0.0,37.54,Low Demand
2025-08,BK074,එවා මෙහේ බෑ මචං,පිනසිරි දඩල්ලගේ,978-955-97643-5-9,Non-fiction,Galle,67.4,10.77,334,4.39,39.16,18.35,11.3,52,33.47,50.75,Low Demand
2025-08,BK074,එවා මෙහේ බෑ මචං,පිනසිරි දඩල්ලගේ,978-955-97643-5-9,Non-fiction,Kandy,76.8,11.97,371,4.39,42.81,20.84,8.7,52,22.32,50.15,Low Demand
2025-08,BK075,"හොල්මන්, ආවේශ සහ යළි උපත (You Cannot Die)",ඉයන් කරි (පරිවර්තනය: භද්‍රජි මහින්ද ජයතිලක),978-955-671-215-5,Psychology,Colombo,81.8,12.45,386,4.81,41.81,19.55,8.9,58,34.36,56.18,Moderate Demand
2025-08,BK075,"හොල්මන්, ආවේශ සහ යළි උපත (You Cannot Die)",ඉයන් කරි (පරිවර්තනය: භද්‍රජි මහින්ද ජයතිලක),978-955-671-215-5,Psychology,Galle,76.7,10.74,333,4.8,39.42,19.0,7.3,58,32.21,54.58,Low Demand
2025-08,BK075,"හොල්මන්, ආවේශ සහ යළි උපත (You Cannot Die)",ඉයන් කරි (පරිවර්තනය: භද්‍රජි මහින්ද ජයතිලක),978-955-671-215-5,Psychology,Kandy,65.1,11.65,361,4.82,44.0,20.97,13.0,58,32.97,57.68,Moderate Demand
2025-08,BK076,සෙංකොට්ටං (Senkottan),මහින්ද ප්‍රසාද් මසිඹුල,978-955-098-000-0,Novel,Colombo,72.1,25.81,800,4.29,76.42,37.1,10.4,70,82.23,88.88,High Demand
2025-08,BK076,සෙංකොට්ටං (Senkottan),මහින්ද ප්‍රසාද් මසිඹුල,978-955-098-000-0,Novel,Galle,64.6,24.26,752,4.31,70.9,33.61,10.9,70,97.73,82.34,High Demand
2025-08,BK076,සෙංකොට්ටං (Senkottan),මහින්ද ප්‍රසාද් මසිඹුල,978-955-098-000-0,Novel,Kandy,81.1,27.94,866,4.29,82.06,37.55,12.8,70,87.51,82.74,High Demand
2025-08,BK077,අතීත මිටියාවත,ඊනිඩ් බ්ලයිටන් (Enid Blyton),978-845-3000-71-2,Children's,Colombo,68.9,11.23,348,4.42,39.26,18.84,11.3,60,10.07,46.86,Low Demand
2025-08,BK077,අතීත මිටියාවත,ඊනිඩ් බ්ලයිටන් (Enid Blyton),978-845-3000-71-2,Children's,Galle,75.2,9.1,282,4.4,32.29,16.16,11.6,60,0.0,45.4,Low Demand
2025-08,BK077,අතීත මිටියාවත,ඊනිඩ් බ්ලයිටන් (Enid Blyton),978-845-3000-71-2,Children's,Kandy,76.3,12.26,380,4.41,46.42,22.58,8.9,60,33.94,57.06,Moderate Demand
2025-08,BK078,සිහිනය සහ සෙවනැලි,"ස්ටෙෆනි ගාබර් (Stephanie Garber), පරිවර්තනය: කෝශලී සිරිචන්ද්‍ර (Translation: Koshalee Sirichandra)",978-748-7074-58-5,Historical/Religious,Colombo,73.9,11.19,347,4.6,38.71,18.0,11.5,55,11.57,50.45,Low Demand
2025-08,BK078,සිහිනය සහ සෙවනැලි,"ස්ටෙෆනි ගාබර් (Stephanie Garber), පරිවර්තනය: කෝශලී සිරිචන්ද්‍ර (Translation: Koshalee Sirichandra)",978-748-7074-58-5,Historical/Religious,Galle,75.0,10.48,325,4.61,38.03,18.61,11.1,55,20.83,53.97,Low Demand
2025-08,BK078,සිහිනය සහ සෙවනැලි,"ස්ටෙෆනි ගාබර් (Stephanie Garber), පරිවර්තනය: කෝශලී සිරිචන්ද්‍ර (Translation: Koshalee Sirichandra)",978-748-7074-58-5,Historical/Religious,Kandy,67.0,12.94,401,4.6,46.06,21.71,12.7,55,46.46,59.49,Moderate Demand
2025-08,BK079,හැරී පොටර් සහ රහස් කුටිය,ජේ. කේ. රෝලිං - පරි. අභය හේවාවසම්,978-955-573-623-7,Translation,Colombo,75.1,28.23,875,4.19,78.1,37.61,10.8,62,83.58,77.84,High Demand
2025-08,BK079,හැරී පොටර් සහ රහස් කුටිය,ජේ. කේ. රෝලිං - පරි. අභය හේවාවසම්,978-955-573-623-7,Translation,Galle,69.4,24.03,745,4.2,75.16,34.55,8.5,62,89.68,87.45,High Demand
2025-08,BK079,හැරී පොටර් සහ රහස් කුටිය,ජේ. කේ. රෝලිං - පරි. අභය හේවාවසම්,978-955-573-623-7,Translation,Kandy,79.3,29.42,912,4.21,84.35,41.45,11.8,62,99.54,89.23,High Demand
2025-08,BK080,විකෘති (Vikurthi),සෝමලතා සුබසිංහ,978-955-428-430-2,Drama,Colombo,73.5,15.0,465,4.9,52.81,25.26,7.7,65,38.72,61.83,Moderate Demand
2025-08,BK080,විකෘති (Vikurthi),සෝමලතා සුබසිංහ,978-955-428-430-2,Drama,Galle,73.1,12.39,384,4.9,45.65,22.52,10.6,65,51.99,63.88,Moderate Demand
2025-08,BK080,විකෘති (Vikurthi),සෝමලතා සුබසිංහ,978-955-428-430-2,Drama,Kandy,66.3,15.58,483,4.9,56.29,27.19,9.3,65,56.1,74.53,High Demand
2025-08,BK081,නැන්දම්මාගේ ඩයරිය,කල්පනා කස්තුරිආරච්චි,978-624-9695-78-8,Short Stories,Colombo,72.5,10.74,333,4.13,37.87,18.06,10.2,57,5.57,40.68,Low Demand
2025-08,BK081,නැන්දම්මාගේ ඩයරිය,කල්පනා කස්තුරිආරච්චි,978-624-9695-78-8,Short Stories,Galle,80.7,9.77,303,4.09,35.32,16.68,9.7,57,2.56,34.45,Low Demand
2025-08,BK081,නැන්දම්මාගේ ඩයරිය,කල්පනා කස්තුරිආරච්චි,978-624-9695-78-8,Short Stories,Kandy,72.2,12.61,391,4.1,46.1,22.55,10.3,57,37.49,63.72,Moderate Demand
2025-08,BK082,හැරී පොටර් සහ අස්කබාන්හි සිරකරු,ජේ. කේ. රෝලිං - පරි. අභය හේවාවසම්,978-955-671-187-5,Translation,Colombo,77.8,31.94,990,3.8,84.29,38.81,11.9,62,91.0,93.13,High Demand
2025-08,BK082,හැරී පොටර් සහ අස්කබාන්හි සිරකරු,ජේ. කේ. රෝලිං - පරි. අභය හේවාවසම්,978-955-671-187-5,Translation,Galle,79.2,28.58,886,3.8,82.48,38.26,9.3,62,91.61,81.66,High Demand
2025-08,BK082,හැරී පොටර් සහ අස්කබාන්හි සිරකරු,ජේ. කේ. රෝලිං - පරි. අභය හේවාවසම්,978-955-671-187-5,Translation,Kandy,76.2,30.16,935,3.8,84.16,40.1,11.7,62,94.22,81.34,High Demand
2025-08,BK083,පර්සි ජැක්සන් සහ රාක්ෂ සයුර,රික් රියෝඩන් (පරි. සවින්දි ආරියතිලක),978-955-697-090-0,Fantasy,Colombo,76.4,16.48,511,4.39,55.48,26.61,10.5,74,50.5,60.18,Moderate Demand
2025-08,BK083,පර්සි ජැක්සන් සහ රාක්ෂ සයුර,රික් රියෝඩන් (පරි. සවින්දි ආරියතිලක),978-955-697-090-0,Fantasy,Galle,67.3,15.81,490,4.4,56.52,26.39,10.5,74,56.84,66.11,Moderate Demand
2025-08,BK083,පර්සි ජැක්සන් සහ රාක්ෂ සයුර,රික් රියෝඩන් (පරි. සවින්දි ආරියතිලක),978-955-697-090-0,Fantasy,Kandy,64.4,17.19,533,4.38,59.94,28.61,11.6,74,65.69,64.61,Moderate Demand
2025-08,BK084,විභාග ජය ගැනීමේ රහස (Vibhaga Jaya Ganeeme Rahasa),ප්‍රවීන් රන්දෙනිය,978-624-97120-5-0,Academic,Colombo,67.2,16.48,511,4.11,56.58,26.58,10.5,45,62.69,67.05,Moderate Demand
2025-08,BK084,විභාග ජය ගැනීමේ රහස (Vibhaga Jaya Ganeeme Rahasa),ප්‍රවීන් රන්දෙනිය,978-624-97120-5-0,Academic,Galle,77.6,15.77,489,4.11,54.29,25.35,9.0,45,71.9,76.52,High Demand
2025-08,BK084,විභාග ජය ගැනීමේ රහස (Vibhaga Jaya Ganeeme Rahasa),ප්‍රවීන් රන්දෙනිය,978-624-97120-5-0,Academic,Kandy,71.3,17.42,540,4.1,55.68,27.61,9.2,45,43.78,57.09,Moderate Demand
2025-08,BK085,දික්තල කාලගෝල (Diktala Kalagola),පුණ්‍යසේන ගුණසිංහ,978-955-9377-71-9,Drama,Colombo,80.6,13.1,406,4.8,47.84,23.23,11.2,65,34.84,69.1,Moderate Demand
2025-08,BK085,දික්තල කාලගෝල (Diktala Kalagola),පුණ්‍යසේන ගුණසිංහ,978-955-9377-71-9,Drama,Galle,70.7,11.16,346,4.81,41.9,20.45,12.0,65,25.35,58.0,Moderate Demand
2025-08,BK085,දික්තල කාලගෝල (Diktala Kalagola),පුණ්‍යසේන ගුණසිංහ,978-955-9377-71-9,Drama,Kandy,76.1,13.45,417,4.78,44.45,21.52,8.7,65,35.09,57.51,Moderate Demand
2025-08,BK086,නැන්සි කෲ: ටෙඩි බෙයාර් අබිරහස,කැරොලයින් කීන්,978-955-657-006-8,Translation,Colombo,71.9,12.84,398,4.29,44.81,22.58,10.2,62,29.5,55.38,Low Demand
2025-08,BK086,නැන්සි කෲ: ටෙඩි බෙයාර් අබිරහස,කැරොලයින් කීන්,978-955-657-006-8,Translation,Galle,69.1,12.35,383,4.3,42.65,21.1,9.8,62,40.82,62.41,Moderate Demand
2025-08,BK086,නැන්සි කෲ: ටෙඩි බෙයාර් අබිරහස,කැරොලයින් කීන්,978-955-657-006-8,Translation,Kandy,74.8,14.52,450,4.32,52.97,24.65,8.2,62,44.16,64.2,Moderate Demand
2025-08,BK087,කතාව සහ සිහිනය,ක්‍රිස් කුස්නෙස්කි (පරිවර්තනය),978-566-9308-23-4,Short Stories,Colombo,79.3,12.58,390,3.7,44.81,21.68,9.6,57,35.6,49.6,Low Demand
2025-08,BK087,කතාව සහ සිහිනය,ක්‍රිස් කුස්නෙස්කි (පරිවර්තනය),978-566-9308-23-4,Short Stories,Galle,71.2,10.87,337,3.69,39.23,19.19,10.1,57,32.23,41.78,Low Demand
2025-08,BK087,කතාව සහ සිහිනය,ක්‍රිස් කුස්නෙස්කි (පරිවර්තනය),978-566-9308-23-4,Short Stories,Kandy,65.3,12.29,381,3.72,43.94,21.23,10.6,57,25.84,50.01,Low Demand
2025-08,BK088,අඹ යහළුවෝ,ටී. බී. ඉලංගරත්න,978-955-4682-00-9,Novel,Colombo,71.0,25.97,805,4.8,76.52,36.23,10.9,70,82.87,85.18,High Demand
2025-08,BK088,අඹ යහළුවෝ,ටී. බී. ඉලංගරත්න,978-955-4682-00-9,Novel,Galle,68.5,20.9,648,4.81,67.0,31.0,9.7,70,90.92,91.35,High Demand
2025-08,BK088,අඹ යහළුවෝ,ටී. බී. ඉලංගරත්න,978-955-4682-00-9,Novel,Kandy,73.4,25.61,794,4.82,78.94,37.55,10.5,70,76.22,82.06,High Demand
2025-08,BK089,මායා අහස,දිනිති තරුමිණි,978-222-3861-35-8,Young Adult,Colombo,72.5,12.26,380,4.28,44.1,21.35,10.5,66,25.74,58.64,Moderate Demand
2025-08,BK089,මායා අහස,දිනිති තරුමිණි,978-222-3861-35-8,Young Adult,Galle,73.2,10.48,325,4.3,38.32,18.42,11.4,66,24.53,57.63,Moderate Demand
2025-08,BK089,මායා අහස,දිනිති තරුමිණි,978-222-3861-35-8,Young Adult,Kandy,69.1,12.71,394,4.3,46.42,22.71,11.5,66,30.41,51.89,Low Demand
2025-08,BK090,අනාගත නගරය,පරිවර්තනය: චන්දන මෙන්ඩිස් (Chandana Mendis),978-587-7471-56-2,Drama,Colombo,74.7,11.77,365,3.7,43.48,20.35,8.1,65,27.43,46.78,Low Demand
2025-08,BK090,අනාගත නගරය,පරිවර්තනය: චන්දන මෙන්ඩිස් (Chandana Mendis),978-587-7471-56-2,Drama,Galle,70.9,10.55,327,3.7,40.13,19.1,9.9,65,22.07,41.15,Low Demand
2025-08,BK090,අනාගත නගරය,පරිවර්තනය: චන්දන මෙන්ඩිස් (Chandana Mendis),978-587-7471-56-2,Drama,Kandy,72.5,13.13,407,3.69,50.55,24.61,9.9,65,36.53,56.86,Moderate Demand
2025-08,BK091,හැරී පොටර් සහ ෆීනික්ස් නිකාය,ජේ. කේ. රෝලිං - පරි. අභය හේවාවසම්,978-955-573-951-1,Translation,Colombo,72.4,27.61,856,3.6,80.55,37.97,10.0,62,92.77,79.83,High Demand
2025-08,BK091,හැරී පොටර් සහ ෆීනික්ස් නිකාය,ජේ. කේ. රෝලිං - පරි. අභය හේවාවසම්,978-955-573-951-1,Translation,Galle,76.9,24.23,751,3.61,73.81,35.39,8.8,62,74.4,70.73,Moderate Demand
2025-08,BK091,හැරී පොටර් සහ ෆීනික්ස් නිකාය,ජේ. කේ. රෝලිං - පරි. අභය හේවාවසම්,978-955-573-951-1,Translation,Kandy,73.5,29.94,928,3.6,81.45,39.55,11.7,62,93.16,91.67,High Demand
2025-08,BK092,සැඟවුණු රහස,රොජර් ලී මැක්බ්‍රයිඩ් (Roger Lea MacBride) - පරිවර්තනය: චිත්‍රා අමරසේකර,978-745-6661-48-1,Historical/Religious,Colombo,74.5,11.84,367,4.89,43.42,21.26,11.0,55,12.35,40.15,Low Demand
2025-08,BK092,සැඟවුණු රහස,රොජර් ලී මැක්බ්‍රයිඩ් (Roger Lea MacBride) - පරිවර්තනය: චිත්‍රා අමරසේකර,978-745-6661-48-1,Historical/Religious,Galle,66.4,10.94,339,4.9,37.19,18.32,9.1,55,24.35,57.91,Moderate Demand
2025-08,BK092,සැඟවුණු රහස,රොජර් ලී මැක්බ්‍රයිඩ් (Roger Lea MacBride) - පරිවර්තනය: චිත්‍රා අමරසේකර,978-745-6661-48-1,Historical/Religious,Kandy,83.8,13.23,410,4.9,46.9,23.06,10.9,55,23.5,51.17,Low Demand
2025-08,BK093,සෙවනැලි සහ මාලිගාව,පරිවර්තනය: චන්දන මෙන්ඩිස් (Chandana Mendis),978-289-1737-32-0,Poetry,Colombo,69.7,12.52,388,3.91,44.06,21.13,12.0,50,50.8,56.5,Moderate Demand
2025-08,BK093,සෙවනැලි සහ මාලිගාව,පරිවර්තනය: චන්දන මෙන්ඩිස් (Chandana Mendis),978-289-1737-32-0,Poetry,Galle,71.3,10.1,313,3.89,36.94,18.61,9.3,50,19.81,44.91,Low Demand
2025-08,BK093,සෙවනැලි සහ මාලිගාව,පරිවර්තනය: චන්දන මෙන්ඩිස් (Chandana Mendis),978-289-1737-32-0,Poetry,Kandy,72.3,14.39,446,3.9,52.23,24.77,10.8,50,46.39,61.55,Moderate Demand
2025-08,BK094,නෙවර් ලයි (Never Lie),ෆ්‍රීඩා මැක්ෆැඩන් - පරි. තරුෂි නිරංගා ජයසිංහ,978-624-6570-46-0,Thriller,Colombo,73.5,22.0,682,4.3,67.06,31.03,11.3,76,69.92,65.27,Moderate Demand
2025-08,BK094,නෙවර් ලයි (Never Lie),ෆ්‍රීඩා මැක්ෆැඩන් - පරි. තරුෂි නිරංගා ජයසිංහ,978-624-6570-46-0,Thriller,Galle,74.2,18.68,579,4.3,65.42,30.55,8.4,76,82.34,83.2,High Demand
2025-08,BK094,නෙවර් ලයි (Never Lie),ෆ්‍රීඩා මැක්ෆැඩන් - පරි. තරුෂි නිරංගා ජයසිංහ,978-624-6570-46-0,Thriller,Kandy,73.7,23.29,722,4.31,69.13,32.48,10.5,76,71.6,72.39,Moderate Demand
2025-08,BK095,ප්‍රේම ගීතය,සමුද්‍ර වෙත්තසිංහ (Samudra Weththasingha),978-573-6220-40-5,Non-fiction,Colombo,71.7,12.03,373,4.49,44.29,20.71,9.6,52,23.48,48.76,Low Demand
2025-08,BK095,ප්‍රේම ගීතය,සමුද්‍ර වෙත්තසිංහ (Samudra Weththasingha),978-573-6220-40-5,Non-fiction,Galle,70.6,10.35,321,4.48,39.06,19.0,10.4,52,26.34,56.11,Moderate Demand
2025-08,BK095,ප්‍රේම ගීතය,සමුද්‍ර වෙත්තසිංහ (Samudra Weththasingha),978-573-6220-40-5,Non-fiction,Kandy,75.6,11.77,365,4.51,42.1,20.61,11.5,52,21.96,40.92,Low Demand
2025-08,BK096,පුද්ගලිකයි රහසිගතයි (The Secret Files of Sherlock Holmes),චන්දන මෙන්ඩිස් (පරිවර්තනය),955-97776-4-5,Mystery,Colombo,71.3,18.81,583,4.98,63.45,29.61,9.6,71,66.99,69.33,Moderate Demand
2025-08,BK096,පුද්ගලිකයි රහසිගතයි (The Secret Files of Sherlock Holmes),චන්දන මෙන්ඩිස් (පරිවර්තනය),955-97776-4-5,Mystery,Galle,65.5,16.94,525,4.99,58.19,27.74,10.5,71,64.4,81.83,High Demand
2025-08,BK096,පුද්ගලිකයි රහසිගතයි (The Secret Files of Sherlock Holmes),චන්දන මෙන්ඩිස් (පරිවර්තනය),955-97776-4-5,Mystery,Kandy,73.6,17.97,557,4.98,60.06,28.77,10.6,71,60.59,69.29,Moderate Demand
2025-08,BK097,පරණ කතාව,මාර්ටින් වික්‍රමසිංහ,978-528-5693-75-7,Children's,Colombo,73.5,11.58,359,4.09,43.23,21.03,12.2,60,13.31,40.89,Low Demand
2025-08,BK097,පරණ කතාව,මාර්ටින් වික්‍රමසිංහ,978-528-5693-75-7,Children's,Galle,69.0,11.61,360,4.1,42.23,20.23,12.0,60,45.95,58.59,Moderate Demand
2025-08,BK097,පරණ කතාව,මාර්ටින් වික්‍රමසිංහ,978-528-5693-75-7,Children's,Kandy,66.7,11.87,368,4.1,40.06,19.0,8.7,60,31.25,51.3,Low Demand
2025-08,BK098,මාණික්කාවත (Manikkawatha),මහින්ද ප්‍රසාද් මසිඹුල,978-955-098-023-9,Novel,Colombo,73.4,23.06,715,3.52,71.39,34.23,9.7,70,78.08,68.03,Moderate Demand
2025-08,BK098,මාණික්කාවත (Manikkawatha),මහින්ද ප්‍රසාද් මසිඹුල,978-955-098-023-9,Novel,Galle,74.8,19.9,617,3.49,63.65,30.84,10.8,70,83.05,69.73,Moderate Demand
2025-08,BK098,මාණික්කාවත (Manikkawatha),මහින්ද ප්‍රසාද් මසිඹුල,978-955-098-023-9,Novel,Kandy,72.6,24.29,753,3.5,70.19,32.23,11.4,70,100.0,85.16,High Demand
2025-08,BK099,ගංගාව සහ ගංගාව,"ජේම්ස් හැඩ්ලි චේස් (James Hadley Chase), පරිවර්තනය: එන්. ජී. විජේරත්න (Translation: N. G. Wijerathna)",978-493-2631-22-5,Children's,Colombo,77.8,12.32,382,4.82,44.61,21.29,10.0,60,20.21,46.15,Low Demand
2025-08,BK099,ගංගාව සහ ගංගාව,"ජේම්ස් හැඩ්ලි චේස් (James Hadley Chase), පරිවර්තනය: එන්. ජී. විජේරත්න (Translation: N. G. Wijerathna)",978-493-2631-22-5,Children's,Galle,71.5,11.48,356,4.79,42.87,21.06,8.7,60,50.54,63.38,Moderate Demand
2025-08,BK099,ගංගාව සහ ගංගාව,"ජේම්ස් හැඩ්ලි චේස් (James Hadley Chase), පරිවර්තනය: එන්. ජී. විජේරත්න (Translation: N. G. Wijerathna)",978-493-2631-22-5,Children's,Kandy,71.1,11.48,356,4.79,40.77,19.35,8.8,60,21.27,53.57,Low Demand
2025-08,BK100,රන් මතකය,ලසිත රවීන් උමගිලිය,978-825-3894-18-1,Young Adult,Colombo,77.7,12.32,382,4.12,45.45,21.9,10.3,66,20.54,49.0,Low Demand
2025-08,BK100,රන් මතකය,ලසිත රවීන් උමගිලිය,978-825-3894-18-1,Young Adult,Galle,67.3,9.87,306,4.11,36.68,17.87,9.5,66,7.04,38.17,Low Demand
2025-08,BK100,රන් මතකය,ලසිත රවීන් උමගිලිය,978-825-3894-18-1,Young Adult,Kandy,69.5,11.74,364,4.1,39.68,18.48,9.6,66,13.13,34.35,Low Demand
2025-09,BK052,අනාගත අහස,මාර්ටින් වික්‍රමසිංහ (පරිවර්තනය),978-147-1385-34-4,Historical/Religious,Colombo,71.0,12.8,384,4.7,48.43,22.13,11.3,55,30.84,59.57,Moderate Demand
2025-09,BK052,අනාගත අහස,මාර්ටින් වික්‍රමසිංහ (පරිවර්තනය),978-147-1385-34-4,Historical/Religious,Galle,66.7,10.57,317,4.7,37.53,18.33,10.9,55,7.93,52.54,Low Demand
2025-09,BK052,අනාගත අහස,මාර්ටින් වික්‍රමසිංහ (පරිවර්තනය),978-147-1385-34-4,Historical/Religious,Kandy,74.9,13.13,394,4.69,50.1,25.27,11.7,55,41.81,59.95,Moderate Demand
2025-09,BK053,මිටියාවත සහ කාලය,"ජෝන් ෂෝර්ස් (John Shors), පරිවර්තනය: ප්‍රදීප් කුමාර බාලසූරිය (Translation: Pradeep Kumara Balasuriya)",978-976-3071-42-3,Horror,Colombo,72.5,12.73,382,4.89,44.03,21.97,10.5,68,34.63,58.63,Moderate Demand
2025-09,BK053,මිටියාවත සහ කාලය,"ජෝන් ෂෝර්ස් (John Shors), පරිවර්තනය: ප්‍රදීප් කුමාර බාලසූරිය (Translation: Pradeep Kumara Balasuriya)",978-976-3071-42-3,Horror,Galle,75.8,11.47,344,4.9,43.37,20.93,12.7,68,26.85,60.45,Moderate Demand
2025-09,BK053,මිටියාවත සහ කාලය,"ජෝන් ෂෝර්ස් (John Shors), පරිවර්තනය: ප්‍රදීප් කුමාර බාලසූරිය (Translation: Pradeep Kumara Balasuriya)",978-976-3071-42-3,Horror,Kandy,67.6,13.07,392,4.89,48.2,23.6,10.7,68,19.63,43.45,Low Demand
2025-09,BK054,රහස සහ කතාව,පවනි උමයංගනා (Pawani Umayangana),978-476-5849-54-7,Non-fiction,Colombo,78.7,12.6,378,3.5,46.77,23.47,11.9,52,28.52,50.04,Low Demand
2025-09,BK054,රහස සහ කතාව,පවනි උමයංගනා (Pawani Umayangana),978-476-5849-54-7,Non-fiction,Galle,77.4,10.83,325,3.48,40.07,18.8,9.5,52,26.29,44.21,Low Demand
2025-09,BK054,රහස සහ කතාව,පවනි උමයංගනා (Pawani Umayangana),978-476-5849-54-7,Non-fiction,Kandy,74.5,11.87,356,3.49,40.63,19.87,9.0,52,11.2,28.48,Low Demand
2025-09,BK055,ඇහි පියන් ඇහැරිලා (Ahi Piyan Aharila),මහින්ද ප්‍රසාද් මසිඹුල,978-955-098-003-1,Poetry,Colombo,76.0,19.13,574,4.0,69.03,32.8,10.8,50,56.73,62.26,Moderate Demand
2025-09,BK055,ඇහි පියන් ඇහැරිලා (Ahi Piyan Aharila),මහින්ද ප්‍රසාද් මසිඹුල,978-955-098-003-1,Poetry,Galle,71.0,17.2,516,4.0,58.93,28.13,12.6,50,74.45,69.38,Moderate Demand
2025-09,BK055,ඇහි පියන් ඇහැරිලා (Ahi Piyan Aharila),මහින්ද ප්‍රසාද් මසිඹුල,978-955-098-003-1,Poetry,Kandy,80.2,19.4,582,4.01,65.73,30.2,9.1,50,68.65,57.32,Moderate Demand
2025-09,BK056,ගමන සහ කාලය,ප්‍රේමකීර්ති රණතුංග,978-316-8963-96-1,Short Stories,Colombo,72.5,11.1,333,4.1,38.73,19.23,11.7,57,23.55,46.6,Low Demand
2025-09,BK056,ගමන සහ කාලය,ප්‍රේමකීර්ති රණතුංග,978-316-8963-96-1,Short Stories,Galle,75.0,11.83,355,4.09,44.23,21.67,9.9,57,33.27,58.44,Moderate Demand
2025-09,BK056,ගමන සහ කාලය,ප්‍රේමකීර්ති රණතුංග,978-316-8963-96-1,Short Stories,Kandy,67.5,12.6,378,4.1,46.7,22.87,9.5,57,26.59,41.9,Low Demand
2025-09,BK057,කොළඹ කන්ද,Michael Crichton (පරිවර්තනය: සුදත් රොහාන්),978-645-5531-58-3,Poetry,Colombo,71.9,14.03,421,4.71,50.13,23.63,8.2,50,41.23,54.46,Low Demand
2025-09,BK057,කොළඹ කන්ද,Michael Crichton (පරිවර්තනය: සුදත් රොහාන්),978-645-5531-58-3,Poetry,Galle,66.3,11.07,332,4.69,43.1,21.1,10.6,50,14.16,47.56,Low Demand
2025-09,BK057,කොළඹ කන්ද,Michael Crichton (පරිවර්තනය: සුදත් රොහාන්),978-645-5531-58-3,Poetry,Kandy,66.9,13.2,396,4.7,48.97,23.57,9.9,50,25.71,47.84,Low Demand
2025-09,BK058,වසන්තය සහ මිටියාවත,තරංගා දිසානායක,978-630-6739-38-7,Academic,Colombo,65.2,12.27,368,3.7,40.2,20.1,9.5,45,27.38,43.88,Low Demand
2025-09,BK058,වසන්තය සහ මිටියාවත,තරංගා දිසානායක,978-630-6739-38-7,Academic,Galle,67.7,10.67,320,3.7,40.03,19.2,11.3,45,11.02,38.52,Low Demand
2025-09,BK058,වසන්තය සහ මිටියාවත,තරංගා දිසානායක,978-630-6739-38-7,Academic,Kandy,68.0,12.07,362,3.7,44.03,21.8,9.3,45,23.57,45.48,Low Demand
2025-09,BK059,370 යානයේ අබිරහස (370 Yanaye Abirahasa),භද්‍රජී මහින්ද ජයතිලක,978-624-6570-68-2,Mystery,Colombo,74.8,17.93,538,4.9,60.0,28.33,11.4,71,54.88,70.06,Moderate Demand
2025-09,BK059,370 යානයේ අබිරහස (370 Yanaye Abirahasa),භද්‍රජී මහින්ද ජයතිලක,978-624-6570-68-2,Mystery,Galle,74.5,16.37,491,4.89,53.57,25.17,10.1,71,60.27,74.68,High Demand
2025-09,BK059,370 යානයේ අබිරහස (370 Yanaye Abirahasa),භද්‍රජී මහින්ද ජයතිලක,978-624-6570-68-2,Mystery,Kandy,80.6,17.67,530,4.9,59.13,28.8,9.7,71,61.68,74.65,High Demand
2025-09,BK060,පර්සි ජැක්සන් සහ වංගිරියේ සටන,රික් රියෝඩන් (පරි. සවින්දි ආරියතිලක),978-955-697-089-0,Fantasy,Colombo,82.3,19.77,593,4.51,62.97,30.23,9.7,74,71.09,80.63,High Demand
2025-09,BK060,පර්සි ජැක්සන් සහ වංගිරියේ සටන,රික් රියෝඩන් (පරි. සවින්දි ආරියතිලක),978-955-697-089-0,Fantasy,Galle,73.5,18.27,548,4.5,57.87,27.77,9.9,74,75.77,80.26,High Demand
2025-09,BK060,පර්සි ජැක්සන් සහ වංගිරියේ සටන,රික් රියෝඩන් (පරි. සවින්දි ආරියතිලක),978-955-697-089-0,Fantasy,Kandy,77.2,20.9,627,4.48,69.73,32.6,10.8,74,71.47,83.71,High Demand
2025-09,BK061,ආලෝකයේ සමිඳාණෝ (Alokaye Samindano - Lord of Light),රොජර් සෙලාස්නි - පරි. පුෂ්ප රංජන් විජේසිංහ,978-624-6570-11-8,Sci-Fi,Colombo,73.8,19.7,591,4.98,67.07,32.1,8.6,72,84.56,79.17,High Demand
2025-09,BK061,ආලෝකයේ සමිඳාණෝ (Alokaye Samindano - Lord of Light),රොජර් සෙලාස්නි - පරි. පුෂ්ප රංජන් විජේසිංහ,978-624-6570-11-8,Sci-Fi,Galle,71.8,18.03,541,4.99,59.27,27.03,13.3,72,64.29,75.96,High Demand
2025-09,BK061,ආලෝකයේ සමිඳාණෝ (Alokaye Samindano - Lord of Light),රොජර් සෙලාස්නි - පරි. පුෂ්ප රංජන් විජේසිංහ,978-624-6570-11-8,Sci-Fi,Kandy,74.4,17.93,538,4.98,56.8,26.17,9.9,72,49.03,64.2,Moderate Demand
2025-09,BK062,මිනිසා සහ සෙවනැලි,"කර්ට් වොනෙගට් (Kurt Vonnegut), පරිවර්තනය: ගාමිණී වියන්ගොඩ (Translation: Gamini Viyangoda)",978-673-1310-88-3,Psychology,Colombo,70.2,11.7,351,3.9,40.33,19.73,12.3,58,1.35,30.0,Low Demand
2025-09,BK062,මිනිසා සහ සෙවනැලි,"කර්ට් වොනෙගට් (Kurt Vonnegut), පරිවර්තනය: ගාමිණී වියන්ගොඩ (Translation: Gamini Viyangoda)",978-673-1310-88-3,Psychology,Galle,73.2,11.0,330,3.91,40.33,19.13,12.9,58,22.67,41.31,Low Demand
2025-09,BK062,මිනිසා සහ සෙවනැලි,"කර්ට් වොනෙගට් (Kurt Vonnegut), පරිවර්තනය: ගාමිණී වියන්ගොඩ (Translation: Gamini Viyangoda)",978-673-1310-88-3,Psychology,Kandy,71.4,11.77,353,3.9,44.2,20.63,9.6,58,15.61,39.23,Low Demand
2025-09,BK063,හේඩීස්ගේ දෙවොල (Hadesge Devola),රික් රයෝර්ඩන් - පරි. රූපේනි මානිංගමුව,978-955-697-343-3,Young Adult,Colombo,81.4,13.77,413,4.6,51.9,25.57,8.4,66,43.66,67.71,Moderate Demand
2025-09,BK063,හේඩීස්ගේ දෙවොල (Hadesge Devola),රික් රයෝර්ඩන් - පරි. රූපේනි මානිංගමුව,978-955-697-343-3,Young Adult,Galle,74.7,12.5,375,4.6,47.93,23.97,10.1,66,41.49,53.35,Low Demand
2025-09,BK063,හේඩීස්ගේ දෙවොල (Hadesge Devola),රික් රයෝර්ඩන් - පරි. රූපේනි මානිංගමුව,978-955-697-343-3,Young Adult,Kandy,74.5,15.2,456,4.6,54.1,26.3,8.5,66,46.21,70.71,Moderate Demand
2025-09,BK064,2010,ආතර් සී. ක්ලාක් (පරිවර්තනය: චන්දන වීරසිංහ),978-624-5712-10-6,Sci-Fi,Colombo,79.5,21.37,641,4.11,69.03,32.57,9.4,72,74.45,67.32,Moderate Demand
2025-09,BK064,2010,ආතර් සී. ක්ලාක් (පරිවර්තනය: චන්දන වීරසිංහ),978-624-5712-10-6,Sci-Fi,Galle,68.4,18.07,542,4.11,62.97,28.67,12.1,72,58.14,62.16,Moderate Demand
2025-09,BK064,2010,ආතර් සී. ක්ලාක් (පරිවර්තනය: චන්දන වීරසිංහ),978-624-5712-10-6,Sci-Fi,Kandy,74.2,23.07,692,4.11,71.1,33.87,11.6,72,76.11,78.37,High Demand
2025-09,BK065,මන්දාරම් රාත්‍රිය,ඩී. එම්. අනුර දිසානායක,978-624-5829-10-1,Mystery,Colombo,77.3,17.7,531,4.98,57.4,26.6,9.6,71,64.28,84.14,High Demand
2025-09,BK065,මන්දාරම් රාත්‍රිය,ඩී. එම්. අනුර දිසානායක,978-624-5829-10-1,Mystery,Galle,69.3,18.03,541,4.99,58.6,27.8,9.9,71,63.85,74.38,High Demand
2025-09,BK065,මන්දාරම් රාත්‍රිය,ඩී. එම්. අනුර දිසානායක,978-624-5829-10-1,Mystery,Kandy,74.2,19.03,571,4.97,62.47,29.7,8.8,71,73.95,73.37,High Demand
2025-09,BK066,පරණ මාලිගාව,ක්‍රිස් කුස්නෙස්කි (පරිවර්තනය),978-726-5125-19-4,Horror,Colombo,75.2,12.07,362,4.49,43.63,21.13,10.9,68,20.88,47.52,Low Demand
2025-09,BK066,පරණ මාලිගාව,ක්‍රිස් කුස්නෙස්කි (පරිවර්තනය),978-726-5125-19-4,Horror,Galle,71.9,10.97,329,4.5,37.07,17.53,8.6,68,29.11,54.86,Low Demand
2025-09,BK066,පරණ මාලිගාව,ක්‍රිස් කුස්නෙස්කි (පරිවර්තනය),978-726-5125-19-4,Horror,Kandy,68.0,12.0,360,4.49,43.33,20.77,10.1,68,14.73,53.22,Low Demand
2025-09,BK067,අනාගතේ පැතිකඩක් (Profiles of the Future),ආතර් සී. ක්ලාක් (පරිවර්තනය: එස්. එම්. බන්දුසීල),978-624-5712-31-1,Sci-Fi,Colombo,72.6,19.17,575,3.9,61.7,30.5,12.4,72,76.27,68.74,Moderate Demand
2025-09,BK067,අනාගතේ පැතිකඩක් (Profiles of the Future),ආතර් සී. ක්ලාක් (පරිවර්තනය: එස්. එම්. බන්දුසීල),978-624-5712-31-1,Sci-Fi,Galle,72.1,16.2,486,3.9,56.53,26.67,10.4,72,46.2,58.89,Moderate Demand
2025-09,BK067,අනාගතේ පැතිකඩක් (Profiles of the Future),ආතර් සී. ක්ලාක් (පරිවර්තනය: එස්. එම්. බන්දුසීල),978-624-5712-31-1,Sci-Fi,Kandy,71.8,18.17,545,3.89,59.93,29.7,11.0,72,57.0,65.54,Moderate Demand
2025-09,BK068,දඩයම් බල්ලෝ,පරිවර්තන නවකතා,978-624-5572-38-0,Thriller,Colombo,69.5,17.93,538,4.0,58.63,28.5,9.8,76,48.86,65.38,Moderate Demand
2025-09,BK068,දඩයම් බල්ලෝ,පරිවර්තන නවකතා,978-624-5572-38-0,Thriller,Galle,83.0,17.0,510,4.01,59.7,28.7,11.0,76,67.55,69.3,Moderate Demand
2025-09,BK068,දඩයම් බල්ලෝ,පරිවර්තන නවකතා,978-624-5572-38-0,Thriller,Kandy,69.5,20.27,608,3.99,64.03,30.43,12.4,76,66.3,66.57,Moderate Demand
2025-09,BK069,අදිසි අනතුර (Adisi Anathura - The Crash),ෆ්‍රීඩා මැක්ෆැඩන් - පරි. නයනතාරා පිලපිටිය,978-624-6570-48-4,Thriller,Colombo,76.7,18.0,540,4.32,62.37,29.6,8.2,76,67.53,73.59,High Demand
2025-09,BK069,අදිසි අනතුර (Adisi Anathura - The Crash),ෆ්‍රීඩා මැක්ෆැඩන් - පරි. නයනතාරා පිලපිටිය,978-624-6570-48-4,Thriller,Galle,69.7,17.97,539,4.29,60.17,29.67,11.1,76,58.45,72.39,Moderate Demand
2025-09,BK069,අදිසි අනතුර (Adisi Anathura - The Crash),ෆ්‍රීඩා මැක්ෆැඩන් - පරි. නයනතාරා පිලපිටිය,978-624-6570-48-4,Thriller,Kandy,75.8,19.7,591,4.31,62.7,29.27,10.6,76,74.14,84.71,High Demand
2025-09,BK070,Crown of Midnight,සාරා ජේ. මාස් (Sarah J. Maas),978-624-5663-48-4,Fantasy,Colombo,75.4,19.83,595,4.51,64.07,30.8,11.5,74,78.05,79.54,High Demand
2025-09,BK070,Crown of Midnight,සාරා ජේ. මාස් (Sarah J. Maas),978-624-5663-48-4,Fantasy,Galle,73.9,20.33,610,4.5,65.7,29.87,10.8,74,79.12,86.38,High Demand
2025-09,BK070,Crown of Midnight,සාරා ජේ. මාස් (Sarah J. Maas),978-624-5663-48-4,Fantasy,Kandy,75.9,19.5,585,4.5,65.07,29.33,11.8,74,57.91,74.61,High Demand
2025-09,BK071,සුළං ගංගාව,පියදාස රත්නසිංහ (පරිවර්තනය),978-935-1789-28-8,Academic,Colombo,76.4,11.8,354,4.5,40.93,19.4,8.0,45,10.99,40.48,Low Demand
2025-09,BK071,සුළං ගංගාව,පියදාස රත්නසිංහ (පරිවර්තනය),978-935-1789-28-8,Academic,Galle,68.5,9.93,298,4.51,37.7,19.2,10.4,45,1.51,30.38,Low Demand
2025-09,BK071,සුළං ගංගාව,පියදාස රත්නසිංහ (පරිවර්තනය),978-935-1789-28-8,Academic,Kandy,74.2,13.13,394,4.51,43.83,21.63,8.0,45,32.53,41.79,Low Demand
2025-09,BK072,ගීතය සහ මාලිගාව,එරන්ද ගිනිගේ (Eranda Ginige),978-616-9581-88-7,Psychology,Colombo,70.3,12.53,376,3.71,48.27,22.43,9.3,58,48.69,55.78,Low Demand
2025-09,BK072,ගීතය සහ මාලිගාව,එරන්ද ගිනිගේ (Eranda Ginige),978-616-9581-88-7,Psychology,Galle,74.7,10.57,317,3.7,38.27,18.67,9.2,58,22.2,44.79,Low Demand
2025-09,BK072,ගීතය සහ මාලිගාව,එරන්ද ගිනිගේ (Eranda Ginige),978-616-9581-88-7,Psychology,Kandy,66.7,11.97,359,3.69,46.27,21.83,9.7,58,15.15,47.7,Low Demand
2025-09,BK073,ගමන සහ සෙවනැලි,"වික්ටෝරියා හෝල්ට් (Victoria Holt), පරිවර්තනය: කෝශලී සිරිචන්ද්‍ර (Translation: Koshalee Sirichandra)",978-477-2613-24-8,Horror,Colombo,71.0,12.63,379,3.79,44.57,21.2,11.2,68,20.11,48.34,Low Demand
2025-09,BK073,ගමන සහ සෙවනැලි,"වික්ටෝරියා හෝල්ට් (Victoria Holt), පරිවර්තනය: කෝශලී සිරිචන්ද්‍ර (Translation: Koshalee Sirichandra)",978-477-2613-24-8,Horror,Galle,73.7,12.2,366,3.8,46.97,21.63,11.2,68,53.9,69.64,Moderate Demand
2025-09,BK073,ගමන සහ සෙවනැලි,"වික්ටෝරියා හෝල්ට් (Victoria Holt), පරිවර්තනය: කෝශලී සිරිචන්ද්‍ර (Translation: Koshalee Sirichandra)",978-477-2613-24-8,Horror,Kandy,71.4,13.1,393,3.8,47.17,23.33,8.3,68,35.15,47.02,Low Demand
2025-09,BK074,එවා මෙහේ බෑ මචං,පිනසිරි දඩල්ලගේ,978-955-97643-5-9,Non-fiction,Colombo,74.4,12.8,384,4.39,44.27,21.8,10.0,52,39.47,51.32,Low Demand
2025-09,BK074,එවා මෙහේ බෑ මචං,පිනසිරි දඩල්ලගේ,978-955-97643-5-9,Non-fiction,Galle,68.2,10.9,327,4.4,41.43,19.83,12.1,52,21.13,51.79,Low Demand
2025-09,BK074,එවා මෙහේ බෑ මචං,පිනසිරි දඩල්ලගේ,978-955-97643-5-9,Non-fiction,Kandy,66.6,13.4,402,4.4,45.93,21.33,11.3,52,32.65,51.11,Low Demand
2025-09,BK075,"හොල්මන්, ආවේශ සහ යළි උපත (You Cannot Die)",ඉයන් කරි (පරිවර්තනය: භද්‍රජි මහින්ද ජයතිලක),978-955-671-215-5,Psychology,Colombo,68.0,10.9,327,4.81,39.27,20.23,11.6,58,1.7,46.84,Low Demand
2025-09,BK075,"හොල්මන්, ආවේශ සහ යළි උපත (You Cannot Die)",ඉයන් කරි (පරිවර්තනය: භද්‍රජි මහින්ද ජයතිලක),978-955-671-215-5,Psychology,Galle,67.7,10.83,325,4.81,39.6,19.23,9.8,58,21.0,44.6,Low Demand
2025-09,BK075,"හොල්මන්, ආවේශ සහ යළි උපත (You Cannot Die)",ඉයන් කරි (පරිවර්තනය: භද්‍රජි මහින්ද ජයතිලක),978-955-671-215-5,Psychology,Kandy,73.5,12.33,370,4.8,42.2,20.07,10.6,58,24.34,52.27,Low Demand
2025-09,BK076,සෙංකොට්ටං (Senkottan),මහින්ද ප්‍රසාද් මසිඹුල,978-955-098-000-0,Novel,Colombo,69.3,27.7,831,4.3,79.83,37.57,10.8,70,90.56,75.76,High Demand
2025-09,BK076,සෙංකොට්ටං (Senkottan),මහින්ද ප්‍රසාද් මසිඹුල,978-955-098-000-0,Novel,Galle,77.9,28.8,864,4.3,80.17,37.83,9.2,70,90.52,82.78,High Demand
2025-09,BK076,සෙංකොට්ටං (Senkottan),මහින්ද ප්‍රසාද් මසිඹුල,978-955-098-000-0,Novel,Kandy,71.6,29.57,887,4.28,81.6,39.33,10.9,70,95.9,80.58,High Demand
2025-09,BK077,අතීත මිටියාවත,ඊනිඩ් බ්ලයිටන් (Enid Blyton),978-845-3000-71-2,Children's,Colombo,77.3,12.87,386,4.41,43.9,19.83,11.3,60,32.91,52.01,Low Demand
2025-09,BK077,අතීත මිටියාවත,ඊනිඩ් බ්ලයිටන් (Enid Blyton),978-845-3000-71-2,Children's,Galle,68.8,11.33,340,4.39,43.0,20.47,10.0,60,37.36,62.19,Moderate Demand
2025-09,BK077,අතීත මිටියාවත,ඊනිඩ් බ්ලයිටන් (Enid Blyton),978-845-3000-71-2,Children's,Kandy,74.6,13.13,394,4.4,45.83,21.97,9.3,60,38.31,57.21,Moderate Demand
2025-09,BK078,සිහිනය සහ සෙවනැලි,"ස්ටෙෆනි ගාබර් (Stephanie Garber), පරිවර්තනය: කෝශලී සිරිචන්ද්‍ර (Translation: Koshalee Sirichandra)",978-748-7074-58-5,Historical/Religious,Colombo,83.1,11.83,355,4.61,45.9,21.23,11.0,55,21.24,52.13,Low Demand
2025-09,BK078,සිහිනය සහ සෙවනැලි,"ස්ටෙෆනි ගාබර් (Stephanie Garber), පරිවර්තනය: කෝශලී සිරිචන්ද්‍ර (Translation: Koshalee Sirichandra)",978-748-7074-58-5,Historical/Religious,Galle,76.9,11.6,348,4.61,41.4,19.83,9.9,55,31.61,41.73,Low Demand
2025-09,BK078,සිහිනය සහ සෙවනැලි,"ස්ටෙෆනි ගාබර් (Stephanie Garber), පරිවර්තනය: කෝශලී සිරිචන්ද්‍ර (Translation: Koshalee Sirichandra)",978-748-7074-58-5,Historical/Religious,Kandy,73.9,12.13,364,4.6,44.43,21.4,10.1,55,28.36,47.36,Low Demand
2025-09,BK079,හැරී පොටර් සහ රහස් කුටිය,ජේ. කේ. රෝලිං - පරි. අභය හේවාවසම්,978-955-573-623-7,Translation,Colombo,75.2,28.1,843,4.21,80.03,37.3,9.5,62,100.0,85.01,High Demand
2025-09,BK079,හැරී පොටර් සහ රහස් කුටිය,ජේ. කේ. රෝලිං - පරි. අභය හේවාවසම්,978-955-573-623-7,Translation,Galle,78.0,25.13,754,4.2,74.7,34.07,13.0,62,82.05,68.69,Moderate Demand
2025-09,BK079,හැරී පොටර් සහ රහස් කුටිය,ජේ. කේ. රෝලිං - පරි. අභය හේවාවසම්,978-955-573-623-7,Translation,Kandy,76.0,31.13,934,4.23,83.23,38.5,10.6,62,99.89,94.97,High Demand
2025-09,BK080,විකෘති (Vikurthi),සෝමලතා සුබසිංහ,978-955-428-430-2,Drama,Colombo,71.7,14.8,444,4.9,54.73,25.9,11.2,65,47.05,55.89,Moderate Demand
2025-09,BK080,විකෘති (Vikurthi),සෝමලතා සුබසිංහ,978-955-428-430-2,Drama,Galle,83.0,13.33,400,4.9,50.13,23.9,11.4,65,64.32,69.21,Moderate Demand
2025-09,BK080,විකෘති (Vikurthi),සෝමලතා සුබසිංහ,978-955-428-430-2,Drama,Kandy,78.7,15.93,478,4.9,57.43,28.13,12.5,65,41.3,59.55,Moderate Demand
2025-09,BK081,නැන්දම්මාගේ ඩයරිය,කල්පනා කස්තුරිආරච්චි,978-624-9695-78-8,Short Stories,Colombo,80.2,12.4,372,4.1,43.7,20.87,9.9,57,38.96,46.58,Low Demand
2025-09,BK081,නැන්දම්මාගේ ඩයරිය,කල්පනා කස්තුරිආරච්චි,978-624-9695-78-8,Short Stories,Galle,75.1,12.77,383,4.1,42.53,20.5,12.8,57,42.78,67.91,Moderate Demand
2025-09,BK081,නැන්දම්මාගේ ඩයරිය,කල්පනා කස්තුරිආරච්චි,978-624-9695-78-8,Short Stories,Kandy,74.5,11.63,349,4.09,43.47,21.07,11.4,57,5.05,41.28,Low Demand
2025-09,BK082,හැරී පොටර් සහ අස්කබාන්හි සිරකරු,ජේ. කේ. රෝලිං - පරි. අභය හේවාවසම්,978-955-671-187-5,Translation,Colombo,69.3,32.77,983,3.8,84.1,37.7,11.2,62,95.43,84.99,High Demand
2025-09,BK082,හැරී පොටර් සහ අස්කබාන්හි සිරකරු,ජේ. කේ. රෝලිං - පරි. අභය හේවාවසම්,978-955-671-187-5,Translation,Galle,74.1,30.4,912,3.8,79.23,36.53,12.4,62,100.0,83.75,High Demand
2025-09,BK082,හැරී පොටර් සහ අස්කබාන්හි සිරකරු,ජේ. කේ. රෝලිං - පරි. අභය හේවාවසම්,978-955-671-187-5,Translation,Kandy,69.6,29.87,896,3.81,82.47,39.87,9.3,62,80.34,71.8,Moderate Demand
2025-09,BK083,පර්සි ජැක්සන් සහ රාක්ෂ සයුර,රික් රියෝඩන් (පරි. සවින්දි ආරියතිලක),978-955-697-090-0,Fantasy,Colombo,80.0,20.17,605,4.41,64.63,29.13,11.5,74,84.23,80.19,High Demand
2025-09,BK083,පර්සි ජැක්සන් සහ රාක්ෂ සයුර,රික් රියෝඩන් (පරි. සවින්දි ආරියතිලක),978-955-697-090-0,Fantasy,Galle,73.4,16.1,483,4.4,55.2,26.53,9.6,74,52.75,63.26,Moderate Demand
2025-09,BK083,පර්සි ජැක්සන් සහ රාක්ෂ සයුර,රික් රියෝඩන් (පරි. සවින්දි ආරියතිලක),978-955-697-090-0,Fantasy,Kandy,75.7,19.97,599,4.4,65.73,30.3,10.6,74,86.9,75.83,High Demand
2025-09,BK084,විභාග ජය ගැනීමේ රහස (Vibhaga Jaya Ganeeme Rahasa),ප්‍රවීන් රන්දෙනිය,978-624-97120-5-0,Academic,Colombo,77.2,16.63,499,4.11,57.9,27.83,9.8,45,56.56,65.93,Moderate Demand
2025-09,BK084,විභාග ජය ගැනීමේ රහස (Vibhaga Jaya Ganeeme Rahasa),ප්‍රවීන් රන්දෙනිය,978-624-97120-5-0,Academic,Galle,79.8,16.23,487,4.11,56.47,27.13,10.9,45,64.14,67.3,Moderate Demand
2025-09,BK084,විභාග ජය ගැනීමේ රහස (Vibhaga Jaya Ganeeme Rahasa),ප්‍රවීන් රන්දෙනිය,978-624-97120-5-0,Academic,Kandy,73.8,19.37,581,4.11,64.17,30.9,11.3,45,73.01,75.19,High Demand
2025-09,BK085,දික්තල කාලගෝල (Diktala Kalagola),පුණ්‍යසේන ගුණසිංහ,978-955-9377-71-9,Drama,Colombo,69.0,12.3,369,4.8,42.83,20.77,11.1,65,14.2,50.72,Low Demand
2025-09,BK085,දික්තල කාලගෝල (Diktala Kalagola),පුණ්‍යසේන ගුණසිංහ,978-955-9377-71-9,Drama,Galle,69.7,11.5,345,4.79,41.57,19.77,9.2,65,34.42,63.93,Moderate Demand
2025-09,BK085,දික්තල කාලගෝල (Diktala Kalagola),පුණ්‍යසේන ගුණසිංහ,978-955-9377-71-9,Drama,Kandy,72.8,13.23,397,4.79,47.43,22.57,9.7,65,36.7,61.45,Moderate Demand
2025-09,BK086,නැන්සි කෲ: ටෙඩි බෙයාර් අබිරහස,කැරොලයින් කීන්,978-955-657-006-8,Translation,Colombo,62.2,14.27,428,4.32,53.43,25.17,10.6,62,36.11,57.43,Moderate Demand
2025-09,BK086,නැන්සි කෲ: ටෙඩි බෙයාර් අබිරහස,කැරොලයින් කීන්,978-955-657-006-8,Translation,Galle,78.7,12.93,388,4.29,46.93,21.43,11.9,62,51.27,59.17,Moderate Demand
2025-09,BK086,නැන්සි කෲ: ටෙඩි බෙයාර් අබිරහස,කැරොලයින් කීන්,978-955-657-006-8,Translation,Kandy,67.0,14.83,445,4.31,50.7,24.47,10.6,62,44.76,61.11,Moderate Demand
2025-09,BK087,කතාව සහ සිහිනය,ක්‍රිස් කුස්නෙස්කි (පරිවර්තනය),978-566-9308-23-4,Short Stories,Colombo,73.4,12.6,378,3.7,46.6,21.9,8.0,57,41.51,61.23,Moderate Demand
2025-09,BK087,කතාව සහ සිහිනය,ක්‍රිස් කුස්නෙස්කි (පරිවර්තනය),978-566-9308-23-4,Short Stories,Galle,76.1,11.43,343,3.71,41.87,20.17,9.1,57,19.8,35.18,Low Demand
2025-09,BK087,කතාව සහ සිහිනය,ක්‍රිස් කුස්නෙස්කි (පරිවර්තනය),978-566-9308-23-4,Short Stories,Kandy,78.9,12.63,379,3.7,43.67,22.33,9.8,57,38.08,51.86,Low Demand
2025-09,BK088,අඹ යහළුවෝ,ටී. බී. ඉලංගරත්න,978-955-4682-00-9,Novel,Colombo,72.9,26.73,802,4.81,78.8,37.4,8.9,70,89.09,95.51,High Demand
2025-09,BK088,අඹ යහළුවෝ,ටී. බී. ඉලංගරත්න,978-955-4682-00-9,Novel,Galle,76.4,20.63,619,4.8,66.77,31.47,11.0,70,82.31,83.72,High Demand
2025-09,BK088,අඹ යහළුවෝ,ටී. බී. ඉලංගරත්න,978-955-4682-00-9,Novel,Kandy,71.7,25.93,778,4.79,78.17,37.2,9.7,70,85.97,90.43,High Demand
2025-09,BK089,මායා අහස,දිනිති තරුමිණි,978-222-3861-35-8,Young Adult,Colombo,72.9,11.37,341,4.28,44.13,21.27,11.1,66,1.36,31.26,Low Demand
2025-09,BK089,මායා අහස,දිනිති තරුමිණි,978-222-3861-35-8,Young Adult,Galle,71.0,10.23,307,4.3,37.93,19.0,8.5,66,13.36,46.13,Low Demand
2025-09,BK089,මායා අහස,දිනිති තරුමිණි,978-222-3861-35-8,Young Adult,Kandy,71.3,14.2,426,4.3,48.37,23.23,10.9,66,32.68,66.0,Moderate Demand
2025-09,BK090,අනාගත නගරය,පරිවර්තනය: චන්දන මෙන්ඩිස් (Chandana Mendis),978-587-7471-56-2,Drama,Colombo,69.1,11.03,331,3.7,40.1,19.17,7.5,65,21.61,43.02,Low Demand
2025-09,BK090,අනාගත නගරය,පරිවර්තනය: චන්දන මෙන්ඩිස් (Chandana Mendis),978-587-7471-56-2,Drama,Galle,76.8,10.57,317,3.7,37.27,19.1,8.3,65,14.74,38.38,Low Demand
2025-09,BK090,අනාගත නගරය,පරිවර්තනය: චන්දන මෙන්ඩිස් (Chandana Mendis),978-587-7471-56-2,Drama,Kandy,63.9,11.8,354,3.71,42.13,20.7,11.7,65,20.55,34.84,Low Demand
2025-09,BK091,හැරී පොටර් සහ ෆීනික්ස් නිකාය,ජේ. කේ. රෝලිං - පරි. අභය හේවාවසම්,978-955-573-951-1,Translation,Colombo,82.2,29.8,894,3.6,82.0,38.83,10.4,62,90.79,73.3,High Demand
2025-09,BK091,හැරී පොටර් සහ ෆීනික්ස් නිකාය,ජේ. කේ. රෝලිං - පරි. අභය හේවාවසම්,978-955-573-951-1,Translation,Galle,76.9,25.93,778,3.6,77.3,35.7,9.3,62,92.26,82.24,High Demand
2025-09,BK091,හැරී පොටර් සහ ෆීනික්ස් නිකාය,ජේ. කේ. රෝලිං - පරි. අභය හේවාවසම්,978-955-573-951-1,Translation,Kandy,73.8,29.77,893,3.59,83.9,38.9,10.2,62,86.2,78.99,High Demand
2025-09,BK092,සැඟවුණු රහස,රොජර් ලී මැක්බ්‍රයිඩ් (Roger Lea MacBride) - පරිවර්තනය: චිත්‍රා අමරසේකර,978-745-6661-48-1,Historical/Religious,Colombo,75.3,12.37,371,4.9,46.43,22.33,9.2,55,22.53,56.2,Moderate Demand
2025-09,BK092,සැඟවුණු රහස,රොජර් ලී මැක්බ්‍රයිඩ් (Roger Lea MacBride) - පරිවර්තනය: චිත්‍රා අමරසේකර,978-745-6661-48-1,Historical/Religious,Galle,68.7,11.93,358,4.9,45.47,21.73,11.0,55,33.06,64.41,Moderate Demand
2025-09,BK092,සැඟවුණු රහස,රොජර් ලී මැක්බ්‍රයිඩ් (Roger Lea MacBride) - පරිවර්තනය: චිත්‍රා අමරසේකර,978-745-6661-48-1,Historical/Religious,Kandy,67.2,11.53,346,4.89,41.43,20.53,8.4,55,18.79,50.84,Low Demand
2025-09,BK093,සෙවනැලි සහ මාලිගාව,පරිවර්තනය: චන්දන මෙන්ඩිස් (Chandana Mendis),978-289-1737-32-0,Poetry,Colombo,73.6,12.63,379,3.89,45.53,21.7,9.7,50,23.91,47.17,Low Demand
2025-09,BK093,සෙවනැලි සහ මාලිගාව,පරිවර්තනය: චන්දන මෙන්ඩිස් (Chandana Mendis),978-289-1737-32-0,Poetry,Galle,69.5,10.47,314,3.88,42.13,19.8,10.1,50,22.85,48.99,Low Demand
2025-09,BK093,සෙවනැලි සහ මාලිගාව,පරිවර්තනය: චන්දන මෙන්ඩිස් (Chandana Mendis),978-289-1737-32-0,Poetry,Kandy,73.6,13.37,401,3.89,45.77,21.43,11.5,50,37.16,59.64,Moderate Demand
2025-09,BK094,නෙවර් ලයි (Never Lie),ෆ්‍රීඩා මැක්ෆැඩන් - පරි. තරුෂි නිරංගා ජයසිංහ,978-624-6570-46-0,Thriller,Colombo,80.7,22.07,662,4.29,69.33,34.1,9.2,76,80.11,80.67,High Demand
2025-09,BK094,නෙවර් ලයි (Never Lie),ෆ්‍රීඩා මැක්ෆැඩන් - පරි. තරුෂි නිරංගා ජයසිංහ,978-624-6570-46-0,Thriller,Galle,72.3,20.33,610,4.3,62.83,30.77,10.8,76,83.92,83.35,High Demand
2025-09,BK094,නෙවර් ලයි (Never Lie),ෆ්‍රීඩා මැක්ෆැඩන් - පරි. තරුෂි නිරංගා ජයසිංහ,978-624-6570-46-0,Thriller,Kandy,78.9,20.27,608,4.29,69.7,33.1,9.9,76,89.13,99.08,High Demand
2025-09,BK095,ප්‍රේම ගීතය,සමුද්‍ර වෙත්තසිංහ (Samudra Weththasingha),978-573-6220-40-5,Non-fiction,Colombo,64.8,12.03,361,4.51,44.17,21.1,9.3,52,24.75,45.39,Low Demand
2025-09,BK095,ප්‍රේම ගීතය,සමුද්‍ර වෙත්තසිංහ (Samudra Weththasingha),978-573-6220-40-5,Non-fiction,Galle,77.2,11.8,354,4.49,44.97,21.83,10.7,52,34.89,59.81,Moderate Demand
2025-09,BK095,ප්‍රේම ගීතය,සමුද්‍ර වෙත්තසිංහ (Samudra Weththasingha),978-573-6220-40-5,Non-fiction,Kandy,73.4,11.83,355,4.5,42.97,20.7,9.4,52,22.85,39.27,Low Demand
2025-09,BK096,පුද්ගලිකයි රහසිගතයි (The Secret Files of Sherlock Holmes),චන්දන මෙන්ඩිස් (පරිවර්තනය),955-97776-4-5,Mystery,Colombo,70.5,17.03,511,4.97,60.17,28.5,11.3,71,49.53,65.56,Moderate Demand
2025-09,BK096,පුද්ගලිකයි රහසිගතයි (The Secret Files of Sherlock Holmes),චන්දන මෙන්ඩිස් (පරිවර්තනය),955-97776-4-5,Mystery,Galle,65.5,15.83,475,4.98,54.93,25.93,11.4,71,66.9,77.67,High Demand
2025-09,BK096,පුද්ගලිකයි රහසිගතයි (The Secret Files of Sherlock Holmes),චන්දන මෙන්ඩිස් (පරිවර්තනය),955-97776-4-5,Mystery,Kandy,72.2,19.57,587,4.98,66.23,30.47,11.8,71,55.03,69.43,Moderate Demand
2025-09,BK097,පරණ කතාව,මාර්ටින් වික්‍රමසිංහ,978-528-5693-75-7,Children's,Colombo,66.6,12.57,377,4.11,46.77,23.1,9.1,60,28.5,50.01,Low Demand
2025-09,BK097,පරණ කතාව,මාර්ටින් වික්‍රමසිංහ,978-528-5693-75-7,Children's,Galle,68.8,11.4,342,4.1,40.93,19.17,9.0,60,35.17,48.13,Low Demand
2025-09,BK097,පරණ කතාව,මාර්ටින් වික්‍රමසිංහ,978-528-5693-75-7,Children's,Kandy,70.5,13.13,394,4.1,51.4,24.67,11.3,60,36.31,55.68,Low Demand
2025-09,BK098,මාණික්කාවත (Manikkawatha),මහින්ද ප්‍රසාද් මසිඹුල,978-955-098-023-9,Novel,Colombo,67.7,25.23,757,3.5,77.2,37.57,11.9,70,88.72,77.16,High Demand
2025-09,BK098,මාණික්කාවත (Manikkawatha),මහින්ද ප්‍රසාද් මසිඹුල,978-955-098-023-9,Novel,Galle,69.1,22.43,673,3.48,70.5,33.13,11.6,70,90.16,86.4,High Demand
2025-09,BK098,මාණික්කාවත (Manikkawatha),මහින්ද ප්‍රසාද් මසිඹුල,978-955-098-023-9,Novel,Kandy,73.1,26.1,783,3.49,76.9,37.37,10.1,70,98.73,78.03,High Demand
2025-09,BK099,ගංගාව සහ ගංගාව,"ජේම්ස් හැඩ්ලි චේස් (James Hadley Chase), පරිවර්තනය: එන්. ජී. විජේරත්න (Translation: N. G. Wijerathna)",978-493-2631-22-5,Children's,Colombo,65.5,12.8,384,4.8,44.83,21.53,10.2,60,41.96,57.25,Moderate Demand
2025-09,BK099,ගංගාව සහ ගංගාව,"ජේම්ස් හැඩ්ලි චේස් (James Hadley Chase), පරිවර්තනය: එන්. ජී. විජේරත්න (Translation: N. G. Wijerathna)",978-493-2631-22-5,Children's,Galle,60.1,11.07,332,4.8,37.4,19.03,8.1,60,27.06,41.55,Low Demand
2025-09,BK099,ගංගාව සහ ගංගාව,"ජේම්ස් හැඩ්ලි චේස් (James Hadley Chase), පරිවර්තනය: එන්. ජී. විජේරත්න (Translation: N. G. Wijerathna)",978-493-2631-22-5,Children's,Kandy,67.5,13.07,392,4.81,43.8,21.77,10.8,60,28.22,51.67,Low Demand
2025-09,BK100,රන් මතකය,ලසිත රවීන් උමගිලිය,978-825-3894-18-1,Young Adult,Colombo,67.8,13.4,402,4.1,45.23,21.83,12.0,66,41.47,56.1,Moderate Demand
2025-09,BK100,රන් මතකය,ලසිත රවීන් උමගිලිය,978-825-3894-18-1,Young Adult,Galle,71.2,10.4,312,4.1,39.73,19.37,13.6,66,20.17,46.34,Low Demand
2025-09,BK100,රන් මතකය,ලසිත රවීන් උමගිලිය,978-825-3894-18-1,Young Adult,Kandy,68.4,12.33,370,4.11,47.17,23.13,7.3,66,24.15,43.36,Low Demand
2025-10,BK052,අනාගත අහස,මාර්ටින් වික්‍රමසිංහ (පරිවර්තනය),978-147-1385-34-4,Historical/Religious,Colombo,73.2,13.29,412,4.71,48.35,23.1,9.5,55,24.61,46.33,Low Demand
2025-10,BK052,අනාගත අහස,මාර්ටින් වික්‍රමසිංහ (පරිවර්තනය),978-147-1385-34-4,Historical/Religious,Galle,69.3,11.06,343,4.7,41.94,19.84,10.9,55,16.3,49.11,Low Demand
2025-10,BK052,අනාගත අහස,මාර්ටින් වික්‍රමසිංහ (පරිවර්තනය),978-147-1385-34-4,Historical/Religious,Kandy,68.5,12.68,393,4.7,45.48,22.13,8.9,55,17.96,46.12,Low Demand
2025-10,BK053,මිටියාවත සහ කාලය,"ජෝන් ෂෝර්ස් (John Shors), පරිවර්තනය: ප්‍රදීප් කුමාර බාලසූරිය (Translation: Pradeep Kumara Balasuriya)",978-976-3071-42-3,Horror,Colombo,71.9,13.03,404,4.91,48.0,22.68,11.7,68,33.11,62.37,Moderate Demand
2025-10,BK053,මිටියාවත සහ කාලය,"ජෝන් ෂෝර්ස් (John Shors), පරිවර්තනය: ප්‍රදීප් කුමාර බාලසූරිය (Translation: Pradeep Kumara Balasuriya)",978-976-3071-42-3,Horror,Galle,77.7,11.61,360,4.9,40.03,19.58,9.9,68,16.1,53.95,Low Demand
2025-10,BK053,මිටියාවත සහ කාලය,"ජෝන් ෂෝර්ස් (John Shors), පරිවර්තනය: ප්‍රදීප් කුමාර බාලසූරිය (Translation: Pradeep Kumara Balasuriya)",978-976-3071-42-3,Horror,Kandy,65.6,12.74,395,4.9,46.65,22.35,9.8,68,25.98,58.55,Moderate Demand
2025-10,BK054,රහස සහ කතාව,පවනි උමයංගනා (Pawani Umayangana),978-476-5849-54-7,Non-fiction,Colombo,73.2,13.97,433,3.51,51.84,24.48,11.3,52,32.19,50.47,Low Demand
2025-10,BK054,රහස සහ කතාව,පවනි උමයංගනා (Pawani Umayangana),978-476-5849-54-7,Non-fiction,Galle,72.0,12.0,372,3.49,44.55,21.39,10.3,52,53.94,51.49,Low Demand
2025-10,BK054,රහස සහ කතාව,පවනි උමයංගනා (Pawani Umayangana),978-476-5849-54-7,Non-fiction,Kandy,65.5,13.35,414,3.5,45.03,23.29,9.7,52,24.57,38.12,Low Demand
2025-10,BK055,ඇහි පියන් ඇහැරිලා (Ahi Piyan Aharila),මහින්ද ප්‍රසාද් මසිඹුල,978-955-098-003-1,Poetry,Colombo,73.2,20.06,622,4.0,63.19,28.35,9.0,50,46.89,49.91,Low Demand
2025-10,BK055,ඇහි පියන් ඇහැරිලා (Ahi Piyan Aharila),මහින්ද ප්‍රසාද් මසිඹුල,978-955-098-003-1,Poetry,Galle,70.2,17.0,527,4.01,59.29,28.29,8.8,50,70.67,67.44,Moderate Demand
2025-10,BK055,ඇහි පියන් ඇහැරිලා (Ahi Piyan Aharila),මහින්ද ප්‍රසාද් මසිඹුල,978-955-098-003-1,Poetry,Kandy,72.6,19.84,615,4.0,62.42,28.84,10.5,50,76.73,68.61,Moderate Demand
2025-10,BK056,ගමන සහ කාලය,ප්‍රේමකීර්ති රණතුංග,978-316-8963-96-1,Short Stories,Colombo,73.5,12.03,373,4.09,41.48,19.32,9.6,57,8.41,39.62,Low Demand
2025-10,BK056,ගමන සහ කාලය,ප්‍රේමකීර්ති රණතුංග,978-316-8963-96-1,Short Stories,Galle,69.0,12.03,373,4.1,45.77,22.48,8.7,57,43.73,63.21,Moderate Demand
2025-10,BK056,ගමන සහ කාලය,ප්‍රේමකීර්ති රණතුංග,978-316-8963-96-1,Short Stories,Kandy,82.5,14.68,455,4.1,54.23,26.26,10.2,57,41.16,59.43,Moderate Demand
2025-10,BK057,කොළඹ කන්ද,Michael Crichton (පරිවර්තනය: සුදත් රොහාන්),978-645-5531-58-3,Poetry,Colombo,70.5,14.16,439,4.72,50.35,24.39,10.4,50,44.83,54.74,Low Demand
2025-10,BK057,කොළඹ කන්ද,Michael Crichton (පරිවර්තනය: සුදත් රොහාන්),978-645-5531-58-3,Poetry,Galle,72.8,11.94,370,4.69,42.03,20.03,9.7,50,33.04,58.03,Moderate Demand
2025-10,BK057,කොළඹ කන්ද,Michael Crichton (පරිවර්තනය: සුදත් රොහාන්),978-645-5531-58-3,Poetry,Kandy,71.2,13.77,427,4.71,45.9,22.48,12.8,50,38.64,57.02,Moderate Demand
2025-10,BK058,වසන්තය සහ මිටියාවත,තරංගා දිසානායක,978-630-6739-38-7,Academic,Colombo,78.2,12.48,387,3.71,46.03,22.87,9.4,45,22.09,36.59,Low Demand
2025-10,BK058,වසන්තය සහ මිටියාවත,තරංගා දිසානායක,978-630-6739-38-7,Academic,Galle,68.5,11.35,352,3.69,41.97,20.32,8.6,45,25.98,45.34,Low Demand
2025-10,BK058,වසන්තය සහ මිටියාවත,තරංගා දිසානායක,978-630-6739-38-7,Academic,Kandy,77.2,13.29,412,3.7,46.19,21.71,10.0,45,24.69,41.64,Low Demand
2025-10,BK059,370 යානයේ අබිරහස (370 Yanaye Abirahasa),භද්‍රජී මහින්ද ජයතිලක,978-624-6570-68-2,Mystery,Colombo,77.6,17.97,557,4.89,57.77,27.81,11.4,71,62.65,70.23,Moderate Demand
2025-10,BK059,370 යානයේ අබිරහස (370 Yanaye Abirahasa),භද්‍රජී මහින්ද ජයතිලක,978-624-6570-68-2,Mystery,Galle,72.3,18.71,580,4.91,63.65,29.16,10.5,71,73.59,81.41,High Demand
2025-10,BK059,370 යානයේ අබිරහස (370 Yanaye Abirahasa),භද්‍රජී මහින්ද ජයතිලක,978-624-6570-68-2,Mystery,Kandy,70.1,19.68,610,4.91,65.58,31.26,9.1,71,65.63,78.99,High Demand
2025-10,BK060,පර්සි ජැක්සන් සහ වංගිරියේ සටන,රික් රියෝඩන් (පරි. සවින්දි ආරියතිලක),978-955-697-089-0,Fantasy,Colombo,71.4,19.16,594,4.51,59.13,27.9,10.9,74,62.69,73.79,High Demand
2025-10,BK060,පර්සි ජැක්සන් සහ වංගිරියේ සටන,රික් රියෝඩන් (පරි. සවින්දි ආරියතිලක),978-955-697-089-0,Fantasy,Galle,69.5,16.13,500,4.51,57.0,26.87,8.7,74,62.02,71.61,Moderate Demand
2025-10,BK060,පර්සි ජැක්සන් සහ වංගිරියේ සටන,රික් රියෝඩන් (පරි. සවින්දි ආරියතිලක),978-955-697-089-0,Fantasy,Kandy,70.9,19.81,614,4.5,66.16,32.0,11.4,74,79.98,82.1,High Demand
2025-10,BK061,ආලෝකයේ සමිඳාණෝ (Alokaye Samindano - Lord of Light),රොජර් සෙලාස්නි - පරි. පුෂ්ප රංජන් විජේසිංහ,978-624-6570-11-8,Sci-Fi,Colombo,66.4,20.52,636,4.98,69.1,32.52,13.0,72,74.09,75.6,High Demand
2025-10,BK061,ආලෝකයේ සමිඳාණෝ (Alokaye Samindano - Lord of Light),රොජර් සෙලාස්නි - පරි. පුෂ්ප රංජන් විජේසිංහ,978-624-6570-11-8,Sci-Fi,Galle,75.1,19.35,600,4.98,63.55,31.0,10.9,72,89.47,85.04,High Demand
2025-10,BK061,ආලෝකයේ සමිඳාණෝ (Alokaye Samindano - Lord of Light),රොජර් සෙලාස්නි - පරි. පුෂ්ප රංජන් විජේසිංහ,978-624-6570-11-8,Sci-Fi,Kandy,79.3,19.77,613,4.99,68.52,31.35,9.6,72,68.16,71.54,Moderate Demand
2025-10,BK062,මිනිසා සහ සෙවනැලි,"කර්ට් වොනෙගට් (Kurt Vonnegut), පරිවර්තනය: ගාමිණී වියන්ගොඩ (Translation: Gamini Viyangoda)",978-673-1310-88-3,Psychology,Colombo,81.5,13.16,408,3.91,45.03,22.0,10.3,58,20.91,42.32,Low Demand
2025-10,BK062,මිනිසා සහ සෙවනැලි,"කර්ට් වොනෙගට් (Kurt Vonnegut), පරිවර්තනය: ගාමිණී වියන්ගොඩ (Translation: Gamini Viyangoda)",978-673-1310-88-3,Psychology,Galle,69.0,11.29,350,3.91,41.84,20.23,9.7,58,24.17,42.1,Low Demand
2025-10,BK062,මිනිසා සහ සෙවනැලි,"කර්ට් වොනෙගට් (Kurt Vonnegut), පරිවර්තනය: ගාමිණී වියන්ගොඩ (Translation: Gamini Viyangoda)",978-673-1310-88-3,Psychology,Kandy,70.8,14.35,445,3.91,47.58,23.42,8.7,58,38.84,56.93,Moderate Demand
2025-10,BK063,හේඩීස්ගේ දෙවොල (Hadesge Devola),රික් රයෝර්ඩන් - පරි. රූපේනි මානිංගමුව,978-955-697-343-3,Young Adult,Colombo,71.4,16.77,520,4.63,55.32,26.68,10.6,66,75.22,81.09,High Demand
2025-10,BK063,හේඩීස්ගේ දෙවොල (Hadesge Devola),රික් රයෝර්ඩන් - පරි. රූපේනි මානිංගමුව,978-955-697-343-3,Young Adult,Galle,66.6,13.65,423,4.62,49.1,22.87,10.6,66,49.18,52.62,Low Demand
2025-10,BK063,හේඩීස්ගේ දෙවොල (Hadesge Devola),රික් රයෝර්ඩන් - පරි. රූපේනි මානිංගමුව,978-955-697-343-3,Young Adult,Kandy,70.1,15.23,472,4.61,54.26,25.71,9.8,66,41.8,58.35,Moderate Demand
2025-10,BK064,2010,ආතර් සී. ක්ලාක් (පරිවර්තනය: චන්දන වීරසිංහ),978-624-5712-10-6,Sci-Fi,Colombo,74.2,20.06,622,4.1,68.87,31.9,9.6,72,59.63,66.2,Moderate Demand
2025-10,BK064,2010,ආතර් සී. ක්ලාක් (පරිවර්තනය: චන්දන වීරසිංහ),978-624-5712-10-6,Sci-Fi,Galle,78.2,19.13,593,4.09,62.1,28.45,11.2,72,71.22,70.48,Moderate Demand
2025-10,BK064,2010,ආතර් සී. ක්ලාක් (පරිවර්තනය: චන්දන වීරසිංහ),978-624-5712-10-6,Sci-Fi,Kandy,72.3,20.35,631,4.1,69.81,32.52,10.6,72,65.67,78.46,High Demand
2025-10,BK065,මන්දාරම් රාත්‍රිය,ඩී. එම්. අනුර දිසානායක,978-624-5829-10-1,Mystery,Colombo,77.3,20.06,622,4.98,69.03,33.0,11.8,71,62.82,79.28,High Demand
2025-10,BK065,මන්දාරම් රාත්‍රිය,ඩී. එම්. අනුර දිසානායක,978-624-5829-10-1,Mystery,Galle,75.5,17.32,537,4.99,60.81,28.06,11.2,71,61.81,80.87,High Demand
2025-10,BK065,මන්දාරම් රාත්‍රිය,ඩී. එම්. අනුර දිසානායක,978-624-5829-10-1,Mystery,Kandy,71.7,17.71,549,4.99,59.29,28.52,12.4,71,49.62,75.23,High Demand
2025-10,BK066,පරණ මාලිගාව,ක්‍රිස් කුස්නෙස්කි (පරිවර්තනය),978-726-5125-19-4,Horror,Colombo,63.6,13.19,409,4.5,48.26,22.16,9.1,68,41.76,64.34,Moderate Demand
2025-10,BK066,පරණ මාලිගාව,ක්‍රිස් කුස්නෙස්කි (පරිවර්තනය),978-726-5125-19-4,Horror,Galle,75.1,12.06,374,4.51,43.84,21.16,9.2,68,27.42,51.84,Low Demand
2025-10,BK066,පරණ මාලිගාව,ක්‍රිස් කුස්නෙස්කි (පරිවර්තනය),978-726-5125-19-4,Horror,Kandy,71.1,12.68,393,4.5,45.19,22.94,11.5,68,28.1,54.02,Low Demand
2025-10,BK067,අනාගතේ පැතිකඩක් (Profiles of the Future),ආතර් සී. ක්ලාක් (පරිවර්තනය: එස්. එම්. බන්දුසීල),978-624-5712-31-1,Sci-Fi,Colombo,74.8,20.52,636,3.9,70.77,32.74,8.7,72,76.05,78.81,High Demand
2025-10,BK067,අනාගතේ පැතිකඩක් (Profiles of the Future),ආතර් සී. ක්ලාක් (පරිවර්තනය: එස්. එම්. බන්දුසීල),978-624-5712-31-1,Sci-Fi,Galle,75.1,16.81,521,3.9,57.35,25.29,9.0,72,70.27,71.89,Moderate Demand
2025-10,BK067,අනාගතේ පැතිකඩක් (Profiles of the Future),ආතර් සී. ක්ලාක් (පරිවර්තනය: එස්. එම්. බන්දුසීල),978-624-5712-31-1,Sci-Fi,Kandy,78.3,19.03,590,3.91,59.03,28.71,10.5,72,66.66,74.68,High Demand
2025-10,BK068,දඩයම් බල්ලෝ,පරිවර්තන නවකතා,978-624-5572-38-0,Thriller,Colombo,69.4,18.94,587,4.0,59.61,29.13,10.7,76,67.57,78.04,High Demand
2025-10,BK068,දඩයම් බල්ලෝ,පරිවර්තන නවකතා,978-624-5572-38-0,Thriller,Galle,69.7,17.39,539,4.0,61.19,30.61,11.0,76,70.57,73.14,High Demand
2025-10,BK068,දඩයම් බල්ලෝ,පරිවර්තන නවකතා,978-624-5572-38-0,Thriller,Kandy,72.5,21.35,662,4.0,67.29,30.77,10.4,76,67.43,71.24,Moderate Demand
2025-10,BK069,අදිසි අනතුර (Adisi Anathura - The Crash),ෆ්‍රීඩා මැක්ෆැඩන් - පරි. නයනතාරා පිලපිටිය,978-624-6570-48-4,Thriller,Colombo,65.8,19.81,614,4.31,68.48,32.03,9.5,76,62.09,80.92,High Demand
2025-10,BK069,අදිසි අනතුර (Adisi Anathura - The Crash),ෆ්‍රීඩා මැක්ෆැඩන් - පරි. නයනතාරා පිලපිටිය,978-624-6570-48-4,Thriller,Galle,72.3,17.74,550,4.3,59.61,28.19,13.2,76,67.72,68.05,Moderate Demand
2025-10,BK069,අදිසි අනතුර (Adisi Anathura - The Crash),ෆ්‍රීඩා මැක්ෆැඩන් - පරි. නයනතාරා පිලපිටිය,978-624-6570-48-4,Thriller,Kandy,70.3,20.0,620,4.31,70.32,33.65,10.1,76,64.33,77.32,High Demand
2025-10,BK070,Crown of Midnight,සාරා ජේ. මාස් (Sarah J. Maas),978-624-5663-48-4,Fantasy,Colombo,69.8,19.16,594,4.5,68.94,32.0,9.4,74,80.88,85.37,High Demand
2025-10,BK070,Crown of Midnight,සාරා ජේ. මාස් (Sarah J. Maas),978-624-5663-48-4,Fantasy,Galle,74.4,20.68,641,4.5,66.65,31.71,9.0,74,80.79,77.66,High Demand
2025-10,BK070,Crown of Midnight,සාරා ජේ. මාස් (Sarah J. Maas),978-624-5663-48-4,Fantasy,Kandy,74.0,23.13,717,4.53,73.23,34.61,8.2,74,58.74,67.48,Moderate Demand
2025-10,BK071,සුළං ගංගාව,පියදාස රත්නසිංහ (පරිවර්තනය),978-935-1789-28-8,Academic,Colombo,67.2,12.81,397,4.51,46.06,21.45,10.3,45,23.16,38.09,Low Demand
2025-10,BK071,සුළං ගංගාව,පියදාස රත්නසිංහ (පරිවර්තනය),978-935-1789-28-8,Academic,Galle,71.7,10.65,330,4.49,40.35,20.42,11.0,45,17.28,47.35,Low Demand
2025-10,BK071,සුළං ගංගාව,පියදාස රත්නසිංහ (පරිවර්තනය),978-935-1789-28-8,Academic,Kandy,77.5,13.77,427,4.51,47.13,23.26,10.1,45,39.11,60.83,Moderate Demand
2025-10,BK072,ගීතය සහ මාලිගාව,එරන්ද ගිනිගේ (Eranda Ginige),978-616-9581-88-7,Psychology,Colombo,74.1,13.61,422,3.71,48.35,22.84,11.4,58,37.9,53.31,Low Demand
2025-10,BK072,ගීතය සහ මාලිගාව,එරන්ද ගිනිගේ (Eranda Ginige),978-616-9581-88-7,Psychology,Galle,65.2,10.48,325,3.7,36.39,17.23,12.4,58,10.92,39.47,Low Demand
2025-10,BK072,ගීතය සහ මාලිගාව,එරන්ද ගිනිගේ (Eranda Ginige),978-616-9581-88-7,Psychology,Kandy,71.7,13.71,425,3.7,48.84,23.42,9.8,58,23.27,48.4,Low Demand
2025-10,BK073,ගමන සහ සෙවනැලි,"වික්ටෝරියා හෝල්ට් (Victoria Holt), පරිවර්තනය: කෝශලී සිරිචන්ද්‍ර (Translation: Koshalee Sirichandra)",978-477-2613-24-8,Horror,Colombo,75.9,11.58,359,3.81,43.61,20.84,7.0,68,9.58,39.21,Low Demand
2025-10,BK073,ගමන සහ සෙවනැලි,"වික්ටෝරියා හෝල්ට් (Victoria Holt), පරිවර්තනය: කෝශලී සිරිචන්ද්‍ර (Translation: Koshalee Sirichandra)",978-477-2613-24-8,Horror,Galle,67.6,10.94,339,3.81,37.35,18.52,9.6,68,18.56,46.33,Low Demand
2025-10,BK073,ගමන සහ සෙවනැලි,"වික්ටෝරියා හෝල්ට් (Victoria Holt), පරිවර්තනය: කෝශලී සිරිචන්ද්‍ර (Translation: Koshalee Sirichandra)",978-477-2613-24-8,Horror,Kandy,68.3,12.97,402,3.8,49.06,24.13,10.2,68,37.97,61.69,Moderate Demand
2025-10,BK074,එවා මෙහේ බෑ මචං,පිනසිරි දඩල්ලගේ,978-955-97643-5-9,Non-fiction,Colombo,69.4,12.42,385,4.39,43.97,21.52,10.4,52,19.93,51.56,Low Demand
2025-10,BK074,එවා මෙහේ බෑ මචං,පිනසිරි දඩල්ලගේ,978-955-97643-5-9,Non-fiction,Galle,74.2,11.42,354,4.41,43.06,20.71,10.1,52,31.43,56.41,Moderate Demand
2025-10,BK074,එවා මෙහේ බෑ මචං,පිනසිරි දඩල්ලගේ,978-955-97643-5-9,Non-fiction,Kandy,66.0,12.52,388,4.38,43.42,21.77,8.0,52,9.94,37.82,Low Demand
2025-10,BK075,"හොල්මන්, ආවේශ සහ යළි උපත (You Cannot Die)",ඉයන් කරි (පරිවර්තනය: භද්‍රජි මහින්ද ජයතිලක),978-955-671-215-5,Psychology,Colombo,70.7,14.87,461,4.81,49.1,23.35,13.2,58,33.6,54.63,Low Demand
2025-10,BK075,"හොල්මන්, ආවේශ සහ යළි උපත (You Cannot Die)",ඉයන් කරි (පරිවර්තනය: භද්‍රජි මහින්ද ජයතිලක),978-955-671-215-5,Psychology,Galle,70.2,11.13,345,4.8,38.58,19.13,11.3,58,8.05,45.55,Low Demand
2025-10,BK075,"හොල්මන්, ආවේශ සහ යළි උපත (You Cannot Die)",ඉයන් කරි (පරිවර්තනය: භද්‍රජි මහින්ද ජයතිලක),978-955-671-215-5,Psychology,Kandy,71.7,12.9,400,4.81,45.42,21.71,10.1,58,27.27,56.54,Moderate Demand
2025-10,BK076,සෙංකොට්ටං (Senkottan),මහින්ද ප්‍රසාද් මසිඹුල,978-955-098-000-0,Novel,Colombo,79.0,29.65,919,4.29,79.42,36.03,9.2,70,74.08,69.71,Moderate Demand
2025-10,BK076,සෙංකොට්ටං (Senkottan),මහින්ද ප්‍රසාද් මසිඹුල,978-955-098-000-0,Novel,Galle,71.1,27.39,849,4.3,77.16,36.48,9.5,70,99.64,91.16,High Demand
2025-10,BK076,සෙංකොට්ටං (Senkottan),මහින්ද ප්‍රසාද් මසිඹුල,978-955-098-000-0,Novel,Kandy,73.6,30.55,947,4.32,80.65,37.55,8.8,70,100.0,87.27,High Demand
2025-10,BK077,අතීත මිටියාවත,ඊනිඩ් බ්ලයිටන් (Enid Blyton),978-845-3000-71-2,Children's,Colombo,66.9,11.87,368,4.38,38.61,18.87,11.0,60,12.66,47.24,Low Demand
2025-10,BK077,අතීත මිටියාවත,ඊනිඩ් බ්ලයිටන් (Enid Blyton),978-845-3000-71-2,Children's,Galle,81.3,12.71,394,4.38,46.19,22.32,11.3,60,31.35,53.97,Low Demand
2025-10,BK077,අතීත මිටියාවත,ඊනිඩ් බ්ලයිටන් (Enid Blyton),978-845-3000-71-2,Children's,Kandy,77.6,11.84,367,4.41,41.19,19.65,12.2,60,16.27,46.23,Low Demand
2025-10,BK078,සිහිනය සහ සෙවනැලි,"ස්ටෙෆනි ගාබර් (Stephanie Garber), පරිවර්තනය: කෝශලී සිරිචන්ද්‍ර (Translation: Koshalee Sirichandra)",978-748-7074-58-5,Historical/Religious,Colombo,76.6,13.35,414,4.6,48.1,23.26,12.6,55,40.98,59.55,Moderate Demand
2025-10,BK078,සිහිනය සහ සෙවනැලි,"ස්ටෙෆනි ගාබර් (Stephanie Garber), පරිවර්තනය: කෝශලී සිරිචන්ද්‍ර (Translation: Koshalee Sirichandra)",978-748-7074-58-5,Historical/Religious,Galle,70.8,11.77,365,4.6,42.29,20.87,8.5,55,30.33,56.87,Moderate Demand
2025-10,BK078,සිහිනය සහ සෙවනැලි,"ස්ටෙෆනි ගාබර් (Stephanie Garber), පරිවර්තනය: කෝශලී සිරිචන්ද්‍ර (Translation: Koshalee Sirichandra)",978-748-7074-58-5,Historical/Religious,Kandy,75.3,13.71,425,4.61,50.1,23.68,8.1,55,14.19,42.83,Low Demand
2025-10,BK079,හැරී පොටර් සහ රහස් කුටිය,ජේ. කේ. රෝලිං - පරි. අභය හේවාවසම්,978-955-573-623-7,Translation,Colombo,73.7,29.26,907,4.21,78.71,36.9,11.8,62,97.56,84.3,High Demand
2025-10,BK079,හැරී පොටර් සහ රහස් කුටිය,ජේ. කේ. රෝලිං - පරි. අභය හේවාවසම්,978-955-573-623-7,Translation,Galle,76.6,29.55,916,4.2,82.0,38.68,9.6,62,82.75,81.81,High Demand
2025-10,BK079,හැරී පොටර් සහ රහස් කුටිය,ජේ. කේ. රෝලිං - පරි. අභය හේවාවසම්,978-955-573-623-7,Translation,Kandy,78.1,30.06,932,4.19,81.13,36.87,8.6,62,94.15,80.83,High Demand
2025-10,BK080,විකෘති (Vikurthi),සෝමලතා සුබසිංහ,978-955-428-430-2,Drama,Colombo,68.8,15.74,488,4.92,56.0,25.52,11.2,65,49.17,66.31,Moderate Demand
2025-10,BK080,විකෘති (Vikurthi),සෝමලතා සුබසිංහ,978-955-428-430-2,Drama,Galle,68.7,13.16,408,4.93,43.19,20.52,13.4,65,49.58,70.29,Moderate Demand
2025-10,BK080,විකෘති (Vikurthi),සෝමලතා සුබසිංහ,978-955-428-430-2,Drama,Kandy,71.3,17.26,535,4.91,59.74,28.74,11.6,65,44.56,65.51,Moderate Demand
2025-10,BK081,නැන්දම්මාගේ ඩයරිය,කල්පනා කස්තුරිආරච්චි,978-624-9695-78-8,Short Stories,Colombo,67.9,12.58,390,4.11,45.94,22.06,9.3,57,19.54,55.34,Low Demand
2025-10,BK081,නැන්දම්මාගේ ඩයරිය,කල්පනා කස්තුරිආරච්චි,978-624-9695-78-8,Short Stories,Galle,69.4,11.06,343,4.1,40.35,20.23,9.5,57,25.89,50.03,Low Demand
2025-10,BK081,නැන්දම්මාගේ ඩයරිය,කල්පනා කස්තුරිආරච්චි,978-624-9695-78-8,Short Stories,Kandy,70.0,14.1,437,4.1,51.29,24.55,11.6,57,35.36,49.47,Low Demand
2025-10,BK082,හැරී පොටර් සහ අස්කබාන්හි සිරකරු,ජේ. කේ. රෝලිං - පරි. අභය හේවාවසම්,978-955-671-187-5,Translation,Colombo,77.3,32.65,1012,3.78,83.97,39.03,10.9,62,90.04,72.52,Moderate Demand
2025-10,BK082,හැරී පොටර් සහ අස්කබාන්හි සිරකරු,ජේ. කේ. රෝලිං - පරි. අභය හේවාවසම්,978-955-671-187-5,Translation,Galle,71.6,30.55,947,3.8,84.19,39.03,9.8,62,95.83,81.01,High Demand
2025-10,BK082,හැරී පොටර් සහ අස්කබාන්හි සිරකරු,ජේ. කේ. රෝලිං - පරි. අභය හේවාවසම්,978-955-671-187-5,Translation,Kandy,78.9,32.71,1014,3.79,86.84,40.42,10.5,62,87.37,76.71,High Demand
2025-10,BK083,පර්සි ජැක්සන් සහ රාක්ෂ සයුර,රික් රියෝඩන් (පරි. සවින්දි ආරියතිලක),978-955-697-090-0,Fantasy,Colombo,76.7,19.35,600,4.39,69.16,32.23,11.4,74,61.15,73.91,High Demand
2025-10,BK083,පර්සි ජැක්සන් සහ රාක්ෂ සයුර,රික් රියෝඩන් (පරි. සවින්දි ආරියතිලක),978-955-697-090-0,Fantasy,Galle,75.1,16.58,514,4.38,55.77,27.0,10.6,74,71.62,76.41,High Demand
2025-10,BK083,පර්සි ජැක්සන් සහ රාක්ෂ සයුර,රික් රියෝඩන් (පරි. සවින්දි ආරියතිලක),978-955-697-090-0,Fantasy,Kandy,77.1,18.77,582,4.41,62.58,30.1,12.4,74,58.94,72.64,Moderate Demand
2025-10,BK084,විභාග ජය ගැනීමේ රහස (Vibhaga Jaya Ganeeme Rahasa),ප්‍රවීන් රන්දෙනිය,978-624-97120-5-0,Academic,Colombo,75.9,20.58,638,4.1,69.03,32.13,9.4,45,73.24,68.23,Moderate Demand
2025-10,BK084,විභාග ජය ගැනීමේ රහස (Vibhaga Jaya Ganeeme Rahasa),ප්‍රවීන් රන්දෙනිය,978-624-97120-5-0,Academic,Galle,75.7,18.0,558,4.1,61.48,28.32,9.7,45,83.73,73.45,High Demand
2025-10,BK084,විභාග ජය ගැනීමේ රහස (Vibhaga Jaya Ganeeme Rahasa),ප්‍රවීන් රන්දෙනිය,978-624-97120-5-0,Academic,Kandy,78.6,22.94,711,4.1,70.61,33.71,11.3,45,82.18,65.2,Moderate Demand
2025-10,BK085,දික්තල කාලගෝල (Diktala Kalagola),පුණ්‍යසේන ගුණසිංහ,978-955-9377-71-9,Drama,Colombo,79.7,14.81,459,4.81,49.45,23.35,10.9,65,42.18,73.09,High Demand
2025-10,BK085,දික්තල කාලගෝල (Diktala Kalagola),පුණ්‍යසේන ගුණසිංහ,978-955-9377-71-9,Drama,Galle,69.8,11.77,365,4.79,42.81,20.42,10.2,65,27.55,62.93,Moderate Demand
2025-10,BK085,දික්තල කාලගෝල (Diktala Kalagola),පුණ්‍යසේන ගුණසිංහ,978-955-9377-71-9,Drama,Kandy,70.2,12.52,388,4.77,44.94,21.52,7.7,65,24.32,56.51,Moderate Demand
2025-10,BK086,නැන්සි කෲ: ටෙඩි බෙයාර් අබිරහස,කැරොලයින් කීන්,978-955-657-006-8,Translation,Colombo,74.6,14.32,444,4.32,50.1,23.65,13.1,62,42.24,63.32,Moderate Demand
2025-10,BK086,නැන්සි කෲ: ටෙඩි බෙයාර් අබිරහස,කැරොලයින් කීන්,978-955-657-006-8,Translation,Galle,71.8,13.42,416,4.3,47.74,23.23,9.6,62,40.06,61.45,Moderate Demand
2025-10,BK086,නැන්සි කෲ: ටෙඩි බෙයාර් අබිරහස,කැරොලයින් කීන්,978-955-657-006-8,Translation,Kandy,76.3,16.16,501,4.31,56.87,27.58,10.8,62,59.54,66.87,Moderate Demand
2025-10,BK087,කතාව සහ සිහිනය,ක්‍රිස් කුස්නෙස්කි (පරිවර්තනය),978-566-9308-23-4,Short Stories,Colombo,77.4,13.87,430,3.71,48.81,23.71,11.0,57,31.72,53.02,Low Demand
2025-10,BK087,කතාව සහ සිහිනය,ක්‍රිස් කුස්නෙස්කි (පරිවර්තනය),978-566-9308-23-4,Short Stories,Galle,71.5,10.16,315,3.69,36.1,17.61,10.5,57,16.67,44.24,Low Demand
2025-10,BK087,කතාව සහ සිහිනය,ක්‍රිස් කුස්නෙස්කි (පරිවර්තනය),978-566-9308-23-4,Short Stories,Kandy,61.8,12.84,398,3.69,45.35,22.19,10.7,57,32.98,51.28,Low Demand
2025-10,BK088,අඹ යහළුවෝ,ටී. බී. ඉලංගරත්න,978-955-4682-00-9,Novel,Colombo,77.2,25.1,778,4.8,76.45,33.81,10.8,70,79.65,76.06,High Demand
2025-10,BK088,අඹ යහළුවෝ,ටී. බී. ඉලංගරත්න,978-955-4682-00-9,Novel,Galle,78.6,24.77,768,4.79,74.55,34.74,10.9,70,96.48,91.24,High Demand
2025-10,BK088,අඹ යහළුවෝ,ටී. බී. ඉලංගරත්න,978-955-4682-00-9,Novel,Kandy,74.1,26.77,830,4.8,79.48,36.87,9.9,70,91.41,88.58,High Demand
2025-10,BK089,මායා අහස,දිනිති තරුමිණි,978-222-3861-35-8,Young Adult,Colombo,73.9,12.94,401,4.3,44.26,20.58,10.8,66,6.71,48.26,Low Demand
2025-10,BK089,මායා අහස,දිනිති තරුමිණි,978-222-3861-35-8,Young Adult,Galle,69.5,11.58,359,4.29,40.84,19.74,12.0,66,24.65,55.4,Low Demand
2025-10,BK089,මායා අහස,දිනිති තරුමිණි,978-222-3861-35-8,Young Adult,Kandy,79.8,13.77,427,4.29,52.06,24.87,10.5,66,41.69,68.11,Moderate Demand
2025-10,BK090,අනාගත නගරය,පරිවර්තනය: චන්දන මෙන්ඩිස් (Chandana Mendis),978-587-7471-56-2,Drama,Colombo,72.4,13.42,416,3.7,47.35,22.1,9.3,65,32.27,52.78,Low Demand
2025-10,BK090,අනාගත නගරය,පරිවර්තනය: චන්දන මෙන්ඩිස් (Chandana Mendis),978-587-7471-56-2,Drama,Galle,69.1,11.87,368,3.7,43.29,20.55,10.5,65,44.74,57.53,Moderate Demand
2025-10,BK090,අනාගත නගරය,පරිවර්තනය: චන්දන මෙන්ඩිස් (Chandana Mendis),978-587-7471-56-2,Drama,Kandy,73.2,13.03,404,3.7,47.32,21.97,8.1,65,24.46,48.72,Low Demand
2025-10,BK091,හැරී පොටර් සහ ෆීනික්ස් නිකාය,ජේ. කේ. රෝලිං - පරි. අභය හේවාවසම්,978-955-573-951-1,Translation,Colombo,78.3,33.61,1042,3.6,81.61,37.55,12.5,62,93.27,83.6,High Demand
2025-10,BK091,හැරී පොටර් සහ ෆීනික්ස් නිකාය,ජේ. කේ. රෝලිං - පරි. අභය හේවාවසම්,978-955-573-951-1,Translation,Galle,76.7,29.06,901,3.61,82.06,39.26,9.5,62,82.48,82.0,High Demand
2025-10,BK091,හැරී පොටර් සහ ෆීනික්ස් නිකාය,ජේ. කේ. රෝලිං - පරි. අභය හේවාවසම්,978-955-573-951-1,Translation,Kandy,74.6,34.16,1059,3.6,87.23,40.42,10.8,62,100.0,82.31,High Demand
2025-10,BK092,සැඟවුණු රහස,රොජර් ලී මැක්බ්‍රයිඩ් (Roger Lea MacBride) - පරිවර්තනය: චිත්‍රා අමරසේකර,978-745-6661-48-1,Historical/Religious,Colombo,66.1,13.55,420,4.9,44.97,22.39,10.5,55,28.72,48.54,Low Demand
2025-10,BK092,සැඟවුණු රහස,රොජර් ලී මැක්බ්‍රයිඩ් (Roger Lea MacBride) - පරිවර්තනය: චිත්‍රා අමරසේකර,978-745-6661-48-1,Historical/Religious,Galle,70.1,11.42,354,4.9,42.19,20.97,12.2,55,16.35,40.68,Low Demand
2025-10,BK092,සැඟවුණු රහස,රොජර් ලී මැක්බ්‍රයිඩ් (Roger Lea MacBride) - පරිවර්තනය: චිත්‍රා අමරසේකර,978-745-6661-48-1,Historical/Religious,Kandy,68.2,11.61,360,4.91,43.84,21.9,10.1,55,20.93,47.18,Low Demand
2025-10,BK093,සෙවනැලි සහ මාලිගාව,පරිවර්තනය: චන්දන මෙන්ඩිස් (Chandana Mendis),978-289-1737-32-0,Poetry,Colombo,73.6,13.65,423,3.91,48.61,24.1,13.1,50,39.36,41.0,Low Demand
2025-10,BK093,සෙවනැලි සහ මාලිගාව,පරිවර්තනය: චන්දන මෙන්ඩිස් (Chandana Mendis),978-289-1737-32-0,Poetry,Galle,65.2,11.32,351,3.9,41.77,20.23,13.1,50,3.48,30.13,Low Demand
2025-10,BK093,සෙවනැලි සහ මාලිගාව,පරිවර්තනය: චන්දන මෙන්ඩිස් (Chandana Mendis),978-289-1737-32-0,Poetry,Kandy,74.5,12.74,395,3.9,47.77,23.35,10.6,50,18.57,46.65,Low Demand
2025-10,BK094,නෙවර් ලයි (Never Lie),ෆ්‍රීඩා මැක්ෆැඩන් - පරි. තරුෂි නිරංගා ජයසිංහ,978-624-6570-46-0,Thriller,Colombo,77.7,24.61,763,4.3,76.77,36.61,9.2,76,91.51,89.37,High Demand
2025-10,BK094,නෙවර් ලයි (Never Lie),ෆ්‍රීඩා මැක්ෆැඩන් - පරි. තරුෂි නිරංගා ජයසිංහ,978-624-6570-46-0,Thriller,Galle,69.0,19.58,607,4.3,64.35,29.65,11.3,76,73.21,84.38,High Demand
2025-10,BK094,නෙවර් ලයි (Never Lie),ෆ්‍රීඩා මැක්ෆැඩන් - පරි. තරුෂි නිරංගා ජයසිංහ,978-624-6570-46-0,Thriller,Kandy,67.5,24.74,767,4.29,77.77,36.23,10.0,76,90.59,84.1,High Demand
2025-10,BK095,ප්‍රේම ගීතය,සමුද්‍ර වෙත්තසිංහ (Samudra Weththasingha),978-573-6220-40-5,Non-fiction,Colombo,80.6,11.65,361,4.5,43.13,21.42,10.4,52,10.24,41.75,Low Demand
2025-10,BK095,ප්‍රේම ගීතය,සමුද්‍ර වෙත්තසිංහ (Samudra Weththasingha),978-573-6220-40-5,Non-fiction,Galle,72.0,11.55,358,4.51,42.87,21.52,11.5,52,29.95,55.68,Low Demand
2025-10,BK095,ප්‍රේම ගීතය,සමුද්‍ර වෙත්තසිංහ (Samudra Weththasingha),978-573-6220-40-5,Non-fiction,Kandy,73.3,12.77,396,4.5,47.61,24.03,10.4,52,21.58,41.59,Low Demand
2025-10,BK096,පුද්ගලිකයි රහසිගතයි (The Secret Files of Sherlock Holmes),චන්දන මෙන්ඩිස් (පරිවර්තනය),955-97776-4-5,Mystery,Colombo,77.8,20.29,629,4.97,63.9,30.1,9.2,71,89.4,90.82,High Demand
2025-10,BK096,පුද්ගලිකයි රහසිගතයි (The Secret Files of Sherlock Holmes),චන්දන මෙන්ඩිස් (පරිවර්තනය),955-97776-4-5,Mystery,Galle,67.8,17.35,538,4.97,58.29,26.84,9.5,71,52.42,77.37,High Demand
2025-10,BK096,පුද්ගලිකයි රහසිගතයි (The Secret Files of Sherlock Holmes),චන්දන මෙන්ඩිස් (පරිවර්තනය),955-97776-4-5,Mystery,Kandy,73.4,19.74,612,4.98,63.52,30.29,11.4,71,78.06,81.24,High Demand
2025-10,BK097,පරණ කතාව,මාර්ටින් වික්‍රමසිංහ,978-528-5693-75-7,Children's,Colombo,61.4,12.94,401,4.1,47.06,21.45,9.5,60,38.03,53.23,Low Demand
2025-10,BK097,පරණ කතාව,මාර්ටින් වික්‍රමසිංහ,978-528-5693-75-7,Children's,Galle,65.7,11.19,347,4.11,40.42,19.9,9.5,60,0.0,29.22,Low Demand
2025-10,BK097,පරණ කතාව,මාර්ටින් වික්‍රමසිංහ,978-528-5693-75-7,Children's,Kandy,68.6,12.0,372,4.09,46.74,22.03,10.4,60,21.08,43.59,Low Demand
2025-10,BK098,මාණික්කාවත (Manikkawatha),මහින්ද ප්‍රසාද් මසිඹුල,978-955-098-023-9,Novel,Colombo,73.7,28.65,888,3.49,82.1,40.52,9.9,70,76.29,66.19,Moderate Demand
2025-10,BK098,මාණික්කාවත (Manikkawatha),මහින්ද ප්‍රසාද් මසිඹුල,978-955-098-023-9,Novel,Galle,71.7,23.48,728,3.49,73.35,34.84,11.5,70,95.33,81.35,High Demand
2025-10,BK098,මාණික්කාවත (Manikkawatha),මහින්ද ප්‍රසාද් මසිඹුල,978-955-098-023-9,Novel,Kandy,76.2,27.16,842,3.5,77.45,35.52,10.8,70,100.0,89.81,High Demand
2025-10,BK099,ගංගාව සහ ගංගාව,"ජේම්ස් හැඩ්ලි චේස් (James Hadley Chase), පරිවර්තනය: එන්. ජී. විජේරත්න (Translation: N. G. Wijerathna)",978-493-2631-22-5,Children's,Colombo,71.9,11.84,367,4.79,41.94,20.16,11.8,60,8.01,42.9,Low Demand
2025-10,BK099,ගංගාව සහ ගංගාව,"ජේම්ස් හැඩ්ලි චේස් (James Hadley Chase), පරිවර්තනය: එන්. ජී. විජේරත්න (Translation: N. G. Wijerathna)",978-493-2631-22-5,Children's,Galle,71.8,11.87,368,4.8,42.39,21.06,10.5,60,41.14,64.42,Moderate Demand
2025-10,BK099,ගංගාව සහ ගංගාව,"ජේම්ස් හැඩ්ලි චේස් (James Hadley Chase), පරිවර්තනය: එන්. ජී. විජේරත්න (Translation: N. G. Wijerathna)",978-493-2631-22-5,Children's,Kandy,72.6,14.32,444,4.81,51.29,24.35,11.5,60,26.75,61.75,Moderate Demand
2025-10,BK100,රන් මතකය,ලසිත රවීන් උමගිලිය,978-825-3894-18-1,Young Adult,Colombo,72.1,12.77,396,4.1,42.81,21.39,8.6,66,11.09,41.15,Low Demand
2025-10,BK100,රන් මතකය,ලසිත රවීන් උමගිලිය,978-825-3894-18-1,Young Adult,Galle,71.2,11.29,350,4.1,41.23,19.0,10.2,66,21.68,43.1,Low Demand
2025-10,BK100,රන් මතකය,ලසිත රවීන් උමගිලිය,978-825-3894-18-1,Young Adult,Kandy,69.4,12.68,393,4.1,44.16,20.26,10.9,66,31.63,45.23,Low Demand
2025-11,BK052,අනාගත අහස,මාර්ටින් වික්‍රමසිංහ (පරිවර්තනය),978-147-1385-34-4,Historical/Religious,Colombo,71.9,13.43,403,4.69,47.43,22.7,9.2,55,42.61,55.17,Low Demand
2025-11,BK052,අනාගත අහස,මාර්ටින් වික්‍රමසිංහ (පරිවර්තනය),978-147-1385-34-4,Historical/Religious,Galle,72.7,10.43,313,4.69,39.0,19.27,11.7,55,27.03,47.72,Low Demand
2025-11,BK052,අනාගත අහස,මාර්ටින් වික්‍රමසිංහ (පරිවර්තනය),978-147-1385-34-4,Historical/Religious,Kandy,67.0,13.9,417,4.71,51.3,24.83,10.9,55,37.76,55.93,Moderate Demand
2025-11,BK053,මිටියාවත සහ කාලය,"ජෝන් ෂෝර්ස් (John Shors), පරිවර්තනය: ප්‍රදීප් කුමාර බාලසූරිය (Translation: Pradeep Kumara Balasuriya)",978-976-3071-42-3,Horror,Colombo,74.1,13.77,413,4.91,48.77,22.47,11.8,68,32.5,66.92,Moderate Demand
2025-11,BK053,මිටියාවත සහ කාලය,"ජෝන් ෂෝර්ස් (John Shors), පරිවර්තනය: ප්‍රදීප් කුමාර බාලසූරිය (Translation: Pradeep Kumara Balasuriya)",978-976-3071-42-3,Horror,Galle,68.7,12.53,376,4.91,44.6,20.53,10.2,68,49.6,73.27,High Demand
2025-11,BK053,මිටියාවත සහ කාලය,"ජෝන් ෂෝර්ස් (John Shors), පරිවර්තනය: ප්‍රදීප් කුමාර බාලසූරිය (Translation: Pradeep Kumara Balasuriya)",978-976-3071-42-3,Horror,Kandy,71.3,14.8,444,4.9,54.93,26.83,8.8,68,39.53,63.57,Moderate Demand
2025-11,BK054,රහස සහ කතාව,පවනි උමයංගනා (Pawani Umayangana),978-476-5849-54-7,Non-fiction,Colombo,68.5,13.03,391,3.5,45.37,22.2,10.9,52,41.28,56.97,Moderate Demand
2025-11,BK054,රහස සහ කතාව,පවනි උමයංගනා (Pawani Umayangana),978-476-5849-54-7,Non-fiction,Galle,68.3,12.0,360,3.51,39.57,20.5,11.3,52,33.01,48.33,Low Demand
2025-11,BK054,රහස සහ කතාව,පවනි උමයංගනා (Pawani Umayangana),978-476-5849-54-7,Non-fiction,Kandy,66.8,12.23,367,3.49,43.33,21.5,10.5,52,24.28,44.72,Low Demand
2025-11,BK055,ඇහි පියන් ඇහැරිලා (Ahi Piyan Aharila),මහින්ද ප්‍රසාද් මසිඹුල,978-955-098-003-1,Poetry,Colombo,76.7,18.77,563,3.99,65.53,30.93,9.4,50,76.91,76.16,High Demand
2025-11,BK055,ඇහි පියන් ඇහැරිලා (Ahi Piyan Aharila),මහින්ද ප්‍රසාද් මසිඹුල,978-955-098-003-1,Poetry,Galle,75.4,17.5,525,4.01,60.3,27.77,13.6,50,55.35,65.85,Moderate Demand
2025-11,BK055,ඇහි පියන් ඇහැරිලා (Ahi Piyan Aharila),මහින්ද ප්‍රසාද් මසිඹුල,978-955-098-003-1,Poetry,Kandy,74.5,20.5,615,4.0,68.2,30.5,10.3,50,61.77,72.27,Moderate Demand
2025-11,BK056,ගමන සහ කාලය,ප්‍රේමකීර්ති රණතුංග,978-316-8963-96-1,Short Stories,Colombo,72.4,13.47,404,4.12,52.27,24.97,10.0,57,37.33,59.94,Moderate Demand
2025-11,BK056,ගමන සහ කාලය,ප්‍රේමකීර්ති රණතුංග,978-316-8963-96-1,Short Stories,Galle,70.2,11.0,330,4.12,40.63,19.23,12.0,57,48.0,58.47,Moderate Demand
2025-11,BK056,ගමන සහ කාලය,ප්‍රේමකීර්ති රණතුංග,978-316-8963-96-1,Short Stories,Kandy,75.4,13.6,408,4.11,50.93,23.6,13.0,57,31.04,57.47,Moderate Demand
2025-11,BK057,කොළඹ කන්ද,Michael Crichton (පරිවර්තනය: සුදත් රොහාන්),978-645-5531-58-3,Poetry,Colombo,76.9,12.6,378,4.7,41.27,19.27,9.7,50,23.35,41.04,Low Demand
2025-11,BK057,කොළඹ කන්ද,Michael Crichton (පරිවර්තනය: සුදත් රොහාන්),978-645-5531-58-3,Poetry,Galle,75.1,11.57,347,4.69,42.5,20.9,11.4,50,39.65,61.96,Moderate Demand
2025-11,BK057,කොළඹ කන්ද,Michael Crichton (පරිවර්තනය: සුදත් රොහාන්),978-645-5531-58-3,Poetry,Kandy,77.4,13.37,401,4.71,49.6,25.8,8.9,50,40.09,56.04,Moderate Demand
2025-11,BK058,වසන්තය සහ මිටියාවත,තරංගා දිසානායක,978-630-6739-38-7,Academic,Colombo,69.4,13.53,406,3.69,47.6,24.13,11.6,45,46.05,50.99,Low Demand
2025-11,BK058,වසන්තය සහ මිටියාවත,තරංගා දිසානායක,978-630-6739-38-7,Academic,Galle,62.3,12.87,386,3.71,45.23,21.73,9.0,45,59.99,56.71,Moderate Demand
2025-11,BK058,වසන්තය සහ මිටියාවත,තරංගා දිසානායක,978-630-6739-38-7,Academic,Kandy,68.0,12.47,374,3.69,47.77,23.23,9.6,45,26.16,45.41,Low Demand
2025-11,BK059,370 යානයේ අබිරහස (370 Yanaye Abirahasa),භද්‍රජී මහින්ද ජයතිලක,978-624-6570-68-2,Mystery,Colombo,84.1,19.23,577,4.9,65.37,31.33,8.9,71,77.03,88.72,High Demand
2025-11,BK059,370 යානයේ අබිරහස (370 Yanaye Abirahasa),භද්‍රජී මහින්ද ජයතිලක,978-624-6570-68-2,Mystery,Galle,72.9,16.03,481,4.91,57.13,27.7,12.1,71,73.18,76.59,High Demand
2025-11,BK059,370 යානයේ අබිරහස (370 Yanaye Abirahasa),භද්‍රජී මහින්ද ජයතිලක,978-624-6570-68-2,Mystery,Kandy,69.6,20.7,621,4.89,69.37,33.0,9.8,71,87.25,86.11,High Demand
2025-11,BK060,පර්සි ජැක්සන් සහ වංගිරියේ සටන,රික් රියෝඩන් (පරි. සවින්දි ආරියතිලක),978-955-697-089-0,Fantasy,Colombo,77.6,19.63,589,4.48,65.63,29.63,9.0,74,77.39,74.18,High Demand
2025-11,BK060,පර්සි ජැක්සන් සහ වංගිරියේ සටන,රික් රියෝඩන් (පරි. සවින්දි ආරියතිලක),978-955-697-089-0,Fantasy,Galle,75.2,17.43,523,4.51,57.8,27.83,11.5,74,83.05,80.85,High Demand
2025-11,BK060,පර්සි ජැක්සන් සහ වංගිරියේ සටන,රික් රියෝඩන් (පරි. සවින්දි ආරියතිලක),978-955-697-089-0,Fantasy,Kandy,72.6,19.83,595,4.5,64.57,30.7,12.3,74,84.74,79.46,High Demand
2025-11,BK061,ආලෝකයේ සමිඳාණෝ (Alokaye Samindano - Lord of Light),රොජර් සෙලාස්නි - පරි. පුෂ්ප රංජන් විජේසිංහ,978-624-6570-11-8,Sci-Fi,Colombo,70.3,20.27,608,4.98,64.87,31.53,11.1,72,91.95,89.87,High Demand
2025-11,BK061,ආලෝකයේ සමිඳාණෝ (Alokaye Samindano - Lord of Light),රොජර් සෙලාස්නි - පරි. පුෂ්ප රංජන් විජේසිංහ,978-624-6570-11-8,Sci-Fi,Galle,75.1,19.6,588,4.98,65.73,30.0,10.1,72,89.71,93.0,High Demand
2025-11,BK061,ආලෝකයේ සමිඳාණෝ (Alokaye Samindano - Lord of Light),රොජර් සෙලාස්නි - පරි. පුෂ්ප රංජන් විජේසිංහ,978-624-6570-11-8,Sci-Fi,Kandy,71.2,19.23,577,4.98,63.93,29.93,11.9,72,69.78,76.45,High Demand
2025-11,BK062,මිනිසා සහ සෙවනැලි,"කර්ට් වොනෙගට් (Kurt Vonnegut), පරිවර්තනය: ගාමිණී වියන්ගොඩ (Translation: Gamini Viyangoda)",978-673-1310-88-3,Psychology,Colombo,68.8,12.63,379,3.91,46.43,22.73,9.3,58,29.99,55.12,Low Demand
2025-11,BK062,මිනිසා සහ සෙවනැලි,"කර්ට් වොනෙගට් (Kurt Vonnegut), පරිවර්තනය: ගාමිණී වියන්ගොඩ (Translation: Gamini Viyangoda)",978-673-1310-88-3,Psychology,Galle,81.4,9.3,279,3.9,33.03,16.3,8.8,58,19.86,47.98,Low Demand
2025-11,BK062,මිනිසා සහ සෙවනැලි,"කර්ට් වොනෙගට් (Kurt Vonnegut), පරිවර්තනය: ගාමිණී වියන්ගොඩ (Translation: Gamini Viyangoda)",978-673-1310-88-3,Psychology,Kandy,69.5,13.07,392,3.92,48.0,22.8,10.8,58,22.87,39.11,Low Demand
2025-11,BK063,හේඩීස්ගේ දෙවොල (Hadesge Devola),රික් රයෝර්ඩන් - පරි. රූපේනි මානිංගමුව,978-955-697-343-3,Young Adult,Colombo,72.1,16.37,491,4.59,56.97,27.4,10.9,66,71.74,71.93,Moderate Demand
2025-11,BK063,හේඩීස්ගේ දෙවොල (Hadesge Devola),රික් රයෝර්ඩන් - පරි. රූපේනි මානිංගමුව,978-955-697-343-3,Young Adult,Galle,69.9,14.63,439,4.6,49.23,24.27,12.1,66,61.97,69.76,Moderate Demand
2025-11,BK063,හේඩීස්ගේ දෙවොල (Hadesge Devola),රික් රයෝර්ඩන් - පරි. රූපේනි මානිංගමුව,978-955-697-343-3,Young Adult,Kandy,73.9,15.77,473,4.59,54.2,25.87,10.4,66,50.93,68.14,Moderate Demand
2025-11,BK064,2010,ආතර් සී. ක්ලාක් (පරිවර්තනය: චන්දන වීරසිංහ),978-624-5712-10-6,Sci-Fi,Colombo,73.5,21.77,653,4.1,67.13,31.3,9.3,72,79.53,77.82,High Demand
2025-11,BK064,2010,ආතර් සී. ක්ලාක් (පරිවර්තනය: චන්දන වීරසිංහ),978-624-5712-10-6,Sci-Fi,Galle,85.6,19.8,594,4.1,64.93,32.93,9.5,72,85.14,84.07,High Demand
2025-11,BK064,2010,ආතර් සී. ක්ලාක් (පරිවර්තනය: චන්දන වීරසිංහ),978-624-5712-10-6,Sci-Fi,Kandy,73.1,21.5,645,4.1,68.97,32.73,9.4,72,66.63,71.96,Moderate Demand
2025-11,BK065,මන්දාරම් රාත්‍රිය,ඩී. එම්. අනුර දිසානායක,978-624-5829-10-1,Mystery,Colombo,74.8,18.87,566,4.99,64.2,30.23,10.0,71,88.36,81.98,High Demand
2025-11,BK065,මන්දාරම් රාත්‍රිය,ඩී. එම්. අනුර දිසානායක,978-624-5829-10-1,Mystery,Galle,76.6,18.17,545,4.97,59.7,28.97,10.5,71,72.65,76.26,High Demand
2025-11,BK065,මන්දාරම් රාත්‍රිය,ඩී. එම්. අනුර දිසානායක,978-624-5829-10-1,Mystery,Kandy,72.1,21.1,633,4.99,68.1,31.6,12.1,71,88.22,93.7,High Demand
2025-11,BK066,පරණ මාලිගාව,ක්‍රිස් කුස්නෙස්කි (පරිවර්තනය),978-726-5125-19-4,Horror,Colombo,75.6,12.6,378,4.5,45.6,22.13,9.9,68,22.72,45.44,Low Demand
2025-11,BK066,පරණ මාලිගාව,ක්‍රිස් කුස්නෙස්කි (පරිවර්තනය),978-726-5125-19-4,Horror,Galle,70.7,11.8,354,4.5,42.83,21.03,11.2,68,37.34,59.97,Moderate Demand
2025-11,BK066,පරණ මාලිගාව,ක්‍රිස් කුස්නෙස්කි (පරිවර්තනය),978-726-5125-19-4,Horror,Kandy,70.9,12.97,389,4.5,48.6,23.37,12.9,68,24.81,45.59,Low Demand
2025-11,BK067,අනාගතේ පැතිකඩක් (Profiles of the Future),ආතර් සී. ක්ලාක් (පරිවර්තනය: එස්. එම්. බන්දුසීල),978-624-5712-31-1,Sci-Fi,Colombo,68.2,19.23,577,3.91,63.6,29.2,10.1,72,72.13,79.84,High Demand
2025-11,BK067,අනාගතේ පැතිකඩක් (Profiles of the Future),ආතර් සී. ක්ලාක් (පරිවර්තනය: එස්. එම්. බන්දුසීල),978-624-5712-31-1,Sci-Fi,Galle,76.4,17.1,513,3.91,60.23,29.2,9.5,72,66.21,73.2,High Demand
2025-11,BK067,අනාගතේ පැතිකඩක් (Profiles of the Future),ආතර් සී. ක්ලාක් (පරිවර්තනය: එස්. එම්. බන්දුසීල),978-624-5712-31-1,Sci-Fi,Kandy,71.5,20.37,611,3.87,69.87,31.8,12.3,72,72.98,76.39,High Demand
2025-11,BK068,දඩයම් බල්ලෝ,පරිවර්තන නවකතා,978-624-5572-38-0,Thriller,Colombo,71.9,19.0,570,4.0,62.1,28.77,10.1,76,67.01,62.67,Moderate Demand
2025-11,BK068,දඩයම් බල්ලෝ,පරිවර්තන නවකතා,978-624-5572-38-0,Thriller,Galle,68.9,17.43,523,3.98,57.83,27.0,9.7,76,70.74,74.12,High Demand
2025-11,BK068,දඩයම් බල්ලෝ,පරිවර්තන නවකතා,978-624-5572-38-0,Thriller,Kandy,74.8,21.57,647,4.0,69.1,32.9,9.4,76,85.36,84.7,High Demand
2025-11,BK069,අදිසි අනතුර (Adisi Anathura - The Crash),ෆ්‍රීඩා මැක්ෆැඩන් - පරි. නයනතාරා පිලපිටිය,978-624-6570-48-4,Thriller,Colombo,80.1,21.03,631,4.3,70.0,31.97,8.9,76,81.76,81.33,High Demand
2025-11,BK069,අදිසි අනතුර (Adisi Anathura - The Crash),ෆ්‍රීඩා මැක්ෆැඩන් - පරි. නයනතාරා පිලපිටිය,978-624-6570-48-4,Thriller,Galle,71.2,18.3,549,4.29,60.53,27.83,10.8,76,71.66,78.56,High Demand
2025-11,BK069,අදිසි අනතුර (Adisi Anathura - The Crash),ෆ්‍රීඩා මැක්ෆැඩන් - පරි. නයනතාරා පිලපිටිය,978-624-6570-48-4,Thriller,Kandy,77.3,22.23,667,4.32,71.03,33.07,9.5,76,75.88,89.57,High Demand
2025-11,BK070,Crown of Midnight,සාරා ජේ. මාස් (Sarah J. Maas),978-624-5663-48-4,Fantasy,Colombo,77.2,22.17,665,4.48,67.83,32.93,9.9,74,65.02,72.54,Moderate Demand
2025-11,BK070,Crown of Midnight,සාරා ජේ. මාස් (Sarah J. Maas),978-624-5663-48-4,Fantasy,Galle,72.5,21.27,638,4.51,66.77,31.07,8.9,74,100.0,92.18,High Demand
2025-11,BK070,Crown of Midnight,සාරා ජේ. මාස් (Sarah J. Maas),978-624-5663-48-4,Fantasy,Kandy,69.2,21.7,651,4.5,64.67,30.3,8.4,74,84.7,88.19,High Demand
2025-11,BK071,සුළං ගංගාව,පියදාස රත්නසිංහ (පරිවර්තනය),978-935-1789-28-8,Academic,Colombo,74.8,11.77,353,4.49,42.9,20.8,9.2,45,14.79,41.77,Low Demand
2025-11,BK071,සුළං ගංගාව,පියදාස රත්නසිංහ (පරිවර්තනය),978-935-1789-28-8,Academic,Galle,75.4,12.1,363,4.5,43.43,21.27,10.0,45,35.85,54.18,Low Demand
2025-11,BK071,සුළං ගංගාව,පියදාස රත්නසිංහ (පරිවර්තනය),978-935-1789-28-8,Academic,Kandy,66.7,13.8,414,4.5,47.9,22.27,8.5,45,42.42,57.66,Moderate Demand
2025-11,BK072,ගීතය සහ මාලිගාව,එරන්ද ගිනිගේ (Eranda Ginige),978-616-9581-88-7,Psychology,Colombo,68.1,13.33,400,3.72,45.3,21.43,10.2,58,25.01,49.11,Low Demand
2025-11,BK072,ගීතය සහ මාලිගාව,එරන්ද ගිනිගේ (Eranda Ginige),978-616-9581-88-7,Psychology,Galle,74.2,11.17,335,3.7,38.27,18.6,11.6,58,24.54,46.0,Low Demand
2025-11,BK072,ගීතය සහ මාලිගාව,එරන්ද ගිනිගේ (Eranda Ginige),978-616-9581-88-7,Psychology,Kandy,71.5,13.83,415,3.69,49.67,23.7,10.3,58,33.09,54.11,Low Demand
2025-11,BK073,ගමන සහ සෙවනැලි,"වික්ටෝරියා හෝල්ට් (Victoria Holt), පරිවර්තනය: කෝශලී සිරිචන්ද්‍ර (Translation: Koshalee Sirichandra)",978-477-2613-24-8,Horror,Colombo,67.4,14.93,448,3.8,49.47,23.9,9.8,68,48.93,57.54,Moderate Demand
2025-11,BK073,ගමන සහ සෙවනැලි,"වික්ටෝරියා හෝල්ට් (Victoria Holt), පරිවර්තනය: කෝශලී සිරිචන්ද්‍ර (Translation: Koshalee Sirichandra)",978-477-2613-24-8,Horror,Galle,75.0,11.67,350,3.79,40.2,18.9,11.1,68,30.45,52.2,Low Demand
2025-11,BK073,ගමන සහ සෙවනැලි,"වික්ටෝරියා හෝල්ට් (Victoria Holt), පරිවර්තනය: කෝශලී සිරිචන්ද්‍ර (Translation: Koshalee Sirichandra)",978-477-2613-24-8,Horror,Kandy,65.5,14.03,421,3.8,48.47,23.93,7.8,68,48.61,61.45,Moderate Demand
2025-11,BK074,එවා මෙහේ බෑ මචං,පිනසිරි දඩල්ලගේ,978-955-97643-5-9,Non-fiction,Colombo,70.7,13.27,398,4.39,46.03,23.53,8.2,52,29.34,63.66,Moderate Demand
2025-11,BK074,එවා මෙහේ බෑ මචං,පිනසිරි දඩල්ලගේ,978-955-97643-5-9,Non-fiction,Galle,74.3,12.37,371,4.41,43.13,21.43,11.0,52,43.16,58.4,Moderate Demand
2025-11,BK074,එවා මෙහේ බෑ මචං,පිනසිරි දඩල්ලගේ,978-955-97643-5-9,Non-fiction,Kandy,73.7,14.9,447,4.39,51.4,24.53,11.2,52,45.78,57.07,Moderate Demand
2025-11,BK075,"හොල්මන්, ආවේශ සහ යළි උපත (You Cannot Die)",ඉයන් කරි (පරිවර්තනය: භද්‍රජි මහින්ද ජයතිලක),978-955-671-215-5,Psychology,Colombo,78.2,14.13,424,4.8,50.33,23.7,10.0,58,41.53,63.29,Moderate Demand
2025-11,BK075,"හොල්මන්, ආවේශ සහ යළි උපත (You Cannot Die)",ඉයන් කරි (පරිවර්තනය: භද්‍රජි මහින්ද ජයතිලක),978-955-671-215-5,Psychology,Galle,76.3,11.93,358,4.81,43.17,21.3,10.1,58,35.01,68.6,Moderate Demand
2025-11,BK075,"හොල්මන්, ආවේශ සහ යළි උපත (You Cannot Die)",ඉයන් කරි (පරිවර්තනය: භද්‍රජි මහින්ද ජයතිලක),978-955-671-215-5,Psychology,Kandy,69.7,13.23,397,4.8,44.97,21.43,9.2,58,46.98,66.78,Moderate Demand
2025-11,BK076,සෙංකොට්ටං (Senkottan),මහින්ද ප්‍රසාද් මසිඹුල,978-955-098-000-0,Novel,Colombo,80.2,31.77,953,4.3,85.33,40.5,11.2,70,92.49,81.77,High Demand
2025-11,BK076,සෙංකොට්ටං (Senkottan),මහින්ද ප්‍රසාද් මසිඹුල,978-955-098-000-0,Novel,Galle,77.7,28.7,861,4.3,82.1,39.3,8.9,70,94.82,89.45,High Demand
2025-11,BK076,සෙංකොට්ටං (Senkottan),මහින්ද ප්‍රසාද් මසිඹුල,978-955-098-000-0,Novel,Kandy,77.5,29.2,876,4.31,80.33,36.37,10.0,70,97.59,95.01,High Demand
2025-11,BK077,අතීත මිටියාවත,ඊනිඩ් බ්ලයිටන් (Enid Blyton),978-845-3000-71-2,Children's,Colombo,77.3,11.63,349,4.38,42.5,21.23,11.4,60,18.83,38.44,Low Demand
2025-11,BK077,අතීත මිටියාවත,ඊනිඩ් බ්ලයිටන් (Enid Blyton),978-845-3000-71-2,Children's,Galle,71.7,10.83,325,4.4,42.73,20.33,8.8,60,16.12,47.11,Low Demand
2025-11,BK077,අතීත මිටියාවත,ඊනිඩ් බ්ලයිටන් (Enid Blyton),978-845-3000-71-2,Children's,Kandy,70.6,14.43,433,4.41,51.0,24.97,11.1,60,55.62,68.35,Moderate Demand
2025-11,BK078,සිහිනය සහ සෙවනැලි,"ස්ටෙෆනි ගාබර් (Stephanie Garber), පරිවර්තනය: කෝශලී සිරිචන්ද්‍ර (Translation: Koshalee Sirichandra)",978-748-7074-58-5,Historical/Religious,Colombo,63.4,12.73,382,4.59,45.8,23.0,9.5,55,24.1,58.5,Moderate Demand
2025-11,BK078,සිහිනය සහ සෙවනැලි,"ස්ටෙෆනි ගාබර් (Stephanie Garber), පරිවර්තනය: කෝශලී සිරිචන්ද්‍ර (Translation: Koshalee Sirichandra)",978-748-7074-58-5,Historical/Religious,Galle,77.4,11.17,335,4.6,41.03,19.47,8.3,55,41.29,57.52,Moderate Demand
2025-11,BK078,සිහිනය සහ සෙවනැලි,"ස්ටෙෆනි ගාබර් (Stephanie Garber), පරිවර්තනය: කෝශලී සිරිචන්ද්‍ර (Translation: Koshalee Sirichandra)",978-748-7074-58-5,Historical/Religious,Kandy,79.5,14.17,425,4.6,50.03,24.43,10.9,55,36.15,63.45,Moderate Demand
2025-11,BK079,හැරී පොටර් සහ රහස් කුටිය,ජේ. කේ. රෝලිං - පරි. අභය හේවාවසම්,978-955-573-623-7,Translation,Colombo,76.3,28.87,866,4.19,81.13,36.93,9.5,62,98.06,80.98,High Demand
2025-11,BK079,හැරී පොටර් සහ රහස් කුටිය,ජේ. කේ. රෝලිං - පරි. අභය හේවාවසම්,978-955-573-623-7,Translation,Galle,76.1,28.17,845,4.2,80.7,37.03,10.0,62,92.79,83.12,High Demand
2025-11,BK079,හැරී පොටර් සහ රහස් කුටිය,ජේ. කේ. රෝලිං - පරි. අභය හේවාවසම්,978-955-573-623-7,Translation,Kandy,76.0,30.93,928,4.19,80.63,37.63,9.8,62,100.0,92.19,High Demand
2025-11,BK080,විකෘති (Vikurthi),සෝමලතා සුබසිංහ,978-955-428-430-2,Drama,Colombo,72.2,18.83,565,4.9,63.87,30.1,10.6,65,80.45,77.4,High Demand
2025-11,BK080,විකෘති (Vikurthi),සෝමලතා සුබසිංහ,978-955-428-430-2,Drama,Galle,70.9,14.0,420,4.9,50.47,23.73,10.7,65,57.4,69.31,Moderate Demand
2025-11,BK080,විකෘති (Vikurthi),සෝමලතා සුබසිංහ,978-955-428-430-2,Drama,Kandy,67.2,16.13,484,4.9,59.77,27.37,9.9,65,80.97,83.34,High Demand
2025-11,BK081,නැන්දම්මාගේ ඩයරිය,කල්පනා කස්තුරිආරච්චි,978-624-9695-78-8,Short Stories,Colombo,80.0,13.53,406,4.1,49.1,23.53,7.9,57,36.0,51.36,Low Demand
2025-11,BK081,නැන්දම්මාගේ ඩයරිය,කල්පනා කස්තුරිආරච්චි,978-624-9695-78-8,Short Stories,Galle,72.5,13.67,410,4.12,46.23,22.53,11.6,57,59.94,62.19,Moderate Demand
2025-11,BK081,නැන්දම්මාගේ ඩයරිය,කල්පනා කස්තුරිආරච්චි,978-624-9695-78-8,Short Stories,Kandy,71.5,12.53,376,4.1,47.7,20.77,8.0,57,21.19,49.23,Low Demand
2025-11,BK082,හැරී පොටර් සහ අස්කබාන්හි සිරකරු,ජේ. කේ. රෝලිං - පරි. අභය හේවාවසම්,978-955-671-187-5,Translation,Colombo,80.3,34.27,1028,3.81,85.3,38.23,9.0,62,96.5,80.85,High Demand
2025-11,BK082,හැරී පොටර් සහ අස්කබාන්හි සිරකරු,ජේ. කේ. රෝලිං - පරි. අභය හේවාවසම්,978-955-671-187-5,Translation,Galle,79.1,30.53,916,3.81,79.77,35.0,10.6,62,100.0,82.55,High Demand
2025-11,BK082,හැරී පොටර් සහ අස්කබාන්හි සිරකරු,ජේ. කේ. රෝලිං - පරි. අභය හේවාවසම්,978-955-671-187-5,Translation,Kandy,77.3,33.97,1019,3.79,85.27,40.67,9.8,62,99.77,79.23,High Demand
2025-11,BK083,පර්සි ජැක්සන් සහ රාක්ෂ සයුර,රික් රියෝඩන් (පරි. සවින්දි ආරියතිලක),978-955-697-090-0,Fantasy,Colombo,77.3,18.6,558,4.39,68.2,30.27,9.8,74,72.49,78.66,High Demand
2025-11,BK083,පර්සි ජැක්සන් සහ රාක්ෂ සයුර,රික් රියෝඩන් (පරි. සවින්දි ආරියතිලක),978-955-697-090-0,Fantasy,Galle,74.5,17.53,526,4.42,58.97,28.57,9.3,74,79.16,79.61,High Demand
2025-11,BK083,පර්සි ජැක්සන් සහ රාක්ෂ සයුර,රික් රියෝඩන් (පරි. සවින්දි ආරියතිලක),978-955-697-090-0,Fantasy,Kandy,74.1,20.77,623,4.4,65.7,32.23,10.2,74,77.1,84.81,High Demand
2025-11,BK084,විභාග ජය ගැනීමේ රහස (Vibhaga Jaya Ganeeme Rahasa),ප්‍රවීන් රන්දෙනිය,978-624-97120-5-0,Academic,Colombo,71.3,18.7,561,4.1,63.67,30.03,7.8,45,82.28,74.67,High Demand
2025-11,BK084,විභාග ජය ගැනීමේ රහස (Vibhaga Jaya Ganeeme Rahasa),ප්‍රවීන් රන්දෙනිය,978-624-97120-5-0,Academic,Galle,75.1,17.5,525,4.09,61.97,29.17,8.2,45,84.43,76.44,High Demand
2025-11,BK084,විභාග ජය ගැනීමේ රහස (Vibhaga Jaya Ganeeme Rahasa),ප්‍රවීන් රන්දෙනිය,978-624-97120-5-0,Academic,Kandy,72.0,18.03,541,4.1,63.83,31.4,10.5,45,66.1,64.16,Moderate Demand
2025-11,BK085,දික්තල කාලගෝල (Diktala Kalagola),පුණ්‍යසේන ගුණසිංහ,978-955-9377-71-9,Drama,Colombo,69.1,12.73,382,4.8,44.8,21.57,12.2,65,7.84,48.16,Low Demand
2025-11,BK085,දික්තල කාලගෝල (Diktala Kalagola),පුණ්‍යසේන ගුණසිංහ,978-955-9377-71-9,Drama,Galle,69.9,12.9,387,4.81,45.73,22.5,12.2,65,36.28,53.72,Low Demand
2025-11,BK085,දික්තල කාලගෝල (Diktala Kalagola),පුණ්‍යසේන ගුණසිංහ,978-955-9377-71-9,Drama,Kandy,70.9,13.0,390,4.79,44.33,22.27,7.9,65,28.34,53.2,Low Demand
2025-11,BK086,නැන්සි කෲ: ටෙඩි බෙයාර් අබිරහස,කැරොලයින් කීන්,978-955-657-006-8,Translation,Colombo,74.3,15.33,460,4.31,51.1,24.27,9.3,62,59.67,71.21,Moderate Demand
2025-11,BK086,නැන්සි කෲ: ටෙඩි බෙයාර් අබිරහස,කැරොලයින් කීන්,978-955-657-006-8,Translation,Galle,75.9,14.47,434,4.31,48.8,23.1,12.3,62,42.76,55.87,Moderate Demand
2025-11,BK086,නැන්සි කෲ: ටෙඩි බෙයාර් අබිරහස,කැරොලයින් කීන්,978-955-657-006-8,Translation,Kandy,65.9,14.37,431,4.29,51.5,24.0,9.6,62,43.58,55.92,Moderate Demand
2025-11,BK087,කතාව සහ සිහිනය,ක්‍රිස් කුස්නෙස්කි (පරිවර්තනය),978-566-9308-23-4,Short Stories,Colombo,64.8,12.5,375,3.7,44.77,21.97,10.4,57,28.43,42.72,Low Demand
2025-11,BK087,කතාව සහ සිහිනය,ක්‍රිස් කුස්නෙස්කි (පරිවර්තනය),978-566-9308-23-4,Short Stories,Galle,76.6,11.8,354,3.69,42.53,20.3,10.8,57,27.41,33.63,Low Demand
2025-11,BK087,කතාව සහ සිහිනය,ක්‍රිස් කුස්නෙස්කි (පරිවර්තනය),978-566-9308-23-4,Short Stories,Kandy,68.8,13.03,391,3.69,47.2,22.77,11.2,57,25.25,38.96,Low Demand
2025-11,BK088,අඹ යහළුවෝ,ටී. බී. ඉලංගරත්න,978-955-4682-00-9,Novel,Colombo,74.4,27.3,819,4.79,78.93,37.73,7.5,70,89.15,79.53,High Demand
2025-11,BK088,අඹ යහළුවෝ,ටී. බී. ඉලංගරත්න,978-955-4682-00-9,Novel,Galle,75.5,24.5,735,4.78,70.3,33.03,11.2,70,80.87,72.62,Moderate Demand
2025-11,BK088,අඹ යහළුවෝ,ටී. බී. ඉලංගරත්න,978-955-4682-00-9,Novel,Kandy,76.1,24.67,740,4.8,75.77,36.6,10.7,70,98.1,91.78,High Demand
2025-11,BK089,මායා අහස,දිනිති තරුමිණි,978-222-3861-35-8,Young Adult,Colombo,73.3,11.8,354,4.31,42.47,20.03,10.1,66,5.17,44.15,Low Demand
2025-11,BK089,මායා අහස,දිනිති තරුමිණි,978-222-3861-35-8,Young Adult,Galle,74.3,10.87,326,4.29,38.07,17.73,9.3,66,27.66,57.47,Moderate Demand
2025-11,BK089,මායා අහස,දිනිති තරුමිණි,978-222-3861-35-8,Young Adult,Kandy,79.6,14.77,443,4.31,53.57,27.17,10.7,66,57.74,64.78,Moderate Demand
2025-11,BK090,අනාගත නගරය,පරිවර්තනය: චන්දන මෙන්ඩිස් (Chandana Mendis),978-587-7471-56-2,Drama,Colombo,72.6,12.8,384,3.7,43.37,20.63,10.0,65,21.57,48.4,Low Demand
2025-11,BK090,අනාගත නගරය,පරිවර්තනය: චන්දන මෙන්ඩිස් (Chandana Mendis),978-587-7471-56-2,Drama,Galle,68.9,11.43,343,3.71,43.13,20.17,12.2,65,41.46,54.46,Low Demand
2025-11,BK090,අනාගත නගරය,පරිවර්තනය: චන්දන මෙන්ඩිස් (Chandana Mendis),978-587-7471-56-2,Drama,Kandy,68.3,13.27,398,3.7,50.4,24.3,10.4,65,34.09,48.86,Low Demand
2025-11,BK091,හැරී පොටර් සහ ෆීනික්ස් නිකාය,ජේ. කේ. රෝලිං - පරි. අභය හේවාවසම්,978-955-573-951-1,Translation,Colombo,70.4,31.0,930,3.6,82.83,38.73,8.6,62,98.77,83.76,High Demand
2025-11,BK091,හැරී පොටර් සහ ෆීනික්ස් නිකාය,ජේ. කේ. රෝලිං - පරි. අභය හේවාවසම්,978-955-573-951-1,Translation,Galle,80.4,29.87,896,3.59,82.37,37.27,8.3,62,95.73,74.25,High Demand
2025-11,BK091,හැරී පොටර් සහ ෆීනික්ස් නිකාය,ජේ. කේ. රෝලිං - පරි. අභය හේවාවසම්,978-955-573-951-1,Translation,Kandy,77.7,32.23,967,3.6,83.13,38.67,9.6,62,90.67,79.37,High Demand
2025-11,BK092,සැඟවුණු රහස,රොජර් ලී මැක්බ්‍රයිඩ් (Roger Lea MacBride) - පරිවර්තනය: චිත්‍රා අමරසේකර,978-745-6661-48-1,Historical/Religious,Colombo,74.6,13.37,401,4.91,49.03,24.67,8.7,55,36.18,61.95,Moderate Demand
2025-11,BK092,සැඟවුණු රහස,රොජර් ලී මැක්බ්‍රයිඩ් (Roger Lea MacBride) - පරිවර්තනය: චිත්‍රා අමරසේකර,978-745-6661-48-1,Historical/Religious,Galle,76.3,12.8,384,4.9,43.77,21.4,9.0,55,46.23,63.88,Moderate Demand
2025-11,BK092,සැඟවුණු රහස,රොජර් ලී මැක්බ්‍රයිඩ් (Roger Lea MacBride) - පරිවර්තනය: චිත්‍රා අමරසේකර,978-745-6661-48-1,Historical/Religious,Kandy,72.1,12.53,376,4.9,46.03,22.43,10.3,55,5.05,46.09,Low Demand
2025-11,BK093,සෙවනැලි සහ මාලිගාව,පරිවර්තනය: චන්දන මෙන්ඩිස් (Chandana Mendis),978-289-1737-32-0,Poetry,Colombo,78.0,13.1,393,3.9,47.1,22.03,10.0,50,35.63,46.6,Low Demand
2025-11,BK093,සෙවනැලි සහ මාලිගාව,පරිවර්තනය: චන්දන මෙන්ඩිස් (Chandana Mendis),978-289-1737-32-0,Poetry,Galle,65.9,12.37,371,3.9,41.87,20.83,10.3,50,38.68,50.17,Low Demand
2025-11,BK093,සෙවනැලි සහ මාලිගාව,පරිවර්තනය: චන්දන මෙන්ඩිස් (Chandana Mendis),978-289-1737-32-0,Poetry,Kandy,65.5,13.57,407,3.91,44.77,21.27,9.9,50,41.26,54.76,Low Demand
2025-11,BK094,නෙවර් ලයි (Never Lie),ෆ්‍රීඩා මැක්ෆැඩන් - පරි. තරුෂි නිරංගා ජයසිංහ,978-624-6570-46-0,Thriller,Colombo,77.8,22.3,669,4.3,69.33,32.8,7.0,76,98.05,95.35,High Demand
2025-11,BK094,නෙවර් ලයි (Never Lie),ෆ්‍රීඩා මැක්ෆැඩන් - පරි. තරුෂි නිරංගා ජයසිංහ,978-624-6570-46-0,Thriller,Galle,76.4,20.33,610,4.28,63.97,30.53,10.7,76,94.17,84.76,High Demand
2025-11,BK094,නෙවර් ලයි (Never Lie),ෆ්‍රීඩා මැක්ෆැඩන් - පරි. තරුෂි නිරංගා ජයසිංහ,978-624-6570-46-0,Thriller,Kandy,75.2,23.33,700,4.29,71.77,35.03,10.2,76,83.12,73.88,High Demand
2025-11,BK095,ප්‍රේම ගීතය,සමුද්‍ර වෙත්තසිංහ (Samudra Weththasingha),978-573-6220-40-5,Non-fiction,Colombo,70.6,13.47,404,4.5,50.53,23.27,12.8,52,41.74,62.02,Moderate Demand
2025-11,BK095,ප්‍රේම ගීතය,සමුද්‍ර වෙත්තසිංහ (Samudra Weththasingha),978-573-6220-40-5,Non-fiction,Galle,70.0,12.33,370,4.5,43.1,21.63,10.9,52,47.98,68.04,Moderate Demand
2025-11,BK095,ප්‍රේම ගීතය,සමුද්‍ර වෙත්තසිංහ (Samudra Weththasingha),978-573-6220-40-5,Non-fiction,Kandy,71.0,13.17,395,4.51,44.83,22.27,9.2,52,27.64,59.11,Moderate Demand
2025-11,BK096,පුද්ගලිකයි රහසිගතයි (The Secret Files of Sherlock Holmes),චන්දන මෙන්ඩිස් (පරිවර්තනය),955-97776-4-5,Mystery,Colombo,70.8,18.7,561,4.98,61.03,28.4,10.5,71,73.73,79.83,High Demand
2025-11,BK096,පුද්ගලිකයි රහසිගතයි (The Secret Files of Sherlock Holmes),චන්දන මෙන්ඩිස් (පරිවර්තනය),955-97776-4-5,Mystery,Galle,71.0,17.1,513,4.97,56.73,26.43,9.7,71,67.75,78.93,High Demand
2025-11,BK096,පුද්ගලිකයි රහසිගතයි (The Secret Files of Sherlock Holmes),චන්දන මෙන්ඩිස් (පරිවර්තනය),955-97776-4-5,Mystery,Kandy,73.0,20.5,615,4.98,66.57,31.77,8.1,71,78.65,89.88,High Demand
2025-11,BK097,පරණ කතාව,මාර්ටින් වික්‍රමසිංහ,978-528-5693-75-7,Children's,Colombo,64.3,12.9,387,4.09,45.33,21.57,11.1,60,42.83,58.69,Moderate Demand
2025-11,BK097,පරණ කතාව,මාර්ටින් වික්‍රමසිංහ,978-528-5693-75-7,Children's,Galle,68.4,10.57,317,4.11,38.5,18.93,11.1,60,22.34,45.76,Low Demand
2025-11,BK097,පරණ කතාව,මාර්ටින් වික්‍රමසිංහ,978-528-5693-75-7,Children's,Kandy,68.3,12.97,389,4.1,44.3,21.03,8.7,60,27.95,53.21,Low Demand
2025-11,BK098,මාණික්කාවත (Manikkawatha),මහින්ද ප්‍රසාද් මසිඹුල,978-955-098-023-9,Novel,Colombo,75.6,26.6,798,3.49,76.63,35.97,11.3,70,94.98,81.47,High Demand
2025-11,BK098,මාණික්කාවත (Manikkawatha),මහින්ද ප්‍රසාද් මසිඹුල,978-955-098-023-9,Novel,Galle,71.2,24.3,729,3.5,75.33,35.6,9.8,70,88.73,82.13,High Demand
2025-11,BK098,මාණික්කාවත (Manikkawatha),මහින්ද ප්‍රසාද් මසිඹුල,978-955-098-023-9,Novel,Kandy,74.0,28.67,860,3.49,78.07,37.03,9.4,70,100.0,87.07,High Demand
2025-11,BK099,ගංගාව සහ ගංගාව,"ජේම්ස් හැඩ්ලි චේස් (James Hadley Chase), පරිවර්තනය: එන්. ජී. විජේරත්න (Translation: N. G. Wijerathna)",978-493-2631-22-5,Children's,Colombo,68.1,13.93,418,4.78,49.67,23.8,10.6,60,49.15,67.5,Moderate Demand
2025-11,BK099,ගංගාව සහ ගංගාව,"ජේම්ස් හැඩ්ලි චේස් (James Hadley Chase), පරිවර්තනය: එන්. ජී. විජේරත්න (Translation: N. G. Wijerathna)",978-493-2631-22-5,Children's,Galle,71.8,12.57,377,4.78,42.8,21.5,8.0,60,38.28,64.0,Moderate Demand
2025-11,BK099,ගංගාව සහ ගංගාව,"ජේම්ස් හැඩ්ලි චේස් (James Hadley Chase), පරිවර්තනය: එන්. ජී. විජේරත්න (Translation: N. G. Wijerathna)",978-493-2631-22-5,Children's,Kandy,73.7,12.77,383,4.81,43.67,21.17,12.5,60,16.51,57.02,Moderate Demand
2025-11,BK100,රන් මතකය,ලසිත රවීන් උමගිලිය,978-825-3894-18-1,Young Adult,Colombo,73.7,13.13,394,4.09,48.53,22.57,11.0,66,40.66,56.39,Moderate Demand
2025-11,BK100,රන් මතකය,ලසිත රවීන් උමගිලිය,978-825-3894-18-1,Young Adult,Galle,79.4,13.17,395,4.09,47.77,22.37,10.0,66,58.23,67.03,Moderate Demand
2025-11,BK100,රන් මතකය,ලසිත රවීන් උමගිලිය,978-825-3894-18-1,Young Adult,Kandy,64.1,13.17,395,4.1,47.2,23.83,11.9,66,33.46,55.06,Low Demand
2025-12,BK052,අනාගත අහස,මාර්ටින් වික්‍රමසිංහ (පරිවර්තනය),978-147-1385-34-4,Historical/Religious,Colombo,74.9,15.4,462,4.71,52.63,26.33,12.1,55,56.52,69.61,Moderate Demand
2025-12,BK052,අනාගත අහස,මාර්ටින් වික්‍රමසිංහ (පරිවර්තනය),978-147-1385-34-4,Historical/Religious,Galle,72.2,13.53,406,4.71,50.0,23.53,10.0,55,28.16,43.87,Low Demand
2025-12,BK052,අනාගත අහස,මාර්ටින් වික්‍රමසිංහ (පරිවර්තනය),978-147-1385-34-4,Historical/Religious,Kandy,73.2,15.13,454,4.7,56.3,25.27,10.3,55,27.56,63.16,Moderate Demand
2025-12,BK053,මිටියාවත සහ කාලය,"ජෝන් ෂෝර්ස් (John Shors), පරිවර්තනය: ප්‍රදීප් කුමාර බාලසූරිය (Translation: Pradeep Kumara Balasuriya)",978-976-3071-42-3,Horror,Colombo,72.3,15.3,459,4.9,53.73,25.3,9.8,68,44.06,65.46,Moderate Demand
2025-12,BK053,මිටියාවත සහ කාලය,"ජෝන් ෂෝර්ස් (John Shors), පරිවර්තනය: ප්‍රදීප් කුමාර බාලසූරිය (Translation: Pradeep Kumara Balasuriya)",978-976-3071-42-3,Horror,Galle,64.4,13.0,390,4.93,49.3,24.8,9.4,68,33.84,58.39,Moderate Demand
2025-12,BK053,මිටියාවත සහ කාලය,"ජෝන් ෂෝර්ස් (John Shors), පරිවර්තනය: ප්‍රදීප් කුමාර බාලසූරිය (Translation: Pradeep Kumara Balasuriya)",978-976-3071-42-3,Horror,Kandy,71.4,15.6,468,4.89,54.37,26.8,11.2,68,42.14,55.3,Low Demand
2025-12,BK054,රහස සහ කතාව,පවනි උමයංගනා (Pawani Umayangana),978-476-5849-54-7,Non-fiction,Colombo,74.0,13.97,419,3.5,50.03,24.73,9.9,52,16.14,44.42,Low Demand
2025-12,BK054,රහස සහ කතාව,පවනි උමයංගනා (Pawani Umayangana),978-476-5849-54-7,Non-fiction,Galle,75.7,14.17,425,3.49,50.7,24.17,10.2,52,48.05,54.38,Low Demand
2025-12,BK054,රහස සහ කතාව,පවනි උමයංගනා (Pawani Umayangana),978-476-5849-54-7,Non-fiction,Kandy,76.8,15.6,468,3.51,55.57,27.03,8.2,52,52.74,55.98,Moderate Demand
2025-12,BK055,ඇහි පියන් ඇහැරිලා (Ahi Piyan Aharila),මහින්ද ප්‍රසාද් මසිඹුල,978-955-098-003-1,Poetry,Colombo,78.7,21.0,630,4.0,68.13,32.1,10.5,50,65.87,64.6,Moderate Demand
2025-12,BK055,ඇහි පියන් ඇහැරිලා (Ahi Piyan Aharila),මහින්ද ප්‍රසාද් මසිඹුල,978-955-098-003-1,Poetry,Galle,81.5,20.7,621,4.01,68.17,32.7,13.3,50,66.25,73.95,High Demand
2025-12,BK055,ඇහි පියන් ඇහැරිලා (Ahi Piyan Aharila),මහින්ද ප්‍රසාද් මසිඹුල,978-955-098-003-1,Poetry,Kandy,73.1,23.83,715,3.99,73.53,34.8,9.9,50,61.4,61.77,Moderate Demand
2025-12,BK056,ගමන සහ කාලය,ප්‍රේමකීර්ති රණතුංග,978-316-8963-96-1,Short Stories,Colombo,73.9,15.6,468,4.09,52.93,25.6,9.4,57,53.61,69.01,Moderate Demand
2025-12,BK056,ගමන සහ කාලය,ප්‍රේමකීර්ති රණතුංග,978-316-8963-96-1,Short Stories,Galle,64.1,13.0,390,4.1,48.5,23.5,11.0,57,36.78,55.25,Low Demand
2025-12,BK056,ගමන සහ කාලය,ප්‍රේමකීර්ති රණතුංග,978-316-8963-96-1,Short Stories,Kandy,70.4,15.37,461,4.1,53.1,24.4,11.0,57,27.13,56.14,Moderate Demand
2025-12,BK057,කොළඹ කන්ද,Michael Crichton (පරිවර්තනය: සුදත් රොහාන්),978-645-5531-58-3,Poetry,Colombo,83.0,14.97,449,4.7,55.9,27.5,8.1,50,35.96,58.03,Moderate Demand
2025-12,BK057,කොළඹ කන්ද,Michael Crichton (පරිවර්තනය: සුදත් රොහාන්),978-645-5531-58-3,Poetry,Galle,69.8,13.53,406,4.73,50.77,24.73,10.7,50,26.43,42.71,Low Demand
2025-12,BK057,කොළඹ කන්ද,Michael Crichton (පරිවර්තනය: සුදත් රොහාන්),978-645-5531-58-3,Poetry,Kandy,73.9,15.2,456,4.69,56.33,25.73,10.8,50,35.04,61.32,Moderate Demand
2025-12,BK058,වසන්තය සහ මිටියාවත,තරංගා දිසානායක,978-630-6739-38-7,Academic,Colombo,75.2,15.17,455,3.7,57.83,28.17,10.1,45,41.46,53.18,Low Demand
2025-12,BK058,වසන්තය සහ මිටියාවත,තරංගා දිසානායක,978-630-6739-38-7,Academic,Galle,67.2,12.9,387,3.71,45.13,21.13,10.2,45,37.74,48.53,Low Demand
2025-12,BK058,වසන්තය සහ මිටියාවත,තරංගා දිසානායක,978-630-6739-38-7,Academic,Kandy,68.9,14.7,441,3.7,52.63,25.43,10.1,45,20.97,37.36,Low Demand
2025-12,BK059,370 යානයේ අබිරහස (370 Yanaye Abirahasa),භද්‍රජී මහින්ද ජයතිලක,978-624-6570-68-2,Mystery,Colombo,74.7,23.97,719,4.89,75.57,36.3,10.3,71,77.51,80.32,High Demand
2025-12,BK059,370 යානයේ අබිරහස (370 Yanaye Abirahasa),භද්‍රජී මහින්ද ජයතිලක,978-624-6570-68-2,Mystery,Galle,73.8,19.4,582,4.91,65.0,30.53,11.8,71,69.76,83.61,High Demand
2025-12,BK059,370 යානයේ අබිරහස (370 Yanaye Abirahasa),භද්‍රජී මහින්ද ජයතිලක,978-624-6570-68-2,Mystery,Kandy,80.8,24.83,745,4.9,75.83,36.27,11.0,71,83.42,92.51,High Demand
2025-12,BK060,පර්සි ජැක්සන් සහ වංගිරියේ සටන,රික් රියෝඩන් (පරි. සවින්දි ආරියතිලක),978-955-697-089-0,Fantasy,Colombo,68.5,23.57,707,4.52,72.17,34.63,9.9,74,83.2,83.93,High Demand
2025-12,BK060,පර්සි ජැක්සන් සහ වංගිරියේ සටන,රික් රියෝඩන් (පරි. සවින්දි ආරියතිලක),978-955-697-089-0,Fantasy,Galle,73.2,21.53,646,4.5,67.37,31.7,12.7,74,70.8,80.27,High Demand
2025-12,BK060,පර්සි ජැක්සන් සහ වංගිරියේ සටන,රික් රියෝඩන් (පරි. සවින්දි ආරියතිලක),978-955-697-089-0,Fantasy,Kandy,80.7,23.6,708,4.5,76.2,36.27,10.1,74,73.69,80.85,High Demand
2025-12,BK061,ආලෝකයේ සමිඳාණෝ (Alokaye Samindano - Lord of Light),රොජර් සෙලාස්නි - පරි. පුෂ්ප රංජන් විජේසිංහ,978-624-6570-11-8,Sci-Fi,Colombo,75.7,22.67,680,4.98,67.83,32.3,10.5,72,86.06,87.6,High Demand
2025-12,BK061,ආලෝකයේ සමිඳාණෝ (Alokaye Samindano - Lord of Light),රොජර් සෙලාස්නි - පරි. පුෂ්ප රංජන් විජේසිංහ,978-624-6570-11-8,Sci-Fi,Galle,68.4,20.8,624,4.98,67.93,32.0,8.8,72,87.19,84.49,High Demand
2025-12,BK061,ආලෝකයේ සමිඳාණෝ (Alokaye Samindano - Lord of Light),රොජර් සෙලාස්නි - පරි. පුෂ්ප රංජන් විජේසිංහ,978-624-6570-11-8,Sci-Fi,Kandy,89.1,22.63,679,4.99,70.77,33.07,9.8,72,82.09,87.95,High Demand
2025-12,BK062,මිනිසා සහ සෙවනැලි,"කර්ට් වොනෙගට් (Kurt Vonnegut), පරිවර්තනය: ගාමිණී වියන්ගොඩ (Translation: Gamini Viyangoda)",978-673-1310-88-3,Psychology,Colombo,78.6,14.9,447,3.89,52.5,24.9,10.2,58,33.54,45.74,Low Demand
2025-12,BK062,මිනිසා සහ සෙවනැලි,"කර්ට් වොනෙගට් (Kurt Vonnegut), පරිවර්තනය: ගාමිණී වියන්ගොඩ (Translation: Gamini Viyangoda)",978-673-1310-88-3,Psychology,Galle,68.0,13.87,416,3.9,50.83,24.87,9.4,58,43.26,58.73,Moderate Demand
2025-12,BK062,මිනිසා සහ සෙවනැලි,"කර්ට් වොනෙගට් (Kurt Vonnegut), පරිවර්තනය: ගාමිණී වියන්ගොඩ (Translation: Gamini Viyangoda)",978-673-1310-88-3,Psychology,Kandy,80.0,14.73,442,3.89,49.2,23.63,10.7,58,20.59,38.89,Low Demand
2025-12,BK063,හේඩීස්ගේ දෙවොල (Hadesge Devola),රික් රයෝර්ඩන් - පරි. රූපේනි මානිංගමුව,978-955-697-343-3,Young Adult,Colombo,69.2,17.97,539,4.6,58.87,27.3,10.0,66,66.45,72.03,Moderate Demand
2025-12,BK063,හේඩීස්ගේ දෙවොල (Hadesge Devola),රික් රයෝර්ඩන් - පරි. රූපේනි මානිංගමුව,978-955-697-343-3,Young Adult,Galle,70.7,16.4,492,4.61,60.03,27.5,11.3,66,48.61,65.65,Moderate Demand
2025-12,BK063,හේඩීස්ගේ දෙවොල (Hadesge Devola),රික් රයෝර්ඩන් - පරි. රූපේනි මානිංගමුව,978-955-697-343-3,Young Adult,Kandy,67.4,17.5,525,4.61,59.6,28.6,8.8,66,50.74,59.64,Moderate Demand
2025-12,BK064,2010,ආතර් සී. ක්ලාක් (පරිවර්තනය: චන්දන වීරසිංහ),978-624-5712-10-6,Sci-Fi,Colombo,74.4,23.47,704,4.09,70.67,34.17,9.4,72,85.95,82.34,High Demand
2025-12,BK064,2010,ආතර් සී. ක්ලාක් (පරිවර්තනය: චන්දන වීරසිංහ),978-624-5712-10-6,Sci-Fi,Galle,76.3,22.33,670,4.1,71.9,32.67,8.9,72,96.06,90.67,High Demand
2025-12,BK064,2010,ආතර් සී. ක්ලාක් (පරිවර්තනය: චන්දන වීරසිංහ),978-624-5712-10-6,Sci-Fi,Kandy,73.2,25.83,775,4.1,80.7,38.3,11.5,72,81.65,79.13,High Demand
2025-12,BK065,මන්දාරම් රාත්‍රිය,ඩී. එම්. අනුර දිසානායක,978-624-5829-10-1,Mystery,Colombo,73.8,21.8,654,4.98,65.4,30.37,9.7,71,77.59,75.04,High Demand
2025-12,BK065,මන්දාරම් රාත්‍රිය,ඩී. එම්. අනුර දිසානායක,978-624-5829-10-1,Mystery,Galle,71.3,21.3,639,4.98,67.03,31.83,11.9,71,84.58,94.53,High Demand
2025-12,BK065,මන්දාරම් රාත්‍රිය,ඩී. එම්. අනුර දිසානායක,978-624-5829-10-1,Mystery,Kandy,71.6,20.3,609,4.99,65.7,30.37,10.5,71,67.16,81.8,High Demand
2025-12,BK066,පරණ මාලිගාව,ක්‍රිස් කුස්නෙස්කි (පරිවර්තනය),978-726-5125-19-4,Horror,Colombo,75.9,13.67,410,4.49,47.67,22.97,8.9,68,17.9,46.11,Low Demand
2025-12,BK066,පරණ මාලිගාව,ක්‍රිස් කුස්නෙස්කි (පරිවර්තනය),978-726-5125-19-4,Horror,Galle,73.1,13.37,401,4.5,46.63,23.6,10.7,68,36.11,64.78,Moderate Demand
2025-12,BK066,පරණ මාලිගාව,ක්‍රිස් කුස්නෙස්කි (පරිවර්තනය),978-726-5125-19-4,Horror,Kandy,74.0,15.07,452,4.5,53.33,25.4,10.0,68,19.71,53.39,Low Demand
2025-12,BK067,අනාගතේ පැතිකඩක් (Profiles of the Future),ආතර් සී. ක්ලාක් (පරිවර්තනය: එස්. එම්. බන්දුසීල),978-624-5712-31-1,Sci-Fi,Colombo,74.7,22.2,666,3.91,70.63,35.63,11.3,72,85.89,85.26,High Demand
2025-12,BK067,අනාගතේ පැතිකඩක් (Profiles of the Future),ආතර් සී. ක්ලාක් (පරිවර්තනය: එස්. එම්. බන්දුසීල),978-624-5712-31-1,Sci-Fi,Galle,82.1,20.23,607,3.92,67.77,30.33,11.3,72,83.97,80.7,High Demand
2025-12,BK067,අනාගතේ පැතිකඩක් (Profiles of the Future),ආතර් සී. ක්ලාක් (පරිවර්තනය: එස්. එම්. බන්දුසීල),978-624-5712-31-1,Sci-Fi,Kandy,79.3,24.0,720,3.91,72.23,34.4,8.3,72,71.48,73.38,High Demand
2025-12,BK068,දඩයම් බල්ලෝ,පරිවර්තන නවකතා,978-624-5572-38-0,Thriller,Colombo,83.0,22.17,665,4.0,72.47,34.13,9.1,76,75.86,77.92,High Demand
2025-12,BK068,දඩයම් බල්ලෝ,පරිවර්තන නවකතා,978-624-5572-38-0,Thriller,Galle,64.6,18.97,569,3.99,60.53,30.37,9.1,76,64.64,68.73,Moderate Demand
2025-12,BK068,දඩයම් බල්ලෝ,පරිවර්තන නවකතා,978-624-5572-38-0,Thriller,Kandy,70.8,22.8,684,4.0,73.47,34.33,10.9,76,73.65,82.35,High Demand
2025-12,BK069,අදිසි අනතුර (Adisi Anathura - The Crash),ෆ්‍රීඩා මැක්ෆැඩන් - පරි. නයනතාරා පිලපිටිය,978-624-6570-48-4,Thriller,Colombo,73.9,22.0,660,4.31,69.27,33.53,8.9,76,80.85,74.48,High Demand
2025-12,BK069,අදිසි අනතුර (Adisi Anathura - The Crash),ෆ්‍රීඩා මැක්ෆැඩන් - පරි. නයනතාරා පිලපිටිය,978-624-6570-48-4,Thriller,Galle,77.1,20.8,624,4.3,66.57,33.57,10.0,76,78.63,74.84,High Demand
2025-12,BK069,අදිසි අනතුර (Adisi Anathura - The Crash),ෆ්‍රීඩා මැක්ෆැඩන් - පරි. නයනතාරා පිලපිටිය,978-624-6570-48-4,Thriller,Kandy,78.7,24.7,741,4.3,74.87,35.2,9.3,76,78.94,81.62,High Demand
2025-12,BK070,Crown of Midnight,සාරා ජේ. මාස් (Sarah J. Maas),978-624-5663-48-4,Fantasy,Colombo,73.7,25.67,770,4.51,78.4,37.07,8.7,74,100.0,83.21,High Demand
2025-12,BK070,Crown of Midnight,සාරා ජේ. මාස් (Sarah J. Maas),978-624-5663-48-4,Fantasy,Galle,79.1,21.97,659,4.49,71.23,32.17,8.5,74,80.15,87.01,High Demand
2025-12,BK070,Crown of Midnight,සාරා ජේ. මාස් (Sarah J. Maas),978-624-5663-48-4,Fantasy,Kandy,79.1,26.2,786,4.51,74.47,34.67,12.4,74,94.0,96.79,High Demand
2025-12,BK071,සුළං ගංගාව,පියදාස රත්නසිංහ (පරිවර්තනය),978-935-1789-28-8,Academic,Colombo,65.8,15.03,451,4.49,55.7,27.4,10.1,45,61.11,65.73,Moderate Demand
2025-12,BK071,සුළං ගංගාව,පියදාස රත්නසිංහ (පරිවර්තනය),978-935-1789-28-8,Academic,Galle,73.9,11.3,339,4.5,41.93,19.93,11.1,45,18.93,42.84,Low Demand
2025-12,BK071,සුළං ගංගාව,පියදාස රත්නසිංහ (පරිවර්තනය),978-935-1789-28-8,Academic,Kandy,75.7,15.83,475,4.48,60.63,27.93,10.1,45,44.92,62.66,Moderate Demand
2025-12,BK072,ගීතය සහ මාලිගාව,එරන්ද ගිනිගේ (Eranda Ginige),978-616-9581-88-7,Psychology,Colombo,71.7,14.67,440,3.71,50.07,23.97,11.4,58,33.5,48.9,Low Demand
2025-12,BK072,ගීතය සහ මාලිගාව,එරන්ද ගිනිගේ (Eranda Ginige),978-616-9581-88-7,Psychology,Galle,74.1,12.9,387,3.71,42.23,21.37,10.1,58,19.75,34.79,Low Demand
2025-12,BK072,ගීතය සහ මාලිගාව,එරන්ද ගිනිගේ (Eranda Ginige),978-616-9581-88-7,Psychology,Kandy,77.6,15.5,465,3.71,55.0,26.4,10.3,58,32.88,54.69,Low Demand
2025-12,BK073,ගමන සහ සෙවනැලි,"වික්ටෝරියා හෝල්ට් (Victoria Holt), පරිවර්තනය: කෝශලී සිරිචන්ද්‍ර (Translation: Koshalee Sirichandra)",978-477-2613-24-8,Horror,Colombo,74.0,13.8,414,3.79,51.63,24.87,11.8,68,38.52,59.3,Moderate Demand
2025-12,BK073,ගමන සහ සෙවනැලි,"වික්ටෝරියා හෝල්ට් (Victoria Holt), පරිවර්තනය: කෝශලී සිරිචන්ද්‍ර (Translation: Koshalee Sirichandra)",978-477-2613-24-8,Horror,Galle,76.8,12.5,375,3.81,47.3,22.83,11.3,68,27.36,45.75,Low Demand
2025-12,BK073,ගමන සහ සෙවනැලි,"වික්ටෝරියා හෝල්ට් (Victoria Holt), පරිවර්තනය: කෝශලී සිරිචන්ද්‍ර (Translation: Koshalee Sirichandra)",978-477-2613-24-8,Horror,Kandy,74.2,16.2,486,3.79,53.9,25.37,10.2,68,49.51,48.68,Low Demand
2025-12,BK074,එවා මෙහේ බෑ මචං,පිනසිරි දඩල්ලගේ,978-955-97643-5-9,Non-fiction,Colombo,70.5,15.27,458,4.4,55.7,27.4,12.4,52,25.05,51.61,Low Demand
2025-12,BK074,එවා මෙහේ බෑ මචං,පිනසිරි දඩල්ලගේ,978-955-97643-5-9,Non-fiction,Galle,63.7,12.9,387,4.4,45.27,21.1,9.5,52,46.13,56.27,Moderate Demand
2025-12,BK074,එවා මෙහේ බෑ මචං,පිනසිරි දඩල්ලගේ,978-955-97643-5-9,Non-fiction,Kandy,70.2,15.2,456,4.4,51.63,25.0,7.6,52,24.12,50.18,Low Demand
2025-12,BK075,"හොල්මන්, ආවේශ සහ යළි උපත (You Cannot Die)",ඉයන් කරි (පරිවර්තනය: භද්‍රජි මහින්ද ජයතිලක),978-955-671-215-5,Psychology,Colombo,75.9,14.17,425,4.82,48.03,22.3,11.2,58,23.96,45.27,Low Demand
2025-12,BK075,"හොල්මන්, ආවේශ සහ යළි උපත (You Cannot Die)",ඉයන් කරි (පරිවර්තනය: භද්‍රජි මහින්ද ජයතිලක),978-955-671-215-5,Psychology,Galle,72.3,13.47,404,4.79,46.8,21.93,9.9,58,27.86,47.26,Low Demand
2025-12,BK075,"හොල්මන්, ආවේශ සහ යළි උපත (You Cannot Die)",ඉයන් කරි (පරිවර්තනය: භද්‍රජි මහින්ද ජයතිලක),978-955-671-215-5,Psychology,Kandy,65.1,15.8,474,4.8,54.67,26.33,12.0,58,41.54,57.12,Moderate Demand
2025-12,BK076,සෙංකොට්ටං (Senkottan),මහින්ද ප්‍රසාද් මසිඹුල,978-955-098-000-0,Novel,Colombo,80.3,34.8,1044,4.31,84.77,39.53,8.6,70,88.2,89.73,High Demand
2025-12,BK076,සෙංකොට්ටං (Senkottan),මහින්ද ප්‍රසාද් මසිඹුල,978-955-098-000-0,Novel,Galle,77.2,31.37,941,4.3,83.33,39.8,10.1,70,87.68,86.8,High Demand
2025-12,BK076,සෙංකොට්ටං (Senkottan),මහින්ද ප්‍රසාද් මසිඹුල,978-955-098-000-0,Novel,Kandy,73.8,35.07,1052,4.3,86.0,39.43,8.5,70,100.0,94.33,High Demand
2025-12,BK077,අතීත මිටියාවත,ඊනිඩ් බ්ලයිටන් (Enid Blyton),978-845-3000-71-2,Children's,Colombo,77.6,13.8,414,4.39,48.9,22.4,9.8,60,21.8,52.73,Low Demand
2025-12,BK077,අතීත මිටියාවත,ඊනිඩ් බ්ලයිටන් (Enid Blyton),978-845-3000-71-2,Children's,Galle,65.6,13.97,419,4.4,50.9,25.93,10.3,60,60.98,70.62,Moderate Demand
2025-12,BK077,අතීත මිටියාවත,ඊනිඩ් බ්ලයිටන් (Enid Blyton),978-845-3000-71-2,Children's,Kandy,79.9,14.5,435,4.4,51.67,25.67,10.3,60,27.48,48.59,Low Demand
2025-12,BK078,සිහිනය සහ සෙවනැලි,"ස්ටෙෆනි ගාබර් (Stephanie Garber), පරිවර්තනය: කෝශලී සිරිචන්ද්‍ර (Translation: Koshalee Sirichandra)",978-748-7074-58-5,Historical/Religious,Colombo,82.7,14.63,439,4.59,53.07,24.73,12.1,55,19.19,49.68,Low Demand
2025-12,BK078,සිහිනය සහ සෙවනැලි,"ස්ටෙෆනි ගාබර් (Stephanie Garber), පරිවර්තනය: කෝශලී සිරිචන්ද්‍ර (Translation: Koshalee Sirichandra)",978-748-7074-58-5,Historical/Religious,Galle,69.6,14.6,438,4.59,53.23,24.4,11.2,55,58.69,67.33,Moderate Demand
2025-12,BK078,සිහිනය සහ සෙවනැලි,"ස්ටෙෆනි ගාබර් (Stephanie Garber), පරිවර්තනය: කෝශලී සිරිචන්ද්‍ර (Translation: Koshalee Sirichandra)",978-748-7074-58-5,Historical/Religious,Kandy,72.4,14.83,445,4.61,51.03,25.53,13.3,55,33.17,52.15,Low Demand
2025-12,BK079,හැරී පොටර් සහ රහස් කුටිය,ජේ. කේ. රෝලිං - පරි. අභය හේවාවසම්,978-955-573-623-7,Translation,Colombo,73.1,31.63,949,4.19,79.07,36.6,10.2,62,80.66,75.58,High Demand
2025-12,BK079,හැරී පොටර් සහ රහස් කුටිය,ජේ. කේ. රෝලිං - පරි. අභය හේවාවසම්,978-955-573-623-7,Translation,Galle,73.8,32.5,975,4.2,83.93,39.3,10.0,62,96.4,86.64,High Demand
2025-12,BK079,හැරී පොටර් සහ රහස් කුටිය,ජේ. කේ. රෝලිං - පරි. අභය හේවාවසම්,978-955-573-623-7,Translation,Kandy,77.5,36.7,1101,4.21,87.47,39.7,11.1,62,78.78,85.99,High Demand
2025-12,BK080,විකෘති (Vikurthi),සෝමලතා සුබසිංහ,978-955-428-430-2,Drama,Colombo,73.4,19.2,576,4.92,67.87,32.07,9.2,65,62.09,66.92,Moderate Demand
2025-12,BK080,විකෘති (Vikurthi),සෝමලතා සුබසිංහ,978-955-428-430-2,Drama,Galle,64.1,16.43,493,4.92,60.67,28.9,9.9,65,65.7,75.59,High Demand
2025-12,BK080,විකෘති (Vikurthi),සෝමලතා සුබසිංහ,978-955-428-430-2,Drama,Kandy,62.8,19.6,588,4.89,65.63,32.23,9.2,65,70.78,76.64,High Demand
2025-12,BK081,නැන්දම්මාගේ ඩයරිය,කල්පනා කස්තුරිආරච්චි,978-624-9695-78-8,Short Stories,Colombo,71.1,14.37,431,4.09,49.6,22.93,9.4,57,24.43,41.28,Low Demand
2025-12,BK081,නැන්දම්මාගේ ඩයරිය,කල්පනා කස්තුරිආරච්චි,978-624-9695-78-8,Short Stories,Galle,81.2,14.13,424,4.1,49.43,24.0,10.2,57,56.42,64.97,Moderate Demand
2025-12,BK081,නැන්දම්මාගේ ඩයරිය,කල්පනා කස්තුරිආරච්චි,978-624-9695-78-8,Short Stories,Kandy,67.0,14.7,441,4.09,50.0,23.8,12.5,57,26.31,53.71,Low Demand
2025-12,BK082,හැරී පොටර් සහ අස්කබාන්හි සිරකරු,ජේ. කේ. රෝලිං - පරි. අභය හේවාවසම්,978-955-671-187-5,Translation,Colombo,77.0,39.03,1171,3.81,86.87,40.53,11.2,62,100.0,86.5,High Demand
2025-12,BK082,හැරී පොටර් සහ අස්කබාන්හි සිරකරු,ජේ. කේ. රෝලිං - පරි. අභය හේවාවසම්,978-955-671-187-5,Translation,Galle,76.4,36.23,1087,3.81,87.77,38.6,12.0,62,100.0,72.23,Moderate Demand
2025-12,BK082,හැරී පොටර් සහ අස්කබාන්හි සිරකරු,ජේ. කේ. රෝලිං - පරි. අභය හේවාවසම්,978-955-671-187-5,Translation,Kandy,74.1,37.1,1113,3.79,85.67,40.83,11.7,62,98.86,87.13,High Demand
2025-12,BK083,පර්සි ජැක්සන් සහ රාක්ෂ සයුර,රික් රියෝඩන් (පරි. සවින්දි ආරියතිලක),978-955-697-090-0,Fantasy,Colombo,78.5,22.7,681,4.39,72.1,33.43,10.7,74,80.34,85.96,High Demand
2025-12,BK083,පර්සි ජැක්සන් සහ රාක්ෂ සයුර,රික් රියෝඩන් (පරි. සවින්දි ආරියතිලක),978-955-697-090-0,Fantasy,Galle,80.4,19.23,577,4.39,64.03,29.67,8.9,74,73.15,72.12,Moderate Demand
2025-12,BK083,පර්සි ජැක්සන් සහ රාක්ෂ සයුර,රික් රියෝඩන් (පරි. සවින්දි ආරියතිලක),978-955-697-090-0,Fantasy,Kandy,66.8,22.27,668,4.4,67.73,31.63,9.5,74,73.0,81.35,High Demand
2025-12,BK084,විභාග ජය ගැනීමේ රහස (Vibhaga Jaya Ganeeme Rahasa),ප්‍රවීන් රන්දෙනිය,978-624-97120-5-0,Academic,Colombo,73.4,23.8,714,4.09,72.57,33.07,13.4,45,78.45,79.55,High Demand
2025-12,BK084,විභාග ජය ගැනීමේ රහස (Vibhaga Jaya Ganeeme Rahasa),ප්‍රවීන් රන්දෙනිය,978-624-97120-5-0,Academic,Galle,75.7,19.4,582,4.1,63.67,30.73,10.4,45,67.99,59.82,Moderate Demand
2025-12,BK084,විභාග ජය ගැනීමේ රහස (Vibhaga Jaya Ganeeme Rahasa),ප්‍රවීන් රන්දෙනිය,978-624-97120-5-0,Academic,Kandy,77.3,24.47,734,4.1,77.2,36.67,11.2,45,80.19,65.2,Moderate Demand
2025-12,BK085,දික්තල කාලගෝල (Diktala Kalagola),පුණ්‍යසේන ගුණසිංහ,978-955-9377-71-9,Drama,Colombo,76.7,14.87,446,4.8,53.63,26.53,11.2,65,29.14,55.32,Low Demand
2025-12,BK085,දික්තල කාලගෝල (Diktala Kalagola),පුණ්‍යසේන ගුණසිංහ,978-955-9377-71-9,Drama,Galle,73.8,13.37,401,4.79,49.07,24.67,10.3,65,35.93,65.75,Moderate Demand
2025-12,BK085,දික්තල කාලගෝල (Diktala Kalagola),පුණ්‍යසේන ගුණසිංහ,978-955-9377-71-9,Drama,Kandy,72.5,17.23,517,4.81,59.33,28.2,9.5,65,37.82,54.69,Low Demand
2025-12,BK086,නැන්සි කෲ: ටෙඩි බෙයාර් අබිරහස,කැරොලයින් කීන්,978-955-657-006-8,Translation,Colombo,75.3,16.27,488,4.29,59.23,29.07,12.6,62,48.18,66.99,Moderate Demand
2025-12,BK086,නැන්සි කෲ: ටෙඩි බෙයාර් අබිරහස,කැරොලයින් කීන්,978-955-657-006-8,Translation,Galle,81.9,14.13,424,4.29,51.07,24.2,8.6,62,46.43,59.82,Moderate Demand
2025-12,BK086,නැන්සි කෲ: ටෙඩි බෙයාර් අබිරහස,කැරොලයින් කීන්,978-955-657-006-8,Translation,Kandy,71.1,18.73,562,4.3,61.2,28.37,9.5,62,61.32,66.93,Moderate Demand
2025-12,BK087,කතාව සහ සිහිනය,ක්‍රිස් කුස්නෙස්කි (පරිවර්තනය),978-566-9308-23-4,Short Stories,Colombo,84.5,15.17,455,3.7,53.2,26.4,10.2,57,37.14,42.85,Low Demand
2025-12,BK087,කතාව සහ සිහිනය,ක්‍රිස් කුස්නෙස්කි (පරිවර්තනය),978-566-9308-23-4,Short Stories,Galle,70.7,13.67,410,3.69,45.67,23.07,9.7,57,34.98,49.62,Low Demand
2025-12,BK087,කතාව සහ සිහිනය,ක්‍රිස් කුස්නෙස්කි (පරිවර්තනය),978-566-9308-23-4,Short Stories,Kandy,69.8,15.4,462,3.71,52.77,25.93,8.0,57,28.99,47.37,Low Demand
2025-12,BK088,අඹ යහළුවෝ,ටී. බී. ඉලංගරත්න,978-955-4682-00-9,Novel,Colombo,72.1,30.0,900,4.8,84.13,41.7,10.1,70,92.04,86.14,High Demand
2025-12,BK088,අඹ යහළුවෝ,ටී. බී. ඉලංගරත්න,978-955-4682-00-9,Novel,Galle,80.0,25.8,774,4.8,72.47,35.17,9.3,70,85.8,75.65,High Demand
2025-12,BK088,අඹ යහළුවෝ,ටී. බී. ඉලංගරත්න,978-955-4682-00-9,Novel,Kandy,76.3,31.1,933,4.79,82.73,39.0,8.2,70,82.79,85.12,High Demand
2025-12,BK089,මායා අහස,දිනිති තරුමිණි,978-222-3861-35-8,Young Adult,Colombo,72.8,15.03,451,4.3,50.27,24.17,10.7,66,44.45,60.2,Moderate Demand
2025-12,BK089,මායා අහස,දිනිති තරුමිණි,978-222-3861-35-8,Young Adult,Galle,69.6,14.57,437,4.3,51.43,24.6,9.3,66,59.95,64.04,Moderate Demand
2025-12,BK089,මායා අහස,දිනිති තරුමිණි,978-222-3861-35-8,Young Adult,Kandy,68.7,15.17,455,4.3,54.7,26.83,8.8,66,35.61,58.74,Moderate Demand
2025-12,BK090,අනාගත නගරය,පරිවර්තනය: චන්දන මෙන්ඩිස් (Chandana Mendis),978-587-7471-56-2,Drama,Colombo,67.4,13.97,419,3.69,45.97,21.63,11.7,65,24.18,56.43,Moderate Demand
2025-12,BK090,අනාගත නගරය,පරිවර්තනය: චන්දන මෙන්ඩිස් (Chandana Mendis),978-587-7471-56-2,Drama,Galle,80.5,13.63,409,3.7,47.7,22.4,9.6,65,39.4,63.14,Moderate Demand
2025-12,BK090,අනාගත නගරය,පරිවර්තනය: චන්දන මෙන්ඩිස් (Chandana Mendis),978-587-7471-56-2,Drama,Kandy,68.6,14.73,442,3.69,48.43,23.43,9.5,65,20.87,41.11,Low Demand
2025-12,BK091,හැරී පොටර් සහ ෆීනික්ස් නිකාය,ජේ. කේ. රෝලිං - පරි. අභය හේවාවසම්,978-955-573-951-1,Translation,Colombo,75.4,37.07,1112,3.59,87.5,42.17,11.1,62,92.8,80.15,High Demand
2025-12,BK091,හැරී පොටර් සහ ෆීනික්ස් නිකාය,ජේ. කේ. රෝලිං - පරි. අභය හේවාවසම්,978-955-573-951-1,Translation,Galle,77.8,33.6,1008,3.59,86.1,39.27,8.5,62,96.62,84.22,High Demand
2025-12,BK091,හැරී පොටර් සහ ෆීනික්ස් නිකාය,ජේ. කේ. රෝලිං - පරි. අභය හේවාවසම්,978-955-573-951-1,Translation,Kandy,77.9,40.4,1212,3.6,90.0,41.33,10.0,62,99.52,69.08,Moderate Demand
2025-12,BK092,සැඟවුණු රහස,රොජර් ලී මැක්බ්‍රයිඩ් (Roger Lea MacBride) - පරිවර්තනය: චිත්‍රා අමරසේකර,978-745-6661-48-1,Historical/Religious,Colombo,74.2,14.1,423,4.88,50.93,24.6,9.5,55,14.94,47.51,Low Demand
2025-12,BK092,සැඟවුණු රහස,රොජර් ලී මැක්බ්‍රයිඩ් (Roger Lea MacBride) - පරිවර්තනය: චිත්‍රා අමරසේකර,978-745-6661-48-1,Historical/Religious,Galle,64.7,12.63,379,4.9,45.9,21.77,11.7,55,28.08,49.98,Low Demand
2025-12,BK092,සැඟවුණු රහස,රොජර් ලී මැක්බ්‍රයිඩ් (Roger Lea MacBride) - පරිවර්තනය: චිත්‍රා අමරසේකර,978-745-6661-48-1,Historical/Religious,Kandy,76.4,15.3,459,4.9,52.17,25.03,10.2,55,15.1,48.77,Low Demand
2025-12,BK093,සෙවනැලි සහ මාලිගාව,පරිවර්තනය: චන්දන මෙන්ඩිස් (Chandana Mendis),978-289-1737-32-0,Poetry,Colombo,65.5,14.97,449,3.9,49.5,22.67,8.8,50,37.32,51.83,Low Demand
2025-12,BK093,සෙවනැලි සහ මාලිගාව,පරිවර්තනය: චන්දන මෙන්ඩිස් (Chandana Mendis),978-289-1737-32-0,Poetry,Galle,73.6,13.83,415,3.89,50.87,25.57,8.5,50,27.13,53.48,Low Demand
2025-12,BK093,සෙවනැලි සහ මාලිගාව,පරිවර්තනය: චන්දන මෙන්ඩිස් (Chandana Mendis),978-289-1737-32-0,Poetry,Kandy,71.4,15.93,478,3.9,53.83,26.1,8.3,50,48.33,60.68,Moderate Demand
2025-12,BK094,නෙවර් ලයි (Never Lie),ෆ්‍රීඩා මැක්ෆැඩන් - පරි. තරුෂි නිරංගා ජයසිංහ,978-624-6570-46-0,Thriller,Colombo,73.2,25.7,771,4.28,76.67,36.23,13.9,76,65.5,67.38,Moderate Demand
2025-12,BK094,නෙවර් ලයි (Never Lie),ෆ්‍රීඩා මැක්ෆැඩන් - පරි. තරුෂි නිරංගා ජයසිංහ,978-624-6570-46-0,Thriller,Galle,75.6,25.93,778,4.31,77.67,36.3,9.3,76,98.92,90.75,High Demand
2025-12,BK094,නෙවර් ලයි (Never Lie),ෆ්‍රීඩා මැක්ෆැඩන් - පරි. තරුෂි නිරංගා ජයසිංහ,978-624-6570-46-0,Thriller,Kandy,68.7,26.1,783,4.29,76.7,34.37,8.0,76,68.05,81.62,High Demand
2025-12,BK095,ප්‍රේම ගීතය,සමුද්‍ර වෙත්තසිංහ (Samudra Weththasingha),978-573-6220-40-5,Non-fiction,Colombo,75.8,14.8,444,4.5,51.83,24.6,9.0,52,32.59,49.44,Low Demand
2025-12,BK095,ප්‍රේම ගීතය,සමුද්‍ර වෙත්තසිංහ (Samudra Weththasingha),978-573-6220-40-5,Non-fiction,Galle,74.6,14.5,435,4.5,52.77,26.43,11.8,52,37.82,56.82,Moderate Demand
2025-12,BK095,ප්‍රේම ගීතය,සමුද්‍ර වෙත්තසිංහ (Samudra Weththasingha),978-573-6220-40-5,Non-fiction,Kandy,71.1,14.4,432,4.49,45.83,21.73,12.6,52,12.13,48.91,Low Demand
2025-12,BK096,පුද්ගලිකයි රහසිගතයි (The Secret Files of Sherlock Holmes),චන්දන මෙන්ඩිස් (පරිවර්තනය),955-97776-4-5,Mystery,Colombo,70.0,20.23,607,4.97,70.9,33.5,10.4,71,71.62,78.77,High Demand
2025-12,BK096,පුද්ගලිකයි රහසිගතයි (The Secret Files of Sherlock Holmes),චන්දන මෙන්ඩිස් (පරිවර්තනය),955-97776-4-5,Mystery,Galle,75.7,20.77,623,4.99,64.83,30.37,10.4,71,84.47,87.26,High Demand
2025-12,BK096,පුද්ගලිකයි රහසිගතයි (The Secret Files of Sherlock Holmes),චන්දන මෙන්ඩිස් (පරිවර්තනය),955-97776-4-5,Mystery,Kandy,69.2,20.73,622,4.97,67.57,31.33,9.8,71,72.67,83.31,High Demand
2025-12,BK097,පරණ කතාව,මාර්ටින් වික්‍රමසිංහ,978-528-5693-75-7,Children's,Colombo,74.2,14.8,444,4.11,49.9,23.6,11.5,60,33.34,49.42,Low Demand
2025-12,BK097,පරණ කතාව,මාර්ටින් වික්‍රමසිංහ,978-528-5693-75-7,Children's,Galle,70.5,14.2,426,4.11,52.3,26.0,8.4,60,45.83,68.13,Moderate Demand
2025-12,BK097,පරණ කතාව,මාර්ටින් වික්‍රමසිංහ,978-528-5693-75-7,Children's,Kandy,64.4,16.97,509,4.08,56.83,27.27,9.5,60,35.6,53.54,Low Demand
2025-12,BK098,මාණික්කාවත (Manikkawatha),මහින්ද ප්‍රසාද් මසිඹුල,978-955-098-023-9,Novel,Colombo,74.8,29.5,885,3.5,80.6,36.93,9.8,70,100.0,89.65,High Demand
2025-12,BK098,මාණික්කාවත (Manikkawatha),මහින්ද ප්‍රසාද් මසිඹුල,978-955-098-023-9,Novel,Galle,79.9,24.37,731,3.52,74.63,35.83,9.7,70,82.25,78.1,High Demand
2025-12,BK098,මාණික්කාවත (Manikkawatha),මහින්ද ප්‍රසාද් මසිඹුල,978-955-098-023-9,Novel,Kandy,73.9,30.9,927,3.51,80.17,38.17,9.0,70,84.64,72.67,Moderate Demand
2025-12,BK099,ගංගාව සහ ගංගාව,"ජේම්ස් හැඩ්ලි චේස් (James Hadley Chase), පරිවර්තනය: එන්. ජී. විජේරත්න (Translation: N. G. Wijerathna)",978-493-2631-22-5,Children's,Colombo,79.0,14.93,448,4.81,53.5,25.77,9.7,60,44.45,60.21,Moderate Demand
2025-12,BK099,ගංගාව සහ ගංගාව,"ජේම්ස් හැඩ්ලි චේස් (James Hadley Chase), පරිවර්තනය: එන්. ජී. විජේරත්න (Translation: N. G. Wijerathna)",978-493-2631-22-5,Children's,Galle,74.6,14.43,433,4.79,50.7,23.83,10.6,60,46.46,60.87,Moderate Demand
2025-12,BK099,ගංගාව සහ ගංගාව,"ජේම්ස් හැඩ්ලි චේස් (James Hadley Chase), පරිවර්තනය: එන්. ජී. විජේරත්න (Translation: N. G. Wijerathna)",978-493-2631-22-5,Children's,Kandy,74.3,15.27,458,4.79,53.23,24.87,8.9,60,41.3,60.09,Moderate Demand
2025-12,BK100,රන් මතකය,ලසිත රවීන් උමගිලිය,978-825-3894-18-1,Young Adult,Colombo,79.0,13.93,418,4.09,50.83,24.2,9.8,66,26.5,47.59,Low Demand
2025-12,BK100,රන් මතකය,ලසිත රවීන් උමගිලිය,978-825-3894-18-1,Young Adult,Galle,73.2,12.2,366,4.1,46.67,21.67,10.3,66,29.89,57.67,Moderate Demand
2025-12,BK100,රන් මතකය,ලසිත රවීන් උමගිලිය,978-825-3894-18-1,Young Adult,Kandy,72.7,15.37,461,4.1,57.63,26.3,9.1,66,33.8,62.47,Moderate Demand
