Month,Book_ID,Book_Name,Author,ISBN,Category,Branch_Name,Current_Stock,Daily_Sales,Monthly_Sales,Rating,View_Count,Search_Count,Avg_Event_Score,CategoryScore,Branch_Demand_Score,Trend_Score,Trend_Label
2025-01,BK001,Ape Gama,Martin Wickramasinghe,978-955-31-2954-3,Novel,Colombo,30.8,6.13,190,4.24,22.03,10.45,8.4,70,69.57,70.9,Moderate Demand
2025-01,BK001,Ape Gama,Martin Wickramasinghe,978-955-31-2954-3,Novel,Galle,36.3,5.65,175,4.23,19.32,9.61,7.7,70,80.12,80.82,High Demand
2025-01,BK001,Ape Gama,Martin Wickramasinghe,978-955-31-2954-3,Novel,Kandy,35.5,6.42,199,4.22,22.29,10.19,9.2,70,80.13,85.2,High Demand
2025-01,BK002,Viragaya,Martin Wickramasinghe,978-955-1234-01-2,Novel,Colombo,37.6,4.97,154,3.92,17.74,8.26,9.7,70,52.82,65.88,Moderate Demand
2025-01,BK002,Viragaya,Martin Wickramasinghe,978-955-1234-01-2,Novel,Galle,34.6,4.23,131,3.92,17.03,8.29,9.1,70,36.85,51.86,Low Demand
2025-01,BK002,Viragaya,Martin Wickramasinghe,978-955-1234-01-2,Novel,Kandy,33.0,5.68,176,3.89,20.52,10.03,10.9,70,52.23,61.33,Moderate Demand
2025-01,BK003,Gamperaliya,Martin Wickramasinghe,978-955-1234-02-9,Novel,Colombo,35.0,7.45,231,4.69,25.39,12.26,8.8,70,85.11,81.14,High Demand
2025-01,BK003,Gamperaliya,Martin Wickramasinghe,978-955-1234-02-9,Novel,Galle,29.5,6.23,193,4.71,22.19,10.48,8.5,70,81.95,73.12,High Demand
2025-01,BK003,Gamperaliya,Martin Wickramasinghe,978-955-1234-02-9,Novel,Kandy,30.6,6.81,211,4.7,23.19,10.84,10.0,70,93.02,90.89,High Demand
2025-01,BK004,Madol Duwa,Martin Wickramasinghe,978-955-1234-03-6,Children's,Colombo,32.6,5.32,165,3.95,19.0,9.19,7.5,60,61.97,67.81,Moderate Demand
2025-01,BK004,Madol Duwa,Martin Wickramasinghe,978-955-1234-03-6,Children's,Galle,36.7,5.48,170,3.94,19.71,9.65,7.1,60,62.51,67.01,Moderate Demand
2025-01,BK004,Madol Duwa,Martin Wickramasinghe,978-955-1234-03-6,Children's,Kandy,32.6,6.06,188,3.94,20.87,10.16,6.3,60,80.96,80.18,High Demand
2025-01,BK005,Senkottan,Mahinda Prasad Masimbula,978-955-3031-15-8,Novel,Colombo,33.1,3.06,95,3.55,12.77,6.48,8.0,70,20.76,43.01,Low Demand
2025-01,BK005,Senkottan,Mahinda Prasad Masimbula,978-955-3031-15-8,Novel,Galle,34.3,2.52,78,3.54,10.65,5.03,8.5,70,4.85,44.69,Low Demand
2025-01,BK005,Senkottan,Mahinda Prasad Masimbula,978-955-3031-15-8,Novel,Kandy,35.2,3.29,102,3.54,13.1,6.19,8.7,70,5.44,41.11,Low Demand
2025-01,BK006,Malagiya Attho,Ediriweera Sarachchandra,978-955-9012-05-4,Novel,Colombo,33.3,7.55,234,3.77,23.97,11.1,7.2,70,100.0,86.33,High Demand
2025-01,BK006,Malagiya Attho,Ediriweera Sarachchandra,978-955-9012-05-4,Novel,Galle,32.8,6.71,208,3.78,24.68,11.32,8.7,70,98.52,87.85,High Demand
2025-01,BK006,Malagiya Attho,Ediriweera Sarachchandra,978-955-9012-05-4,Novel,Kandy,37.7,7.29,226,3.78,26.97,12.84,5.9,70,85.42,74.61,High Demand
2025-01,BK007,Amba Yaluwo,T. B. Ilangaratne,978-955-8877-66-5,Novel,Colombo,35.7,6.1,189,4.26,21.9,10.45,7.7,70,83.95,82.12,High Demand
2025-01,BK007,Amba Yaluwo,T. B. Ilangaratne,978-955-8877-66-5,Novel,Galle,27.9,5.61,174,4.25,21.32,10.16,8.2,70,67.22,75.21,High Demand
2025-01,BK007,Amba Yaluwo,T. B. Ilangaratne,978-955-8877-66-5,Novel,Kandy,30.0,7.52,233,4.28,25.68,11.65,8.7,70,100.0,83.99,High Demand
2025-01,BK008,Guru Geethaya,Chingiz Aitmatov (Trans.),978-955-6543-20-1,Translated Classic,Colombo,30.2,5.39,167,4.25,20.39,9.39,7.8,78,68.02,72.77,High Demand
2025-01,BK008,Guru Geethaya,Chingiz Aitmatov (Trans.),978-955-6543-20-1,Translated Classic,Galle,37.2,6.84,212,4.25,25.19,11.97,8.9,78,100.0,96.85,High Demand
2025-01,BK008,Guru Geethaya,Chingiz Aitmatov (Trans.),978-955-6543-20-1,Translated Classic,Kandy,33.4,6.58,204,4.24,23.1,11.45,9.8,78,96.38,83.88,High Demand
2025-01,BK009,Sanda Gawa Gini,Sumithra Rahubadda,978-955-4422-33-7,Novel,Colombo,29.2,2.87,89,4.25,11.55,5.48,10.6,70,0.0,44.03,Low Demand
2025-01,BK009,Sanda Gawa Gini,Sumithra Rahubadda,978-955-4422-33-7,Novel,Galle,31.3,2.61,81,4.25,9.52,4.97,9.6,70,20.68,46.94,Low Demand
2025-01,BK009,Sanda Gawa Gini,Sumithra Rahubadda,978-955-4422-33-7,Novel,Kandy,29.2,3.77,117,4.26,15.0,7.42,8.5,70,27.07,55.68,Moderate Demand
2025-01,BK010,Karumakkarayo,Gunadasa Amarasekara,978-955-5678-10-1,Novel,Colombo,35.2,5.55,172,4.38,20.81,9.81,8.1,70,70.47,75.31,High Demand
2025-01,BK010,Karumakkarayo,Gunadasa Amarasekara,978-955-5678-10-1,Novel,Galle,34.6,4.77,148,4.38,17.48,8.13,8.9,70,64.91,72.22,High Demand
2025-01,BK010,Karumakkarayo,Gunadasa Amarasekara,978-955-5678-10-1,Novel,Kandy,36.5,5.03,156,4.38,20.48,9.42,8.7,70,37.82,51.97,Low Demand
2025-01,BK011,Yali Upannemi,Gunadasa Amarasekara,978-955-5678-11-8,Novel,Colombo,33.9,4.39,136,3.91,15.55,7.45,11.1,70,20.96,47.33,Low Demand
2025-01,BK011,Yali Upannemi,Gunadasa Amarasekara,978-955-5678-11-8,Novel,Galle,30.8,3.84,119,3.9,16.26,7.65,9.2,70,21.25,47.49,Low Demand
2025-01,BK011,Yali Upannemi,Gunadasa Amarasekara,978-955-5678-11-8,Novel,Kandy,27.2,4.32,134,3.91,16.13,7.61,9.9,70,38.3,47.93,Low Demand
2025-01,BK012,Vilambitha,Mahinda Prasad Masimbula,978-955-3031-16-5,Novel,Colombo,34.1,6.77,210,4.87,23.55,11.45,7.5,70,90.96,94.48,High Demand
2025-01,BK012,Vilambitha,Mahinda Prasad Masimbula,978-955-3031-16-5,Novel,Galle,34.9,6.68,207,4.87,25.94,12.16,7.7,70,100.0,95.01,High Demand
2025-01,BK012,Vilambitha,Mahinda Prasad Masimbula,978-955-3031-16-5,Novel,Kandy,33.4,7.68,238,4.87,25.19,11.35,7.3,70,100.0,94.82,High Demand
2025-01,BK013,Kaliyugaya,Martin Wickramasinghe,978-955-1234-04-3,Novel,Colombo,34.1,5.45,169,4.15,20.39,9.48,10.6,70,69.14,77.15,High Demand
2025-01,BK013,Kaliyugaya,Martin Wickramasinghe,978-955-1234-04-3,Novel,Galle,31.8,6.0,186,4.17,22.81,11.16,7.6,70,89.57,86.34,High Demand
2025-01,BK013,Kaliyugaya,Martin Wickramasinghe,978-955-1234-04-3,Novel,Kandy,27.8,5.74,178,4.17,20.77,10.03,7.5,70,50.25,71.17,Moderate Demand
2025-01,BK014,Yuganthaya,Martin Wickramasinghe,978-955-1234-05-0,Novel,Colombo,28.7,6.97,216,3.97,26.26,12.39,8.3,70,88.77,79.52,High Demand
2025-01,BK014,Yuganthaya,Martin Wickramasinghe,978-955-1234-05-0,Novel,Galle,36.8,6.61,205,3.96,23.1,11.58,7.4,70,85.1,80.19,High Demand
2025-01,BK014,Yuganthaya,Martin Wickramasinghe,978-955-1234-05-0,Novel,Kandy,31.0,7.06,219,3.93,25.06,11.29,8.0,70,76.13,74.59,High Demand
2025-01,BK015,Bavatharanaya,Martin Wickramasinghe,978-955-1234-06-7,Novel,Colombo,32.1,4.97,154,4.16,17.23,7.97,7.9,70,43.55,63.24,Moderate Demand
2025-01,BK015,Bavatharanaya,Martin Wickramasinghe,978-955-1234-06-7,Novel,Galle,33.0,4.71,146,4.18,18.87,8.45,9.5,70,62.98,88.32,High Demand
2025-01,BK015,Bavatharanaya,Martin Wickramasinghe,978-955-1234-06-7,Novel,Kandy,34.3,5.61,174,4.17,21.26,9.55,7.9,70,44.56,58.59,Moderate Demand
2025-01,BK016,Lolita,Vladimir Nabokov (Trans.),978-955-3022-10-1,Translated Classic,Colombo,28.8,3.45,107,4.43,14.48,7.48,8.2,78,18.55,46.76,Low Demand
2025-01,BK016,Lolita,Vladimir Nabokov (Trans.),978-955-3022-10-1,Translated Classic,Galle,38.0,2.94,91,4.44,11.9,5.87,9.1,78,5.05,38.92,Low Demand
2025-01,BK016,Lolita,Vladimir Nabokov (Trans.),978-955-3022-10-1,Translated Classic,Kandy,35.8,3.9,121,4.44,16.35,7.71,8.0,78,34.15,54.09,Low Demand
2025-01,BK017,Aprasanna Kathavak,Karunasena Jayalath,978-955-1100-33-5,Novel,Colombo,35.8,4.35,135,4.08,16.84,8.55,10.1,70,41.13,56.18,Moderate Demand
2025-01,BK017,Aprasanna Kathavak,Karunasena Jayalath,978-955-1100-33-5,Novel,Galle,27.9,4.61,143,4.07,16.61,8.1,9.7,70,50.5,67.3,Moderate Demand
2025-01,BK017,Aprasanna Kathavak,Karunasena Jayalath,978-955-1100-33-5,Novel,Kandy,29.3,5.16,160,4.08,18.39,8.9,8.6,70,47.5,68.87,Moderate Demand
2025-01,BK018,Golu Hadawatha,Karunasena Jayalath,978-955-1100-34-2,Novel,Colombo,37.3,3.42,106,4.25,13.52,6.81,8.4,70,12.49,46.45,Low Demand
2025-01,BK018,Golu Hadawatha,Karunasena Jayalath,978-955-1100-34-2,Novel,Galle,35.6,2.52,78,4.27,10.1,5.03,7.2,70,3.31,46.02,Low Demand
2025-01,BK018,Golu Hadawatha,Karunasena Jayalath,978-955-1100-34-2,Novel,Kandy,39.5,2.9,90,4.26,12.35,6.1,7.9,70,0.0,37.22,Low Demand
2025-01,BK019,Gahanu Lamai,Karunasena Jayalath,978-955-1100-35-9,Novel,Colombo,32.1,7.0,217,3.82,24.1,11.29,9.9,70,100.0,86.72,High Demand
2025-01,BK019,Gahanu Lamai,Karunasena Jayalath,978-955-1100-35-9,Novel,Galle,30.4,6.13,190,3.83,22.58,10.16,6.4,70,84.77,80.62,High Demand
2025-01,BK019,Gahanu Lamai,Karunasena Jayalath,978-955-1100-35-9,Novel,Kandy,35.0,7.32,227,3.83,24.61,11.29,7.3,70,85.2,84.05,High Demand
2025-01,BK020,Kulakumariya,T. B. Ilangaratne,978-955-8877-67-2,Novel,Colombo,35.1,4.71,146,4.14,17.45,8.23,9.2,70,54.33,57.48,Moderate Demand
2025-01,BK020,Kulakumariya,T. B. Ilangaratne,978-955-8877-67-2,Novel,Galle,33.3,5.81,180,4.15,19.71,9.48,6.5,70,80.4,82.37,High Demand
2025-01,BK020,Kulakumariya,T. B. Ilangaratne,978-955-8877-67-2,Novel,Kandy,32.2,5.74,178,4.16,19.61,9.65,8.9,70,64.43,67.59,Moderate Demand
2025-01,BK021,Lasanda,T. B. Ilangaratne,978-955-8877-68-9,Novel,Colombo,35.8,6.1,189,4.42,22.97,10.61,8.1,70,60.54,68.15,Moderate Demand
2025-01,BK021,Lasanda,T. B. Ilangaratne,978-955-8877-68-9,Novel,Galle,34.5,5.06,157,4.43,18.16,8.58,7.5,70,86.6,89.87,High Demand
2025-01,BK021,Lasanda,T. B. Ilangaratne,978-955-8877-68-9,Novel,Kandy,36.0,5.94,184,4.44,20.32,9.52,9.8,70,61.61,73.94,High Demand
2025-01,BK022,Maname,Ediriweera Sarachchandra,978-955-9012-06-1,Drama,Colombo,35.9,4.84,150,3.87,19.35,8.77,8.4,65,50.71,64.44,Moderate Demand
2025-01,BK022,Maname,Ediriweera Sarachchandra,978-955-9012-06-1,Drama,Galle,31.2,4.03,125,3.86,15.97,7.55,8.4,65,46.45,62.69,Moderate Demand
2025-01,BK022,Maname,Ediriweera Sarachchandra,978-955-9012-06-1,Drama,Kandy,36.4,4.77,148,3.85,17.42,8.55,10.0,65,43.06,52.65,Low Demand
2025-01,BK023,Sinhabahu,Ediriweera Sarachchandra,978-955-9012-07-8,Drama,Colombo,31.0,6.65,206,4.0,24.23,11.74,9.5,65,100.0,83.69,High Demand
2025-01,BK023,Sinhabahu,Ediriweera Sarachchandra,978-955-9012-07-8,Drama,Galle,30.6,6.16,191,3.99,21.13,10.0,6.9,65,94.09,79.5,High Demand
2025-01,BK023,Sinhabahu,Ediriweera Sarachchandra,978-955-9012-07-8,Drama,Kandy,31.0,6.48,201,4.01,23.1,10.42,7.2,65,81.62,83.96,High Demand
2025-01,BK024,Walmath Vee Atharaman Veemi,Simon Navagattegama,978-955-7733-11-2,Novel,Colombo,34.0,6.58,204,4.15,24.06,11.71,7.3,70,100.0,82.76,High Demand
2025-01,BK024,Walmath Vee Atharaman Veemi,Simon Navagattegama,978-955-7733-11-2,Novel,Galle,31.5,5.58,173,4.17,19.52,9.26,9.5,70,74.5,75.43,High Demand
2025-01,BK024,Walmath Vee Atharaman Veemi,Simon Navagattegama,978-955-7733-11-2,Novel,Kandy,34.2,6.55,203,4.16,20.68,9.84,8.6,70,100.0,88.95,High Demand
2025-01,BK025,Sansaranyaye Dadayakkara,Simon Navagattegama,978-955-7733-12-9,Novel,Colombo,30.4,6.42,199,3.27,21.71,10.1,8.8,70,86.8,82.52,High Demand
2025-01,BK025,Sansaranyaye Dadayakkara,Simon Navagattegama,978-955-7733-12-9,Novel,Galle,34.2,6.32,196,3.29,22.16,10.23,10.7,70,91.96,76.22,High Demand
2025-01,BK025,Sansaranyaye Dadayakkara,Simon Navagattegama,978-955-7733-12-9,Novel,Kandy,36.5,6.97,216,3.28,23.87,11.55,9.7,70,93.51,78.16,High Demand
2025-01,BK026,Kavikandarawa,Mahinda Prasad Masimbula,978-955-3031-17-2,Poetry,Colombo,39.1,3.81,118,4.38,14.58,6.29,10.2,50,19.32,44.56,Low Demand
2025-01,BK026,Kavikandarawa,Mahinda Prasad Masimbula,978-955-3031-17-2,Poetry,Galle,33.2,3.48,108,4.38,14.13,7.19,8.9,50,29.9,42.05,Low Demand
2025-01,BK026,Kavikandarawa,Mahinda Prasad Masimbula,978-955-3031-17-2,Poetry,Kandy,28.1,3.58,111,4.37,12.87,6.0,9.3,50,8.76,37.12,Low Demand
2025-01,BK027,Dodamlu Iwura,Sumithra Rahubadda,978-955-4422-34-4,Novel,Colombo,32.3,4.65,144,4.98,18.26,8.65,7.4,70,50.38,63.57,Moderate Demand
2025-01,BK027,Dodamlu Iwura,Sumithra Rahubadda,978-955-4422-34-4,Novel,Galle,37.0,4.94,153,4.99,17.61,8.65,8.2,70,65.71,80.38,High Demand
2025-01,BK027,Dodamlu Iwura,Sumithra Rahubadda,978-955-4422-34-4,Novel,Kandy,35.9,4.97,154,4.98,19.19,9.65,8.3,70,22.78,56.49,Moderate Demand
2025-01,BK028,Bumuthurunu,Sumithra Rahubadda,978-955-4422-35-1,Novel,Colombo,34.5,2.77,86,4.09,12.06,6.06,7.5,70,0.0,32.68,Low Demand
2025-01,BK028,Bumuthurunu,Sumithra Rahubadda,978-955-4422-35-1,Novel,Galle,31.8,2.81,87,4.09,11.16,5.71,6.9,70,11.76,47.99,Low Demand
2025-01,BK028,Bumuthurunu,Sumithra Rahubadda,978-955-4422-35-1,Novel,Kandy,34.6,3.32,103,4.08,12.52,6.03,8.0,70,5.85,37.02,Low Demand
2025-01,BK029,Podi Hamuduruwo,Sybil Wettasinghe,978-955-2011-44-3,Children's,Colombo,34.1,3.29,102,4.59,12.84,6.19,9.3,60,8.47,47.64,Low Demand
2025-01,BK029,Podi Hamuduruwo,Sybil Wettasinghe,978-955-2011-44-3,Children's,Galle,35.9,3.26,101,4.56,13.19,6.48,8.4,60,14.44,41.06,Low Demand
2025-01,BK029,Podi Hamuduruwo,Sybil Wettasinghe,978-955-2011-44-3,Children's,Kandy,30.1,3.48,108,4.56,13.9,6.42,8.8,60,15.21,46.03,Low Demand
2025-01,BK030,Kuda Hora,Sybil Wettasinghe,978-955-2011-45-0,Children's,Colombo,30.9,5.23,162,4.05,18.55,9.39,7.7,60,63.99,69.4,Moderate Demand
2025-01,BK030,Kuda Hora,Sybil Wettasinghe,978-955-2011-45-0,Children's,Galle,39.5,5.42,168,4.06,20.74,9.84,10.0,60,62.86,64.41,Moderate Demand
2025-01,BK030,Kuda Hora,Sybil Wettasinghe,978-955-2011-45-0,Children's,Kandy,33.0,6.19,192,4.06,23.65,10.81,9.8,60,68.79,82.05,High Demand
2025-01,BK031,Maria Cylonica,P. B. Jayasekara,978-955-6611-22-3,Novel,Colombo,38.8,5.77,179,3.88,20.61,9.97,10.6,70,65.49,75.24,High Demand
2025-01,BK031,Maria Cylonica,P. B. Jayasekara,978-955-6611-22-3,Novel,Galle,31.5,6.61,205,3.87,22.94,10.39,8.6,70,100.0,86.82,High Demand
2025-01,BK031,Maria Cylonica,P. B. Jayasekara,978-955-6611-22-3,Novel,Kandy,26.5,5.39,167,3.87,21.32,10.19,6.6,70,58.96,64.71,Moderate Demand
2025-01,BK032,Atawaka Putthu,Liyanage Amarakeerthi,978-955-3044-55-4,Novel,Colombo,33.4,7.23,224,4.24,25.1,11.71,8.4,70,97.02,90.18,High Demand
2025-01,BK032,Atawaka Putthu,Liyanage Amarakeerthi,978-955-3044-55-4,Novel,Galle,34.2,6.45,200,4.25,23.81,11.71,7.1,70,96.37,83.68,High Demand
2025-01,BK032,Atawaka Putthu,Liyanage Amarakeerthi,978-955-3044-55-4,Novel,Kandy,35.4,6.26,194,4.24,22.97,10.19,8.8,70,87.03,83.07,High Demand
2025-01,BK033,Kurulu Hadawatha,Liyanage Amarakeerthi,978-955-3044-56-1,Novel,Colombo,35.3,3.9,121,3.54,15.35,7.23,7.5,70,29.81,53.13,Low Demand
2025-01,BK033,Kurulu Hadawatha,Liyanage Amarakeerthi,978-955-3044-56-1,Novel,Galle,32.5,4.13,128,3.54,16.68,7.74,8.5,70,54.31,60.38,Moderate Demand
2025-01,BK033,Kurulu Hadawatha,Liyanage Amarakeerthi,978-955-3044-56-1,Novel,Kandy,25.7,3.74,116,3.54,15.0,7.42,8.3,70,24.33,50.91,Low Demand
2025-01,BK034,Gini Avi saha Gini Keli,Anura Horatious,978-955-9988-11-2,Novel,Colombo,29.9,4.81,149,3.76,17.39,8.58,7.8,70,44.83,61.27,Moderate Demand
2025-01,BK034,Gini Avi saha Gini Keli,Anura Horatious,978-955-9988-11-2,Novel,Galle,38.1,4.03,125,3.74,14.58,7.39,10.5,70,44.88,56.05,Moderate Demand
2025-01,BK034,Gini Avi saha Gini Keli,Anura Horatious,978-955-9988-11-2,Novel,Kandy,33.2,4.52,140,3.73,15.68,7.42,9.3,70,44.22,57.63,Moderate Demand
2025-01,BK035,Daskon,Wimalaratne Kumaragama,978-955-2233-44-5,Poetry,Colombo,36.6,4.87,151,4.43,17.61,8.48,8.6,50,60.03,68.33,Moderate Demand
2025-01,BK035,Daskon,Wimalaratne Kumaragama,978-955-2233-44-5,Poetry,Galle,32.4,4.23,131,4.43,15.87,7.42,6.1,50,39.68,63.41,Moderate Demand
2025-01,BK035,Daskon,Wimalaratne Kumaragama,978-955-2233-44-5,Poetry,Kandy,29.3,4.55,141,4.43,17.0,7.87,7.5,50,37.6,52.84,Low Demand
2025-01,BK036,Pethigomara,K. Jayatillake,978-955-1555-11-0,Novel,Colombo,32.8,3.68,114,4.18,14.55,6.9,8.0,70,29.71,52.69,Low Demand
2025-01,BK036,Pethigomara,K. Jayatillake,978-955-1555-11-0,Novel,Galle,29.0,3.26,101,4.19,12.84,6.26,8.3,70,20.03,41.12,Low Demand
2025-01,BK036,Pethigomara,K. Jayatillake,978-955-1555-11-0,Novel,Kandy,38.5,3.81,118,4.18,13.55,6.61,7.2,70,26.14,53.58,Low Demand
2025-01,BK037,Charitha Thunak,K. Jayatillake,978-955-1555-12-7,Novel,Colombo,34.7,3.48,108,3.93,14.16,6.84,8.6,70,21.61,52.79,Low Demand
2025-01,BK037,Charitha Thunak,K. Jayatillake,978-955-1555-12-7,Novel,Galle,34.0,2.81,87,3.94,12.74,6.39,8.0,70,9.5,34.43,Low Demand
2025-01,BK037,Charitha Thunak,K. Jayatillake,978-955-1555-12-7,Novel,Kandy,32.0,3.29,102,3.92,13.23,6.39,7.1,70,10.03,31.33,Low Demand
2025-01,BK038,Parajithayo,Siri Gunasinghe,978-955-1100-23-6,Novel,Colombo,37.8,3.87,120,4.34,14.35,7.13,7.6,70,29.51,61.91,Moderate Demand
2025-01,BK038,Parajithayo,Siri Gunasinghe,978-955-1100-23-6,Novel,Galle,29.6,4.23,131,4.35,16.1,7.58,7.8,70,38.64,58.89,Moderate Demand
2025-01,BK038,Parajithayo,Siri Gunasinghe,978-955-1100-23-6,Novel,Kandy,33.4,5.84,181,4.34,21.48,10.13,9.4,70,59.72,78.37,High Demand
2025-01,BK039,Rosa Malak Mata Denna,Shanthi Dissanayake,978-955-6677-88-1,Novel,Colombo,36.2,3.58,111,4.83,13.35,6.68,8.3,70,24.54,62.56,Moderate Demand
2025-01,BK039,Rosa Malak Mata Denna,Shanthi Dissanayake,978-955-6677-88-1,Novel,Galle,33.7,3.77,117,4.84,15.1,7.23,9.0,70,27.98,54.34,Low Demand
2025-01,BK039,Rosa Malak Mata Denna,Shanthi Dissanayake,978-955-6677-88-1,Novel,Kandy,33.4,3.35,104,4.85,14.39,7.23,9.3,70,0.6,49.74,Low Demand
2025-01,BK040,Paradal,Shanthi Dissanayake,978-955-6677-89-8,Novel,Colombo,38.0,5.87,182,4.14,22.13,10.48,10.5,70,67.35,67.81,Moderate Demand
2025-01,BK040,Paradal,Shanthi Dissanayake,978-955-6677-89-8,Novel,Galle,33.5,5.29,164,4.15,18.71,9.26,8.3,70,67.55,57.6,Moderate Demand
2025-01,BK040,Paradal,Shanthi Dissanayake,978-955-6677-89-8,Novel,Kandy,31.2,6.45,200,4.14,22.81,11.58,8.2,70,73.96,76.3,High Demand
2025-01,BK041,Girikulu,Shanthi Dissanayake,978-955-6677-90-4,Novel,Colombo,33.6,4.48,139,3.96,18.16,8.65,7.8,70,49.25,62.93,Moderate Demand
2025-01,BK041,Girikulu,Shanthi Dissanayake,978-955-6677-90-4,Novel,Galle,27.4,3.55,110,3.94,15.23,7.42,9.9,70,17.65,51.01,Low Demand
2025-01,BK041,Girikulu,Shanthi Dissanayake,978-955-6677-90-4,Novel,Kandy,29.4,6.03,187,3.96,20.03,9.19,9.0,70,65.03,70.74,Moderate Demand
2025-01,BK042,Sakkarang,Prasanna Vithanage (Adapt.),978-955-3322-11-9,Drama,Colombo,34.2,6.45,200,3.58,22.65,10.35,8.7,65,83.55,71.71,High Demand
2025-01,BK042,Sakkarang,Prasanna Vithanage (Adapt.),978-955-3322-11-9,Drama,Galle,36.0,6.77,210,3.55,22.87,10.48,7.7,65,100.0,77.91,High Demand
2025-01,BK042,Sakkarang,Prasanna Vithanage (Adapt.),978-955-3322-11-9,Drama,Kandy,33.4,5.74,178,3.57,20.32,9.71,6.9,65,66.89,65.23,Moderate Demand
2025-01,BK043,Bhatti,Edward Mallawaarachchi,978-955-5544-33-2,Novel,Colombo,33.2,5.29,164,4.13,18.74,8.58,7.7,70,37.96,67.65,Moderate Demand
2025-01,BK043,Bhatti,Edward Mallawaarachchi,978-955-5544-33-2,Novel,Galle,34.5,5.16,160,4.13,19.84,9.23,10.9,70,66.58,69.43,Moderate Demand
2025-01,BK043,Bhatti,Edward Mallawaarachchi,978-955-5544-33-2,Novel,Kandy,34.3,6.0,186,4.13,22.0,10.35,10.0,70,60.44,75.56,High Demand
2025-01,BK044,Sihina Kumari,Edward Mallawaarachchi,978-955-5544-34-9,Novel,Colombo,28.0,4.97,154,4.32,19.48,9.0,8.1,70,50.74,60.14,Moderate Demand
2025-01,BK044,Sihina Kumari,Edward Mallawaarachchi,978-955-5544-34-9,Novel,Galle,34.3,3.61,112,4.32,14.06,6.84,8.8,70,35.1,53.87,Low Demand
2025-01,BK044,Sihina Kumari,Edward Mallawaarachchi,978-955-5544-34-9,Novel,Kandy,31.9,4.19,130,4.32,15.77,7.35,7.7,70,24.5,53.54,Low Demand
2025-01,BK045,Adaraneeya Wasthuwe,Upul Shantha Sannasgala,978-955-8811-22-5,Novel,Colombo,30.5,6.35,197,3.99,22.48,10.35,6.8,70,72.37,80.92,High Demand
2025-01,BK045,Adaraneeya Wasthuwe,Upul Shantha Sannasgala,978-955-8811-22-5,Novel,Galle,33.9,6.48,201,3.98,22.29,10.71,6.8,70,96.06,83.77,High Demand
2025-01,BK045,Adaraneeya Wasthuwe,Upul Shantha Sannasgala,978-955-8811-22-5,Novel,Kandy,27.5,7.26,225,3.97,26.1,12.35,8.5,70,100.0,89.33,High Demand
2025-01,BK046,Warna,Upul Shantha Sannasgala,978-955-8811-23-2,Poetry,Colombo,32.7,6.26,194,4.67,21.16,10.81,7.6,50,85.48,78.24,High Demand
2025-01,BK046,Warna,Upul Shantha Sannasgala,978-955-8811-23-2,Poetry,Galle,30.7,6.1,189,4.68,21.74,9.97,9.5,50,81.85,86.85,High Demand
2025-01,BK046,Warna,Upul Shantha Sannasgala,978-955-8811-23-2,Poetry,Kandy,33.8,6.39,198,4.66,23.32,10.71,9.2,50,83.79,81.22,High Demand
2025-01,BK047,Amma,Maxim Gorky (Trans.),978-955-6655-44-1,Translated Classic,Colombo,31.0,3.74,116,4.46,13.74,6.58,8.1,78,36.15,70.66,Moderate Demand
2025-01,BK047,Amma,Maxim Gorky (Trans.),978-955-6655-44-1,Translated Classic,Galle,34.2,3.61,112,4.46,15.87,7.52,6.3,78,16.15,42.05,Low Demand
2025-01,BK047,Amma,Maxim Gorky (Trans.),978-955-6655-44-1,Translated Classic,Kandy,34.4,4.48,139,4.46,16.23,7.87,7.0,78,23.93,58.83,Moderate Demand
2025-01,BK048,Anna Karenina,Leo Tolstoy (Trans.),978-955-6655-45-8,Translated Classic,Colombo,28.7,4.16,129,4.36,15.87,7.48,9.3,78,38.32,65.03,Moderate Demand
2025-01,BK048,Anna Karenina,Leo Tolstoy (Trans.),978-955-6655-45-8,Translated Classic,Galle,33.7,4.06,126,4.38,15.61,7.77,7.4,78,35.49,57.21,Moderate Demand
2025-01,BK048,Anna Karenina,Leo Tolstoy (Trans.),978-955-6655-45-8,Translated Classic,Kandy,34.3,4.77,148,4.36,19.03,8.84,7.8,78,42.18,61.55,Moderate Demand
2025-01,BK049,Post-Modernism,Various,978-955-1212-12-1,Academic,Colombo,30.1,5.87,182,3.85,21.03,10.0,7.9,45,88.42,84.89,High Demand
2025-01,BK049,Post-Modernism,Various,978-955-1212-12-1,Academic,Galle,28.6,4.52,140,3.84,17.29,8.13,5.7,45,66.32,69.58,Moderate Demand
2025-01,BK049,Post-Modernism,Various,978-955-1212-12-1,Academic,Kandy,37.9,6.35,197,3.86,22.42,10.52,8.0,45,84.68,69.31,Moderate Demand
2025-01,BK050,Mahavamsa,Mahanama Thera,978-955-0011-22-3,Historical/Religious,Colombo,32.0,2.94,91,4.31,12.84,6.29,7.1,55,0.0,31.92,Low Demand
2025-01,BK050,Mahavamsa,Mahanama Thera,978-955-0011-22-3,Historical/Religious,Galle,26.0,3.29,102,4.32,12.71,6.55,8.9,55,9.64,41.23,Low Demand
2025-01,BK050,Mahavamsa,Mahanama Thera,978-955-0011-22-3,Historical/Religious,Kandy,31.5,3.58,111,4.32,14.29,6.97,7.3,55,9.49,40.61,Low Demand
2025-01,BK051,Saddharmaratnavaliya,Dharmasena Thera,978-955-0011-23-0,Historical/Religious,Colombo,30.8,3.16,98,4.0,13.16,6.1,8.9,55,16.9,39.49,Low Demand
2025-01,BK051,Saddharmaratnavaliya,Dharmasena Thera,978-955-0011-23-0,Historical/Religious,Galle,28.4,3.68,114,4.0,14.03,6.87,6.4,55,44.18,42.12,Low Demand
2025-01,BK051,Saddharmaratnavaliya,Dharmasena Thera,978-955-0011-23-0,Historical/Religious,Kandy,38.9,3.84,119,4.0,14.32,7.39,9.1,55,32.72,51.22,Low Demand
2025-01,BK052,අනාගත අහස,මාර්ටින් වික්‍රමසිංහ (පරිවර්තනය),978-147-1385-34-4,Historical/Religious,Colombo,39.8,2.13,66,4.63,9.48,5.0,6.1,55,12.36,46.79,Low Demand
2025-01,BK052,අනාගත අහස,මාර්ටින් වික්‍රමසිංහ (පරිවර්තනය),978-147-1385-34-4,Historical/Religious,Galle,32.9,2.52,78,4.61,10.81,5.42,7.3,55,8.48,55.58,Moderate Demand
2025-01,BK052,අනාගත අහස,මාර්ටින් වික්‍රමසිංහ (පරිවර්තනය),978-147-1385-34-4,Historical/Religious,Kandy,29.8,3.16,98,4.63,12.32,6.1,8.9,55,9.12,36.35,Low Demand
2025-01,BK053,මිටියාවත සහ කාලය,"ජෝන් ෂෝර්ස් (John Shors), පරිවර්තනය: ප්‍රදීප් කුමාර බාලසූරිය (Translation: Pradeep Kumara Balasuriya)",978-976-3071-42-3,Horror,Colombo,35.5,6.48,201,4.63,24.1,11.39,7.7,68,85.06,89.64,High Demand
2025-01,BK053,මිටියාවත සහ කාලය,"ජෝන් ෂෝර්ස් (John Shors), පරිවර්තනය: ප්‍රදීප් කුමාර බාලසූරිය (Translation: Pradeep Kumara Balasuriya)",978-976-3071-42-3,Horror,Galle,30.5,5.26,163,4.62,18.87,8.9,8.5,68,75.54,71.15,Moderate Demand
2025-01,BK053,මිටියාවත සහ කාලය,"ජෝන් ෂෝර්ස් (John Shors), පරිවර්තනය: ප්‍රදීප් කුමාර බාලසූරිය (Translation: Pradeep Kumara Balasuriya)",978-976-3071-42-3,Horror,Kandy,32.8,6.19,192,4.61,21.39,9.94,7.9,68,76.13,89.17,High Demand
2025-01,BK054,රහස සහ කතාව,පවනි උමයංගනා (Pawani Umayangana),978-476-5849-54-7,Non-fiction,Colombo,33.4,5.19,161,4.65,19.87,9.61,7.4,52,58.51,69.81,Moderate Demand
2025-01,BK054,රහස සහ කතාව,පවනි උමයංගනා (Pawani Umayangana),978-476-5849-54-7,Non-fiction,Galle,33.5,5.52,171,4.64,19.97,9.61,10.0,52,61.68,64.38,Moderate Demand
2025-01,BK054,රහස සහ කතාව,පවනි උමයංගනා (Pawani Umayangana),978-476-5849-54-7,Non-fiction,Kandy,34.5,6.19,192,4.64,22.97,10.65,7.0,52,75.75,76.54,High Demand
2025-01,BK055,ඇහි පියන් ඇහැරිලා (Ahi Piyan Aharila),මහින්ද ප්‍රසාද් මසිඹුල,978-955-098-003-1,Poetry,Colombo,32.9,5.68,176,4.21,19.77,9.61,8.5,50,69.5,71.05,Moderate Demand
2025-01,BK055,ඇහි පියන් ඇහැරිලා (Ahi Piyan Aharila),මහින්ද ප්‍රසාද් මසිඹුල,978-955-098-003-1,Poetry,Galle,38.5,5.81,180,4.23,21.29,9.9,10.9,50,85.29,79.25,High Demand
2025-01,BK055,ඇහි පියන් ඇහැරිලා (Ahi Piyan Aharila),මහින්ද ප්‍රසාද් මසිඹුල,978-955-098-003-1,Poetry,Kandy,34.6,7.16,222,4.22,23.39,11.39,8.2,50,94.53,78.07,High Demand
2025-01,BK056,ගමන සහ කාලය,ප්‍රේමකීර්ති රණතුංග,978-316-8963-96-1,Short Stories,Colombo,34.4,7.0,217,4.3,24.94,11.74,7.8,57,100.0,88.81,High Demand
2025-01,BK056,ගමන සහ කාලය,ප්‍රේමකීර්ති රණතුංග,978-316-8963-96-1,Short Stories,Galle,36.5,5.81,180,4.32,21.1,10.1,10.0,57,75.05,67.76,Moderate Demand
2025-01,BK056,ගමන සහ කාලය,ප්‍රේමකීර්ති රණතුංග,978-316-8963-96-1,Short Stories,Kandy,33.5,6.23,193,4.32,21.9,10.03,7.3,57,82.16,74.57,High Demand
2025-01,BK057,කොළඹ කන්ද,Michael Crichton (පරිවර්තනය: සුදත් රොහාන්),978-645-5531-58-3,Poetry,Colombo,35.3,5.06,157,3.96,19.61,9.1,7.7,50,56.9,57.91,Moderate Demand
2025-01,BK057,කොළඹ කන්ද,Michael Crichton (පරිවර්තනය: සුදත් රොහාන්),978-645-5531-58-3,Poetry,Galle,29.0,4.45,138,3.95,16.71,7.9,8.6,50,49.95,54.97,Moderate Demand
2025-01,BK057,කොළඹ කන්ද,Michael Crichton (පරිවර්තනය: සුදත් රොහාන්),978-645-5531-58-3,Poetry,Kandy,29.5,4.19,130,3.95,15.29,7.1,9.9,50,24.59,38.36,Low Demand
2025-01,BK058,වසන්තය සහ මිටියාවත,තරංගා දිසානායක,978-630-6739-38-7,Academic,Colombo,34.8,5.74,178,4.43,21.29,10.32,8.5,45,74.43,75.84,High Demand
2025-01,BK058,වසන්තය සහ මිටියාවත,තරංගා දිසානායක,978-630-6739-38-7,Academic,Galle,26.3,5.35,166,4.41,18.16,8.52,9.5,45,73.84,78.87,High Demand
2025-01,BK058,වසන්තය සහ මිටියාවත,තරංගා දිසානායක,978-630-6739-38-7,Academic,Kandy,31.1,5.55,172,4.42,19.55,9.74,8.2,45,42.18,59.87,Moderate Demand
2025-01,BK059,370 යානයේ අබිරහස (370 Yanaye Abirahasa),භද්‍රජී මහින්ද ජයතිලක,978-624-6570-68-2,Mystery,Colombo,27.8,2.97,92,3.58,12.32,6.32,7.9,71,0.0,39.63,Low Demand
2025-01,BK059,370 යානයේ අබිරහස (370 Yanaye Abirahasa),භද්‍රජී මහින්ද ජයතිලක,978-624-6570-68-2,Mystery,Galle,36.4,3.26,101,3.59,12.55,6.03,6.9,71,9.77,37.26,Low Demand
2025-01,BK059,370 යානයේ අබිරහස (370 Yanaye Abirahasa),භද්‍රජී මහින්ද ජයතිලක,978-624-6570-68-2,Mystery,Kandy,34.7,3.06,95,3.58,13.06,6.81,7.2,71,11.93,37.79,Low Demand
2025-01,BK060,පර්සි ජැක්සන් සහ වංගිරියේ සටන,රික් රියෝඩන් (පරි. සවින්දි ආරියතිලක),978-955-697-089-0,Fantasy,Colombo,33.6,3.45,107,3.78,13.19,6.23,9.5,74,6.74,38.96,Low Demand
2025-01,BK060,පර්සි ජැක්සන් සහ වංගිරියේ සටන,රික් රියෝඩන් (පරි. සවින්දි ආරියතිලක),978-955-697-089-0,Fantasy,Galle,41.9,2.84,88,3.78,11.71,5.81,7.9,74,13.34,43.53,Low Demand
2025-01,BK060,පර්සි ජැක්සන් සහ වංගිරියේ සටන,රික් රියෝඩන් (පරි. සවින්දි ආරියතිලක),978-955-697-089-0,Fantasy,Kandy,33.5,3.32,103,3.79,12.23,6.16,8.3,74,10.97,47.62,Low Demand
2025-01,BK061,ආලෝකයේ සමිඳාණෝ (Alokaye Samindano - Lord of Light),රොජර් සෙලාස්නි - පරි. පුෂ්ප රංජන් විජේසිංහ,978-624-6570-11-8,Sci-Fi,Colombo,33.2,5.84,181,4.29,21.26,9.94,9.2,72,72.28,82.06,High Demand
2025-01,BK061,ආලෝකයේ සමිඳාණෝ (Alokaye Samindano - Lord of Light),රොජර් සෙලාස්නි - පරි. පුෂ්ප රංජන් විජේසිංහ,978-624-6570-11-8,Sci-Fi,Galle,35.8,4.9,152,4.29,19.45,9.0,9.9,72,49.35,65.37,Moderate Demand
2025-01,BK061,ආලෝකයේ සමිඳාණෝ (Alokaye Samindano - Lord of Light),රොජර් සෙලාස්නි - පරි. පුෂ්ප රංජන් විජේසිංහ,978-624-6570-11-8,Sci-Fi,Kandy,34.6,5.84,181,4.31,20.16,9.26,7.4,72,60.15,72.56,High Demand
2025-01,BK062,මිනිසා සහ සෙවනැලි,"කර්ට් වොනෙගට් (Kurt Vonnegut), පරිවර්තනය: ගාමිණී වියන්ගොඩ (Translation: Gamini Viyangoda)",978-673-1310-88-3,Psychology,Colombo,33.4,4.45,138,4.3,17.03,8.23,8.3,58,50.11,58.1,Moderate Demand
2025-01,BK062,මිනිසා සහ සෙවනැලි,"කර්ට් වොනෙගට් (Kurt Vonnegut), පරිවර්තනය: ගාමිණී වියන්ගොඩ (Translation: Gamini Viyangoda)",978-673-1310-88-3,Psychology,Galle,29.5,3.87,120,4.29,15.68,7.45,9.1,58,29.85,47.95,Low Demand
2025-01,BK062,මිනිසා සහ සෙවනැලි,"කර්ට් වොනෙගට් (Kurt Vonnegut), පරිවර්තනය: ගාමිණී වියන්ගොඩ (Translation: Gamini Viyangoda)",978-673-1310-88-3,Psychology,Kandy,31.9,4.39,136,4.28,17.0,7.84,9.1,58,40.99,54.44,Low Demand
2025-01,BK063,හේඩීස්ගේ දෙවොල (Hadesge Devola),රික් රයෝර්ඩන් - පරි. රූපේනි මානිංගමුව,978-955-697-343-3,Young Adult,Colombo,31.2,4.45,138,4.42,17.23,8.42,8.6,66,42.82,65.28,Moderate Demand
2025-01,BK063,හේඩීස්ගේ දෙවොල (Hadesge Devola),රික් රයෝර්ඩන් - පරි. රූපේනි මානිංගමුව,978-955-697-343-3,Young Adult,Galle,31.7,4.35,135,4.4,17.23,8.48,6.8,66,44.88,63.83,Moderate Demand
2025-01,BK063,හේඩීස්ගේ දෙවොල (Hadesge Devola),රික් රයෝර්ඩන් - පරි. රූපේනි මානිංගමුව,978-955-697-343-3,Young Adult,Kandy,31.4,5.0,155,4.41,18.19,8.39,10.0,66,41.21,57.69,Moderate Demand
2025-01,BK064,2010,ආතර් සී. ක්ලාක් (පරිවර්තනය: චන්දන වීරසිංහ),978-624-5712-10-6,Sci-Fi,Colombo,34.7,6.32,196,3.84,21.55,10.1,7.4,72,86.5,76.16,High Demand
2025-01,BK064,2010,ආතර් සී. ක්ලාක් (පරිවර්තනය: චන්දන වීරසිංහ),978-624-5712-10-6,Sci-Fi,Galle,32.7,6.48,201,3.84,21.65,10.65,8.2,72,100.0,99.9,High Demand
2025-01,BK064,2010,ආතර් සී. ක්ලාක් (පරිවර්තනය: චන්දන වීරසිංහ),978-624-5712-10-6,Sci-Fi,Kandy,29.7,6.58,204,3.82,22.52,10.29,9.5,72,100.0,83.16,High Demand
2025-01,BK065,මන්දාරම් රාත්‍රිය,ඩී. එම්. අනුර දිසානායක,978-624-5829-10-1,Mystery,Colombo,30.3,6.29,195,4.3,23.19,10.87,8.0,71,98.49,90.34,High Demand
2025-01,BK065,මන්දාරම් රාත්‍රිය,ඩී. එම්. අනුර දිසානායක,978-624-5829-10-1,Mystery,Galle,33.7,4.65,144,4.29,16.06,7.45,9.6,71,59.78,65.34,Moderate Demand
2025-01,BK065,මන්දාරම් රාත්‍රිය,ඩී. එම්. අනුර දිසානායක,978-624-5829-10-1,Mystery,Kandy,28.5,5.39,167,4.28,21.84,10.68,8.5,71,71.13,73.76,High Demand
2025-01,BK066,පරණ මාලිගාව,ක්‍රිස් කුස්නෙස්කි (පරිවර්තනය),978-726-5125-19-4,Horror,Colombo,29.7,5.97,185,4.51,21.74,10.61,6.1,68,89.68,80.8,High Demand
2025-01,BK066,පරණ මාලිගාව,ක්‍රිස් කුස්නෙස්කි (පරිවර්තනය),978-726-5125-19-4,Horror,Galle,29.2,4.61,143,4.52,17.84,8.84,7.5,68,57.09,71.75,High Demand
2025-01,BK066,පරණ මාලිගාව,ක්‍රිස් කුස්නෙස්කි (පරිවර්තනය),978-726-5125-19-4,Horror,Kandy,30.3,6.39,198,4.52,24.03,11.32,7.6,68,84.48,80.29,High Demand
2025-01,BK067,අනාගතේ පැතිකඩක් (Profiles of the Future),ආතර් සී. ක්ලාක් (පරිවර්තනය: එස්. එම්. බන්දුසීල),978-624-5712-31-1,Sci-Fi,Colombo,35.7,5.16,160,4.91,18.35,8.52,8.2,72,52.09,76.46,High Demand
2025-01,BK067,අනාගතේ පැතිකඩක් (Profiles of the Future),ආතර් සී. ක්ලාක් (පරිවර්තනය: එස්. එම්. බන්දුසීල),978-624-5712-31-1,Sci-Fi,Galle,33.0,4.97,154,4.91,18.29,8.26,11.0,72,53.42,79.38,High Demand
2025-01,BK067,අනාගතේ පැතිකඩක් (Profiles of the Future),ආතර් සී. ක්ලාක් (පරිවර්තනය: එස්. එම්. බන්දුසීල),978-624-5712-31-1,Sci-Fi,Kandy,32.1,5.97,185,4.89,23.26,11.74,10.6,72,70.07,86.61,High Demand
2025-01,BK068,දඩයම් බල්ලෝ,පරිවර්තන නවකතා,978-624-5572-38-0,Thriller,Colombo,31.0,3.94,122,4.1,15.19,7.45,9.8,76,33.44,57.55,Moderate Demand
2025-01,BK068,දඩයම් බල්ලෝ,පරිවර්තන නවකතා,978-624-5572-38-0,Thriller,Galle,34.9,3.68,114,4.11,13.77,7.13,6.2,76,27.38,63.0,Moderate Demand
2025-01,BK068,දඩයම් බල්ලෝ,පරිවර්තන නවකතා,978-624-5572-38-0,Thriller,Kandy,26.5,5.1,158,4.12,19.84,9.61,8.1,76,61.68,74.48,High Demand
2025-01,BK069,අදිසි අනතුර (Adisi Anathura - The Crash),ෆ්‍රීඩා මැක්ෆැඩන් - පරි. නයනතාරා පිලපිටිය,978-624-6570-48-4,Thriller,Colombo,25.3,3.03,94,4.32,12.16,5.84,8.0,76,11.68,45.91,Low Demand
2025-01,BK069,අදිසි අනතුර (Adisi Anathura - The Crash),ෆ්‍රීඩා මැක්ෆැඩන් - පරි. නයනතාරා පිලපිටිය,978-624-6570-48-4,Thriller,Galle,41.2,2.26,70,4.33,9.81,4.84,11.6,76,0.0,38.41,Low Demand
2025-01,BK069,අදිසි අනතුර (Adisi Anathura - The Crash),ෆ්‍රීඩා මැක්ෆැඩන් - පරි. නයනතාරා පිලපිටිය,978-624-6570-48-4,Thriller,Kandy,34.5,2.52,78,4.33,10.65,5.19,6.8,76,0.0,43.25,Low Demand
2025-01,BK070,Crown of Midnight,සාරා ජේ. මාස් (Sarah J. Maas),978-624-5663-48-4,Fantasy,Colombo,34.7,4.65,144,3.67,18.19,8.65,5.6,74,46.12,58.48,Moderate Demand
2025-01,BK070,Crown of Midnight,සාරා ජේ. මාස් (Sarah J. Maas),978-624-5663-48-4,Fantasy,Galle,31.2,4.1,127,3.68,15.87,7.32,9.0,74,41.13,57.26,Moderate Demand
2025-01,BK070,Crown of Midnight,සාරා ජේ. මාස් (Sarah J. Maas),978-624-5663-48-4,Fantasy,Kandy,31.1,5.58,173,3.67,19.52,8.81,9.4,74,54.62,56.52,Moderate Demand
2025-01,BK071,සුළං ගංගාව,පියදාස රත්නසිංහ (පරිවර්තනය),978-935-1789-28-8,Academic,Colombo,34.8,3.81,118,4.13,14.45,6.81,8.0,45,11.85,37.03,Low Demand
2025-01,BK071,සුළං ගංගාව,පියදාස රත්නසිංහ (පරිවර්තනය),978-935-1789-28-8,Academic,Galle,32.6,3.42,106,4.15,14.35,6.97,8.1,45,11.04,43.65,Low Demand
2025-01,BK071,සුළං ගංගාව,පියදාස රත්නසිංහ (පරිවර්තනය),978-935-1789-28-8,Academic,Kandy,33.7,3.42,106,4.14,13.77,6.68,9.0,45,27.11,45.95,Low Demand
2025-01,BK072,ගීතය සහ මාලිගාව,එරන්ද ගිනිගේ (Eranda Ginige),978-616-9581-88-7,Psychology,Colombo,31.4,4.23,131,4.45,17.42,8.65,9.9,58,36.54,55.68,Moderate Demand
2025-01,BK072,ගීතය සහ මාලිගාව,එරන්ද ගිනිගේ (Eranda Ginige),978-616-9581-88-7,Psychology,Galle,35.8,4.77,148,4.44,18.23,8.71,8.8,58,70.95,69.1,Moderate Demand
2025-01,BK072,ගීතය සහ මාලිගාව,එරන්ද ගිනිගේ (Eranda Ginige),978-616-9581-88-7,Psychology,Kandy,31.2,4.39,136,4.42,16.16,8.0,8.4,58,28.75,46.93,Low Demand
2025-01,BK073,ගමන සහ සෙවනැලි,"වික්ටෝරියා හෝල්ට් (Victoria Holt), පරිවර්තනය: කෝශලී සිරිචන්ද්‍ර (Translation: Koshalee Sirichandra)",978-477-2613-24-8,Horror,Colombo,35.1,7.03,218,4.11,24.65,11.97,7.1,68,98.92,85.17,High Demand
2025-01,BK073,ගමන සහ සෙවනැලි,"වික්ටෝරියා හෝල්ට් (Victoria Holt), පරිවර්තනය: කෝශලී සිරිචන්ද්‍ර (Translation: Koshalee Sirichandra)",978-477-2613-24-8,Horror,Galle,34.9,5.9,183,4.09,21.71,10.58,7.8,68,87.98,81.01,High Demand
2025-01,BK073,ගමන සහ සෙවනැලි,"වික්ටෝරියා හෝල්ට් (Victoria Holt), පරිවර්තනය: කෝශලී සිරිචන්ද්‍ර (Translation: Koshalee Sirichandra)",978-477-2613-24-8,Horror,Kandy,34.6,7.16,222,4.1,25.03,12.32,8.0,68,100.0,95.91,High Demand
2025-01,BK074,එවා මෙහේ බෑ මචං,පිනසිරි දඩල්ලගේ,978-955-97643-5-9,Non-fiction,Colombo,28.2,3.94,122,4.26,15.23,6.84,8.9,52,28.74,49.47,Low Demand
2025-01,BK074,එවා මෙහේ බෑ මචං,පිනසිරි දඩල්ලගේ,978-955-97643-5-9,Non-fiction,Galle,27.5,3.06,95,4.25,11.55,5.84,9.6,52,14.41,43.13,Low Demand
2025-01,BK074,එවා මෙහේ බෑ මචං,පිනසිරි දඩල්ලගේ,978-955-97643-5-9,Non-fiction,Kandy,34.0,3.97,123,4.27,15.81,7.9,9.3,52,11.64,39.69,Low Demand
2025-01,BK075,"හොල්මන්, ආවේශ සහ යළි උපත (You Cannot Die)",ඉයන් කරි (පරිවර්තනය: භද්‍රජි මහින්ද ජයතිලක),978-955-671-215-5,Psychology,Colombo,31.2,2.58,80,4.28,10.19,4.9,7.5,58,0.0,32.07,Low Demand
2025-01,BK075,"හොල්මන්, ආවේශ සහ යළි උපත (You Cannot Die)",ඉයන් කරි (පරිවර්තනය: භද්‍රජි මහින්ද ජයතිලක),978-955-671-215-5,Psychology,Galle,34.3,2.58,80,4.28,11.06,5.35,8.0,58,0.0,36.68,Low Demand
2025-01,BK075,"හොල්මන්, ආවේශ සහ යළි උපත (You Cannot Die)",ඉයන් කරි (පරිවර්තනය: භද්‍රජි මහින්ද ජයතිලක),978-955-671-215-5,Psychology,Kandy,31.6,3.06,95,4.29,12.13,5.74,8.0,58,0.0,32.94,Low Demand
2025-01,BK076,සෙංකොට්ටං (Senkottan),මහින්ද ප්‍රසාද් මසිඹුල,978-955-098-000-0,Novel,Colombo,34.0,4.1,127,3.7,16.13,7.71,8.2,70,29.24,46.32,Low Demand
2025-01,BK076,සෙංකොට්ටං (Senkottan),මහින්ද ප්‍රසාද් මසිඹුල,978-955-098-000-0,Novel,Galle,29.2,3.23,100,3.69,12.23,5.9,8.7,70,24.66,45.55,Low Demand
2025-01,BK076,සෙංකොට්ටං (Senkottan),මහින්ද ප්‍රසාද් මසිඹුල,978-955-098-000-0,Novel,Kandy,29.8,4.0,124,3.68,15.65,7.45,10.7,70,31.63,52.63,Low Demand
2025-01,BK077,අතීත මිටියාවත,ඊනිඩ් බ්ලයිටන් (Enid Blyton),978-845-3000-71-2,Children's,Colombo,35.7,4.16,129,4.19,16.55,8.03,8.4,60,33.3,47.87,Low Demand
2025-01,BK077,අතීත මිටියාවත,ඊනිඩ් බ්ලයිටන් (Enid Blyton),978-845-3000-71-2,Children's,Galle,28.8,3.87,120,4.18,14.0,7.42,8.1,60,41.63,56.47,Moderate Demand
2025-01,BK077,අතීත මිටියාවත,ඊනිඩ් බ්ලයිටන් (Enid Blyton),978-845-3000-71-2,Children's,Kandy,27.4,4.16,129,4.17,15.68,7.58,10.9,60,30.28,55.76,Moderate Demand
2025-01,BK078,සිහිනය සහ සෙවනැලි,"ස්ටෙෆනි ගාබර් (Stephanie Garber), පරිවර්තනය: කෝශලී සිරිචන්ද්‍ර (Translation: Koshalee Sirichandra)",978-748-7074-58-5,Historical/Religious,Colombo,29.1,5.65,175,4.36,21.35,10.23,8.7,55,79.87,77.07,High Demand
2025-01,BK078,සිහිනය සහ සෙවනැලි,"ස්ටෙෆනි ගාබර් (Stephanie Garber), පරිවර්තනය: කෝශලී සිරිචන්ද්‍ර (Translation: Koshalee Sirichandra)",978-748-7074-58-5,Historical/Religious,Galle,35.6,4.94,153,4.36,17.19,8.1,9.2,55,72.7,68.87,Moderate Demand
2025-01,BK078,සිහිනය සහ සෙවනැලි,"ස්ටෙෆනි ගාබර් (Stephanie Garber), පරිවර්තනය: කෝශලී සිරිචන්ද්‍ර (Translation: Koshalee Sirichandra)",978-748-7074-58-5,Historical/Religious,Kandy,33.7,6.42,199,4.38,22.06,10.65,7.2,55,89.43,81.21,High Demand
2025-01,BK079,හැරී පොටර් සහ රහස් කුටිය,ජේ. කේ. රෝලිං - පරි. අභය හේවාවසම්,978-955-573-623-7,Translation,Colombo,29.0,5.1,158,4.22,18.03,8.68,6.8,62,45.75,58.32,Moderate Demand
2025-01,BK079,හැරී පොටර් සහ රහස් කුටිය,ජේ. කේ. රෝලිං - පරි. අභය හේවාවසම්,978-955-573-623-7,Translation,Galle,37.0,5.39,167,4.23,20.39,9.61,9.0,62,69.21,69.99,Moderate Demand
2025-01,BK079,හැරී පොටර් සහ රහස් කුටිය,ජේ. කේ. රෝලිං - පරි. අභය හේවාවසම්,978-955-573-623-7,Translation,Kandy,35.0,5.58,173,4.21,20.06,9.52,8.1,62,68.23,64.54,Moderate Demand
2025-01,BK080,විකෘති (Vikurthi),සෝමලතා සුබසිංහ,978-955-428-430-2,Drama,Colombo,33.1,6.06,188,4.33,21.58,10.0,9.5,65,81.19,80.53,High Demand
2025-01,BK080,විකෘති (Vikurthi),සෝමලතා සුබසිංහ,978-955-428-430-2,Drama,Galle,29.3,5.84,181,4.33,19.9,9.71,9.6,65,88.21,83.94,High Demand
2025-01,BK080,විකෘති (Vikurthi),සෝමලතා සුබසිංහ,978-955-428-430-2,Drama,Kandy,34.5,5.84,181,4.35,20.94,9.61,8.6,65,69.85,62.82,Moderate Demand
2025-01,BK081,නැන්දම්මාගේ ඩයරිය,කල්පනා කස්තුරිආරච්චි,978-624-9695-78-8,Short Stories,Colombo,35.2,7.0,217,4.45,24.74,11.71,9.4,57,92.65,82.47,High Demand
2025-01,BK081,නැන්දම්මාගේ ඩයරිය,කල්පනා කස්තුරිආරච්චි,978-624-9695-78-8,Short Stories,Galle,30.2,4.58,142,4.44,16.81,7.97,10.6,57,51.29,66.71,Moderate Demand
2025-01,BK081,නැන්දම්මාගේ ඩයරිය,කල්පනා කස්තුරිආරච්චි,978-624-9695-78-8,Short Stories,Kandy,30.0,5.29,164,4.46,19.81,9.55,8.3,57,55.97,60.43,Moderate Demand
2025-01,BK082,හැරී පොටර් සහ අස්කබාන්හි සිරකරු,ජේ. කේ. රෝලිං - පරි. අභය හේවාවසම්,978-955-671-187-5,Translation,Colombo,33.5,4.06,126,4.22,15.9,7.71,8.9,62,32.25,49.46,Low Demand
2025-01,BK082,හැරී පොටර් සහ අස්කබාන්හි සිරකරු,ජේ. කේ. රෝලිං - පරි. අභය හේවාවසම්,978-955-671-187-5,Translation,Galle,33.2,4.45,138,4.2,17.48,8.39,9.3,62,56.48,73.76,High Demand
2025-01,BK082,හැරී පොටර් සහ අස්කබාන්හි සිරකරු,ජේ. කේ. රෝලිං - පරි. අභය හේවාවසම්,978-955-671-187-5,Translation,Kandy,32.3,5.23,162,4.2,19.87,9.19,7.7,62,45.33,66.98,Moderate Demand
2025-01,BK083,පර්සි ජැක්සන් සහ රාක්ෂ සයුර,රික් රියෝඩන් (පරි. සවින්දි ආරියතිලක),978-955-697-090-0,Fantasy,Colombo,34.9,6.16,191,3.81,22.42,10.45,6.8,74,74.14,79.17,High Demand
2025-01,BK083,පර්සි ජැක්සන් සහ රාක්ෂ සයුර,රික් රියෝඩන් (පරි. සවින්දි ආරියතිලක),978-955-697-090-0,Fantasy,Galle,38.2,5.68,176,3.81,20.16,9.23,9.0,74,72.98,71.81,High Demand
2025-01,BK083,පර්සි ජැක්සන් සහ රාක්ෂ සයුර,රික් රියෝඩන් (පරි. සවින්දි ආරියතිලක),978-955-697-090-0,Fantasy,Kandy,34.1,7.35,228,3.82,26.26,12.9,7.5,74,100.0,81.89,High Demand
2025-01,BK084,විභාග ජය ගැනීමේ රහස (Vibhaga Jaya Ganeeme Rahasa),ප්‍රවීන් රන්දෙනිය,978-624-97120-5-0,Academic,Colombo,27.7,3.06,95,4.03,12.94,6.45,7.1,45,25.14,43.1,Low Demand
2025-01,BK084,විභාග ජය ගැනීමේ රහස (Vibhaga Jaya Ganeeme Rahasa),ප්‍රවීන් රන්දෙනිය,978-624-97120-5-0,Academic,Galle,32.5,2.97,92,4.01,12.06,6.06,8.0,45,9.25,40.41,Low Demand
2025-01,BK084,විභාග ජය ගැනීමේ රහස (Vibhaga Jaya Ganeeme Rahasa),ප්‍රවීන් රන්දෙනිය,978-624-97120-5-0,Academic,Kandy,31.8,3.55,110,4.03,14.61,6.97,9.1,45,6.77,33.89,Low Demand
2025-01,BK085,දික්තල කාලගෝල (Diktala Kalagola),පුණ්‍යසේන ගුණසිංහ,978-955-9377-71-9,Drama,Colombo,31.7,3.0,93,4.6,12.0,6.39,9.5,65,0.0,43.88,Low Demand
2025-01,BK085,දික්තල කාලගෝල (Diktala Kalagola),පුණ්‍යසේන ගුණසිංහ,978-955-9377-71-9,Drama,Galle,33.9,2.42,75,4.61,9.16,5.03,8.9,65,0.0,42.81,Low Demand
2025-01,BK085,දික්තල කාලගෝල (Diktala Kalagola),පුණ්‍යසේන ගුණසිංහ,978-955-9377-71-9,Drama,Kandy,31.5,2.81,87,4.59,11.71,5.58,6.9,65,6.68,44.42,Low Demand
2025-01,BK086,නැන්සි කෲ: ටෙඩි බෙයාර් අබිරහස,කැරොලයින් කීන්,978-955-657-006-8,Translation,Colombo,33.1,3.06,95,3.95,11.9,6.23,7.8,62,2.18,36.96,Low Demand
2025-01,BK086,නැන්සි කෲ: ටෙඩි බෙයාර් අබිරහස,කැරොලයින් කීන්,978-955-657-006-8,Translation,Galle,36.1,2.9,90,3.95,12.1,5.68,9.3,62,0.0,32.47,Low Demand
2025-01,BK086,නැන්සි කෲ: ටෙඩි බෙයාර් අබිරහස,කැරොලයින් කීන්,978-955-657-006-8,Translation,Kandy,26.6,3.23,100,3.97,12.87,6.48,8.3,62,0.0,26.64,Low Demand
2025-01,BK087,කතාව සහ සිහිනය,ක්‍රිස් කුස්නෙස්කි (පරිවර්තනය),978-566-9308-23-4,Short Stories,Colombo,34.6,5.13,159,4.24,20.52,9.32,9.5,57,56.89,72.65,High Demand
2025-01,BK087,කතාව සහ සිහිනය,ක්‍රිස් කුස්නෙස්කි (පරිවර්තනය),978-566-9308-23-4,Short Stories,Galle,31.3,5.45,169,4.24,18.55,9.26,7.7,57,79.68,70.52,Moderate Demand
2025-01,BK087,කතාව සහ සිහිනය,ක්‍රිස් කුස්නෙස්කි (පරිවර්තනය),978-566-9308-23-4,Short Stories,Kandy,37.8,6.13,190,4.24,20.71,10.48,7.8,57,71.6,70.66,Moderate Demand
2025-01,BK088,අඹ යහළුවෝ,ටී. බී. ඉලංගරත්න,978-955-4682-00-9,Novel,Colombo,31.2,4.58,142,4.15,17.29,7.97,7.3,70,51.74,55.87,Moderate Demand
2025-01,BK088,අඹ යහළුවෝ,ටී. බී. ඉලංගරත්න,978-955-4682-00-9,Novel,Galle,32.5,4.13,128,4.16,16.42,8.48,10.7,70,38.06,53.68,Low Demand
2025-01,BK088,අඹ යහළුවෝ,ටී. බී. ඉලංගරත්න,978-955-4682-00-9,Novel,Kandy,34.0,5.26,163,4.15,20.1,9.52,8.7,70,51.88,66.01,Moderate Demand
2025-01,BK089,මායා අහස,දිනිති තරුමිණි,978-222-3861-35-8,Young Adult,Colombo,37.2,3.9,121,4.32,15.68,7.42,9.1,66,30.37,55.62,Moderate Demand
2025-01,BK089,මායා අහස,දිනිති තරුමිණි,978-222-3861-35-8,Young Adult,Galle,34.3,3.1,96,4.33,13.16,6.26,8.5,66,12.45,45.05,Low Demand
2025-01,BK089,මායා අහස,දිනිති තරුමිණි,978-222-3861-35-8,Young Adult,Kandy,36.1,3.52,109,4.34,13.35,6.03,6.5,66,14.5,48.83,Low Demand
2025-01,BK090,අනාගත නගරය,පරිවර්තනය: චන්දන මෙන්ඩිස් (Chandana Mendis),978-587-7471-56-2,Drama,Colombo,35.2,4.32,134,4.26,16.97,7.84,7.5,65,40.78,55.58,Moderate Demand
2025-01,BK090,අනාගත නගරය,පරිවර්තනය: චන්දන මෙන්ඩිස් (Chandana Mendis),978-587-7471-56-2,Drama,Galle,29.8,4.9,152,4.26,18.65,8.77,12.8,65,48.85,58.07,Moderate Demand
2025-01,BK090,අනාගත නගරය,පරිවර්තනය: චන්දන මෙන්ඩිස් (Chandana Mendis),978-587-7471-56-2,Drama,Kandy,28.0,5.39,167,4.26,17.9,8.55,7.4,65,59.16,67.32,Moderate Demand
2025-01,BK091,හැරී පොටර් සහ ෆීනික්ස් නිකාය,ජේ. කේ. රෝලිං - පරි. අභය හේවාවසම්,978-955-573-951-1,Translation,Colombo,31.0,3.23,100,4.15,13.0,6.16,8.4,62,20.87,49.36,Low Demand
2025-01,BK091,හැරී පොටර් සහ ෆීනික්ස් නිකාය,ජේ. කේ. රෝලිං - පරි. අභය හේවාවසම්,978-955-573-951-1,Translation,Galle,34.0,3.61,112,4.14,13.77,7.13,11.0,62,20.39,39.15,Low Demand
2025-01,BK091,හැරී පොටර් සහ ෆීනික්ස් නිකාය,ජේ. කේ. රෝලිං - පරි. අභය හේවාවසම්,978-955-573-951-1,Translation,Kandy,30.0,3.74,116,4.14,15.77,7.87,10.1,62,33.08,55.67,Moderate Demand
2025-01,BK092,සැඟවුණු රහස,රොජර් ලී මැක්බ්‍රයිඩ් (Roger Lea MacBride) - පරිවර්තනය: චිත්‍රා අමරසේකර,978-745-6661-48-1,Historical/Religious,Colombo,29.3,5.97,185,3.34,22.16,10.26,10.1,55,92.08,79.28,High Demand
2025-01,BK092,සැඟවුණු රහස,රොජර් ලී මැක්බ්‍රයිඩ් (Roger Lea MacBride) - පරිවර්තනය: චිත්‍රා අමරසේකර,978-745-6661-48-1,Historical/Religious,Galle,31.7,5.65,175,3.34,20.97,9.55,8.5,55,76.18,80.71,High Demand
2025-01,BK092,සැඟවුණු රහස,රොජර් ලී මැක්බ්‍රයිඩ් (Roger Lea MacBride) - පරිවර්තනය: චිත්‍රා අමරසේකර,978-745-6661-48-1,Historical/Religious,Kandy,35.9,5.97,185,3.34,20.77,9.87,7.4,55,68.95,58.9,Moderate Demand
2025-01,BK093,සෙවනැලි සහ මාලිගාව,පරිවර්තනය: චන්දන මෙන්ඩිස් (Chandana Mendis),978-289-1737-32-0,Poetry,Colombo,33.3,4.74,147,4.0,16.87,8.03,8.7,50,52.36,57.52,Moderate Demand
2025-01,BK093,සෙවනැලි සහ මාලිගාව,පරිවර්තනය: චන්දන මෙන්ඩිස් (Chandana Mendis),978-289-1737-32-0,Poetry,Galle,34.6,4.55,141,4.02,16.39,7.81,8.5,50,50.02,49.91,Low Demand
2025-01,BK093,සෙවනැලි සහ මාලිගාව,පරිවර්තනය: චන්දන මෙන්ඩිස් (Chandana Mendis),978-289-1737-32-0,Poetry,Kandy,28.9,4.58,142,4.03,16.58,7.94,8.1,50,40.0,57.34,Moderate Demand
2025-01,BK094,නෙවර් ලයි (Never Lie),ෆ්‍රීඩා මැක්ෆැඩන් - පරි. තරුෂි නිරංගා ජයසිංහ,978-624-6570-46-0,Thriller,Colombo,28.6,4.52,140,4.26,18.26,8.68,9.7,76,42.36,63.35,Moderate Demand
2025-01,BK094,නෙවර් ලයි (Never Lie),ෆ්‍රීඩා මැක්ෆැඩන් - පරි. තරුෂි නිරංගා ජයසිංහ,978-624-6570-46-0,Thriller,Galle,31.7,5.0,155,4.25,18.29,8.97,8.1,76,66.81,74.51,High Demand
2025-01,BK094,නෙවර් ලයි (Never Lie),ෆ්‍රීඩා මැක්ෆැඩන් - පරි. තරුෂි නිරංගා ජයසිංහ,978-624-6570-46-0,Thriller,Kandy,25.9,4.81,149,4.24,17.61,8.06,9.6,76,32.69,55.83,Moderate Demand
2025-01,BK095,ප්‍රේම ගීතය,සමුද්‍ර වෙත්තසිංහ (Samudra Weththasingha),978-573-6220-40-5,Non-fiction,Colombo,36.3,3.87,120,3.75,15.35,7.26,7.5,52,18.16,45.3,Low Demand
2025-01,BK095,ප්‍රේම ගීතය,සමුද්‍ර වෙත්තසිංහ (Samudra Weththasingha),978-573-6220-40-5,Non-fiction,Galle,26.8,3.65,113,3.75,14.48,6.84,9.2,52,36.14,55.94,Moderate Demand
2025-01,BK095,ප්‍රේම ගීතය,සමුද්‍ර වෙත්තසිංහ (Samudra Weththasingha),978-573-6220-40-5,Non-fiction,Kandy,31.7,5.39,167,3.77,19.55,9.16,6.8,52,53.77,64.72,Moderate Demand
2025-01,BK096,පුද්ගලිකයි රහසිගතයි (The Secret Files of Sherlock Holmes),චන්දන මෙන්ඩිස් (පරිවර්තනය),955-97776-4-5,Mystery,Colombo,29.3,6.03,187,4.18,21.74,9.84,8.2,71,69.57,75.44,High Demand
2025-01,BK096,පුද්ගලිකයි රහසිගතයි (The Secret Files of Sherlock Holmes),චන්දන මෙන්ඩිස් (පරිවර්තනය),955-97776-4-5,Mystery,Galle,35.1,4.39,136,4.19,16.1,8.03,8.6,71,56.05,71.93,High Demand
2025-01,BK096,පුද්ගලිකයි රහසිගතයි (The Secret Files of Sherlock Holmes),චන්දන මෙන්ඩිස් (පරිවර්තනය),955-97776-4-5,Mystery,Kandy,34.8,5.65,175,4.19,20.23,9.26,8.0,71,62.05,73.26,High Demand
2025-01,BK097,පරණ කතාව,මාර්ටින් වික්‍රමසිංහ,978-528-5693-75-7,Children's,Colombo,31.6,4.52,140,4.9,18.77,8.65,8.0,60,33.89,65.9,Moderate Demand
2025-01,BK097,පරණ කතාව,මාර්ටින් වික්‍රමසිංහ,978-528-5693-75-7,Children's,Galle,34.5,3.42,106,4.88,14.97,7.32,9.0,60,36.57,55.74,Moderate Demand
2025-01,BK097,පරණ කතාව,මාර්ටින් වික්‍රමසිංහ,978-528-5693-75-7,Children's,Kandy,34.2,4.97,154,4.89,18.26,8.68,7.6,60,33.95,60.03,Moderate Demand
2025-01,BK098,මාණික්කාවත (Manikkawatha),මහින්ද ප්‍රසාද් මසිඹුල,978-955-098-023-9,Novel,Colombo,28.2,3.26,101,4.13,13.74,7.0,8.7,70,14.89,39.08,Low Demand
2025-01,BK098,මාණික්කාවත (Manikkawatha),මහින්ද ප්‍රසාද් මසිඹුල,978-955-098-023-9,Novel,Galle,32.1,2.55,79,4.12,11.35,5.84,8.1,70,13.56,49.38,Low Demand
2025-01,BK098,මාණික්කාවත (Manikkawatha),මහින්ද ප්‍රසාද් මසිඹුල,978-955-098-023-9,Novel,Kandy,32.8,3.0,93,4.12,12.19,6.16,11.5,70,3.33,44.93,Low Demand
2025-01,BK099,ගංගාව සහ ගංගාව,"ජේම්ස් හැඩ්ලි චේස් (James Hadley Chase), පරිවර්තනය: එන්. ජී. විජේරත්න (Translation: N. G. Wijerathna)",978-493-2631-22-5,Children's,Colombo,34.8,3.55,110,4.41,13.06,6.45,8.5,60,25.64,43.98,Low Demand
2025-01,BK099,ගංගාව සහ ගංගාව,"ජේම්ස් හැඩ්ලි චේස් (James Hadley Chase), පරිවර්තනය: එන්. ජී. විජේරත්න (Translation: N. G. Wijerathna)",978-493-2631-22-5,Children's,Galle,31.5,2.84,88,4.43,10.94,5.48,9.0,60,0.0,40.56,Low Demand
2025-01,BK099,ගංගාව සහ ගංගාව,"ජේම්ස් හැඩ්ලි චේස් (James Hadley Chase), පරිවර්තනය: එන්. ජී. විජේරත්න (Translation: N. G. Wijerathna)",978-493-2631-22-5,Children's,Kandy,35.6,3.58,111,4.43,14.03,7.06,8.0,60,29.69,50.05,Low Demand
2025-01,BK100,රන් මතකය,ලසිත රවීන් උමගිලිය,978-825-3894-18-1,Young Adult,Colombo,34.1,6.84,212,3.79,24.26,10.77,9.5,66,98.07,84.51,High Demand
2025-01,BK100,රන් මතකය,ලසිත රවීන් උමගිලිය,978-825-3894-18-1,Young Adult,Galle,32.5,6.58,204,3.78,22.45,10.68,7.8,66,99.67,85.38,High Demand
2025-01,BK100,රන් මතකය,ලසිත රවීන් උමගිලිය,978-825-3894-18-1,Young Adult,Kandy,34.1,6.23,193,3.81,21.61,9.97,6.8,66,74.1,81.34,High Demand
2025-02,BK001,Ape Gama,Martin Wickramasinghe,978-955-31-2954-3,Novel,Colombo,25.5,5.75,161,4.24,21.61,9.46,7.5,70,78.26,77.22,High Demand
2025-02,BK001,Ape Gama,Martin Wickramasinghe,978-955-31-2954-3,Novel,Galle,32.4,5.25,147,4.25,18.36,8.46,7.1,70,89.73,78.94,High Demand
2025-02,BK001,Ape Gama,Martin Wickramasinghe,978-955-31-2954-3,Novel,Kandy,36.2,6.0,168,4.25,21.57,10.18,7.0,70,76.97,73.36,High Demand
2025-02,BK002,Viragaya,Martin Wickramasinghe,978-955-1234-01-2,Novel,Colombo,43.0,3.79,106,3.91,14.46,7.04,9.0,70,36.29,44.56,Low Demand
2025-02,BK002,Viragaya,Martin Wickramasinghe,978-955-1234-01-2,Novel,Galle,37.8,4.04,113,3.92,16.11,8.32,7.9,70,38.26,58.63,Moderate Demand
2025-02,BK002,Viragaya,Martin Wickramasinghe,978-955-1234-01-2,Novel,Kandy,34.4,4.07,114,3.92,14.96,7.61,9.5,70,58.1,75.09,High Demand
2025-02,BK003,Gamperaliya,Martin Wickramasinghe,978-955-1234-02-9,Novel,Colombo,30.5,5.11,143,4.7,18.79,9.21,7.0,70,77.07,80.41,High Demand
2025-02,BK003,Gamperaliya,Martin Wickramasinghe,978-955-1234-02-9,Novel,Galle,35.6,6.18,173,4.69,22.86,10.79,8.7,70,100.0,96.2,High Demand
2025-02,BK003,Gamperaliya,Martin Wickramasinghe,978-955-1234-02-9,Novel,Kandy,34.5,6.39,179,4.69,22.14,10.29,7.9,70,96.16,88.1,High Demand
2025-02,BK004,Madol Duwa,Martin Wickramasinghe,978-955-1234-03-6,Children's,Colombo,33.2,5.0,140,3.95,18.32,8.61,7.5,60,69.77,69.01,Moderate Demand
2025-02,BK004,Madol Duwa,Martin Wickramasinghe,978-955-1234-03-6,Children's,Galle,36.5,4.86,136,3.93,18.21,8.25,6.1,60,81.6,81.02,High Demand
2025-02,BK004,Madol Duwa,Martin Wickramasinghe,978-955-1234-03-6,Children's,Kandy,33.9,4.89,137,3.95,17.32,8.29,7.9,60,62.28,69.65,Moderate Demand
2025-02,BK005,Senkottan,Mahinda Prasad Masimbula,978-955-3031-15-8,Novel,Colombo,32.0,2.54,71,3.55,10.68,5.54,8.8,70,0.0,33.03,Low Demand
2025-02,BK005,Senkottan,Mahinda Prasad Masimbula,978-955-3031-15-8,Novel,Galle,28.1,2.39,67,3.54,10.07,5.54,9.6,70,8.07,35.86,Low Demand
2025-02,BK005,Senkottan,Mahinda Prasad Masimbula,978-955-3031-15-8,Novel,Kandy,33.7,2.75,77,3.54,11.75,5.86,7.7,70,0.0,34.33,Low Demand
2025-02,BK006,Malagiya Attho,Ediriweera Sarachchandra,978-955-9012-05-4,Novel,Colombo,32.1,6.25,175,3.77,21.54,10.64,8.2,70,85.92,85.23,High Demand
2025-02,BK006,Malagiya Attho,Ediriweera Sarachchandra,978-955-9012-05-4,Novel,Galle,30.2,4.79,134,3.76,16.86,7.96,6.4,70,86.33,77.63,High Demand
2025-02,BK006,Malagiya Attho,Ediriweera Sarachchandra,978-955-9012-05-4,Novel,Kandy,32.7,6.57,184,3.76,21.96,9.75,8.1,70,91.37,76.99,High Demand
2025-02,BK007,Amba Yaluwo,T. B. Ilangaratne,978-955-8877-66-5,Novel,Colombo,40.3,4.79,134,4.27,17.79,8.25,8.9,70,63.13,65.7,Moderate Demand
2025-02,BK007,Amba Yaluwo,T. B. Ilangaratne,978-955-8877-66-5,Novel,Galle,36.9,5.82,163,4.27,20.5,9.75,8.2,70,97.68,84.42,High Demand
2025-02,BK007,Amba Yaluwo,T. B. Ilangaratne,978-955-8877-66-5,Novel,Kandy,33.6,5.86,164,4.26,19.93,9.21,7.1,70,87.2,76.21,High Demand
2025-02,BK008,Guru Geethaya,Chingiz Aitmatov (Trans.),978-955-6543-20-1,Translated Classic,Colombo,34.4,5.79,162,4.25,20.79,9.89,7.9,78,98.89,89.74,High Demand
2025-02,BK008,Guru Geethaya,Chingiz Aitmatov (Trans.),978-955-6543-20-1,Translated Classic,Galle,33.9,5.07,142,4.26,19.04,9.04,7.2,78,86.56,92.46,High Demand
2025-02,BK008,Guru Geethaya,Chingiz Aitmatov (Trans.),978-955-6543-20-1,Translated Classic,Kandy,37.3,5.75,161,4.24,21.07,9.89,11.1,78,85.46,84.99,High Demand
2025-02,BK009,Sanda Gawa Gini,Sumithra Rahubadda,978-955-4422-33-7,Novel,Colombo,37.6,3.43,96,4.25,14.0,6.57,6.7,70,42.09,57.06,Moderate Demand
2025-02,BK009,Sanda Gawa Gini,Sumithra Rahubadda,978-955-4422-33-7,Novel,Galle,34.9,2.57,72,4.24,11.64,5.75,9.3,70,12.5,42.18,Low Demand
2025-02,BK009,Sanda Gawa Gini,Sumithra Rahubadda,978-955-4422-33-7,Novel,Kandy,30.6,2.68,75,4.23,10.46,5.32,7.1,70,6.06,43.46,Low Demand
2025-02,BK010,Karumakkarayo,Gunadasa Amarasekara,978-955-5678-10-1,Novel,Colombo,36.8,4.43,124,4.39,16.86,7.43,8.2,70,42.67,63.74,Moderate Demand
2025-02,BK010,Karumakkarayo,Gunadasa Amarasekara,978-955-5678-10-1,Novel,Galle,34.9,3.82,107,4.38,15.43,7.5,11.1,70,54.72,71.72,High Demand
2025-02,BK010,Karumakkarayo,Gunadasa Amarasekara,978-955-5678-10-1,Novel,Kandy,32.0,4.75,133,4.38,17.79,8.36,7.8,70,59.18,64.29,Moderate Demand
2025-02,BK011,Yali Upannemi,Gunadasa Amarasekara,978-955-5678-11-8,Novel,Colombo,29.1,3.89,109,3.89,15.64,7.36,8.4,70,45.73,59.07,Moderate Demand
2025-02,BK011,Yali Upannemi,Gunadasa Amarasekara,978-955-5678-11-8,Novel,Galle,28.7,3.46,97,3.91,13.93,6.82,8.3,70,36.65,50.09,Low Demand
2025-02,BK011,Yali Upannemi,Gunadasa Amarasekara,978-955-5678-11-8,Novel,Kandy,31.8,4.25,119,3.92,16.79,8.04,8.9,70,38.24,51.39,Low Demand
2025-02,BK012,Vilambitha,Mahinda Prasad Masimbula,978-955-3031-16-5,Novel,Colombo,31.3,6.39,179,4.86,22.82,11.0,7.4,70,96.04,93.41,High Demand
2025-02,BK012,Vilambitha,Mahinda Prasad Masimbula,978-955-3031-16-5,Novel,Galle,35.4,5.43,152,4.87,18.89,8.61,8.8,70,98.37,91.72,High Demand
2025-02,BK012,Vilambitha,Mahinda Prasad Masimbula,978-955-3031-16-5,Novel,Kandy,26.2,5.68,159,4.86,22.14,10.71,7.7,70,85.89,89.49,High Demand
2025-02,BK013,Kaliyugaya,Martin Wickramasinghe,978-955-1234-04-3,Novel,Colombo,29.1,4.89,137,4.16,19.04,8.86,8.6,70,78.24,77.95,High Demand
2025-02,BK013,Kaliyugaya,Martin Wickramasinghe,978-955-1234-04-3,Novel,Galle,31.5,4.32,121,4.17,17.04,8.04,9.1,70,63.27,78.08,High Demand
2025-02,BK013,Kaliyugaya,Martin Wickramasinghe,978-955-1234-04-3,Novel,Kandy,26.0,5.32,149,4.17,20.39,9.54,9.6,70,59.92,66.21,Moderate Demand
2025-02,BK014,Yuganthaya,Martin Wickramasinghe,978-955-1234-05-0,Novel,Colombo,37.0,5.43,152,3.96,21.79,10.43,10.1,70,86.7,71.68,Moderate Demand
2025-02,BK014,Yuganthaya,Martin Wickramasinghe,978-955-1234-05-0,Novel,Galle,29.0,5.21,146,3.95,20.36,9.82,10.9,70,92.81,89.32,High Demand
2025-02,BK014,Yuganthaya,Martin Wickramasinghe,978-955-1234-05-0,Novel,Kandy,38.2,5.07,142,3.96,19.64,9.68,8.7,70,65.49,77.25,High Demand
2025-02,BK015,Bavatharanaya,Martin Wickramasinghe,978-955-1234-06-7,Novel,Colombo,28.6,4.86,136,4.19,16.86,8.0,8.4,70,71.23,81.21,High Demand
2025-02,BK015,Bavatharanaya,Martin Wickramasinghe,978-955-1234-06-7,Novel,Galle,35.0,3.14,88,4.17,14.68,6.89,9.0,70,29.24,56.23,Moderate Demand
2025-02,BK015,Bavatharanaya,Martin Wickramasinghe,978-955-1234-06-7,Novel,Kandy,27.1,4.04,113,4.16,15.36,8.11,6.7,70,65.38,69.93,Moderate Demand
2025-02,BK016,Lolita,Vladimir Nabokov (Trans.),978-955-3022-10-1,Translated Classic,Colombo,28.4,3.46,97,4.44,14.04,6.71,8.5,78,31.87,65.65,Moderate Demand
2025-02,BK016,Lolita,Vladimir Nabokov (Trans.),978-955-3022-10-1,Translated Classic,Galle,29.5,2.68,75,4.44,10.89,6.0,7.8,78,4.64,43.77,Low Demand
2025-02,BK016,Lolita,Vladimir Nabokov (Trans.),978-955-3022-10-1,Translated Classic,Kandy,26.0,3.14,88,4.44,12.89,6.71,7.7,78,20.72,53.05,Low Demand
2025-02,BK017,Aprasanna Kathavak,Karunasena Jayalath,978-955-1100-33-5,Novel,Colombo,36.9,5.0,140,4.06,20.21,9.82,8.0,70,81.12,84.36,High Demand
2025-02,BK017,Aprasanna Kathavak,Karunasena Jayalath,978-955-1100-33-5,Novel,Galle,34.5,4.14,116,4.05,16.82,8.61,9.0,70,64.75,70.83,Moderate Demand
2025-02,BK017,Aprasanna Kathavak,Karunasena Jayalath,978-955-1100-33-5,Novel,Kandy,30.0,4.54,127,4.05,17.11,8.29,7.6,70,63.32,75.24,High Demand
2025-02,BK018,Golu Hadawatha,Karunasena Jayalath,978-955-1100-34-2,Novel,Colombo,34.2,2.68,75,4.26,11.29,5.39,8.2,70,21.03,44.36,Low Demand
2025-02,BK018,Golu Hadawatha,Karunasena Jayalath,978-955-1100-34-2,Novel,Galle,28.0,2.57,72,4.26,11.21,5.93,7.9,70,3.55,36.36,Low Demand
2025-02,BK018,Golu Hadawatha,Karunasena Jayalath,978-955-1100-34-2,Novel,Kandy,24.5,3.14,88,4.26,13.21,6.57,7.6,70,6.56,42.66,Low Demand
2025-02,BK019,Gahanu Lamai,Karunasena Jayalath,978-955-1100-35-9,Novel,Colombo,31.4,6.07,170,3.85,22.64,10.86,8.9,70,100.0,91.67,High Demand
2025-02,BK019,Gahanu Lamai,Karunasena Jayalath,978-955-1100-35-9,Novel,Galle,29.0,4.86,136,3.82,17.18,8.82,8.1,70,69.53,78.75,High Demand
2025-02,BK019,Gahanu Lamai,Karunasena Jayalath,978-955-1100-35-9,Novel,Kandy,37.1,5.5,154,3.83,21.64,9.82,6.8,70,84.57,84.78,High Demand
2025-02,BK020,Kulakumariya,T. B. Ilangaratne,978-955-8877-67-2,Novel,Colombo,38.9,3.64,102,4.13,13.89,6.82,7.2,70,15.58,47.44,Low Demand
2025-02,BK020,Kulakumariya,T. B. Ilangaratne,978-955-8877-67-2,Novel,Galle,28.5,4.29,120,4.15,17.07,8.14,7.3,70,43.08,54.05,Low Demand
2025-02,BK020,Kulakumariya,T. B. Ilangaratne,978-955-8877-67-2,Novel,Kandy,28.6,5.29,148,4.15,19.86,9.82,8.3,70,77.88,82.41,High Demand
2025-02,BK021,Lasanda,T. B. Ilangaratne,978-955-8877-68-9,Novel,Colombo,28.6,4.86,136,4.44,18.86,8.68,7.7,70,74.79,76.91,High Demand
2025-02,BK021,Lasanda,T. B. Ilangaratne,978-955-8877-68-9,Novel,Galle,39.6,4.64,130,4.43,16.96,8.25,7.6,70,67.12,75.65,High Demand
2025-02,BK021,Lasanda,T. B. Ilangaratne,978-955-8877-68-9,Novel,Kandy,43.6,5.32,149,4.43,20.43,9.18,8.9,70,68.66,71.97,High Demand
2025-02,BK022,Maname,Ediriweera Sarachchandra,978-955-9012-06-1,Drama,Colombo,24.9,3.07,86,3.85,13.0,6.39,7.1,65,19.53,46.02,Low Demand
2025-02,BK022,Maname,Ediriweera Sarachchandra,978-955-9012-06-1,Drama,Galle,31.9,3.57,100,3.87,13.96,6.75,10.0,65,38.29,57.41,Moderate Demand
2025-02,BK022,Maname,Ediriweera Sarachchandra,978-955-9012-06-1,Drama,Kandy,41.4,3.79,106,3.86,14.07,7.32,7.9,65,38.09,64.97,Moderate Demand
2025-02,BK023,Sinhabahu,Ediriweera Sarachchandra,978-955-9012-07-8,Drama,Colombo,32.0,6.29,176,4.0,24.11,10.93,8.6,65,96.59,89.77,High Demand
2025-02,BK023,Sinhabahu,Ediriweera Sarachchandra,978-955-9012-07-8,Drama,Galle,31.2,5.89,165,3.99,19.89,8.79,7.8,65,100.0,94.26,High Demand
2025-02,BK023,Sinhabahu,Ediriweera Sarachchandra,978-955-9012-07-8,Drama,Kandy,29.8,6.46,181,4.0,21.5,10.61,7.3,65,100.0,83.24,High Demand
2025-02,BK024,Walmath Vee Atharaman Veemi,Simon Navagattegama,978-955-7733-11-2,Novel,Colombo,35.5,6.61,185,4.16,22.43,10.71,8.3,70,99.25,86.73,High Demand
2025-02,BK024,Walmath Vee Atharaman Veemi,Simon Navagattegama,978-955-7733-11-2,Novel,Galle,31.5,5.46,153,4.15,19.07,9.14,8.1,70,83.3,79.81,High Demand
2025-02,BK024,Walmath Vee Atharaman Veemi,Simon Navagattegama,978-955-7733-11-2,Novel,Kandy,36.2,6.29,176,4.15,21.89,10.57,7.9,70,85.05,85.21,High Demand
2025-02,BK025,Sansaranyaye Dadayakkara,Simon Navagattegama,978-955-7733-12-9,Novel,Colombo,30.8,5.57,156,3.28,18.57,8.86,11.4,70,84.81,75.57,High Demand
2025-02,BK025,Sansaranyaye Dadayakkara,Simon Navagattegama,978-955-7733-12-9,Novel,Galle,33.0,4.75,133,3.29,17.61,8.86,8.9,70,69.87,70.85,Moderate Demand
2025-02,BK025,Sansaranyaye Dadayakkara,Simon Navagattegama,978-955-7733-12-9,Novel,Kandy,33.1,5.89,165,3.3,21.93,11.11,12.0,70,100.0,82.74,High Demand
2025-02,BK026,Kavikandarawa,Mahinda Prasad Masimbula,978-955-3031-17-2,Poetry,Colombo,42.2,2.75,77,4.38,11.54,5.75,8.2,50,15.0,35.57,Low Demand
2025-02,BK026,Kavikandarawa,Mahinda Prasad Masimbula,978-955-3031-17-2,Poetry,Galle,31.2,2.93,82,4.38,11.71,6.5,8.3,50,20.66,43.65,Low Demand
2025-02,BK026,Kavikandarawa,Mahinda Prasad Masimbula,978-955-3031-17-2,Poetry,Kandy,27.2,3.46,97,4.38,15.04,7.29,8.5,50,11.57,40.45,Low Demand
2025-02,BK027,Dodamlu Iwura,Sumithra Rahubadda,978-955-4422-34-4,Novel,Colombo,31.1,4.46,125,4.98,17.68,8.04,9.8,70,34.47,68.42,Moderate Demand
2025-02,BK027,Dodamlu Iwura,Sumithra Rahubadda,978-955-4422-34-4,Novel,Galle,35.2,3.43,96,4.99,13.96,6.68,6.3,70,38.09,63.19,Moderate Demand
2025-02,BK027,Dodamlu Iwura,Sumithra Rahubadda,978-955-4422-34-4,Novel,Kandy,30.9,5.21,146,4.98,20.0,9.39,10.6,70,74.56,80.74,High Demand
2025-02,BK028,Bumuthurunu,Sumithra Rahubadda,978-955-4422-35-1,Novel,Colombo,27.4,2.18,61,4.09,9.82,4.57,7.2,70,0.0,33.84,Low Demand
2025-02,BK028,Bumuthurunu,Sumithra Rahubadda,978-955-4422-35-1,Novel,Galle,40.9,2.21,62,4.07,10.11,4.96,9.7,70,8.96,45.9,Low Demand
2025-02,BK028,Bumuthurunu,Sumithra Rahubadda,978-955-4422-35-1,Novel,Kandy,33.9,2.93,82,4.08,11.93,6.18,8.2,70,12.92,53.81,Low Demand
2025-02,BK029,Podi Hamuduruwo,Sybil Wettasinghe,978-955-2011-44-3,Children's,Colombo,31.0,2.71,76,4.57,11.32,5.54,8.9,60,0.06,37.37,Low Demand
2025-02,BK029,Podi Hamuduruwo,Sybil Wettasinghe,978-955-2011-44-3,Children's,Galle,27.3,2.39,67,4.55,10.64,5.14,8.6,60,12.87,42.21,Low Demand
2025-02,BK029,Podi Hamuduruwo,Sybil Wettasinghe,978-955-2011-44-3,Children's,Kandy,23.5,3.14,88,4.56,12.68,6.39,7.5,60,13.18,44.72,Low Demand
2025-02,BK030,Kuda Hora,Sybil Wettasinghe,978-955-2011-45-0,Children's,Colombo,30.8,4.82,135,4.05,18.21,9.04,8.3,60,52.44,58.34,Moderate Demand
2025-02,BK030,Kuda Hora,Sybil Wettasinghe,978-955-2011-45-0,Children's,Galle,32.5,4.54,127,4.06,17.75,8.36,7.7,60,86.27,80.44,High Demand
2025-02,BK030,Kuda Hora,Sybil Wettasinghe,978-955-2011-45-0,Children's,Kandy,32.8,5.54,155,4.06,19.86,9.46,7.9,60,69.58,71.21,Moderate Demand
2025-02,BK031,Maria Cylonica,P. B. Jayasekara,978-955-6611-22-3,Novel,Colombo,35.4,6.04,169,3.86,19.54,9.29,7.1,70,89.19,79.65,High Demand
2025-02,BK031,Maria Cylonica,P. B. Jayasekara,978-955-6611-22-3,Novel,Galle,29.1,4.25,119,3.87,14.68,7.29,7.7,70,60.21,67.91,Moderate Demand
2025-02,BK031,Maria Cylonica,P. B. Jayasekara,978-955-6611-22-3,Novel,Kandy,32.0,5.07,142,3.86,19.68,9.21,8.5,70,87.88,91.34,High Demand
2025-02,BK032,Atawaka Putthu,Liyanage Amarakeerthi,978-955-3044-55-4,Novel,Colombo,36.3,6.5,182,4.23,24.0,11.0,8.6,70,100.0,91.81,High Demand
2025-02,BK032,Atawaka Putthu,Liyanage Amarakeerthi,978-955-3044-55-4,Novel,Galle,35.3,6.07,170,4.24,21.11,10.39,8.1,70,100.0,92.07,High Demand
2025-02,BK032,Atawaka Putthu,Liyanage Amarakeerthi,978-955-3044-55-4,Novel,Kandy,32.4,6.86,192,4.23,24.32,11.32,9.1,70,100.0,88.04,High Demand
2025-02,BK033,Kurulu Hadawatha,Liyanage Amarakeerthi,978-955-3044-56-1,Novel,Colombo,27.4,3.75,105,3.55,14.96,7.5,8.9,70,54.71,73.53,High Demand
2025-02,BK033,Kurulu Hadawatha,Liyanage Amarakeerthi,978-955-3044-56-1,Novel,Galle,27.3,3.07,86,3.55,12.71,5.89,9.4,70,8.24,29.62,Low Demand
2025-02,BK033,Kurulu Hadawatha,Liyanage Amarakeerthi,978-955-3044-56-1,Novel,Kandy,31.6,4.21,118,3.55,17.0,8.14,7.7,70,49.59,60.66,Moderate Demand
2025-02,BK034,Gini Avi saha Gini Keli,Anura Horatious,978-955-9988-11-2,Novel,Colombo,43.8,3.86,108,3.74,13.75,7.25,7.9,70,45.65,67.37,Moderate Demand
2025-02,BK034,Gini Avi saha Gini Keli,Anura Horatious,978-955-9988-11-2,Novel,Galle,30.1,3.54,99,3.74,13.82,6.32,9.2,70,46.25,61.41,Moderate Demand
2025-02,BK034,Gini Avi saha Gini Keli,Anura Horatious,978-955-9988-11-2,Novel,Kandy,27.9,4.43,124,3.73,16.14,8.11,8.8,70,49.14,55.94,Moderate Demand
2025-02,BK035,Daskon,Wimalaratne Kumaragama,978-955-2233-44-5,Poetry,Colombo,37.9,4.29,120,4.42,16.68,8.5,9.0,50,49.36,67.37,Moderate Demand
2025-02,BK035,Daskon,Wimalaratne Kumaragama,978-955-2233-44-5,Poetry,Galle,36.0,3.61,101,4.41,14.0,7.04,8.8,50,52.81,58.2,Moderate Demand
2025-02,BK035,Daskon,Wimalaratne Kumaragama,978-955-2233-44-5,Poetry,Kandy,25.6,3.46,97,4.42,12.0,5.96,10.4,50,25.75,38.69,Low Demand
2025-02,BK036,Pethigomara,K. Jayatillake,978-955-1555-11-0,Novel,Colombo,33.7,3.11,87,4.18,13.25,6.71,8.7,70,26.39,55.16,Moderate Demand
2025-02,BK036,Pethigomara,K. Jayatillake,978-955-1555-11-0,Novel,Galle,29.5,2.68,75,4.18,10.75,5.0,8.5,70,1.47,35.79,Low Demand
2025-02,BK036,Pethigomara,K. Jayatillake,978-955-1555-11-0,Novel,Kandy,36.2,3.29,92,4.17,12.61,6.14,7.3,70,28.06,59.87,Moderate Demand
2025-02,BK037,Charitha Thunak,K. Jayatillake,978-955-1555-12-7,Novel,Colombo,33.1,2.89,81,3.92,11.89,5.43,8.1,70,8.98,38.22,Low Demand
2025-02,BK037,Charitha Thunak,K. Jayatillake,978-955-1555-12-7,Novel,Galle,23.9,2.25,63,3.94,9.64,4.82,5.9,70,15.6,44.75,Low Demand
2025-02,BK037,Charitha Thunak,K. Jayatillake,978-955-1555-12-7,Novel,Kandy,27.3,1.79,50,3.94,8.11,4.25,8.9,70,8.43,32.86,Low Demand
2025-02,BK038,Parajithayo,Siri Gunasinghe,978-955-1100-23-6,Novel,Colombo,30.6,4.75,133,4.34,17.57,8.75,7.8,70,61.48,80.2,High Demand
2025-02,BK038,Parajithayo,Siri Gunasinghe,978-955-1100-23-6,Novel,Galle,35.0,3.79,106,4.35,15.0,7.61,8.9,70,56.81,61.23,Moderate Demand
2025-02,BK038,Parajithayo,Siri Gunasinghe,978-955-1100-23-6,Novel,Kandy,36.1,3.64,102,4.34,13.18,5.93,11.3,70,34.23,51.96,Low Demand
2025-02,BK039,Rosa Malak Mata Denna,Shanthi Dissanayake,978-955-6677-88-1,Novel,Colombo,32.1,4.0,112,4.82,14.54,7.14,9.5,70,41.64,57.28,Moderate Demand
2025-02,BK039,Rosa Malak Mata Denna,Shanthi Dissanayake,978-955-6677-88-1,Novel,Galle,29.5,2.75,77,4.85,12.21,6.11,8.1,70,30.71,49.81,Low Demand
2025-02,BK039,Rosa Malak Mata Denna,Shanthi Dissanayake,978-955-6677-88-1,Novel,Kandy,38.9,3.21,90,4.83,13.18,6.25,5.8,70,23.93,56.72,Moderate Demand
2025-02,BK040,Paradal,Shanthi Dissanayake,978-955-6677-89-8,Novel,Colombo,38.1,4.89,137,4.15,19.46,9.46,7.7,70,78.67,75.97,High Demand
2025-02,BK040,Paradal,Shanthi Dissanayake,978-955-6677-89-8,Novel,Galle,37.3,4.39,123,4.15,16.07,7.71,8.4,70,70.77,84.19,High Demand
2025-02,BK040,Paradal,Shanthi Dissanayake,978-955-6677-89-8,Novel,Kandy,34.3,5.32,149,4.15,18.07,8.61,7.9,70,62.49,65.79,Moderate Demand
2025-02,BK041,Girikulu,Shanthi Dissanayake,978-955-6677-90-4,Novel,Colombo,35.1,4.79,134,3.95,18.36,8.5,9.8,70,69.67,67.39,Moderate Demand
2025-02,BK041,Girikulu,Shanthi Dissanayake,978-955-6677-90-4,Novel,Galle,25.9,3.54,99,3.95,13.96,6.43,9.3,70,48.79,68.27,Moderate Demand
2025-02,BK041,Girikulu,Shanthi Dissanayake,978-955-6677-90-4,Novel,Kandy,34.3,5.18,145,3.96,18.64,8.68,7.3,70,74.58,75.11,High Demand
2025-02,BK042,Sakkarang,Prasanna Vithanage (Adapt.),978-955-3322-11-9,Drama,Colombo,30.1,5.79,162,3.56,20.21,9.71,8.2,65,89.43,88.41,High Demand
2025-02,BK042,Sakkarang,Prasanna Vithanage (Adapt.),978-955-3322-11-9,Drama,Galle,36.9,5.39,151,3.57,18.68,9.14,5.7,65,78.87,76.62,High Demand
2025-02,BK042,Sakkarang,Prasanna Vithanage (Adapt.),978-955-3322-11-9,Drama,Kandy,33.5,5.71,160,3.56,21.54,10.29,9.1,65,76.6,73.33,High Demand
2025-02,BK043,Bhatti,Edward Mallawaarachchi,978-955-5544-33-2,Novel,Colombo,30.8,5.39,151,4.14,19.89,9.39,9.2,70,86.99,82.16,High Demand
2025-02,BK043,Bhatti,Edward Mallawaarachchi,978-955-5544-33-2,Novel,Galle,31.7,3.64,102,4.13,14.82,7.21,9.3,70,51.64,62.99,Moderate Demand
2025-02,BK043,Bhatti,Edward Mallawaarachchi,978-955-5544-33-2,Novel,Kandy,31.9,4.36,122,4.13,14.96,7.39,8.5,70,48.13,67.72,Moderate Demand
2025-02,BK044,Sihina Kumari,Edward Mallawaarachchi,978-955-5544-34-9,Novel,Colombo,39.4,3.36,94,4.31,12.61,6.82,9.3,70,44.46,64.68,Moderate Demand
2025-02,BK044,Sihina Kumari,Edward Mallawaarachchi,978-955-5544-34-9,Novel,Galle,29.3,3.25,91,4.32,12.89,6.36,8.3,70,39.28,59.68,Moderate Demand
2025-02,BK044,Sihina Kumari,Edward Mallawaarachchi,978-955-5544-34-9,Novel,Kandy,42.1,3.43,96,4.33,13.43,6.21,7.5,70,35.86,59.83,Moderate Demand
2025-02,BK045,Adaraneeya Wasthuwe,Upul Shantha Sannasgala,978-955-8811-22-5,Novel,Colombo,33.2,5.25,147,3.98,18.43,8.89,9.2,70,90.29,86.38,High Demand
2025-02,BK045,Adaraneeya Wasthuwe,Upul Shantha Sannasgala,978-955-8811-22-5,Novel,Galle,33.1,4.96,139,3.98,18.68,9.07,7.3,70,85.8,71.02,Moderate Demand
2025-02,BK045,Adaraneeya Wasthuwe,Upul Shantha Sannasgala,978-955-8811-22-5,Novel,Kandy,30.7,6.43,180,3.98,22.82,10.79,8.5,70,100.0,89.78,High Demand
2025-02,BK046,Warna,Upul Shantha Sannasgala,978-955-8811-23-2,Poetry,Colombo,34.0,5.18,145,4.66,19.32,9.43,8.0,50,60.43,69.0,Moderate Demand
2025-02,BK046,Warna,Upul Shantha Sannasgala,978-955-8811-23-2,Poetry,Galle,27.6,6.07,170,4.67,21.18,10.29,6.8,50,100.0,84.91,High Demand
2025-02,BK046,Warna,Upul Shantha Sannasgala,978-955-8811-23-2,Poetry,Kandy,31.7,5.21,146,4.66,18.86,8.43,9.2,50,62.42,77.43,High Demand
2025-02,BK047,Amma,Maxim Gorky (Trans.),978-955-6655-44-1,Translated Classic,Colombo,35.1,3.86,108,4.46,15.46,7.82,6.7,78,28.14,57.65,Moderate Demand
2025-02,BK047,Amma,Maxim Gorky (Trans.),978-955-6655-44-1,Translated Classic,Galle,34.6,3.36,94,4.45,13.39,6.75,8.6,78,34.5,62.51,Moderate Demand
2025-02,BK047,Amma,Maxim Gorky (Trans.),978-955-6655-44-1,Translated Classic,Kandy,34.6,3.71,104,4.46,14.32,7.36,8.2,78,45.0,69.13,Moderate Demand
2025-02,BK048,Anna Karenina,Leo Tolstoy (Trans.),978-955-6655-45-8,Translated Classic,Colombo,37.0,3.25,91,4.36,12.96,6.07,9.1,78,28.17,55.16,Moderate Demand
2025-02,BK048,Anna Karenina,Leo Tolstoy (Trans.),978-955-6655-45-8,Translated Classic,Galle,41.5,3.54,99,4.37,13.75,6.71,8.6,78,51.86,74.95,High Demand
2025-02,BK048,Anna Karenina,Leo Tolstoy (Trans.),978-955-6655-45-8,Translated Classic,Kandy,37.1,3.64,102,4.35,14.54,6.93,8.7,78,28.43,57.04,Moderate Demand
2025-02,BK049,Post-Modernism,Various,978-955-1212-12-1,Academic,Colombo,28.5,5.93,166,3.85,20.29,9.75,8.7,45,98.11,75.97,High Demand
2025-02,BK049,Post-Modernism,Various,978-955-1212-12-1,Academic,Galle,33.6,4.18,117,3.86,16.32,7.68,8.5,45,62.53,60.81,Moderate Demand
2025-02,BK049,Post-Modernism,Various,978-955-1212-12-1,Academic,Kandy,30.3,4.93,138,3.85,18.82,9.36,6.6,45,53.71,50.69,Low Demand
2025-02,BK050,Mahavamsa,Mahanama Thera,978-955-0011-22-3,Historical/Religious,Colombo,36.5,3.25,91,4.31,14.21,6.46,8.5,55,25.29,46.24,Low Demand
2025-02,BK050,Mahavamsa,Mahanama Thera,978-955-0011-22-3,Historical/Religious,Galle,25.0,2.18,61,4.3,10.43,5.46,8.0,55,1.61,38.52,Low Demand
2025-02,BK050,Mahavamsa,Mahanama Thera,978-955-0011-22-3,Historical/Religious,Kandy,31.8,2.82,79,4.31,10.46,5.11,8.4,55,2.48,38.8,Low Demand
2025-02,BK051,Saddharmaratnavaliya,Dharmasena Thera,978-955-0011-23-0,Historical/Religious,Colombo,40.2,3.0,84,3.99,11.43,5.5,9.9,55,21.54,45.14,Low Demand
2025-02,BK051,Saddharmaratnavaliya,Dharmasena Thera,978-955-0011-23-0,Historical/Religious,Galle,33.1,3.71,104,3.99,14.57,7.36,8.9,55,47.77,61.24,Moderate Demand
2025-02,BK051,Saddharmaratnavaliya,Dharmasena Thera,978-955-0011-23-0,Historical/Religious,Kandy,28.2,3.21,90,4.01,12.04,5.68,9.0,55,16.88,40.83,Low Demand
2025-02,BK052,අනාගත අහස,මාර්ටින් වික්‍රමසිංහ (පරිවර්තනය),978-147-1385-34-4,Historical/Religious,Colombo,40.3,2.64,74,4.64,11.11,5.64,8.4,55,4.66,36.68,Low Demand
2025-02,BK052,අනාගත අහස,මාර්ටින් වික්‍රමසිංහ (පරිවර්තනය),978-147-1385-34-4,Historical/Religious,Galle,38.9,1.39,39,4.62,7.14,3.61,9.9,55,0.0,38.35,Low Demand
2025-02,BK052,අනාගත අහස,මාර්ටින් වික්‍රමසිංහ (පරිවර්තනය),978-147-1385-34-4,Historical/Religious,Kandy,39.4,2.64,74,4.63,10.75,5.46,8.8,55,0.0,37.04,Low Demand
2025-02,BK053,මිටියාවත සහ කාලය,"ජෝන් ෂෝර්ස් (John Shors), පරිවර්තනය: ප්‍රදීප් කුමාර බාලසූරිය (Translation: Pradeep Kumara Balasuriya)",978-976-3071-42-3,Horror,Colombo,36.0,5.25,147,4.62,19.68,9.5,6.8,68,73.53,82.52,High Demand
2025-02,BK053,මිටියාවත සහ කාලය,"ජෝන් ෂෝර්ස් (John Shors), පරිවර්තනය: ප්‍රදීප් කුමාර බාලසූරිය (Translation: Pradeep Kumara Balasuriya)",978-976-3071-42-3,Horror,Galle,30.8,5.11,143,4.63,18.5,9.21,6.8,68,87.82,75.05,High Demand
2025-02,BK053,මිටියාවත සහ කාලය,"ජෝන් ෂෝර්ස් (John Shors), පරිවර්තනය: ප්‍රදීප් කුමාර බාලසූරිය (Translation: Pradeep Kumara Balasuriya)",978-976-3071-42-3,Horror,Kandy,31.1,5.43,152,4.62,20.25,9.79,8.1,68,74.54,80.54,High Demand
2025-02,BK054,රහස සහ කතාව,පවනි උමයංගනා (Pawani Umayangana),978-476-5849-54-7,Non-fiction,Colombo,34.1,4.5,126,4.64,17.71,8.54,7.1,52,51.54,63.96,Moderate Demand
2025-02,BK054,රහස සහ කතාව,පවනි උමයංගනා (Pawani Umayangana),978-476-5849-54-7,Non-fiction,Galle,36.9,4.43,124,4.65,18.5,8.82,7.4,52,72.86,69.68,Moderate Demand
2025-02,BK054,රහස සහ කතාව,පවනි උමයංගනා (Pawani Umayangana),978-476-5849-54-7,Non-fiction,Kandy,33.9,6.36,178,4.65,22.68,10.46,11.1,52,81.81,83.07,High Demand
2025-02,BK055,ඇහි පියන් ඇහැරිලා (Ahi Piyan Aharila),මහින්ද ප්‍රසාද් මසිඹුල,978-955-098-003-1,Poetry,Colombo,35.2,4.46,125,4.23,16.79,7.96,8.6,50,45.47,58.15,Moderate Demand
2025-02,BK055,ඇහි පියන් ඇහැරිලා (Ahi Piyan Aharila),මහින්ද ප්‍රසාද් මසිඹුල,978-955-098-003-1,Poetry,Galle,34.5,4.18,117,4.24,15.32,7.61,7.7,50,50.5,51.07,Low Demand
2025-02,BK055,ඇහි පියන් ඇහැරිලා (Ahi Piyan Aharila),මහින්ද ප්‍රසාද් මසිඹුල,978-955-098-003-1,Poetry,Kandy,30.0,5.96,167,4.2,20.86,9.75,8.4,50,85.4,68.89,Moderate Demand
2025-02,BK056,ගමන සහ කාලය,ප්‍රේමකීර්ති රණතුංග,978-316-8963-96-1,Short Stories,Colombo,36.4,5.64,158,4.31,22.14,10.89,8.6,57,81.17,74.31,High Demand
2025-02,BK056,ගමන සහ කාලය,ප්‍රේමකීර්ති රණතුංග,978-316-8963-96-1,Short Stories,Galle,32.2,5.18,145,4.32,19.5,8.96,9.6,57,94.54,89.31,High Demand
2025-02,BK056,ගමන සහ කාලය,ප්‍රේමකීර්ති රණතුංග,978-316-8963-96-1,Short Stories,Kandy,36.9,4.68,131,4.32,18.14,8.39,8.1,57,56.37,61.21,Moderate Demand
2025-02,BK057,කොළඹ කන්ද,Michael Crichton (පරිවර්තනය: සුදත් රොහාන්),978-645-5531-58-3,Poetry,Colombo,35.5,4.21,118,3.95,16.71,8.21,8.2,50,48.33,58.09,Moderate Demand
2025-02,BK057,කොළඹ කන්ද,Michael Crichton (පරිවර්තනය: සුදත් රොහාන්),978-645-5531-58-3,Poetry,Galle,40.0,3.46,97,3.95,13.75,6.18,6.5,50,33.21,46.02,Low Demand
2025-02,BK057,කොළඹ කන්ද,Michael Crichton (පරිවර්තනය: සුදත් රොහාන්),978-645-5531-58-3,Poetry,Kandy,34.1,4.0,112,3.97,15.21,7.57,10.5,50,25.17,51.62,Low Demand
2025-02,BK058,වසන්තය සහ මිටියාවත,තරංගා දිසානායක,978-630-6739-38-7,Academic,Colombo,35.4,5.21,146,4.4,18.71,9.0,8.2,45,68.88,63.16,Moderate Demand
2025-02,BK058,වසන්තය සහ මිටියාවත,තරංගා දිසානායක,978-630-6739-38-7,Academic,Galle,25.6,4.18,117,4.42,17.29,8.32,9.8,45,53.35,63.11,Moderate Demand
2025-02,BK058,වසන්තය සහ මිටියාවත,තරංගා දිසානායක,978-630-6739-38-7,Academic,Kandy,38.1,4.46,125,4.42,17.57,8.32,8.6,45,45.1,60.93,Moderate Demand
2025-02,BK059,370 යානයේ අබිරහස (370 Yanaye Abirahasa),භද්‍රජී මහින්ද ජයතිලක,978-624-6570-68-2,Mystery,Colombo,36.6,2.61,73,3.58,11.93,5.96,7.3,71,0.0,41.49,Low Demand
2025-02,BK059,370 යානයේ අබිරහස (370 Yanaye Abirahasa),භද්‍රජී මහින්ද ජයතිලක,978-624-6570-68-2,Mystery,Galle,37.8,2.68,75,3.59,11.21,5.36,7.4,71,20.39,42.65,Low Demand
2025-02,BK059,370 යානයේ අබිරහස (370 Yanaye Abirahasa),භද්‍රජී මහින්ද ජයතිලක,978-624-6570-68-2,Mystery,Kandy,27.9,3.57,100,3.58,13.5,6.64,8.4,71,19.65,41.41,Low Demand
2025-02,BK060,පර්සි ජැක්සන් සහ වංගිරියේ සටන,රික් රියෝඩන් (පරි. සවින්දි ආරියතිලක),978-955-697-089-0,Fantasy,Colombo,30.4,2.93,82,3.79,12.71,5.82,7.8,74,26.09,57.92,Moderate Demand
2025-02,BK060,පර්සි ජැක්සන් සහ වංගිරියේ සටන,රික් රියෝඩන් (පරි. සවින්දි ආරියතිලක),978-955-697-089-0,Fantasy,Galle,32.7,2.75,77,3.79,11.0,5.75,8.0,74,9.16,43.04,Low Demand
2025-02,BK060,පර්සි ජැක්සන් සහ වංගිරියේ සටන,රික් රියෝඩන් (පරි. සවින්දි ආරියතිලක),978-955-697-089-0,Fantasy,Kandy,29.8,2.68,75,3.8,12.07,5.86,9.6,74,0.0,32.03,Low Demand
2025-02,BK061,ආලෝකයේ සමිඳාණෝ (Alokaye Samindano - Lord of Light),රොජර් සෙලාස්නි - පරි. පුෂ්ප රංජන් විජේසිංහ,978-624-6570-11-8,Sci-Fi,Colombo,34.4,5.11,143,4.31,19.11,9.21,5.4,72,81.89,73.7,High Demand
2025-02,BK061,ආලෝකයේ සමිඳාණෝ (Alokaye Samindano - Lord of Light),රොජර් සෙලාස්නි - පරි. පුෂ්ප රංජන් විජේසිංහ,978-624-6570-11-8,Sci-Fi,Galle,34.5,4.61,129,4.29,17.46,8.32,8.3,72,64.69,71.37,Moderate Demand
2025-02,BK061,ආලෝකයේ සමිඳාණෝ (Alokaye Samindano - Lord of Light),රොජර් සෙලාස්නි - පරි. පුෂ්ප රංජන් විජේසිංහ,978-624-6570-11-8,Sci-Fi,Kandy,35.3,5.18,145,4.3,19.14,9.0,6.8,72,68.73,70.5,Moderate Demand
2025-02,BK062,මිනිසා සහ සෙවනැලි,"කර්ට් වොනෙගට් (Kurt Vonnegut), පරිවර්තනය: ගාමිණී වියන්ගොඩ (Translation: Gamini Viyangoda)",978-673-1310-88-3,Psychology,Colombo,33.3,4.82,135,4.28,18.29,8.68,8.6,58,59.39,60.02,Moderate Demand
2025-02,BK062,මිනිසා සහ සෙවනැලි,"කර්ට් වොනෙගට් (Kurt Vonnegut), පරිවර්තනය: ගාමිණී වියන්ගොඩ (Translation: Gamini Viyangoda)",978-673-1310-88-3,Psychology,Galle,35.0,4.21,118,4.31,15.96,7.21,8.2,58,63.96,67.53,Moderate Demand
2025-02,BK062,මිනිසා සහ සෙවනැලි,"කර්ට් වොනෙගට් (Kurt Vonnegut), පරිවර්තනය: ගාමිණී වියන්ගොඩ (Translation: Gamini Viyangoda)",978-673-1310-88-3,Psychology,Kandy,32.4,4.82,135,4.29,16.86,8.5,10.4,58,78.75,75.4,High Demand
2025-02,BK063,හේඩීස්ගේ දෙවොල (Hadesge Devola),රික් රයෝර්ඩන් - පරි. රූපේනි මානිංගමුව,978-955-697-343-3,Young Adult,Colombo,29.6,4.61,129,4.4,15.71,7.57,9.0,66,47.37,70.05,Moderate Demand
2025-02,BK063,හේඩීස්ගේ දෙවොල (Hadesge Devola),රික් රයෝර්ඩන් - පරි. රූපේනි මානිංගමුව,978-955-697-343-3,Young Adult,Galle,38.2,4.11,115,4.42,15.79,7.75,9.0,66,65.87,67.74,Moderate Demand
2025-02,BK063,හේඩීස්ගේ දෙවොල (Hadesge Devola),රික් රයෝර්ඩන් - පරි. රූපේනි මානිංගමුව,978-955-697-343-3,Young Adult,Kandy,34.9,5.29,148,4.42,18.75,9.07,6.6,66,68.39,73.79,High Demand
2025-02,BK064,2010,ආතර් සී. ක්ලාක් (පරිවර්තනය: චන්දන වීරසිංහ),978-624-5712-10-6,Sci-Fi,Colombo,29.7,5.79,162,3.84,20.39,9.86,7.4,72,76.56,75.63,High Demand
2025-02,BK064,2010,ආතර් සී. ක්ලාක් (පරිවර්තනය: චන්දන වීරසිංහ),978-624-5712-10-6,Sci-Fi,Galle,36.0,5.54,155,3.84,20.32,9.86,8.1,72,89.68,90.61,High Demand
2025-02,BK064,2010,ආතර් සී. ක්ලාක් (පරිවර්තනය: චන්දන වීරසිංහ),978-624-5712-10-6,Sci-Fi,Kandy,36.7,5.61,157,3.86,23.14,11.21,9.5,72,87.23,83.96,High Demand
2025-02,BK065,මන්දාරම් රාත්‍රිය,ඩී. එම්. අනුර දිසානායක,978-624-5829-10-1,Mystery,Colombo,32.4,5.57,156,4.28,20.29,10.29,7.8,71,94.88,94.56,High Demand
2025-02,BK065,මන්දාරම් රාත්‍රිය,ඩී. එම්. අනුර දිසානායක,978-624-5829-10-1,Mystery,Galle,28.6,4.32,121,4.29,15.57,7.57,6.8,71,69.67,78.81,High Demand
2025-02,BK065,මන්දාරම් රාත්‍රිය,ඩී. එම්. අනුර දිසානායක,978-624-5829-10-1,Mystery,Kandy,26.4,4.54,127,4.29,16.96,8.29,9.2,71,54.56,61.34,Moderate Demand
2025-02,BK066,පරණ මාලිගාව,ක්‍රිස් කුස්නෙස්කි (පරිවර්තනය),978-726-5125-19-4,Horror,Colombo,31.4,4.29,120,4.53,16.32,8.46,6.4,68,38.44,55.08,Moderate Demand
2025-02,BK066,පරණ මාලිගාව,ක්‍රිස් කුස්නෙස්කි (පරිවර්තනය),978-726-5125-19-4,Horror,Galle,35.9,3.68,103,4.52,14.82,7.04,8.5,68,41.63,65.11,Moderate Demand
2025-02,BK066,පරණ මාලිගාව,ක්‍රිස් කුස්නෙස්කි (පරිවර්තනය),978-726-5125-19-4,Horror,Kandy,38.4,5.04,141,4.52,18.71,9.11,9.6,68,63.9,78.61,High Demand
2025-02,BK067,අනාගතේ පැතිකඩක් (Profiles of the Future),ආතර් සී. ක්ලාක් (පරිවර්තනය: එස්. එම්. බන්දුසීල),978-624-5712-31-1,Sci-Fi,Colombo,34.6,5.36,150,4.9,19.04,9.18,7.9,72,67.93,81.51,High Demand
2025-02,BK067,අනාගතේ පැතිකඩක් (Profiles of the Future),ආතර් සී. ක්ලාක් (පරිවර්තනය: එස්. එම්. බන්දුසීල),978-624-5712-31-1,Sci-Fi,Galle,30.7,4.14,116,4.91,17.14,8.54,8.7,72,63.03,71.47,Moderate Demand
2025-02,BK067,අනාගතේ පැතිකඩක් (Profiles of the Future),ආතර් සී. ක්ලාක් (පරිවර්තනය: එස්. එම්. බන්දුසීල),978-624-5712-31-1,Sci-Fi,Kandy,33.3,4.46,125,4.91,16.5,8.21,8.8,72,54.46,62.01,Moderate Demand
2025-02,BK068,දඩයම් බල්ලෝ,පරිවර්තන නවකතා,978-624-5572-38-0,Thriller,Colombo,28.3,2.75,77,4.1,11.0,5.32,10.1,76,31.54,53.2,Low Demand
2025-02,BK068,දඩයම් බල්ලෝ,පරිවර්තන නවකතා,978-624-5572-38-0,Thriller,Galle,34.0,3.54,99,4.12,14.86,7.61,11.3,76,31.21,55.57,Moderate Demand
2025-02,BK068,දඩයම් බල්ලෝ,පරිවර්තන නවකතා,978-624-5572-38-0,Thriller,Kandy,30.9,3.32,93,4.09,12.61,5.89,9.4,76,29.69,55.52,Moderate Demand
2025-02,BK069,අදිසි අනතුර (Adisi Anathura - The Crash),ෆ්‍රීඩා මැක්ෆැඩන් - පරි. නයනතාරා පිලපිටිය,978-624-6570-48-4,Thriller,Colombo,37.3,1.75,49,4.32,8.54,4.43,9.6,76,1.31,49.64,Low Demand
2025-02,BK069,අදිසි අනතුර (Adisi Anathura - The Crash),ෆ්‍රීඩා මැක්ෆැඩන් - පරි. නයනතාරා පිලපිටිය,978-624-6570-48-4,Thriller,Galle,25.9,2.14,60,4.32,9.21,4.57,7.4,76,6.58,44.58,Low Demand
2025-02,BK069,අදිසි අනතුර (Adisi Anathura - The Crash),ෆ්‍රීඩා මැක්ෆැඩන් - පරි. නයනතාරා පිලපිටිය,978-624-6570-48-4,Thriller,Kandy,30.5,2.25,63,4.31,10.32,4.96,9.2,76,8.45,47.21,Low Demand
2025-02,BK070,Crown of Midnight,සාරා ජේ. මාස් (Sarah J. Maas),978-624-5663-48-4,Fantasy,Colombo,31.0,4.61,129,3.67,18.39,9.21,7.6,74,56.35,60.73,Moderate Demand
2025-02,BK070,Crown of Midnight,සාරා ජේ. මාස් (Sarah J. Maas),978-624-5663-48-4,Fantasy,Galle,31.8,3.82,107,3.66,13.32,6.61,7.5,74,72.38,79.6,High Demand
2025-02,BK070,Crown of Midnight,සාරා ජේ. මාස් (Sarah J. Maas),978-624-5663-48-4,Fantasy,Kandy,36.0,3.79,106,3.68,14.79,6.68,10.3,74,32.9,48.01,Low Demand
2025-02,BK071,සුළං ගංගාව,පියදාස රත්නසිංහ (පරිවර්තනය),978-935-1789-28-8,Academic,Colombo,27.9,3.0,84,4.13,12.82,6.43,13.3,45,29.04,45.19,Low Demand
2025-02,BK071,සුළං ගංගාව,පියදාස රත්නසිංහ (පරිවර්තනය),978-935-1789-28-8,Academic,Galle,34.7,2.71,76,4.14,10.89,5.07,8.6,45,25.44,42.5,Low Demand
2025-02,BK071,සුළං ගංගාව,පියදාස රත්නසිංහ (පරිවර්තනය),978-935-1789-28-8,Academic,Kandy,27.3,4.0,112,4.13,16.46,7.75,7.7,45,46.39,62.63,Moderate Demand
2025-02,BK072,ගීතය සහ මාලිගාව,එරන්ද ගිනිගේ (Eranda Ginige),978-616-9581-88-7,Psychology,Colombo,27.3,3.71,104,4.45,13.11,6.32,7.9,58,36.57,56.8,Moderate Demand
2025-02,BK072,ගීතය සහ මාලිගාව,එරන්ද ගිනිගේ (Eranda Ginige),978-616-9581-88-7,Psychology,Galle,42.9,3.0,84,4.46,12.82,6.5,8.7,58,28.14,47.5,Low Demand
2025-02,BK072,ගීතය සහ මාලිගාව,එරන්ද ගිනිගේ (Eranda Ginige),978-616-9581-88-7,Psychology,Kandy,33.0,4.29,120,4.44,16.29,8.29,9.1,58,41.4,49.21,Low Demand
2025-02,BK073,ගමන සහ සෙවනැලි,"වික්ටෝරියා හෝල්ට් (Victoria Holt), පරිවර්තනය: කෝශලී සිරිචන්ද්‍ර (Translation: Koshalee Sirichandra)",978-477-2613-24-8,Horror,Colombo,35.4,6.68,187,4.11,23.93,11.29,10.0,68,100.0,95.09,High Demand
2025-02,BK073,ගමන සහ සෙවනැලි,"වික්ටෝරියා හෝල්ට් (Victoria Holt), පරිවර්තනය: කෝශලී සිරිචන්ද්‍ර (Translation: Koshalee Sirichandra)",978-477-2613-24-8,Horror,Galle,36.8,4.93,138,4.13,16.46,7.96,10.0,68,71.32,91.7,High Demand
2025-02,BK073,ගමන සහ සෙවනැලි,"වික්ටෝරියා හෝල්ට් (Victoria Holt), පරිවර්තනය: කෝශලී සිරිචන්ද්‍ර (Translation: Koshalee Sirichandra)",978-477-2613-24-8,Horror,Kandy,38.3,5.96,167,4.12,22.32,10.82,6.7,68,85.03,84.14,High Demand
2025-02,BK074,එවා මෙහේ බෑ මචං,පිනසිරි දඩල්ලගේ,978-955-97643-5-9,Non-fiction,Colombo,33.8,3.11,87,4.26,12.46,6.25,6.4,52,11.13,44.15,Low Demand
2025-02,BK074,එවා මෙහේ බෑ මචං,පිනසිරි දඩල්ලගේ,978-955-97643-5-9,Non-fiction,Galle,37.2,2.89,81,4.24,11.21,5.86,7.2,52,21.06,46.76,Low Demand
2025-02,BK074,එවා මෙහේ බෑ මචං,පිනසිරි දඩල්ලගේ,978-955-97643-5-9,Non-fiction,Kandy,31.9,3.5,98,4.28,13.14,6.5,8.0,52,27.59,49.25,Low Demand
2025-02,BK075,"හොල්මන්, ආවේශ සහ යළි උපත (You Cannot Die)",ඉයන් කරි (පරිවර්තනය: භද්‍රජි මහින්ද ජයතිලක),978-955-671-215-5,Psychology,Colombo,28.8,2.82,79,4.29,11.04,5.32,7.8,58,17.93,43.89,Low Demand
2025-02,BK075,"හොල්මන්, ආවේශ සහ යළි උපත (You Cannot Die)",ඉයන් කරි (පරිවර්තනය: භද්‍රජි මහින්ද ජයතිලක),978-955-671-215-5,Psychology,Galle,34.6,2.25,63,4.28,10.43,5.18,9.1,58,11.81,37.71,Low Demand
2025-02,BK075,"හොල්මන්, ආවේශ සහ යළි උපත (You Cannot Die)",ඉයන් කරි (පරිවර්තනය: භද්‍රජි මහින්ද ජයතිලක),978-955-671-215-5,Psychology,Kandy,32.1,2.71,76,4.3,10.68,5.07,10.4,58,0.58,49.1,Low Demand
2025-02,BK076,සෙංකොට්ටං (Senkottan),මහින්ද ප්‍රසාද් මසිඹුල,978-955-098-000-0,Novel,Colombo,31.0,3.11,87,3.7,12.54,6.18,9.2,70,30.51,49.41,Low Demand
2025-02,BK076,සෙංකොට්ටං (Senkottan),මහින්ද ප්‍රසාද් මසිඹුල,978-955-098-000-0,Novel,Galle,38.4,3.0,84,3.69,11.75,5.64,8.9,70,19.82,40.65,Low Demand
2025-02,BK076,සෙංකොට්ටං (Senkottan),මහින්ද ප්‍රසාද් මසිඹුල,978-955-098-000-0,Novel,Kandy,33.1,3.5,98,3.68,14.11,6.54,8.0,70,23.16,43.4,Low Demand
2025-02,BK077,අතීත මිටියාවත,ඊනිඩ් බ්ලයිටන් (Enid Blyton),978-845-3000-71-2,Children's,Colombo,42.0,3.46,97,4.2,13.07,6.57,10.2,60,29.22,56.11,Moderate Demand
2025-02,BK077,අතීත මිටියාවත,ඊනිඩ් බ්ලයිටන් (Enid Blyton),978-845-3000-71-2,Children's,Galle,32.7,3.18,89,4.18,11.93,5.89,9.1,60,29.87,46.55,Low Demand
2025-02,BK077,අතීත මිටියාවත,ඊනිඩ් බ්ලයිටන් (Enid Blyton),978-845-3000-71-2,Children's,Kandy,31.1,4.14,116,4.18,16.14,7.54,7.9,60,35.14,50.04,Low Demand
2025-02,BK078,සිහිනය සහ සෙවනැලි,"ස්ටෙෆනි ගාබර් (Stephanie Garber), පරිවර්තනය: කෝශලී සිරිචන්ද්‍ර (Translation: Koshalee Sirichandra)",978-748-7074-58-5,Historical/Religious,Colombo,34.0,5.07,142,4.36,18.32,8.86,8.9,55,64.6,69.12,Moderate Demand
2025-02,BK078,සිහිනය සහ සෙවනැලි,"ස්ටෙෆනි ගාබර් (Stephanie Garber), පරිවර්තනය: කෝශලී සිරිචන්ද්‍ර (Translation: Koshalee Sirichandra)",978-748-7074-58-5,Historical/Religious,Galle,40.5,4.04,113,4.37,15.39,7.71,9.2,55,45.89,57.89,Moderate Demand
2025-02,BK078,සිහිනය සහ සෙවනැලි,"ස්ටෙෆනි ගාබර් (Stephanie Garber), පරිවර්තනය: කෝශලී සිරිචන්ද්‍ර (Translation: Koshalee Sirichandra)",978-748-7074-58-5,Historical/Religious,Kandy,36.7,5.54,155,4.37,20.07,9.5,7.9,55,80.88,83.2,High Demand
2025-02,BK079,හැරී පොටර් සහ රහස් කුටිය,ජේ. කේ. රෝලිං - පරි. අභය හේවාවසම්,978-955-573-623-7,Translation,Colombo,33.7,5.21,146,4.22,17.39,7.79,9.5,62,69.56,62.0,Moderate Demand
2025-02,BK079,හැරී පොටර් සහ රහස් කුටිය,ජේ. කේ. රෝලිං - පරි. අභය හේවාවසම්,978-955-573-623-7,Translation,Galle,27.4,4.14,116,4.21,14.86,7.32,8.7,62,62.14,72.92,High Demand
2025-02,BK079,හැරී පොටර් සහ රහස් කුටිය,ජේ. කේ. රෝලිං - පරි. අභය හේවාවසම්,978-955-573-623-7,Translation,Kandy,25.3,4.5,126,4.22,15.43,7.11,8.1,62,50.98,61.64,Moderate Demand
2025-02,BK080,විකෘති (Vikurthi),සෝමලතා සුබසිංහ,978-955-428-430-2,Drama,Colombo,34.4,4.93,138,4.35,18.93,9.11,7.1,65,57.66,61.73,Moderate Demand
2025-02,BK080,විකෘති (Vikurthi),සෝමලතා සුබසිංහ,978-955-428-430-2,Drama,Galle,28.2,5.04,141,4.32,18.61,8.82,7.6,65,94.5,83.72,High Demand
2025-02,BK080,විකෘති (Vikurthi),සෝමලතා සුබසිංහ,978-955-428-430-2,Drama,Kandy,37.0,6.0,168,4.33,21.89,10.04,8.8,65,86.51,84.47,High Demand
2025-02,BK081,නැන්දම්මාගේ ඩයරිය,කල්පනා කස්තුරිආරච්චි,978-624-9695-78-8,Short Stories,Colombo,28.9,4.89,137,4.46,18.82,9.14,5.9,57,71.22,70.01,Moderate Demand
2025-02,BK081,නැන්දම්මාගේ ඩයරිය,කල්පනා කස්තුරිආරච්චි,978-624-9695-78-8,Short Stories,Galle,34.2,4.57,128,4.47,18.18,8.11,8.9,57,66.56,73.26,High Demand
2025-02,BK081,නැන්දම්මාගේ ඩයරිය,කල්පනා කස්තුරිආරච්චි,978-624-9695-78-8,Short Stories,Kandy,40.6,5.0,140,4.44,19.14,9.11,8.5,57,70.0,79.79,High Demand
2025-02,BK082,හැරී පොටර් සහ අස්කබාන්හි සිරකරු,ජේ. කේ. රෝලිං - පරි. අභය හේවාවසම්,978-955-671-187-5,Translation,Colombo,37.8,4.25,119,4.2,15.0,7.04,8.7,62,43.41,57.78,Moderate Demand
2025-02,BK082,හැරී පොටර් සහ අස්කබාන්හි සිරකරු,ජේ. කේ. රෝලිං - පරි. අභය හේවාවසම්,978-955-671-187-5,Translation,Galle,32.9,3.71,104,4.19,14.43,7.18,7.5,62,59.94,64.39,Moderate Demand
2025-02,BK082,හැරී පොටර් සහ අස්කබාන්හි සිරකරු,ජේ. කේ. රෝලිං - පරි. අභය හේවාවසම්,978-955-671-187-5,Translation,Kandy,23.0,3.46,97,4.22,13.25,6.39,7.5,62,42.31,57.85,Moderate Demand
2025-02,BK083,පර්සි ජැක්සන් සහ රාක්ෂ සයුර,රික් රියෝඩන් (පරි. සවින්දි ආරියතිලක),978-955-697-090-0,Fantasy,Colombo,32.9,5.21,146,3.8,18.86,8.75,7.6,74,74.38,73.62,High Demand
2025-02,BK083,පර්සි ජැක්සන් සහ රාක්ෂ සයුර,රික් රියෝඩන් (පරි. සවින්දි ආරියතිලක),978-955-697-090-0,Fantasy,Galle,30.5,4.43,124,3.8,16.5,8.29,9.5,74,63.76,59.82,Moderate Demand
2025-02,BK083,පර්සි ජැක්සන් සහ රාක්ෂ සයුර,රික් රියෝඩන් (පරි. සවින්දි ආරියතිලක),978-955-697-090-0,Fantasy,Kandy,30.1,5.18,145,3.81,19.75,9.11,7.2,74,79.54,80.15,High Demand
2025-02,BK084,විභාග ජය ගැනීමේ රහස (Vibhaga Jaya Ganeeme Rahasa),ප්‍රවීන් රන්දෙනිය,978-624-97120-5-0,Academic,Colombo,33.3,2.68,75,4.01,10.75,5.11,9.8,45,14.61,46.19,Low Demand
2025-02,BK084,විභාග ජය ගැනීමේ රහස (Vibhaga Jaya Ganeeme Rahasa),ප්‍රවීන් රන්දෙනිය,978-624-97120-5-0,Academic,Galle,32.9,3.0,84,4.01,12.32,5.57,9.1,45,30.55,45.22,Low Demand
2025-02,BK084,විභාග ජය ගැනීමේ රහස (Vibhaga Jaya Ganeeme Rahasa),ප්‍රවීන් රන්දෙනිය,978-624-97120-5-0,Academic,Kandy,27.3,3.21,90,4.03,14.14,6.96,8.1,45,10.42,37.98,Low Demand
2025-02,BK085,දික්තල කාලගෝල (Diktala Kalagola),පුණ්‍යසේන ගුණසිංහ,978-955-9377-71-9,Drama,Colombo,35.8,2.64,74,4.59,10.86,4.86,7.4,65,16.28,46.03,Low Demand
2025-02,BK085,දික්තල කාලගෝල (Diktala Kalagola),පුණ්‍යසේන ගුණසිංහ,978-955-9377-71-9,Drama,Galle,31.7,2.21,62,4.61,9.04,4.25,8.9,65,11.12,46.65,Low Demand
2025-02,BK085,දික්තල කාලගෝල (Diktala Kalagola),පුණ්‍යසේන ගුණසිංහ,978-955-9377-71-9,Drama,Kandy,35.3,2.25,63,4.6,9.93,5.0,6.5,65,0.0,46.89,Low Demand
2025-02,BK086,නැන්සි කෲ: ටෙඩි බෙයාර් අබිරහස,කැරොලයින් කීන්,978-955-657-006-8,Translation,Colombo,31.1,2.5,70,3.97,10.71,5.39,6.0,62,0.0,39.71,Low Demand
2025-02,BK086,නැන්සි කෲ: ටෙඩි බෙයාර් අබිරහස,කැරොලයින් කීන්,978-955-657-006-8,Translation,Galle,31.3,2.14,60,3.96,9.14,4.36,7.2,62,0.0,38.64,Low Demand
2025-02,BK086,නැන්සි කෲ: ටෙඩි බෙයාර් අබිරහස,කැරොලයින් කීන්,978-955-657-006-8,Translation,Kandy,36.0,2.21,62,3.95,9.54,4.43,9.1,62,0.0,47.55,Low Demand
2025-02,BK087,කතාව සහ සිහිනය,ක්‍රිස් කුස්නෙස්කි (පරිවර්තනය),978-566-9308-23-4,Short Stories,Colombo,31.4,5.04,141,4.24,19.39,9.43,10.1,57,61.9,73.06,High Demand
2025-02,BK087,කතාව සහ සිහිනය,ක්‍රිස් කුස්නෙස්කි (පරිවර්තනය),978-566-9308-23-4,Short Stories,Galle,31.8,4.32,121,4.23,17.11,8.57,9.1,57,43.96,65.5,Moderate Demand
2025-02,BK087,කතාව සහ සිහිනය,ක්‍රිස් කුස්නෙස්කි (පරිවර්තනය),978-566-9308-23-4,Short Stories,Kandy,28.2,5.39,151,4.25,20.71,10.04,8.5,57,84.84,73.75,High Demand
2025-02,BK088,අඹ යහළුවෝ,ටී. බී. ඉලංගරත්න,978-955-4682-00-9,Novel,Colombo,30.6,5.21,146,4.15,18.93,9.21,8.0,70,90.62,87.84,High Demand
2025-02,BK088,අඹ යහළුවෝ,ටී. බී. ඉලංගරත්න,978-955-4682-00-9,Novel,Galle,36.9,3.71,104,4.14,14.32,6.68,7.9,70,43.25,65.44,Moderate Demand
2025-02,BK088,අඹ යහළුවෝ,ටී. බී. ඉලංගරත්න,978-955-4682-00-9,Novel,Kandy,37.7,4.21,118,4.14,16.46,8.18,7.9,70,40.65,55.74,Moderate Demand
2025-02,BK089,මායා අහස,දිනිති තරුමිණි,978-222-3861-35-8,Young Adult,Colombo,27.1,2.79,78,4.33,11.93,5.68,7.8,66,7.9,48.88,Low Demand
2025-02,BK089,මායා අහස,දිනිති තරුමිණි,978-222-3861-35-8,Young Adult,Galle,39.5,2.61,73,4.33,11.43,5.68,9.2,66,13.45,45.13,Low Demand
2025-02,BK089,මායා අහස,දිනිති තරුමිණි,978-222-3861-35-8,Young Adult,Kandy,32.0,2.86,80,4.34,12.29,5.86,8.2,66,13.79,62.12,Moderate Demand
2025-02,BK090,අනාගත නගරය,පරිවර්තනය: චන්දන මෙන්ඩිස් (Chandana Mendis),978-587-7471-56-2,Drama,Colombo,29.5,4.96,139,4.24,19.04,9.32,8.2,65,68.47,67.95,Moderate Demand
2025-02,BK090,අනාගත නගරය,පරිවර්තනය: චන්දන මෙන්ඩිස් (Chandana Mendis),978-587-7471-56-2,Drama,Galle,31.2,3.89,109,4.27,15.11,7.21,8.1,65,51.17,56.11,Moderate Demand
2025-02,BK090,අනාගත නගරය,පරිවර්තනය: චන්දන මෙන්ඩිස් (Chandana Mendis),978-587-7471-56-2,Drama,Kandy,30.7,4.29,120,4.25,16.39,7.64,9.2,65,49.59,58.89,Moderate Demand
2025-02,BK091,හැරී පොටර් සහ ෆීනික්ස් නිකාය,ජේ. කේ. රෝලිං - පරි. අභය හේවාවසම්,978-955-573-951-1,Translation,Colombo,38.6,2.79,78,4.13,12.14,5.89,9.6,62,17.52,38.67,Low Demand
2025-02,BK091,හැරී පොටර් සහ ෆීනික්ස් නිකාය,ජේ. කේ. රෝලිං - පරි. අභය හේවාවසම්,978-955-573-951-1,Translation,Galle,32.6,2.64,74,4.12,11.68,5.68,6.9,62,17.82,41.57,Low Demand
2025-02,BK091,හැරී පොටර් සහ ෆීනික්ස් නිකාය,ජේ. කේ. රෝලිං - පරි. අභය හේවාවසම්,978-955-573-951-1,Translation,Kandy,29.5,2.86,80,4.12,11.54,5.75,9.2,62,11.13,39.84,Low Demand
2025-02,BK092,සැඟවුණු රහස,රොජර් ලී මැක්බ්‍රයිඩ් (Roger Lea MacBride) - පරිවර්තනය: චිත්‍රා අමරසේකර,978-745-6661-48-1,Historical/Religious,Colombo,35.9,4.68,131,3.34,17.89,8.46,6.8,55,48.3,56.83,Moderate Demand
2025-02,BK092,සැඟවුණු රහස,රොජර් ලී මැක්බ්‍රයිඩ් (Roger Lea MacBride) - පරිවර්තනය: චිත්‍රා අමරසේකර,978-745-6661-48-1,Historical/Religious,Galle,30.2,5.36,150,3.32,20.25,9.32,7.3,55,81.74,73.47,High Demand
2025-02,BK092,සැඟවුණු රහස,රොජර් ලී මැක්බ්‍රයිඩ් (Roger Lea MacBride) - පරිවර්තනය: චිත්‍රා අමරසේකර,978-745-6661-48-1,Historical/Religious,Kandy,31.0,6.5,182,3.36,23.29,10.46,9.4,55,100.0,90.37,High Demand
2025-02,BK093,සෙවනැලි සහ මාලිගාව,පරිවර්තනය: චන්දන මෙන්ඩිස් (Chandana Mendis),978-289-1737-32-0,Poetry,Colombo,32.0,3.89,109,4.0,14.21,7.0,9.5,50,40.75,49.58,Low Demand
2025-02,BK093,සෙවනැලි සහ මාලිගාව,පරිවර්තනය: චන්දන මෙන්ඩිස් (Chandana Mendis),978-289-1737-32-0,Poetry,Galle,34.9,4.21,118,4.03,16.11,7.93,10.1,50,59.84,64.05,Moderate Demand
2025-02,BK093,සෙවනැලි සහ මාලිගාව,පරිවර්තනය: චන්දන මෙන්ඩිස් (Chandana Mendis),978-289-1737-32-0,Poetry,Kandy,39.4,4.71,132,4.03,17.86,8.82,7.2,50,54.65,65.85,Moderate Demand
2025-02,BK094,නෙවර් ලයි (Never Lie),ෆ්‍රීඩා මැක්ෆැඩන් - පරි. තරුෂි නිරංගා ජයසිංහ,978-624-6570-46-0,Thriller,Colombo,34.5,3.93,110,4.26,15.89,7.61,8.0,76,45.19,58.92,Moderate Demand
2025-02,BK094,නෙවර් ලයි (Never Lie),ෆ්‍රීඩා මැක්ෆැඩන් - පරි. තරුෂි නිරංගා ජයසිංහ,978-624-6570-46-0,Thriller,Galle,30.9,3.36,94,4.26,13.96,6.79,6.5,76,31.61,63.88,Moderate Demand
2025-02,BK094,නෙවර් ලයි (Never Lie),ෆ්‍රීඩා මැක්ෆැඩන් - පරි. තරුෂි නිරංගා ජයසිංහ,978-624-6570-46-0,Thriller,Kandy,31.4,4.89,137,4.24,19.43,9.29,8.7,76,66.61,74.83,High Demand
2025-02,BK095,ප්‍රේම ගීතය,සමුද්‍ර වෙත්තසිංහ (Samudra Weththasingha),978-573-6220-40-5,Non-fiction,Colombo,29.8,3.39,95,3.74,14.46,6.79,7.7,52,25.04,51.31,Low Demand
2025-02,BK095,ප්‍රේම ගීතය,සමුද්‍ර වෙත්තසිංහ (Samudra Weththasingha),978-573-6220-40-5,Non-fiction,Galle,31.0,2.71,76,3.77,11.5,5.79,9.2,52,24.35,44.37,Low Demand
2025-02,BK095,ප්‍රේම ගීතය,සමුද්‍ර වෙත්තසිංහ (Samudra Weththasingha),978-573-6220-40-5,Non-fiction,Kandy,37.8,3.14,88,3.77,14.0,6.71,9.7,52,17.74,37.37,Low Demand
2025-02,BK096,පුද්ගලිකයි රහසිගතයි (The Secret Files of Sherlock Holmes),චන්දන මෙන්ඩිස් (පරිවර්තනය),955-97776-4-5,Mystery,Colombo,37.4,4.61,129,4.16,17.36,8.61,9.6,71,44.62,54.92,Moderate Demand
2025-02,BK096,පුද්ගලිකයි රහසිගතයි (The Secret Files of Sherlock Holmes),චන්දන මෙන්ඩිස් (පරිවර්තනය),955-97776-4-5,Mystery,Galle,32.6,4.54,127,4.18,17.25,8.25,7.6,71,83.84,84.33,High Demand
2025-02,BK096,පුද්ගලිකයි රහසිගතයි (The Secret Files of Sherlock Holmes),චන්දන මෙන්ඩිස් (පරිවර්තනය),955-97776-4-5,Mystery,Kandy,32.0,4.39,123,4.18,16.61,8.04,8.0,71,45.21,59.83,Moderate Demand
2025-02,BK097,පරණ කතාව,මාර්ටින් වික්‍රමසිංහ,978-528-5693-75-7,Children's,Colombo,25.9,4.21,118,4.88,14.89,7.18,7.2,60,34.73,54.03,Low Demand
2025-02,BK097,පරණ කතාව,මාර්ටින් වික්‍රමසිංහ,978-528-5693-75-7,Children's,Galle,34.6,3.39,95,4.89,13.07,6.68,9.5,60,30.55,60.52,Moderate Demand
2025-02,BK097,පරණ කතාව,මාර්ටින් වික්‍රමසිංහ,978-528-5693-75-7,Children's,Kandy,32.9,4.0,112,4.89,14.36,7.14,7.6,60,49.3,70.5,Moderate Demand
2025-02,BK098,මාණික්කාවත (Manikkawatha),මහින්ද ප්‍රසාද් මසිඹුල,978-955-098-023-9,Novel,Colombo,42.6,2.89,81,4.13,13.0,6.46,8.8,70,24.95,47.13,Low Demand
2025-02,BK098,මාණික්කාවත (Manikkawatha),මහින්ද ප්‍රසාද් මසිඹුල,978-955-098-023-9,Novel,Galle,36.2,1.93,54,4.13,8.0,4.29,6.8,70,7.78,33.52,Low Demand
2025-02,BK098,මාණික්කාවත (Manikkawatha),මහින්ද ප්‍රසාද් මසිඹුල,978-955-098-023-9,Novel,Kandy,39.5,2.79,78,4.13,12.32,6.39,9.0,70,20.47,53.1,Low Demand
2025-02,BK099,ගංගාව සහ ගංගාව,"ජේම්ස් හැඩ්ලි චේස් (James Hadley Chase), පරිවර්තනය: එන්. ජී. විජේරත්න (Translation: N. G. Wijerathna)",978-493-2631-22-5,Children's,Colombo,27.9,2.54,71,4.42,11.11,5.11,7.1,60,0.94,41.01,Low Demand
2025-02,BK099,ගංගාව සහ ගංගාව,"ජේම්ස් හැඩ්ලි චේස් (James Hadley Chase), පරිවර්තනය: එන්. ජී. විජේරත්න (Translation: N. G. Wijerathna)",978-493-2631-22-5,Children's,Galle,25.1,2.57,72,4.41,10.93,5.32,11.6,60,5.73,38.29,Low Demand
2025-02,BK099,ගංගාව සහ ගංගාව,"ජේම්ස් හැඩ්ලි චේස් (James Hadley Chase), පරිවර්තනය: එන්. ජී. විජේරත්න (Translation: N. G. Wijerathna)",978-493-2631-22-5,Children's,Kandy,32.1,2.75,77,4.43,10.89,5.46,9.2,60,10.98,43.02,Low Demand
2025-02,BK100,රන් මතකය,ලසිත රවීන් උමගිලිය,978-825-3894-18-1,Young Adult,Colombo,32.8,7.36,206,3.8,26.46,12.61,9.5,66,100.0,98.5,High Demand
2025-02,BK100,රන් මතකය,ලසිත රවීන් උමගිලිය,978-825-3894-18-1,Young Adult,Galle,38.2,5.07,142,3.8,18.39,8.46,6.1,66,85.96,70.73,Moderate Demand
2025-02,BK100,රන් මතකය,ලසිත රවීන් උමගිලිය,978-825-3894-18-1,Young Adult,Kandy,32.3,6.14,172,3.8,21.36,10.11,8.6,66,100.0,81.38,High Demand
2025-03,BK001,Ape Gama,Martin Wickramasinghe,978-955-31-2954-3,Novel,Colombo,34.0,5.58,173,4.23,20.45,9.45,9.5,70,81.94,72.73,High Demand
2025-03,BK001,Ape Gama,Martin Wickramasinghe,978-955-31-2954-3,Novel,Galle,35.0,5.77,179,4.24,21.1,9.58,9.0,70,91.72,82.14,High Demand
2025-03,BK001,Ape Gama,Martin Wickramasinghe,978-955-31-2954-3,Novel,Kandy,35.5,6.39,198,4.25,21.29,10.42,6.8,70,88.79,85.13,High Demand
2025-03,BK002,Viragaya,Martin Wickramasinghe,978-955-1234-01-2,Novel,Colombo,33.7,4.65,144,3.9,16.87,8.0,10.5,70,44.9,61.92,Moderate Demand
2025-03,BK002,Viragaya,Martin Wickramasinghe,978-955-1234-01-2,Novel,Galle,31.3,4.32,134,3.92,15.16,7.1,6.9,70,43.7,51.91,Low Demand
2025-03,BK002,Viragaya,Martin Wickramasinghe,978-955-1234-01-2,Novel,Kandy,40.5,4.32,134,3.9,15.48,7.97,8.9,70,44.79,58.79,Moderate Demand
2025-03,BK003,Gamperaliya,Martin Wickramasinghe,978-955-1234-02-9,Novel,Colombo,31.3,6.71,208,4.72,23.71,11.52,7.4,70,100.0,86.58,High Demand
2025-03,BK003,Gamperaliya,Martin Wickramasinghe,978-955-1234-02-9,Novel,Galle,26.4,5.13,159,4.7,19.06,8.94,8.4,70,79.34,79.44,High Demand
2025-03,BK003,Gamperaliya,Martin Wickramasinghe,978-955-1234-02-9,Novel,Kandy,32.4,6.74,209,4.71,23.45,10.74,8.3,70,99.9,91.02,High Demand
2025-03,BK004,Madol Duwa,Martin Wickramasinghe,978-955-1234-03-6,Children's,Colombo,32.5,5.35,166,3.94,19.61,9.45,8.3,60,86.7,82.15,High Demand
2025-03,BK004,Madol Duwa,Martin Wickramasinghe,978-955-1234-03-6,Children's,Galle,33.2,4.58,142,3.93,16.23,7.61,8.5,60,77.63,72.02,High Demand
2025-03,BK004,Madol Duwa,Martin Wickramasinghe,978-955-1234-03-6,Children's,Kandy,34.2,4.26,132,3.94,16.74,7.97,9.1,60,55.0,61.89,Moderate Demand
2025-03,BK005,Senkottan,Mahinda Prasad Masimbula,978-955-3031-15-8,Novel,Colombo,29.9,3.23,100,3.55,11.68,5.68,7.6,70,10.17,43.23,Low Demand
2025-03,BK005,Senkottan,Mahinda Prasad Masimbula,978-955-3031-15-8,Novel,Galle,25.2,2.61,81,3.54,11.26,5.58,8.8,70,2.3,40.75,Low Demand
2025-03,BK005,Senkottan,Mahinda Prasad Masimbula,978-955-3031-15-8,Novel,Kandy,30.1,2.65,82,3.54,11.1,5.39,8.7,70,0.0,40.64,Low Demand
2025-03,BK006,Malagiya Attho,Ediriweera Sarachchandra,978-955-9012-05-4,Novel,Colombo,30.1,6.55,203,3.77,21.52,10.1,9.0,70,91.21,88.34,High Demand
2025-03,BK006,Malagiya Attho,Ediriweera Sarachchandra,978-955-9012-05-4,Novel,Galle,31.7,6.19,192,3.78,22.1,10.52,8.5,70,100.0,88.63,High Demand
2025-03,BK006,Malagiya Attho,Ediriweera Sarachchandra,978-955-9012-05-4,Novel,Kandy,34.6,6.26,194,3.76,21.84,10.1,9.5,70,70.12,64.42,Moderate Demand
2025-03,BK007,Amba Yaluwo,T. B. Ilangaratne,978-955-8877-66-5,Novel,Colombo,31.0,4.52,140,4.25,16.32,7.97,10.2,70,40.94,70.39,Moderate Demand
2025-03,BK007,Amba Yaluwo,T. B. Ilangaratne,978-955-8877-66-5,Novel,Galle,33.1,5.61,174,4.27,19.84,9.23,8.9,70,81.95,82.18,High Demand
2025-03,BK007,Amba Yaluwo,T. B. Ilangaratne,978-955-8877-66-5,Novel,Kandy,30.8,5.77,179,4.27,19.84,9.58,8.5,70,64.49,71.51,Moderate Demand
2025-03,BK008,Guru Geethaya,Chingiz Aitmatov (Trans.),978-955-6543-20-1,Translated Classic,Colombo,34.6,4.71,146,4.26,18.45,8.55,7.5,78,52.3,65.79,Moderate Demand
2025-03,BK008,Guru Geethaya,Chingiz Aitmatov (Trans.),978-955-6543-20-1,Translated Classic,Galle,30.5,5.26,163,4.26,20.26,9.55,8.7,78,68.64,80.69,High Demand
2025-03,BK008,Guru Geethaya,Chingiz Aitmatov (Trans.),978-955-6543-20-1,Translated Classic,Kandy,33.5,5.77,179,4.26,20.84,9.77,8.4,78,64.85,77.26,High Demand
2025-03,BK009,Sanda Gawa Gini,Sumithra Rahubadda,978-955-4422-33-7,Novel,Colombo,25.8,2.61,81,4.24,10.74,5.45,9.0,70,0.0,40.91,Low Demand
2025-03,BK009,Sanda Gawa Gini,Sumithra Rahubadda,978-955-4422-33-7,Novel,Galle,30.3,2.23,69,4.25,9.77,5.03,8.8,70,4.84,37.83,Low Demand
2025-03,BK009,Sanda Gawa Gini,Sumithra Rahubadda,978-955-4422-33-7,Novel,Kandy,31.0,3.16,98,4.26,13.03,6.35,12.7,70,14.3,49.48,Low Demand
2025-03,BK010,Karumakkarayo,Gunadasa Amarasekara,978-955-5678-10-1,Novel,Colombo,38.9,4.0,124,4.4,14.23,6.9,7.9,70,50.32,64.25,Moderate Demand
2025-03,BK010,Karumakkarayo,Gunadasa Amarasekara,978-955-5678-10-1,Novel,Galle,27.5,4.03,125,4.4,16.35,7.9,8.7,70,47.17,60.9,Moderate Demand
2025-03,BK010,Karumakkarayo,Gunadasa Amarasekara,978-955-5678-10-1,Novel,Kandy,30.9,3.74,116,4.4,15.03,7.26,8.4,70,30.36,51.68,Low Demand
2025-03,BK011,Yali Upannemi,Gunadasa Amarasekara,978-955-5678-11-8,Novel,Colombo,31.6,4.55,141,3.92,18.23,8.29,8.0,70,39.49,67.36,Moderate Demand
2025-03,BK011,Yali Upannemi,Gunadasa Amarasekara,978-955-5678-11-8,Novel,Galle,30.7,3.32,103,3.89,13.81,6.81,6.2,70,20.69,51.85,Low Demand
2025-03,BK011,Yali Upannemi,Gunadasa Amarasekara,978-955-5678-11-8,Novel,Kandy,33.9,3.77,117,3.91,14.74,6.97,7.1,70,37.33,57.2,Moderate Demand
2025-03,BK012,Vilambitha,Mahinda Prasad Masimbula,978-955-3031-16-5,Novel,Colombo,25.6,7.06,219,4.85,24.55,11.45,9.9,70,100.0,94.39,High Demand
2025-03,BK012,Vilambitha,Mahinda Prasad Masimbula,978-955-3031-16-5,Novel,Galle,32.3,5.55,172,4.87,19.23,9.1,8.2,70,95.41,94.01,High Demand
2025-03,BK012,Vilambitha,Mahinda Prasad Masimbula,978-955-3031-16-5,Novel,Kandy,33.9,7.03,218,4.89,25.06,11.74,7.3,70,98.35,92.1,High Demand
2025-03,BK013,Kaliyugaya,Martin Wickramasinghe,978-955-1234-04-3,Novel,Colombo,30.2,5.45,169,4.17,19.26,9.61,7.7,70,74.26,76.3,High Demand
2025-03,BK013,Kaliyugaya,Martin Wickramasinghe,978-955-1234-04-3,Novel,Galle,32.2,4.26,132,4.16,16.74,7.9,8.1,70,56.92,67.62,Moderate Demand
2025-03,BK013,Kaliyugaya,Martin Wickramasinghe,978-955-1234-04-3,Novel,Kandy,34.9,5.52,171,4.17,18.9,9.06,9.4,70,68.97,71.61,Moderate Demand
2025-03,BK014,Yuganthaya,Martin Wickramasinghe,978-955-1234-05-0,Novel,Colombo,35.2,6.32,196,3.97,22.71,10.23,9.2,70,81.59,80.62,High Demand
2025-03,BK014,Yuganthaya,Martin Wickramasinghe,978-955-1234-05-0,Novel,Galle,32.9,5.52,171,3.96,21.0,9.87,7.5,70,88.1,81.74,High Demand
2025-03,BK014,Yuganthaya,Martin Wickramasinghe,978-955-1234-05-0,Novel,Kandy,29.9,6.32,196,3.97,21.06,10.13,8.5,70,100.0,88.41,High Demand
2025-03,BK015,Bavatharanaya,Martin Wickramasinghe,978-955-1234-06-7,Novel,Colombo,35.2,4.87,151,4.17,17.06,7.65,7.1,70,71.93,70.94,Moderate Demand
2025-03,BK015,Bavatharanaya,Martin Wickramasinghe,978-955-1234-06-7,Novel,Galle,29.8,3.74,116,4.16,14.77,7.55,8.1,70,33.2,46.18,Low Demand
2025-03,BK015,Bavatharanaya,Martin Wickramasinghe,978-955-1234-06-7,Novel,Kandy,38.4,4.26,132,4.18,15.74,7.35,10.2,70,56.97,68.68,Moderate Demand
2025-03,BK016,Lolita,Vladimir Nabokov (Trans.),978-955-3022-10-1,Translated Classic,Colombo,30.0,3.81,118,4.45,14.06,6.81,7.0,78,33.51,65.81,Moderate Demand
2025-03,BK016,Lolita,Vladimir Nabokov (Trans.),978-955-3022-10-1,Translated Classic,Galle,29.8,3.06,95,4.44,12.42,6.45,6.9,78,28.15,49.85,Low Demand
2025-03,BK016,Lolita,Vladimir Nabokov (Trans.),978-955-3022-10-1,Translated Classic,Kandy,32.4,3.0,93,4.44,12.58,6.03,8.1,78,7.3,52.25,Low Demand
2025-03,BK017,Aprasanna Kathavak,Karunasena Jayalath,978-955-1100-33-5,Novel,Colombo,27.6,4.58,142,4.07,17.74,7.94,11.3,70,35.93,56.34,Moderate Demand
2025-03,BK017,Aprasanna Kathavak,Karunasena Jayalath,978-955-1100-33-5,Novel,Galle,33.8,4.45,138,4.07,16.48,8.0,8.3,70,64.98,79.12,High Demand
2025-03,BK017,Aprasanna Kathavak,Karunasena Jayalath,978-955-1100-33-5,Novel,Kandy,35.3,5.87,182,4.06,20.1,9.71,8.6,70,77.38,71.8,High Demand
2025-03,BK018,Golu Hadawatha,Karunasena Jayalath,978-955-1100-34-2,Novel,Colombo,33.5,2.39,74,4.26,9.55,5.23,7.7,70,0.0,40.33,Low Demand
2025-03,BK018,Golu Hadawatha,Karunasena Jayalath,978-955-1100-34-2,Novel,Galle,25.5,2.42,75,4.27,11.1,5.23,7.8,70,4.49,36.47,Low Demand
2025-03,BK018,Golu Hadawatha,Karunasena Jayalath,978-955-1100-34-2,Novel,Kandy,32.5,2.71,84,4.26,11.61,5.77,8.1,70,11.91,46.11,Low Demand
2025-03,BK019,Gahanu Lamai,Karunasena Jayalath,978-955-1100-35-9,Novel,Colombo,32.6,5.94,184,3.83,22.39,10.81,8.7,70,74.52,76.64,High Demand
2025-03,BK019,Gahanu Lamai,Karunasena Jayalath,978-955-1100-35-9,Novel,Galle,31.4,5.42,168,3.82,20.13,9.16,7.6,70,83.93,80.14,High Demand
2025-03,BK019,Gahanu Lamai,Karunasena Jayalath,978-955-1100-35-9,Novel,Kandy,35.4,6.55,203,3.84,21.9,10.35,7.7,70,100.0,90.47,High Demand
2025-03,BK020,Kulakumariya,T. B. Ilangaratne,978-955-8877-67-2,Novel,Colombo,38.3,4.74,147,4.14,18.55,8.45,10.6,70,37.79,60.59,Moderate Demand
2025-03,BK020,Kulakumariya,T. B. Ilangaratne,978-955-8877-67-2,Novel,Galle,32.7,4.68,145,4.15,18.35,8.94,8.9,70,67.33,79.96,High Demand
2025-03,BK020,Kulakumariya,T. B. Ilangaratne,978-955-8877-67-2,Novel,Kandy,30.8,5.32,165,4.16,19.84,8.94,10.1,70,66.27,78.34,High Demand
2025-03,BK021,Lasanda,T. B. Ilangaratne,978-955-8877-68-9,Novel,Colombo,33.6,5.19,161,4.41,18.03,8.84,9.9,70,77.12,75.73,High Demand
2025-03,BK021,Lasanda,T. B. Ilangaratne,978-955-8877-68-9,Novel,Galle,24.3,4.65,144,4.43,16.87,8.1,7.6,70,73.17,81.37,High Demand
2025-03,BK021,Lasanda,T. B. Ilangaratne,978-955-8877-68-9,Novel,Kandy,35.7,6.42,199,4.42,22.77,10.77,6.3,70,94.77,91.06,High Demand
2025-03,BK022,Maname,Ediriweera Sarachchandra,978-955-9012-06-1,Drama,Colombo,30.5,4.68,145,3.87,17.9,8.65,10.1,65,54.46,70.68,Moderate Demand
2025-03,BK022,Maname,Ediriweera Sarachchandra,978-955-9012-06-1,Drama,Galle,36.5,3.84,119,3.85,15.52,7.77,9.0,65,41.24,51.87,Low Demand
2025-03,BK022,Maname,Ediriweera Sarachchandra,978-955-9012-06-1,Drama,Kandy,34.5,4.94,153,3.85,19.68,9.1,8.1,65,60.71,69.75,Moderate Demand
2025-03,BK023,Sinhabahu,Ediriweera Sarachchandra,978-955-9012-07-8,Drama,Colombo,34.0,7.42,230,4.02,26.16,12.52,6.9,65,100.0,87.18,High Demand
2025-03,BK023,Sinhabahu,Ediriweera Sarachchandra,978-955-9012-07-8,Drama,Galle,34.6,6.0,186,3.99,21.06,10.13,8.4,65,99.25,95.57,High Demand
2025-03,BK023,Sinhabahu,Ediriweera Sarachchandra,978-955-9012-07-8,Drama,Kandy,34.6,7.32,227,4.01,26.45,12.42,7.7,65,100.0,83.8,High Demand
2025-03,BK024,Walmath Vee Atharaman Veemi,Simon Navagattegama,978-955-7733-11-2,Novel,Colombo,35.5,6.68,207,4.15,22.39,10.45,8.5,70,100.0,92.98,High Demand
2025-03,BK024,Walmath Vee Atharaman Veemi,Simon Navagattegama,978-955-7733-11-2,Novel,Galle,31.9,5.87,182,4.19,22.42,10.94,8.5,70,95.15,84.05,High Demand
2025-03,BK024,Walmath Vee Atharaman Veemi,Simon Navagattegama,978-955-7733-11-2,Novel,Kandy,32.8,7.06,219,4.16,25.94,11.81,6.5,70,100.0,90.94,High Demand
2025-03,BK025,Sansaranyaye Dadayakkara,Simon Navagattegama,978-955-7733-12-9,Novel,Colombo,33.6,5.29,164,3.28,19.32,9.0,8.7,70,81.16,72.31,High Demand
2025-03,BK025,Sansaranyaye Dadayakkara,Simon Navagattegama,978-955-7733-12-9,Novel,Galle,31.4,4.77,148,3.28,17.39,8.58,9.4,70,70.69,72.21,High Demand
2025-03,BK025,Sansaranyaye Dadayakkara,Simon Navagattegama,978-955-7733-12-9,Novel,Kandy,34.2,5.45,169,3.28,20.03,9.39,8.7,70,65.77,66.8,Moderate Demand
2025-03,BK026,Kavikandarawa,Mahinda Prasad Masimbula,978-955-3031-17-2,Poetry,Colombo,31.8,2.9,90,4.4,11.84,6.16,9.0,50,8.92,39.77,Low Demand
2025-03,BK026,Kavikandarawa,Mahinda Prasad Masimbula,978-955-3031-17-2,Poetry,Galle,26.6,3.13,97,4.39,12.1,5.9,8.8,50,23.2,51.42,Low Demand
2025-03,BK026,Kavikandarawa,Mahinda Prasad Masimbula,978-955-3031-17-2,Poetry,Kandy,36.5,3.35,104,4.38,12.97,6.58,9.1,50,18.32,45.62,Low Demand
2025-03,BK027,Dodamlu Iwura,Sumithra Rahubadda,978-955-4422-34-4,Novel,Colombo,39.5,3.87,120,4.97,15.19,7.48,8.1,70,24.21,58.3,Moderate Demand
2025-03,BK027,Dodamlu Iwura,Sumithra Rahubadda,978-955-4422-34-4,Novel,Galle,31.1,3.77,117,4.98,15.58,7.45,8.0,70,59.17,77.24,High Demand
2025-03,BK027,Dodamlu Iwura,Sumithra Rahubadda,978-955-4422-34-4,Novel,Kandy,32.4,4.84,150,4.97,17.68,8.58,7.3,70,59.34,71.88,High Demand
2025-03,BK028,Bumuthurunu,Sumithra Rahubadda,978-955-4422-35-1,Novel,Colombo,35.5,2.55,79,4.09,10.81,5.39,8.7,70,0.0,38.09,Low Demand
2025-03,BK028,Bumuthurunu,Sumithra Rahubadda,978-955-4422-35-1,Novel,Galle,24.9,2.26,70,4.09,9.45,4.68,9.5,70,0.0,39.8,Low Demand
2025-03,BK028,Bumuthurunu,Sumithra Rahubadda,978-955-4422-35-1,Novel,Kandy,29.6,2.32,72,4.09,10.06,5.23,9.3,70,7.93,50.82,Low Demand
2025-03,BK029,Podi Hamuduruwo,Sybil Wettasinghe,978-955-2011-44-3,Children's,Colombo,25.4,3.23,100,4.56,12.48,6.35,8.1,60,26.54,45.37,Low Demand
2025-03,BK029,Podi Hamuduruwo,Sybil Wettasinghe,978-955-2011-44-3,Children's,Galle,33.9,2.71,84,4.57,11.52,5.71,9.6,60,6.83,42.98,Low Demand
2025-03,BK029,Podi Hamuduruwo,Sybil Wettasinghe,978-955-2011-44-3,Children's,Kandy,34.9,2.81,87,4.58,12.26,6.1,9.8,60,12.49,42.32,Low Demand
2025-03,BK030,Kuda Hora,Sybil Wettasinghe,978-955-2011-45-0,Children's,Colombo,33.4,5.71,177,4.08,20.39,9.58,7.4,60,88.21,69.87,Moderate Demand
2025-03,BK030,Kuda Hora,Sybil Wettasinghe,978-955-2011-45-0,Children's,Galle,39.4,4.26,132,4.07,15.03,6.74,8.6,60,44.74,53.26,Low Demand
2025-03,BK030,Kuda Hora,Sybil Wettasinghe,978-955-2011-45-0,Children's,Kandy,36.5,5.55,172,4.08,20.16,9.87,9.7,60,83.17,75.67,High Demand
2025-03,BK031,Maria Cylonica,P. B. Jayasekara,978-955-6611-22-3,Novel,Colombo,34.9,6.03,187,3.88,22.65,11.19,10.0,70,83.38,89.2,High Demand
2025-03,BK031,Maria Cylonica,P. B. Jayasekara,978-955-6611-22-3,Novel,Galle,37.4,4.48,139,3.86,16.77,8.45,8.4,70,72.75,75.95,High Demand
2025-03,BK031,Maria Cylonica,P. B. Jayasekara,978-955-6611-22-3,Novel,Kandy,37.9,6.16,191,3.87,21.84,10.74,9.7,70,91.57,87.17,High Demand
2025-03,BK032,Atawaka Putthu,Liyanage Amarakeerthi,978-955-3044-55-4,Novel,Colombo,36.4,8.1,251,4.22,26.74,12.32,11.1,70,89.63,88.04,High Demand
2025-03,BK032,Atawaka Putthu,Liyanage Amarakeerthi,978-955-3044-55-4,Novel,Galle,32.8,7.1,220,4.25,24.9,11.81,7.7,70,100.0,85.92,High Demand
2025-03,BK032,Atawaka Putthu,Liyanage Amarakeerthi,978-955-3044-55-4,Novel,Kandy,34.6,6.32,196,4.23,22.61,10.68,7.8,70,92.52,91.37,High Demand
2025-03,BK033,Kurulu Hadawatha,Liyanage Amarakeerthi,978-955-3044-56-1,Novel,Colombo,33.7,4.13,128,3.55,16.39,7.84,7.9,70,42.87,53.97,Low Demand
2025-03,BK033,Kurulu Hadawatha,Liyanage Amarakeerthi,978-955-3044-56-1,Novel,Galle,29.8,3.84,119,3.54,16.39,7.29,9.2,70,43.53,61.33,Moderate Demand
2025-03,BK033,Kurulu Hadawatha,Liyanage Amarakeerthi,978-955-3044-56-1,Novel,Kandy,39.2,4.74,147,3.54,18.06,8.65,7.9,70,52.05,58.32,Moderate Demand
2025-03,BK034,Gini Avi saha Gini Keli,Anura Horatious,978-955-9988-11-2,Novel,Colombo,30.5,3.71,115,3.74,15.29,7.19,7.4,70,30.87,50.96,Low Demand
2025-03,BK034,Gini Avi saha Gini Keli,Anura Horatious,978-955-9988-11-2,Novel,Galle,38.1,3.35,104,3.73,13.39,6.29,8.9,70,30.19,52.11,Low Demand
2025-03,BK034,Gini Avi saha Gini Keli,Anura Horatious,978-955-9988-11-2,Novel,Kandy,35.9,4.23,131,3.73,15.97,7.65,10.3,70,35.15,50.25,Low Demand
2025-03,BK035,Daskon,Wimalaratne Kumaragama,978-955-2233-44-5,Poetry,Colombo,34.0,4.65,144,4.41,17.52,8.39,8.4,50,57.27,60.93,Moderate Demand
2025-03,BK035,Daskon,Wimalaratne Kumaragama,978-955-2233-44-5,Poetry,Galle,32.3,4.87,151,4.43,18.39,8.52,7.7,50,62.87,70.3,Moderate Demand
2025-03,BK035,Daskon,Wimalaratne Kumaragama,978-955-2233-44-5,Poetry,Kandy,40.5,4.39,136,4.42,16.97,8.03,9.7,50,37.88,51.82,Low Demand
2025-03,BK036,Pethigomara,K. Jayatillake,978-955-1555-11-0,Novel,Colombo,26.0,3.42,106,4.19,15.06,7.03,9.3,70,16.99,47.45,Low Demand
2025-03,BK036,Pethigomara,K. Jayatillake,978-955-1555-11-0,Novel,Galle,40.3,2.77,86,4.18,10.65,5.42,7.1,70,11.52,40.61,Low Demand
2025-03,BK036,Pethigomara,K. Jayatillake,978-955-1555-11-0,Novel,Kandy,34.3,3.13,97,4.18,12.65,6.42,8.0,70,27.51,53.65,Low Demand
2025-03,BK037,Charitha Thunak,K. Jayatillake,978-955-1555-12-7,Novel,Colombo,37.5,2.65,82,3.92,11.52,5.45,8.3,70,16.15,36.73,Low Demand
2025-03,BK037,Charitha Thunak,K. Jayatillake,978-955-1555-12-7,Novel,Galle,32.3,2.68,83,3.93,12.29,6.19,8.0,70,19.21,52.8,Low Demand
2025-03,BK037,Charitha Thunak,K. Jayatillake,978-955-1555-12-7,Novel,Kandy,29.5,2.87,89,3.93,11.74,5.71,8.5,70,7.02,43.02,Low Demand
2025-03,BK038,Parajithayo,Siri Gunasinghe,978-955-1100-23-6,Novel,Colombo,37.9,5.0,155,4.35,19.1,8.61,7.9,70,60.5,80.68,High Demand
2025-03,BK038,Parajithayo,Siri Gunasinghe,978-955-1100-23-6,Novel,Galle,37.5,4.13,128,4.34,16.55,7.97,9.5,70,31.8,53.72,Low Demand
2025-03,BK038,Parajithayo,Siri Gunasinghe,978-955-1100-23-6,Novel,Kandy,32.8,4.19,130,4.34,16.52,7.84,7.7,70,36.81,59.27,Moderate Demand
2025-03,BK039,Rosa Malak Mata Denna,Shanthi Dissanayake,978-955-6677-88-1,Novel,Colombo,33.5,3.48,108,4.83,13.26,6.81,7.9,70,14.98,53.74,Low Demand
2025-03,BK039,Rosa Malak Mata Denna,Shanthi Dissanayake,978-955-6677-88-1,Novel,Galle,32.0,2.61,81,4.84,11.81,5.9,8.8,70,4.61,37.88,Low Demand
2025-03,BK039,Rosa Malak Mata Denna,Shanthi Dissanayake,978-955-6677-88-1,Novel,Kandy,34.5,3.58,111,4.84,15.1,7.23,9.0,70,20.41,63.29,Moderate Demand
2025-03,BK040,Paradal,Shanthi Dissanayake,978-955-6677-89-8,Novel,Colombo,38.5,5.32,165,4.14,19.48,9.45,8.4,70,54.1,68.89,Moderate Demand
2025-03,BK040,Paradal,Shanthi Dissanayake,978-955-6677-89-8,Novel,Galle,32.0,4.68,145,4.15,17.9,8.48,8.5,70,63.89,72.74,High Demand
2025-03,BK040,Paradal,Shanthi Dissanayake,978-955-6677-89-8,Novel,Kandy,37.2,5.81,180,4.15,20.23,9.58,9.9,70,77.01,86.81,High Demand
2025-03,BK041,Girikulu,Shanthi Dissanayake,978-955-6677-90-4,Novel,Colombo,28.6,4.26,132,3.95,17.52,8.65,7.8,70,50.16,59.2,Moderate Demand
2025-03,BK041,Girikulu,Shanthi Dissanayake,978-955-6677-90-4,Novel,Galle,39.2,3.97,123,3.96,15.77,7.32,7.4,70,47.98,61.73,Moderate Demand
2025-03,BK041,Girikulu,Shanthi Dissanayake,978-955-6677-90-4,Novel,Kandy,34.0,4.68,145,3.96,16.84,7.9,6.6,70,53.71,68.06,Moderate Demand
2025-03,BK042,Sakkarang,Prasanna Vithanage (Adapt.),978-955-3322-11-9,Drama,Colombo,33.0,6.9,214,3.56,23.77,12.06,7.2,65,88.67,74.63,High Demand
2025-03,BK042,Sakkarang,Prasanna Vithanage (Adapt.),978-955-3322-11-9,Drama,Galle,25.5,5.1,158,3.58,18.48,8.9,7.1,65,77.59,71.38,Moderate Demand
2025-03,BK042,Sakkarang,Prasanna Vithanage (Adapt.),978-955-3322-11-9,Drama,Kandy,30.1,6.71,208,3.58,24.19,10.97,8.6,65,76.42,74.35,High Demand
2025-03,BK043,Bhatti,Edward Mallawaarachchi,978-955-5544-33-2,Novel,Colombo,28.7,5.58,173,4.13,20.42,9.65,7.8,70,81.18,79.07,High Demand
2025-03,BK043,Bhatti,Edward Mallawaarachchi,978-955-5544-33-2,Novel,Galle,38.4,4.45,138,4.14,16.97,7.84,7.4,70,70.41,70.68,Moderate Demand
2025-03,BK043,Bhatti,Edward Mallawaarachchi,978-955-5544-33-2,Novel,Kandy,35.3,6.32,196,4.14,22.77,11.06,7.1,70,97.9,87.43,High Demand
2025-03,BK044,Sihina Kumari,Edward Mallawaarachchi,978-955-5544-34-9,Novel,Colombo,36.2,3.87,120,4.32,15.9,7.84,8.7,70,44.33,55.79,Moderate Demand
2025-03,BK044,Sihina Kumari,Edward Mallawaarachchi,978-955-5544-34-9,Novel,Galle,31.6,3.58,111,4.33,15.61,7.26,10.3,70,22.95,58.18,Moderate Demand
2025-03,BK044,Sihina Kumari,Edward Mallawaarachchi,978-955-5544-34-9,Novel,Kandy,35.6,4.35,135,4.31,17.16,8.74,7.2,70,47.29,64.09,Moderate Demand
2025-03,BK045,Adaraneeya Wasthuwe,Upul Shantha Sannasgala,978-955-8811-22-5,Novel,Colombo,33.9,6.13,190,3.98,22.45,10.26,7.7,70,100.0,81.26,High Demand
2025-03,BK045,Adaraneeya Wasthuwe,Upul Shantha Sannasgala,978-955-8811-22-5,Novel,Galle,31.9,5.16,160,3.98,19.26,9.03,7.9,70,80.08,68.4,Moderate Demand
2025-03,BK045,Adaraneeya Wasthuwe,Upul Shantha Sannasgala,978-955-8811-22-5,Novel,Kandy,39.3,6.03,187,4.0,21.84,9.84,7.4,70,82.11,82.74,High Demand
2025-03,BK046,Warna,Upul Shantha Sannasgala,978-955-8811-23-2,Poetry,Colombo,36.9,5.77,179,4.67,20.68,9.9,8.2,50,82.92,78.83,High Demand
2025-03,BK046,Warna,Upul Shantha Sannasgala,978-955-8811-23-2,Poetry,Galle,30.1,5.77,179,4.67,21.03,9.81,7.1,50,100.0,88.34,High Demand
2025-03,BK046,Warna,Upul Shantha Sannasgala,978-955-8811-23-2,Poetry,Kandy,28.1,5.45,169,4.67,18.45,9.06,8.4,50,63.47,72.18,High Demand
2025-03,BK047,Amma,Maxim Gorky (Trans.),978-955-6655-44-1,Translated Classic,Colombo,29.2,4.23,131,4.46,15.42,7.65,7.1,78,45.63,65.15,Moderate Demand
2025-03,BK047,Amma,Maxim Gorky (Trans.),978-955-6655-44-1,Translated Classic,Galle,36.1,3.94,122,4.47,15.29,7.61,10.5,78,46.72,64.28,Moderate Demand
2025-03,BK047,Amma,Maxim Gorky (Trans.),978-955-6655-44-1,Translated Classic,Kandy,38.8,3.97,123,4.47,15.29,7.45,8.1,78,42.86,60.51,Moderate Demand
2025-03,BK048,Anna Karenina,Leo Tolstoy (Trans.),978-955-6655-45-8,Translated Classic,Colombo,33.5,3.71,115,4.38,14.52,6.87,9.9,78,30.36,52.87,Low Demand
2025-03,BK048,Anna Karenina,Leo Tolstoy (Trans.),978-955-6655-45-8,Translated Classic,Galle,27.7,2.71,84,4.37,11.26,5.68,9.1,78,22.16,57.26,Moderate Demand
2025-03,BK048,Anna Karenina,Leo Tolstoy (Trans.),978-955-6655-45-8,Translated Classic,Kandy,33.3,4.06,126,4.37,16.29,7.77,9.1,78,37.15,55.87,Moderate Demand
2025-03,BK049,Post-Modernism,Various,978-955-1212-12-1,Academic,Colombo,32.2,5.94,184,3.85,21.0,9.45,7.9,45,85.96,75.7,High Demand
2025-03,BK049,Post-Modernism,Various,978-955-1212-12-1,Academic,Galle,33.6,4.87,151,3.84,17.84,8.84,7.8,45,73.78,71.04,Moderate Demand
2025-03,BK049,Post-Modernism,Various,978-955-1212-12-1,Academic,Kandy,35.9,4.9,152,3.82,18.52,8.61,6.8,45,51.06,55.7,Moderate Demand
2025-03,BK050,Mahavamsa,Mahanama Thera,978-955-0011-22-3,Historical/Religious,Colombo,38.3,3.03,94,4.3,10.87,5.45,8.2,55,16.29,45.38,Low Demand
2025-03,BK050,Mahavamsa,Mahanama Thera,978-955-0011-22-3,Historical/Religious,Galle,27.4,2.87,89,4.3,11.58,5.94,9.2,55,21.63,60.77,Moderate Demand
2025-03,BK050,Mahavamsa,Mahanama Thera,978-955-0011-22-3,Historical/Religious,Kandy,36.3,3.77,117,4.3,14.71,7.06,9.4,55,29.78,48.36,Low Demand
2025-03,BK051,Saddharmaratnavaliya,Dharmasena Thera,978-955-0011-23-0,Historical/Religious,Colombo,32.6,3.16,98,4.01,12.29,5.94,7.8,55,28.46,51.62,Low Demand
2025-03,BK051,Saddharmaratnavaliya,Dharmasena Thera,978-955-0011-23-0,Historical/Religious,Galle,38.6,2.84,88,4.01,11.48,5.74,9.3,55,22.22,48.73,Low Demand
2025-03,BK051,Saddharmaratnavaliya,Dharmasena Thera,978-955-0011-23-0,Historical/Religious,Kandy,26.9,3.48,108,4.0,13.58,6.52,8.9,55,25.91,46.31,Low Demand
2025-03,BK052,අනාගත අහස,මාර්ටින් වික්‍රමසිංහ (පරිවර්තනය),978-147-1385-34-4,Historical/Religious,Colombo,36.9,2.19,68,4.63,9.61,4.74,6.3,55,9.63,43.8,Low Demand
2025-03,BK052,අනාගත අහස,මාර්ටින් වික්‍රමසිංහ (පරිවර්තනය),978-147-1385-34-4,Historical/Religious,Galle,27.6,2.61,81,4.64,10.42,5.61,7.8,55,11.99,44.69,Low Demand
2025-03,BK052,අනාගත අහස,මාර්ටින් වික්‍රමසිංහ (පරිවර්තනය),978-147-1385-34-4,Historical/Religious,Kandy,34.4,2.35,73,4.62,10.45,5.26,6.1,55,0.43,29.45,Low Demand
2025-03,BK053,මිටියාවත සහ කාලය,"ජෝන් ෂෝර්ස් (John Shors), පරිවර්තනය: ප්‍රදීප් කුමාර බාලසූරිය (Translation: Pradeep Kumara Balasuriya)",978-976-3071-42-3,Horror,Colombo,31.7,6.45,200,4.61,23.58,11.42,7.8,68,91.07,81.91,High Demand
2025-03,BK053,මිටියාවත සහ කාලය,"ජෝන් ෂෝර්ස් (John Shors), පරිවර්තනය: ප්‍රදීප් කුමාර බාලසූරිය (Translation: Pradeep Kumara Balasuriya)",978-976-3071-42-3,Horror,Galle,32.6,5.74,178,4.63,19.97,9.45,8.1,68,80.55,83.95,High Demand
2025-03,BK053,මිටියාවත සහ කාලය,"ජෝන් ෂෝර්ස් (John Shors), පරිවර්තනය: ප්‍රදීප් කුමාර බාලසූරිය (Translation: Pradeep Kumara Balasuriya)",978-976-3071-42-3,Horror,Kandy,35.7,6.42,199,4.6,22.58,10.71,7.3,68,100.0,88.64,High Demand
2025-03,BK054,රහස සහ කතාව,පවනි උමයංගනා (Pawani Umayangana),978-476-5849-54-7,Non-fiction,Colombo,33.5,5.94,184,4.64,21.23,10.1,8.2,52,78.98,80.95,High Demand
2025-03,BK054,රහස සහ කතාව,පවනි උමයංගනා (Pawani Umayangana),978-476-5849-54-7,Non-fiction,Galle,38.8,5.9,183,4.65,22.26,10.9,6.9,52,100.0,94.55,High Demand
2025-03,BK054,රහස සහ කතාව,පවනි උමයංගනා (Pawani Umayangana),978-476-5849-54-7,Non-fiction,Kandy,33.2,5.58,173,4.65,20.42,9.23,9.7,52,74.56,76.88,High Demand
2025-03,BK055,ඇහි පියන් ඇහැරිලා (Ahi Piyan Aharila),මහින්ද ප්‍රසාද් මසිඹුල,978-955-098-003-1,Poetry,Colombo,32.5,6.13,190,4.23,22.29,10.06,12.1,50,89.51,70.83,Moderate Demand
2025-03,BK055,ඇහි පියන් ඇහැරිලා (Ahi Piyan Aharila),මහින්ද ප්‍රසාද් මසිඹුල,978-955-098-003-1,Poetry,Galle,32.5,5.42,168,4.23,21.84,10.23,8.0,50,65.75,68.41,Moderate Demand
2025-03,BK055,ඇහි පියන් ඇහැරිලා (Ahi Piyan Aharila),මහින්ද ප්‍රසාද් මසිඹුල,978-955-098-003-1,Poetry,Kandy,36.7,5.77,179,4.22,20.23,9.35,9.7,50,73.96,69.81,Moderate Demand
2025-03,BK056,ගමන සහ කාලය,ප්‍රේමකීර්ති රණතුංග,978-316-8963-96-1,Short Stories,Colombo,37.1,5.32,165,4.29,20.23,9.94,8.0,57,69.97,66.08,Moderate Demand
2025-03,BK056,ගමන සහ කාලය,ප්‍රේමකීර්ති රණතුංග,978-316-8963-96-1,Short Stories,Galle,25.9,5.74,178,4.31,20.87,9.77,7.3,57,91.44,80.87,High Demand
2025-03,BK056,ගමන සහ කාලය,ප්‍රේමකීර්ති රණතුංග,978-316-8963-96-1,Short Stories,Kandy,32.9,6.13,190,4.33,21.35,9.94,8.3,57,90.65,79.67,High Demand
2025-03,BK057,කොළඹ කන්ද,Michael Crichton (පරිවර්තනය: සුදත් රොහාන්),978-645-5531-58-3,Poetry,Colombo,31.7,4.13,128,3.95,16.23,7.68,7.9,50,33.15,33.94,Low Demand
2025-03,BK057,කොළඹ කන්ද,Michael Crichton (පරිවර්තනය: සුදත් රොහාන්),978-645-5531-58-3,Poetry,Galle,34.0,3.84,119,3.95,15.39,7.52,9.3,50,47.23,63.64,Moderate Demand
2025-03,BK057,කොළඹ කන්ද,Michael Crichton (පරිවර්තනය: සුදත් රොහාන්),978-645-5531-58-3,Poetry,Kandy,29.1,4.23,131,3.95,16.29,7.97,6.8,50,47.01,57.73,Moderate Demand
2025-03,BK058,වසන්තය සහ මිටියාවත,තරංගා දිසානායක,978-630-6739-38-7,Academic,Colombo,36.0,4.61,143,4.4,16.74,8.29,7.7,45,49.82,68.41,Moderate Demand
2025-03,BK058,වසන්තය සහ මිටියාවත,තරංගා දිසානායක,978-630-6739-38-7,Academic,Galle,37.6,5.81,180,4.4,20.97,10.32,11.9,45,100.0,87.74,High Demand
2025-03,BK058,වසන්තය සහ මිටියාවත,තරංගා දිසානායක,978-630-6739-38-7,Academic,Kandy,34.5,5.32,165,4.42,18.71,9.06,6.8,45,62.54,65.71,Moderate Demand
2025-03,BK059,370 යානයේ අබිරහස (370 Yanaye Abirahasa),භද්‍රජී මහින්ද ජයතිලක,978-624-6570-68-2,Mystery,Colombo,29.4,3.42,106,3.56,14.45,7.32,7.5,71,21.73,49.64,Low Demand
2025-03,BK059,370 යානයේ අබිරහස (370 Yanaye Abirahasa),භද්‍රජී මහින්ද ජයතිලක,978-624-6570-68-2,Mystery,Galle,31.5,2.71,84,3.59,11.81,5.81,8.1,71,5.37,35.26,Low Demand
2025-03,BK059,370 යානයේ අබිරහස (370 Yanaye Abirahasa),භද්‍රජී මහින්ද ජයතිලක,978-624-6570-68-2,Mystery,Kandy,32.3,3.1,96,3.59,13.48,6.45,7.7,71,4.36,36.16,Low Demand
2025-03,BK060,පර්සි ජැක්සන් සහ වංගිරියේ සටන,රික් රියෝඩන් (පරි. සවින්දි ආරියතිලක),978-955-697-089-0,Fantasy,Colombo,24.3,2.94,91,3.81,12.06,6.19,8.7,74,7.66,43.26,Low Demand
2025-03,BK060,පර්සි ජැක්සන් සහ වංගිරියේ සටන,රික් රියෝඩන් (පරි. සවින්දි ආරියතිලක),978-955-697-089-0,Fantasy,Galle,29.9,2.52,78,3.78,10.61,5.06,6.9,74,21.71,48.06,Low Demand
2025-03,BK060,පර්සි ජැක්සන් සහ වංගිරියේ සටන,රික් රියෝඩන් (පරි. සවින්දි ආරියතිලක),978-955-697-089-0,Fantasy,Kandy,30.6,2.87,89,3.79,12.06,5.9,8.9,74,2.31,31.37,Low Demand
2025-03,BK061,ආලෝකයේ සමිඳාණෝ (Alokaye Samindano - Lord of Light),රොජර් සෙලාස්නි - පරි. පුෂ්ප රංජන් විජේසිංහ,978-624-6570-11-8,Sci-Fi,Colombo,33.5,5.84,181,4.3,20.97,9.81,9.0,72,83.42,77.65,High Demand
2025-03,BK061,ආලෝකයේ සමිඳාණෝ (Alokaye Samindano - Lord of Light),රොජර් සෙලාස්නි - පරි. පුෂ්ප රංජන් විජේසිංහ,978-624-6570-11-8,Sci-Fi,Galle,36.1,5.71,177,4.29,19.55,9.19,7.8,72,76.68,74.5,High Demand
2025-03,BK061,ආලෝකයේ සමිඳාණෝ (Alokaye Samindano - Lord of Light),රොජර් සෙලාස්නි - පරි. පුෂ්ප රංජන් විජේසිංහ,978-624-6570-11-8,Sci-Fi,Kandy,33.4,5.16,160,4.29,18.16,8.65,8.1,72,47.77,67.3,Moderate Demand
2025-03,BK062,මිනිසා සහ සෙවනැලි,"කර්ට් වොනෙගට් (Kurt Vonnegut), පරිවර්තනය: ගාමිණී වියන්ගොඩ (Translation: Gamini Viyangoda)",978-673-1310-88-3,Psychology,Colombo,30.2,3.97,123,4.28,16.1,7.65,8.2,58,55.51,61.41,Moderate Demand
2025-03,BK062,මිනිසා සහ සෙවනැලි,"කර්ට් වොනෙගට් (Kurt Vonnegut), පරිවර්තනය: ගාමිණී වියන්ගොඩ (Translation: Gamini Viyangoda)",978-673-1310-88-3,Psychology,Galle,34.8,3.29,102,4.3,13.23,6.65,8.8,58,30.97,56.88,Moderate Demand
2025-03,BK062,මිනිසා සහ සෙවනැලි,"කර්ට් වොනෙගට් (Kurt Vonnegut), පරිවර්තනය: ගාමිණී වියන්ගොඩ (Translation: Gamini Viyangoda)",978-673-1310-88-3,Psychology,Kandy,34.1,4.61,143,4.29,17.19,7.94,8.7,58,42.37,64.94,Moderate Demand
2025-03,BK063,හේඩීස්ගේ දෙවොල (Hadesge Devola),රික් රයෝර්ඩන් - පරි. රූපේනි මානිංගමුව,978-955-697-343-3,Young Adult,Colombo,31.2,4.97,154,4.42,18.65,9.48,7.8,66,67.49,74.36,High Demand
2025-03,BK063,හේඩීස්ගේ දෙවොල (Hadesge Devola),රික් රයෝර්ඩන් - පරි. රූපේනි මානිංගමුව,978-955-697-343-3,Young Adult,Galle,37.9,4.94,153,4.42,18.87,9.1,6.9,66,93.28,85.74,High Demand
2025-03,BK063,හේඩීස්ගේ දෙවොල (Hadesge Devola),රික් රයෝර්ඩන් - පරි. රූපේනි මානිංගමුව,978-955-697-343-3,Young Adult,Kandy,31.9,5.45,169,4.4,19.77,9.19,9.8,66,66.12,73.31,High Demand
2025-03,BK064,2010,ආතර් සී. ක්ලාක් (පරිවර්තනය: චන්දන වීරසිංහ),978-624-5712-10-6,Sci-Fi,Colombo,32.8,6.65,206,3.82,22.26,10.13,7.3,72,91.82,78.2,High Demand
2025-03,BK064,2010,ආතර් සී. ක්ලාක් (පරිවර්තනය: චන්දන වීරසිංහ),978-624-5712-10-6,Sci-Fi,Galle,30.5,5.19,161,3.84,19.68,9.58,6.5,72,95.33,83.13,High Demand
2025-03,BK064,2010,ආතර් සී. ක්ලාක් (පරිවර්තනය: චන්දන වීරසිංහ),978-624-5712-10-6,Sci-Fi,Kandy,33.4,6.29,195,3.83,22.77,11.35,9.4,72,87.96,85.37,High Demand
2025-03,BK065,මන්දාරම් රාත්‍රිය,ඩී. එම්. අනුර දිසානායක,978-624-5829-10-1,Mystery,Colombo,40.5,5.1,158,4.28,19.35,9.77,7.1,71,75.45,80.9,High Demand
2025-03,BK065,මන්දාරම් රාත්‍රිය,ඩී. එම්. අනුර දිසානායක,978-624-5829-10-1,Mystery,Galle,35.7,4.65,144,4.29,17.48,8.68,10.3,71,70.3,68.8,Moderate Demand
2025-03,BK065,මන්දාරම් රාත්‍රිය,ඩී. එම්. අනුර දිසානායක,978-624-5829-10-1,Mystery,Kandy,30.1,5.68,176,4.27,19.74,8.97,9.9,71,74.1,64.54,Moderate Demand
2025-03,BK066,පරණ මාලිගාව,ක්‍රිස් කුස්නෙස්කි (පරිවර්තනය),978-726-5125-19-4,Horror,Colombo,28.3,5.45,169,4.51,19.29,9.06,7.1,68,68.54,77.34,High Demand
2025-03,BK066,පරණ මාලිගාව,ක්‍රිස් කුස්නෙස්කි (පරිවර්තනය),978-726-5125-19-4,Horror,Galle,35.8,3.35,104,4.53,14.06,6.29,13.4,68,28.5,54.05,Low Demand
2025-03,BK066,පරණ මාලිගාව,ක්‍රිස් කුස්නෙස්කි (පරිවර්තනය),978-726-5125-19-4,Horror,Kandy,31.4,4.58,142,4.51,17.26,7.94,10.5,68,54.63,67.63,Moderate Demand
2025-03,BK067,අනාගතේ පැතිකඩක් (Profiles of the Future),ආතර් සී. ක්ලාක් (පරිවර්තනය: එස්. එම්. බන්දුසීල),978-624-5712-31-1,Sci-Fi,Colombo,34.7,4.39,136,4.89,15.81,7.55,7.3,72,48.33,79.08,High Demand
2025-03,BK067,අනාගතේ පැතිකඩක් (Profiles of the Future),ආතර් සී. ක්ලාක් (පරිවර්තනය: එස්. එම්. බන්දුසීල),978-624-5712-31-1,Sci-Fi,Galle,30.1,4.23,131,4.9,16.87,8.1,7.8,72,45.5,68.75,Moderate Demand
2025-03,BK067,අනාගතේ පැතිකඩක් (Profiles of the Future),ආතර් සී. ක්ලාක් (පරිවර්තනය: එස්. එම්. බන්දුසීල),978-624-5712-31-1,Sci-Fi,Kandy,30.5,4.68,145,4.91,17.23,8.65,9.3,72,61.53,72.95,High Demand
2025-03,BK068,දඩයම් බල්ලෝ,පරිවර්තන නවකතා,978-624-5572-38-0,Thriller,Colombo,35.6,3.65,113,4.09,13.32,6.13,8.9,76,8.91,39.69,Low Demand
2025-03,BK068,දඩයම් බල්ලෝ,පරිවර්තන නවකතා,978-624-5572-38-0,Thriller,Galle,32.7,3.13,97,4.1,13.48,6.65,9.1,76,15.48,43.73,Low Demand
2025-03,BK068,දඩයම් බල්ලෝ,පරිවර්තන නවකතා,978-624-5572-38-0,Thriller,Kandy,28.6,4.13,128,4.1,16.32,7.87,7.7,76,35.44,58.18,Moderate Demand
2025-03,BK069,අදිසි අනතුර (Adisi Anathura - The Crash),ෆ්‍රීඩා මැක්ෆැඩන් - පරි. නයනතාරා පිලපිටිය,978-624-6570-48-4,Thriller,Colombo,28.0,2.48,77,4.31,11.65,5.97,8.3,76,6.69,40.76,Low Demand
2025-03,BK069,අදිසි අනතුර (Adisi Anathura - The Crash),ෆ්‍රීඩා මැක්ෆැඩන් - පරි. නයනතාරා පිලපිටිය,978-624-6570-48-4,Thriller,Galle,37.5,2.42,75,4.31,10.03,4.74,11.3,76,6.55,38.33,Low Demand
2025-03,BK069,අදිසි අනතුර (Adisi Anathura - The Crash),ෆ්‍රීඩා මැක්ෆැඩන් - පරි. නයනතාරා පිලපිටිය,978-624-6570-48-4,Thriller,Kandy,31.5,2.68,83,4.31,10.74,5.32,8.9,76,11.26,43.95,Low Demand
2025-03,BK070,Crown of Midnight,සාරා ජේ. මාස් (Sarah J. Maas),978-624-5663-48-4,Fantasy,Colombo,39.2,4.87,151,3.67,18.29,9.06,7.7,74,67.25,71.01,Moderate Demand
2025-03,BK070,Crown of Midnight,සාරා ජේ. මාස් (Sarah J. Maas),978-624-5663-48-4,Fantasy,Galle,33.3,4.84,150,3.67,18.26,8.87,7.7,74,72.66,80.66,High Demand
2025-03,BK070,Crown of Midnight,සාරා ජේ. මාස් (Sarah J. Maas),978-624-5663-48-4,Fantasy,Kandy,28.5,3.74,116,3.67,14.65,6.65,7.4,74,27.58,60.26,Moderate Demand
2025-03,BK071,සුළං ගංගාව,පියදාස රත්නසිංහ (පරිවර්තනය),978-935-1789-28-8,Academic,Colombo,29.3,3.42,106,4.14,13.35,6.23,7.3,45,23.23,52.77,Low Demand
2025-03,BK071,සුළං ගංගාව,පියදාස රත්නසිංහ (පරිවර්තනය),978-935-1789-28-8,Academic,Galle,39.2,3.39,105,4.14,13.0,6.26,8.6,45,28.46,49.75,Low Demand
2025-03,BK071,සුළං ගංගාව,පියදාස රත්නසිංහ (පරිවර්තනය),978-935-1789-28-8,Academic,Kandy,29.5,3.65,113,4.12,14.55,6.94,9.9,45,16.8,48.42,Low Demand
2025-03,BK072,ගීතය සහ මාලිගාව,එරන්ද ගිනිගේ (Eranda Ginige),978-616-9581-88-7,Psychology,Colombo,30.0,5.03,156,4.46,18.61,8.84,6.9,58,60.51,68.32,Moderate Demand
2025-03,BK072,ගීතය සහ මාලිගාව,එරන්ද ගිනිගේ (Eranda Ginige),978-616-9581-88-7,Psychology,Galle,28.6,3.77,117,4.45,15.13,6.9,8.4,58,37.51,59.52,Moderate Demand
2025-03,BK072,ගීතය සහ මාලිගාව,එරන්ද ගිනිගේ (Eranda Ginige),978-616-9581-88-7,Psychology,Kandy,34.8,4.19,130,4.44,15.71,7.58,9.7,58,22.62,50.97,Low Demand
2025-03,BK073,ගමන සහ සෙවනැලි,"වික්ටෝරියා හෝල්ට් (Victoria Holt), පරිවර්තනය: කෝශලී සිරිචන්ද්‍ර (Translation: Koshalee Sirichandra)",978-477-2613-24-8,Horror,Colombo,36.6,6.61,205,4.1,21.87,10.68,10.6,68,91.39,82.47,High Demand
2025-03,BK073,ගමන සහ සෙවනැලි,"වික්ටෝරියා හෝල්ට් (Victoria Holt), පරිවර්තනය: කෝශලී සිරිචන්ද්‍ර (Translation: Koshalee Sirichandra)",978-477-2613-24-8,Horror,Galle,36.1,5.65,175,4.11,20.61,9.84,6.8,68,76.48,84.19,High Demand
2025-03,BK073,ගමන සහ සෙවනැලි,"වික්ටෝරියා හෝල්ට් (Victoria Holt), පරිවර්තනය: කෝශලී සිරිචන්ද්‍ර (Translation: Koshalee Sirichandra)",978-477-2613-24-8,Horror,Kandy,31.3,5.42,168,4.12,19.19,9.0,7.3,68,52.7,69.75,Moderate Demand
2025-03,BK074,එවා මෙහේ බෑ මචං,පිනසිරි දඩල්ලගේ,978-955-97643-5-9,Non-fiction,Colombo,37.0,3.77,117,4.26,14.16,6.9,10.6,52,36.14,49.01,Low Demand
2025-03,BK074,එවා මෙහේ බෑ මචං,පිනසිරි දඩල්ලගේ,978-955-97643-5-9,Non-fiction,Galle,29.5,2.94,91,4.27,12.19,6.06,9.3,52,22.34,45.94,Low Demand
2025-03,BK074,එවා මෙහේ බෑ මචං,පිනසිරි දඩල්ලගේ,978-955-97643-5-9,Non-fiction,Kandy,33.6,3.65,113,4.25,14.61,7.16,8.3,52,21.2,48.41,Low Demand
2025-03,BK075,"හොල්මන්, ආවේශ සහ යළි උපත (You Cannot Die)",ඉයන් කරි (පරිවර්තනය: භද්‍රජි මහින්ද ජයතිලක),978-955-671-215-5,Psychology,Colombo,32.4,2.58,80,4.29,10.52,5.65,9.8,58,0.0,30.49,Low Demand
2025-03,BK075,"හොල්මන්, ආවේශ සහ යළි උපත (You Cannot Die)",ඉයන් කරි (පරිවර්තනය: භද්‍රජි මහින්ද ජයතිලක),978-955-671-215-5,Psychology,Galle,35.4,2.61,81,4.27,11.32,5.87,7.8,58,2.12,28.97,Low Demand
2025-03,BK075,"හොල්මන්, ආවේශ සහ යළි උපත (You Cannot Die)",ඉයන් කරි (පරිවර්තනය: භද්‍රජි මහින්ද ජයතිලක),978-955-671-215-5,Psychology,Kandy,26.3,2.74,85,4.28,11.45,5.03,8.7,58,0.0,24.8,Low Demand
2025-03,BK076,සෙංකොට්ටං (Senkottan),මහින්ද ප්‍රසාද් මසිඹුල,978-955-098-000-0,Novel,Colombo,25.7,3.26,101,3.68,12.71,6.29,7.8,70,20.92,44.7,Low Demand
2025-03,BK076,සෙංකොට්ටං (Senkottan),මහින්ද ප්‍රසාද් මසිඹුල,978-955-098-000-0,Novel,Galle,32.3,3.06,95,3.69,12.42,6.39,9.1,70,8.08,43.31,Low Demand
2025-03,BK076,සෙංකොට්ටං (Senkottan),මහින්ද ප්‍රසාද් මසිඹුල,978-955-098-000-0,Novel,Kandy,35.3,4.06,126,3.68,16.1,7.39,8.5,70,43.84,54.95,Moderate Demand
2025-03,BK077,අතීත මිටියාවත,ඊනිඩ් බ්ලයිටන් (Enid Blyton),978-845-3000-71-2,Children's,Colombo,37.3,3.84,119,4.18,15.19,7.23,7.5,60,41.23,60.36,Moderate Demand
2025-03,BK077,අතීත මිටියාවත,ඊනිඩ් බ්ලයිටන් (Enid Blyton),978-845-3000-71-2,Children's,Galle,34.7,3.29,102,4.19,12.9,6.19,10.1,60,35.01,54.85,Moderate Demand
2025-03,BK077,අතීත මිටියාවත,ඊනිඩ් බ්ලයිටන් (Enid Blyton),978-845-3000-71-2,Children's,Kandy,28.5,4.03,125,4.18,15.16,7.65,5.7,60,30.2,61.8,Moderate Demand
2025-03,BK078,සිහිනය සහ සෙවනැලි,"ස්ටෙෆනි ගාබර් (Stephanie Garber), පරිවර්තනය: කෝශලී සිරිචන්ද්‍ර (Translation: Koshalee Sirichandra)",978-748-7074-58-5,Historical/Religious,Colombo,38.6,5.77,179,4.36,19.87,9.06,9.5,55,80.84,80.38,High Demand
2025-03,BK078,සිහිනය සහ සෙවනැලි,"ස්ටෙෆනි ගාබර් (Stephanie Garber), පරිවර්තනය: කෝශලී සිරිචන්ද්‍ර (Translation: Koshalee Sirichandra)",978-748-7074-58-5,Historical/Religious,Galle,31.1,5.06,157,4.36,20.65,9.68,7.8,55,61.23,76.43,High Demand
2025-03,BK078,සිහිනය සහ සෙවනැලි,"ස්ටෙෆනි ගාබර් (Stephanie Garber), පරිවර්තනය: කෝශලී සිරිචන්ද්‍ර (Translation: Koshalee Sirichandra)",978-748-7074-58-5,Historical/Religious,Kandy,30.8,5.58,173,4.37,20.61,9.71,8.4,55,72.53,76.03,High Demand
2025-03,BK079,හැරී පොටර් සහ රහස් කුටිය,ජේ. කේ. රෝලිං - පරි. අභය හේවාවසම්,978-955-573-623-7,Translation,Colombo,37.5,4.42,137,4.21,16.13,7.61,6.3,62,51.46,60.21,Moderate Demand
2025-03,BK079,හැරී පොටර් සහ රහස් කුටිය,ජේ. කේ. රෝලිං - පරි. අභය හේවාවසම්,978-955-573-623-7,Translation,Galle,32.4,4.65,144,4.23,18.35,8.32,9.1,62,57.34,70.88,Moderate Demand
2025-03,BK079,හැරී පොටර් සහ රහස් කුටිය,ජේ. කේ. රෝලිං - පරි. අභය හේවාවසම්,978-955-573-623-7,Translation,Kandy,33.3,4.77,148,4.21,17.26,8.32,7.8,62,57.17,71.22,Moderate Demand
2025-03,BK080,විකෘති (Vikurthi),සෝමලතා සුබසිංහ,978-955-428-430-2,Drama,Colombo,26.3,6.52,202,4.34,22.77,10.58,7.4,65,74.82,79.38,High Demand
2025-03,BK080,විකෘති (Vikurthi),සෝමලතා සුබසිංහ,978-955-428-430-2,Drama,Galle,31.7,6.58,204,4.34,22.13,10.42,9.8,65,100.0,85.29,High Demand
2025-03,BK080,විකෘති (Vikurthi),සෝමලතා සුබසිංහ,978-955-428-430-2,Drama,Kandy,40.3,6.19,192,4.34,23.23,10.48,7.0,65,69.88,70.89,Moderate Demand
2025-03,BK081,නැන්දම්මාගේ ඩයරිය,කල්පනා කස්තුරිආරච්චි,978-624-9695-78-8,Short Stories,Colombo,27.5,4.61,143,4.47,17.48,8.52,8.0,57,57.95,70.67,Moderate Demand
2025-03,BK081,නැන්දම්මාගේ ඩයරිය,කල්පනා කස්තුරිආරච්චි,978-624-9695-78-8,Short Stories,Galle,27.3,4.39,136,4.44,16.61,8.03,8.0,57,38.68,55.83,Moderate Demand
2025-03,BK081,නැන්දම්මාගේ ඩයරිය,කල්පනා කස්තුරිආරච්චි,978-624-9695-78-8,Short Stories,Kandy,33.5,4.58,142,4.44,17.48,8.29,8.3,57,49.09,73.77,High Demand
2025-03,BK082,හැරී පොටර් සහ අස්කබාන්හි සිරකරු,ජේ. කේ. රෝලිං - පරි. අභය හේවාවසම්,978-955-671-187-5,Translation,Colombo,33.5,3.9,121,4.2,14.71,7.19,7.8,62,39.56,49.2,Low Demand
2025-03,BK082,හැරී පොටර් සහ අස්කබාන්හි සිරකරු,ජේ. කේ. රෝලිං - පරි. අභය හේවාවසම්,978-955-671-187-5,Translation,Galle,32.8,3.71,115,4.21,14.52,7.19,8.1,62,37.46,52.36,Low Demand
2025-03,BK082,හැරී පොටර් සහ අස්කබාන්හි සිරකරු,ජේ. කේ. රෝලිං - පරි. අභය හේවාවසම්,978-955-671-187-5,Translation,Kandy,32.7,4.58,142,4.21,18.13,9.16,7.6,62,58.73,72.23,High Demand
2025-03,BK083,පර්සි ජැක්සන් සහ රාක්ෂ සයුර,රික් රියෝඩන් (පරි. සවින්දි ආරියතිලක),978-955-697-090-0,Fantasy,Colombo,34.9,5.58,173,3.81,20.13,9.23,7.0,74,66.52,70.77,Moderate Demand
2025-03,BK083,පර්සි ජැක්සන් සහ රාක්ෂ සයුර,රික් රියෝඩන් (පරි. සවින්දි ආරියතිලක),978-955-697-090-0,Fantasy,Galle,32.9,5.1,158,3.79,18.26,8.55,7.3,74,61.38,64.77,Moderate Demand
2025-03,BK083,පර්සි ජැක්සන් සහ රාක්ෂ සයුර,රික් රියෝඩන් (පරි. සවින්දි ආරියතිලක),978-955-697-090-0,Fantasy,Kandy,33.5,6.58,204,3.81,22.29,11.06,7.3,74,97.7,87.35,High Demand
2025-03,BK084,විභාග ජය ගැනීමේ රහස (Vibhaga Jaya Ganeeme Rahasa),ප්‍රවීන් රන්දෙනිය,978-624-97120-5-0,Academic,Colombo,38.9,3.06,95,4.03,12.52,6.55,8.2,45,30.76,46.83,Low Demand
2025-03,BK084,විභාග ජය ගැනීමේ රහස (Vibhaga Jaya Ganeeme Rahasa),ප්‍රවීන් රන්දෙනිය,978-624-97120-5-0,Academic,Galle,30.2,3.23,100,4.01,12.03,5.81,9.9,45,18.61,37.93,Low Demand
2025-03,BK084,විභාග ජය ගැනීමේ රහස (Vibhaga Jaya Ganeeme Rahasa),ප්‍රවීන් රන්දෙනිය,978-624-97120-5-0,Academic,Kandy,37.0,3.84,119,4.0,14.55,7.13,7.8,45,26.25,37.53,Low Demand
2025-03,BK085,දික්තල කාලගෝල (Diktala Kalagola),පුණ්‍යසේන ගුණසිංහ,978-955-9377-71-9,Drama,Colombo,30.6,2.52,78,4.59,10.16,4.84,7.5,65,7.52,53.28,Low Demand
2025-03,BK085,දික්තල කාලගෝල (Diktala Kalagola),පුණ්‍යසේන ගුණසිංහ,978-955-9377-71-9,Drama,Galle,36.3,2.45,76,4.6,9.97,5.1,8.6,65,9.17,40.87,Low Demand
2025-03,BK085,දික්තල කාලගෝල (Diktala Kalagola),පුණ්‍යසේන ගුණසිංහ,978-955-9377-71-9,Drama,Kandy,28.8,2.35,73,4.6,10.03,5.06,8.5,65,6.22,44.5,Low Demand
2025-03,BK086,නැන්සි කෲ: ටෙඩි බෙයාර් අබිරහස,කැරොලයින් කීන්,978-955-657-006-8,Translation,Colombo,33.8,3.48,108,3.95,14.48,6.87,10.2,62,13.76,47.61,Low Demand
2025-03,BK086,නැන්සි කෲ: ටෙඩි බෙයාර් අබිරහස,කැරොලයින් කීන්,978-955-657-006-8,Translation,Galle,32.4,2.68,83,3.95,11.29,5.42,7.9,62,0.0,30.71,Low Demand
2025-03,BK086,නැන්සි කෲ: ටෙඩි බෙයාර් අබිරහස,කැරොලයින් කීන්,978-955-657-006-8,Translation,Kandy,32.1,3.39,105,3.96,14.35,7.16,7.9,62,14.52,45.48,Low Demand
2025-03,BK087,කතාව සහ සිහිනය,ක්‍රිස් කුස්නෙස්කි (පරිවර්තනය),978-566-9308-23-4,Short Stories,Colombo,30.8,4.74,147,4.23,17.77,8.32,7.4,57,61.72,72.4,High Demand
2025-03,BK087,කතාව සහ සිහිනය,ක්‍රිස් කුස්නෙස්කි (පරිවර්තනය),978-566-9308-23-4,Short Stories,Galle,31.3,5.35,166,4.24,19.97,9.81,8.6,57,77.33,82.36,High Demand
2025-03,BK087,කතාව සහ සිහිනය,ක්‍රිස් කුස්නෙස්කි (පරිවර්තනය),978-566-9308-23-4,Short Stories,Kandy,36.8,6.32,196,4.22,22.23,10.52,9.9,57,91.12,84.18,High Demand
2025-03,BK088,අඹ යහළුවෝ,ටී. බී. ඉලංගරත්න,978-955-4682-00-9,Novel,Colombo,29.7,5.23,162,4.15,19.29,9.1,8.4,70,69.13,67.01,Moderate Demand
2025-03,BK088,අඹ යහළුවෝ,ටී. බී. ඉලංගරත්න,978-955-4682-00-9,Novel,Galle,27.4,3.77,117,4.14,14.97,7.13,7.8,70,55.66,62.2,Moderate Demand
2025-03,BK088,අඹ යහළුවෝ,ටී. බී. ඉලංගරත්න,978-955-4682-00-9,Novel,Kandy,36.8,4.06,126,4.14,15.87,8.03,9.5,70,36.47,64.52,Moderate Demand
2025-03,BK089,මායා අහස,දිනිති තරුමිණි,978-222-3861-35-8,Young Adult,Colombo,31.2,3.19,99,4.34,11.77,5.19,6.3,66,4.96,39.19,Low Demand
2025-03,BK089,මායා අහස,දිනිති තරුමිණි,978-222-3861-35-8,Young Adult,Galle,25.8,2.74,85,4.34,11.77,5.9,8.7,66,4.78,42.09,Low Demand
2025-03,BK089,මායා අහස,දිනිති තරුමිණි,978-222-3861-35-8,Young Adult,Kandy,29.3,3.68,114,4.34,14.06,6.58,10.0,66,33.7,60.28,Moderate Demand
2025-03,BK090,අනාගත නගරය,පරිවර්තනය: චන්දන මෙන්ඩිස් (Chandana Mendis),978-587-7471-56-2,Drama,Colombo,29.0,4.97,154,4.28,17.74,8.68,8.6,65,62.52,64.71,Moderate Demand
2025-03,BK090,අනාගත නගරය,පරිවර්තනය: චන්දන මෙන්ඩිස් (Chandana Mendis),978-587-7471-56-2,Drama,Galle,40.7,4.06,126,4.26,16.55,8.16,7.8,65,59.04,65.15,Moderate Demand
2025-03,BK090,අනාගත නගරය,පරිවර්තනය: චන්දන මෙන්ඩිස් (Chandana Mendis),978-587-7471-56-2,Drama,Kandy,35.9,4.13,128,4.25,16.68,7.71,9.0,65,45.2,63.79,Moderate Demand
2025-03,BK091,හැරී පොටර් සහ ෆීනික්ස් නිකාය,ජේ. කේ. රෝලිං - පරි. අභය හේවාවසම්,978-955-573-951-1,Translation,Colombo,40.3,3.06,95,4.14,12.77,6.74,8.8,62,20.89,44.47,Low Demand
2025-03,BK091,හැරී පොටර් සහ ෆීනික්ස් නිකාය,ජේ. කේ. රෝලිං - පරි. අභය හේවාවසම්,978-955-573-951-1,Translation,Galle,36.2,2.9,90,4.14,11.61,5.65,9.5,62,15.37,37.42,Low Demand
2025-03,BK091,හැරී පොටර් සහ ෆීනික්ස් නිකාය,ජේ. කේ. රෝලිං - පරි. අභය හේවාවසම්,978-955-573-951-1,Translation,Kandy,31.6,3.1,96,4.12,12.74,6.16,8.4,62,22.03,51.43,Low Demand
2025-03,BK092,සැඟවුණු රහස,රොජර් ලී මැක්බ්‍රයිඩ් (Roger Lea MacBride) - පරිවර්තනය: චිත්‍රා අමරසේකර,978-745-6661-48-1,Historical/Religious,Colombo,33.2,5.32,165,3.34,21.52,9.77,10.1,55,62.8,56.1,Moderate Demand
2025-03,BK092,සැඟවුණු රහස,රොජර් ලී මැක්බ්‍රයිඩ් (Roger Lea MacBride) - පරිවර්තනය: චිත්‍රා අමරසේකර,978-745-6661-48-1,Historical/Religious,Galle,34.7,4.68,145,3.35,18.06,8.58,9.2,55,61.69,62.86,Moderate Demand
2025-03,BK092,සැඟවුණු රහස,රොජර් ලී මැක්බ්‍රයිඩ් (Roger Lea MacBride) - පරිවර්තනය: චිත්‍රා අමරසේකර,978-745-6661-48-1,Historical/Religious,Kandy,34.3,5.19,161,3.35,19.9,9.74,8.0,55,65.25,59.08,Moderate Demand
2025-03,BK093,සෙවනැලි සහ මාලිගාව,පරිවර්තනය: චන්දන මෙන්ඩිස් (Chandana Mendis),978-289-1737-32-0,Poetry,Colombo,31.8,4.0,124,4.03,16.06,7.39,12.5,50,44.49,56.45,Moderate Demand
2025-03,BK093,සෙවනැලි සහ මාලිගාව,පරිවර්තනය: චන්දන මෙන්ඩිස් (Chandana Mendis),978-289-1737-32-0,Poetry,Galle,36.5,4.13,128,4.02,15.61,7.87,9.4,50,54.88,61.02,Moderate Demand
2025-03,BK093,සෙවනැලි සහ මාලිගාව,පරිවර්තනය: චන්දන මෙන්ඩිස් (Chandana Mendis),978-289-1737-32-0,Poetry,Kandy,37.9,4.58,142,4.0,17.55,7.77,6.7,50,50.39,58.31,Moderate Demand
2025-03,BK094,නෙවර් ලයි (Never Lie),ෆ්‍රීඩා මැක්ෆැඩන් - පරි. තරුෂි නිරංගා ජයසිංහ,978-624-6570-46-0,Thriller,Colombo,32.2,3.71,115,4.27,13.23,6.35,11.0,76,20.76,52.01,Low Demand
2025-03,BK094,නෙවර් ලයි (Never Lie),ෆ්‍රීඩා මැක්ෆැඩන් - පරි. තරුෂි නිරංගා ජයසිංහ,978-624-6570-46-0,Thriller,Galle,32.5,3.55,110,4.24,14.97,7.16,7.9,76,42.05,59.22,Moderate Demand
2025-03,BK094,නෙවර් ලයි (Never Lie),ෆ්‍රීඩා මැක්ෆැඩන් - පරි. තරුෂි නිරංගා ජයසිංහ,978-624-6570-46-0,Thriller,Kandy,33.2,4.71,146,4.25,16.32,7.81,11.5,76,43.97,65.11,Moderate Demand
2025-03,BK095,ප්‍රේම ගීතය,සමුද්‍ර වෙත්තසිංහ (Samudra Weththasingha),978-573-6220-40-5,Non-fiction,Colombo,31.6,3.65,113,3.75,13.29,6.26,6.8,52,14.64,40.69,Low Demand
2025-03,BK095,ප්‍රේම ගීතය,සමුද්‍ර වෙත්තසිංහ (Samudra Weththasingha),978-573-6220-40-5,Non-fiction,Galle,39.2,3.97,123,3.77,15.58,7.52,7.4,52,65.4,64.45,Moderate Demand
2025-03,BK095,ප්‍රේම ගීතය,සමුද්‍ර වෙත්තසිංහ (Samudra Weththasingha),978-573-6220-40-5,Non-fiction,Kandy,28.7,3.55,110,3.77,13.42,5.97,10.3,52,11.11,39.77,Low Demand
2025-03,BK096,පුද්ගලිකයි රහසිගතයි (The Secret Files of Sherlock Holmes),චන්දන මෙන්ඩිස් (පරිවර්තනය),955-97776-4-5,Mystery,Colombo,29.3,4.65,144,4.18,17.26,8.71,9.6,71,45.43,62.4,Moderate Demand
2025-03,BK096,පුද්ගලිකයි රහසිගතයි (The Secret Files of Sherlock Holmes),චන්දන මෙන්ඩිස් (පරිවර්තනය),955-97776-4-5,Mystery,Galle,33.7,4.94,153,4.19,19.06,8.81,8.2,71,66.82,64.23,Moderate Demand
2025-03,BK096,පුද්ගලිකයි රහසිගතයි (The Secret Files of Sherlock Holmes),චන්දන මෙන්ඩිස් (පරිවර්තනය),955-97776-4-5,Mystery,Kandy,32.3,5.87,182,4.19,20.87,10.26,8.8,71,82.07,76.82,High Demand
2025-03,BK097,පරණ කතාව,මාර්ටින් වික්‍රමසිංහ,978-528-5693-75-7,Children's,Colombo,29.0,4.74,147,4.88,18.13,8.71,8.7,60,52.54,66.18,Moderate Demand
2025-03,BK097,පරණ කතාව,මාර්ටින් වික්‍රමසිංහ,978-528-5693-75-7,Children's,Galle,31.2,3.77,117,4.88,14.94,7.68,8.7,60,40.5,71.5,Moderate Demand
2025-03,BK097,පරණ කතාව,මාර්ටින් වික්‍රමසිංහ,978-528-5693-75-7,Children's,Kandy,32.2,4.19,130,4.89,15.48,7.58,7.5,60,44.69,64.43,Moderate Demand
2025-03,BK098,මාණික්කාවත (Manikkawatha),මහින්ද ප්‍රසාද් මසිඹුල,978-955-098-023-9,Novel,Colombo,35.0,3.13,97,4.11,12.77,6.19,6.5,70,9.89,36.44,Low Demand
2025-03,BK098,මාණික්කාවත (Manikkawatha),මහින්ද ප්‍රසාද් මසිඹුල,978-955-098-023-9,Novel,Galle,37.1,2.94,91,4.13,12.13,6.0,7.5,70,8.59,39.75,Low Demand
2025-03,BK098,මාණික්කාවත (Manikkawatha),මහින්ද ප්‍රසාද් මසිඹුල,978-955-098-023-9,Novel,Kandy,32.9,2.87,89,4.13,11.58,5.9,8.5,70,12.5,39.89,Low Demand
2025-03,BK099,ගංගාව සහ ගංගාව,"ජේම්ස් හැඩ්ලි චේස් (James Hadley Chase), පරිවර්තනය: එන්. ජී. විජේරත්න (Translation: N. G. Wijerathna)",978-493-2631-22-5,Children's,Colombo,28.4,3.06,95,4.42,11.84,5.71,9.9,60,8.42,45.95,Low Demand
2025-03,BK099,ගංගාව සහ ගංගාව,"ජේම්ස් හැඩ්ලි චේස් (James Hadley Chase), පරිවර්තනය: එන්. ජී. විජේරත්න (Translation: N. G. Wijerathna)",978-493-2631-22-5,Children's,Galle,32.7,2.74,85,4.41,10.84,5.35,5.9,60,4.04,38.27,Low Demand
2025-03,BK099,ගංගාව සහ ගංගාව,"ජේම්ස් හැඩ්ලි චේස් (James Hadley Chase), පරිවර්තනය: එන්. ජී. විජේරත්න (Translation: N. G. Wijerathna)",978-493-2631-22-5,Children's,Kandy,31.1,2.84,88,4.44,12.42,6.16,9.6,60,0.0,43.28,Low Demand
2025-03,BK100,රන් මතකය,ලසිත රවීන් උමගිලිය,978-825-3894-18-1,Young Adult,Colombo,35.7,7.26,225,3.8,26.97,12.45,9.1,66,91.99,82.96,High Demand
2025-03,BK100,රන් මතකය,ලසිත රවීන් උමගිලිය,978-825-3894-18-1,Young Adult,Galle,28.7,5.03,156,3.8,20.1,9.42,8.7,66,78.03,74.02,High Demand
2025-03,BK100,රන් මතකය,ලසිත රවීන් උමගිලිය,978-825-3894-18-1,Young Adult,Kandy,38.3,6.87,213,3.8,22.48,10.77,7.9,66,100.0,92.35,High Demand
2025-04,BK001,Ape Gama,Martin Wickramasinghe,978-955-31-2954-3,Novel,Colombo,36.9,6.97,209,4.22,24.5,11.43,8.8,70,66.06,79.57,High Demand
2025-04,BK001,Ape Gama,Martin Wickramasinghe,978-955-31-2954-3,Novel,Galle,31.8,6.17,185,4.25,21.57,9.73,7.8,70,86.47,85.86,High Demand
2025-04,BK001,Ape Gama,Martin Wickramasinghe,978-955-31-2954-3,Novel,Kandy,32.3,6.67,200,4.24,23.6,11.23,9.1,70,61.42,68.88,Moderate Demand
2025-04,BK002,Viragaya,Martin Wickramasinghe,978-955-1234-01-2,Novel,Colombo,34.0,5.03,151,3.91,19.4,9.57,9.5,70,29.56,46.05,Low Demand
2025-04,BK002,Viragaya,Martin Wickramasinghe,978-955-1234-01-2,Novel,Galle,32.2,4.57,137,3.92,17.93,8.3,7.8,70,35.35,54.1,Low Demand
2025-04,BK002,Viragaya,Martin Wickramasinghe,978-955-1234-01-2,Novel,Kandy,29.8,5.3,159,3.93,19.47,9.07,8.8,70,23.74,52.58,Low Demand
2025-04,BK003,Gamperaliya,Martin Wickramasinghe,978-955-1234-02-9,Novel,Colombo,30.9,7.77,233,4.7,26.93,11.83,8.3,70,80.4,82.84,High Demand
2025-04,BK003,Gamperaliya,Martin Wickramasinghe,978-955-1234-02-9,Novel,Galle,33.6,7.1,213,4.7,25.73,12.27,9.9,70,99.25,89.77,High Demand
2025-04,BK003,Gamperaliya,Martin Wickramasinghe,978-955-1234-02-9,Novel,Kandy,32.5,7.13,214,4.7,23.33,10.67,10.4,70,88.01,85.68,High Demand
2025-04,BK004,Madol Duwa,Martin Wickramasinghe,978-955-1234-03-6,Children's,Colombo,33.0,6.37,191,3.94,23.4,11.27,8.2,60,74.29,75.01,High Demand
2025-04,BK004,Madol Duwa,Martin Wickramasinghe,978-955-1234-03-6,Children's,Galle,34.7,5.7,171,3.94,20.0,9.4,8.9,60,62.65,64.63,Moderate Demand
2025-04,BK004,Madol Duwa,Martin Wickramasinghe,978-955-1234-03-6,Children's,Kandy,33.1,8.5,255,3.96,29.13,13.87,10.2,60,95.1,81.51,High Demand
2025-04,BK005,Senkottan,Mahinda Prasad Masimbula,978-955-3031-15-8,Novel,Colombo,30.5,3.33,100,3.56,12.23,5.97,7.5,70,12.9,43.83,Low Demand
2025-04,BK005,Senkottan,Mahinda Prasad Masimbula,978-955-3031-15-8,Novel,Galle,31.0,3.3,99,3.54,12.2,6.03,8.2,70,13.09,45.01,Low Demand
2025-04,BK005,Senkottan,Mahinda Prasad Masimbula,978-955-3031-15-8,Novel,Kandy,28.4,3.8,114,3.54,14.3,7.47,7.6,70,7.56,39.24,Low Demand
2025-04,BK006,Malagiya Attho,Ediriweera Sarachchandra,978-955-9012-05-4,Novel,Colombo,37.2,7.7,231,3.78,25.2,11.87,8.9,70,100.0,71.83,High Demand
2025-04,BK006,Malagiya Attho,Ediriweera Sarachchandra,978-955-9012-05-4,Novel,Galle,31.3,7.63,229,3.77,26.9,12.1,9.8,70,92.19,87.21,High Demand
2025-04,BK006,Malagiya Attho,Ediriweera Sarachchandra,978-955-9012-05-4,Novel,Kandy,29.5,8.5,255,3.77,28.3,13.1,9.9,70,100.0,94.44,High Demand
2025-04,BK007,Amba Yaluwo,T. B. Ilangaratne,978-955-8877-66-5,Novel,Colombo,31.1,7.1,213,4.26,24.17,10.6,7.9,70,84.07,83.27,High Demand
2025-04,BK007,Amba Yaluwo,T. B. Ilangaratne,978-955-8877-66-5,Novel,Galle,28.8,6.43,193,4.28,22.67,10.67,11.3,70,78.57,85.77,High Demand
2025-04,BK007,Amba Yaluwo,T. B. Ilangaratne,978-955-8877-66-5,Novel,Kandy,33.9,7.47,224,4.26,24.9,11.47,8.1,70,78.69,80.21,High Demand
2025-04,BK008,Guru Geethaya,Chingiz Aitmatov (Trans.),978-955-6543-20-1,Translated Classic,Colombo,33.1,8.27,248,4.25,28.1,12.63,10.6,78,100.0,97.42,High Demand
2025-04,BK008,Guru Geethaya,Chingiz Aitmatov (Trans.),978-955-6543-20-1,Translated Classic,Galle,32.3,6.4,192,4.24,22.8,10.6,8.7,78,82.67,76.59,High Demand
2025-04,BK008,Guru Geethaya,Chingiz Aitmatov (Trans.),978-955-6543-20-1,Translated Classic,Kandy,33.8,8.2,246,4.27,25.17,12.17,8.6,78,92.22,96.64,High Demand
2025-04,BK009,Sanda Gawa Gini,Sumithra Rahubadda,978-955-4422-33-7,Novel,Colombo,32.1,3.93,118,4.26,14.27,7.03,6.6,70,8.63,44.66,Low Demand
2025-04,BK009,Sanda Gawa Gini,Sumithra Rahubadda,978-955-4422-33-7,Novel,Galle,38.7,3.37,101,4.27,12.83,6.03,7.8,70,0.0,40.38,Low Demand
2025-04,BK009,Sanda Gawa Gini,Sumithra Rahubadda,978-955-4422-33-7,Novel,Kandy,30.5,3.8,114,4.25,14.87,7.43,9.3,70,17.91,43.61,Low Demand
2025-04,BK010,Karumakkarayo,Gunadasa Amarasekara,978-955-5678-10-1,Novel,Colombo,29.2,4.53,136,4.39,17.83,8.47,8.9,70,45.93,65.29,Moderate Demand
2025-04,BK010,Karumakkarayo,Gunadasa Amarasekara,978-955-5678-10-1,Novel,Galle,37.5,4.63,139,4.4,17.27,7.7,9.5,70,54.71,73.91,High Demand
2025-04,BK010,Karumakkarayo,Gunadasa Amarasekara,978-955-5678-10-1,Novel,Kandy,34.6,5.23,157,4.4,19.17,9.8,7.4,70,30.44,55.39,Moderate Demand
2025-04,BK011,Yali Upannemi,Gunadasa Amarasekara,978-955-5678-11-8,Novel,Colombo,30.5,5.23,157,3.9,18.87,9.03,9.4,70,42.5,56.84,Moderate Demand
2025-04,BK011,Yali Upannemi,Gunadasa Amarasekara,978-955-5678-11-8,Novel,Galle,27.7,3.7,111,3.91,15.0,7.23,10.0,70,10.0,45.09,Low Demand
2025-04,BK011,Yali Upannemi,Gunadasa Amarasekara,978-955-5678-11-8,Novel,Kandy,36.9,5.43,163,3.9,20.27,9.07,7.4,70,39.77,50.14,Low Demand
2025-04,BK012,Vilambitha,Mahinda Prasad Masimbula,978-955-3031-16-5,Novel,Colombo,34.6,7.1,213,4.85,26.0,12.0,7.8,70,77.3,81.55,High Demand
2025-04,BK012,Vilambitha,Mahinda Prasad Masimbula,978-955-3031-16-5,Novel,Galle,31.4,6.87,206,4.84,23.63,10.5,8.3,70,86.41,88.25,High Demand
2025-04,BK012,Vilambitha,Mahinda Prasad Masimbula,978-955-3031-16-5,Novel,Kandy,30.3,8.3,249,4.88,28.57,13.43,9.5,70,81.99,92.07,High Demand
2025-04,BK013,Kaliyugaya,Martin Wickramasinghe,978-955-1234-04-3,Novel,Colombo,31.3,6.07,182,4.15,21.37,9.83,10.3,70,56.19,66.41,Moderate Demand
2025-04,BK013,Kaliyugaya,Martin Wickramasinghe,978-955-1234-04-3,Novel,Galle,32.4,5.43,163,4.17,18.87,8.87,8.7,70,56.49,71.62,Moderate Demand
2025-04,BK013,Kaliyugaya,Martin Wickramasinghe,978-955-1234-04-3,Novel,Kandy,32.2,5.9,177,4.17,21.57,10.37,7.2,70,52.5,70.7,Moderate Demand
2025-04,BK014,Yuganthaya,Martin Wickramasinghe,978-955-1234-05-0,Novel,Colombo,31.7,8.17,245,3.93,26.3,12.73,9.4,70,100.0,85.43,High Demand
2025-04,BK014,Yuganthaya,Martin Wickramasinghe,978-955-1234-05-0,Novel,Galle,34.0,7.07,212,3.95,24.33,11.37,9.2,70,100.0,83.98,High Demand
2025-04,BK014,Yuganthaya,Martin Wickramasinghe,978-955-1234-05-0,Novel,Kandy,30.3,8.63,259,3.97,28.6,13.0,9.2,70,100.0,79.71,High Demand
2025-04,BK015,Bavatharanaya,Martin Wickramasinghe,978-955-1234-06-7,Novel,Colombo,31.6,5.3,159,4.17,20.97,9.83,7.8,70,44.37,62.93,Moderate Demand
2025-04,BK015,Bavatharanaya,Martin Wickramasinghe,978-955-1234-06-7,Novel,Galle,24.0,4.5,135,4.18,17.7,8.8,8.1,70,47.41,57.0,Moderate Demand
2025-04,BK015,Bavatharanaya,Martin Wickramasinghe,978-955-1234-06-7,Novel,Kandy,34.3,5.2,156,4.19,19.3,9.37,8.0,70,38.58,54.1,Low Demand
2025-04,BK016,Lolita,Vladimir Nabokov (Trans.),978-955-3022-10-1,Translated Classic,Colombo,34.2,5.2,156,4.45,20.03,9.6,7.7,78,56.96,66.69,Moderate Demand
2025-04,BK016,Lolita,Vladimir Nabokov (Trans.),978-955-3022-10-1,Translated Classic,Galle,28.9,4.2,126,4.43,16.73,7.93,9.9,78,21.25,46.71,Low Demand
2025-04,BK016,Lolita,Vladimir Nabokov (Trans.),978-955-3022-10-1,Translated Classic,Kandy,32.6,3.83,115,4.43,14.03,6.3,8.7,78,3.78,39.44,Low Demand
2025-04,BK017,Aprasanna Kathavak,Karunasena Jayalath,978-955-1100-33-5,Novel,Colombo,32.6,6.23,187,4.08,21.03,9.87,7.6,70,55.94,66.74,Moderate Demand
2025-04,BK017,Aprasanna Kathavak,Karunasena Jayalath,978-955-1100-33-5,Novel,Galle,35.0,6.03,181,4.07,20.73,9.03,11.6,70,66.37,66.71,Moderate Demand
2025-04,BK017,Aprasanna Kathavak,Karunasena Jayalath,978-955-1100-33-5,Novel,Kandy,29.4,6.13,184,4.06,21.9,10.4,9.5,70,78.88,74.08,High Demand
2025-04,BK018,Golu Hadawatha,Karunasena Jayalath,978-955-1100-34-2,Novel,Colombo,35.4,3.6,108,4.27,14.27,6.83,9.0,70,5.59,36.57,Low Demand
2025-04,BK018,Golu Hadawatha,Karunasena Jayalath,978-955-1100-34-2,Novel,Galle,38.0,3.8,114,4.26,13.93,6.67,10.9,70,16.6,40.71,Low Demand
2025-04,BK018,Golu Hadawatha,Karunasena Jayalath,978-955-1100-34-2,Novel,Kandy,31.2,4.03,121,4.25,15.33,6.9,8.0,70,26.67,59.1,Moderate Demand
2025-04,BK019,Gahanu Lamai,Karunasena Jayalath,978-955-1100-35-9,Novel,Colombo,35.0,7.77,233,3.83,26.43,12.03,8.4,70,91.92,81.69,High Demand
2025-04,BK019,Gahanu Lamai,Karunasena Jayalath,978-955-1100-35-9,Novel,Galle,32.1,6.4,192,3.82,22.37,10.63,8.2,70,83.76,74.65,High Demand
2025-04,BK019,Gahanu Lamai,Karunasena Jayalath,978-955-1100-35-9,Novel,Kandy,35.4,7.9,237,3.84,27.3,12.87,7.8,70,73.87,77.55,High Demand
2025-04,BK020,Kulakumariya,T. B. Ilangaratne,978-955-8877-67-2,Novel,Colombo,34.4,6.27,188,4.16,21.57,10.27,6.7,70,64.71,74.36,High Demand
2025-04,BK020,Kulakumariya,T. B. Ilangaratne,978-955-8877-67-2,Novel,Galle,31.6,6.07,182,4.16,23.03,10.77,8.2,70,61.99,70.46,Moderate Demand
2025-04,BK020,Kulakumariya,T. B. Ilangaratne,978-955-8877-67-2,Novel,Kandy,31.4,7.2,216,4.15,24.37,11.77,7.6,70,83.45,86.08,High Demand
2025-04,BK021,Lasanda,T. B. Ilangaratne,978-955-8877-68-9,Novel,Colombo,31.4,7.0,210,4.42,23.43,11.37,8.3,70,91.25,89.06,High Demand
2025-04,BK021,Lasanda,T. B. Ilangaratne,978-955-8877-68-9,Novel,Galle,32.6,5.2,156,4.43,19.23,8.8,7.2,70,57.82,76.67,High Demand
2025-04,BK021,Lasanda,T. B. Ilangaratne,978-955-8877-68-9,Novel,Kandy,32.2,8.57,257,4.41,28.6,13.6,9.4,70,90.45,89.76,High Demand
2025-04,BK022,Maname,Ediriweera Sarachchandra,978-955-9012-06-1,Drama,Colombo,34.7,5.5,165,3.86,20.33,9.77,8.9,65,41.49,58.18,Moderate Demand
2025-04,BK022,Maname,Ediriweera Sarachchandra,978-955-9012-06-1,Drama,Galle,28.4,4.33,130,3.86,16.0,7.9,8.7,65,39.5,56.91,Moderate Demand
2025-04,BK022,Maname,Ediriweera Sarachchandra,978-955-9012-06-1,Drama,Kandy,32.0,5.43,163,3.86,19.03,9.43,7.4,65,50.69,60.46,Moderate Demand
2025-04,BK023,Sinhabahu,Ediriweera Sarachchandra,978-955-9012-07-8,Drama,Colombo,30.8,8.27,248,4.01,26.93,12.67,6.5,65,100.0,85.03,High Demand
2025-04,BK023,Sinhabahu,Ediriweera Sarachchandra,978-955-9012-07-8,Drama,Galle,34.2,6.73,202,4.0,24.13,11.67,6.5,65,91.86,81.98,High Demand
2025-04,BK023,Sinhabahu,Ediriweera Sarachchandra,978-955-9012-07-8,Drama,Kandy,32.5,8.77,263,4.01,28.07,13.0,8.4,65,81.27,89.78,High Demand
2025-04,BK024,Walmath Vee Atharaman Veemi,Simon Navagattegama,978-955-7733-11-2,Novel,Colombo,35.5,7.73,232,4.16,25.93,12.13,8.1,70,91.39,78.38,High Demand
2025-04,BK024,Walmath Vee Atharaman Veemi,Simon Navagattegama,978-955-7733-11-2,Novel,Galle,37.9,7.17,215,4.16,23.73,10.33,7.4,70,93.44,87.83,High Demand
2025-04,BK024,Walmath Vee Atharaman Veemi,Simon Navagattegama,978-955-7733-11-2,Novel,Kandy,29.8,7.9,237,4.18,26.77,13.07,6.5,70,79.54,77.75,High Demand
2025-04,BK025,Sansaranyaye Dadayakkara,Simon Navagattegama,978-955-7733-12-9,Novel,Colombo,31.1,6.23,187,3.28,22.33,10.87,8.2,70,68.13,65.98,Moderate Demand
2025-04,BK025,Sansaranyaye Dadayakkara,Simon Navagattegama,978-955-7733-12-9,Novel,Galle,35.3,6.63,199,3.27,23.47,11.37,10.2,70,100.0,89.86,High Demand
2025-04,BK025,Sansaranyaye Dadayakkara,Simon Navagattegama,978-955-7733-12-9,Novel,Kandy,35.7,8.03,241,3.27,27.07,12.6,5.0,70,86.45,68.87,Moderate Demand
2025-04,BK026,Kavikandarawa,Mahinda Prasad Masimbula,978-955-3031-17-2,Poetry,Colombo,28.5,4.13,124,4.4,16.73,7.87,8.5,50,16.0,42.14,Low Demand
2025-04,BK026,Kavikandarawa,Mahinda Prasad Masimbula,978-955-3031-17-2,Poetry,Galle,33.4,2.9,87,4.38,12.1,5.87,9.1,50,0.89,43.79,Low Demand
2025-04,BK026,Kavikandarawa,Mahinda Prasad Masimbula,978-955-3031-17-2,Poetry,Kandy,30.6,3.77,113,4.39,14.23,6.97,6.8,50,8.55,34.5,Low Demand
2025-04,BK027,Dodamlu Iwura,Sumithra Rahubadda,978-955-4422-34-4,Novel,Colombo,31.4,5.17,155,4.98,18.3,8.6,8.2,70,39.06,64.65,Moderate Demand
2025-04,BK027,Dodamlu Iwura,Sumithra Rahubadda,978-955-4422-34-4,Novel,Galle,32.8,3.8,114,4.98,15.3,7.37,7.8,70,28.72,56.08,Moderate Demand
2025-04,BK027,Dodamlu Iwura,Sumithra Rahubadda,978-955-4422-34-4,Novel,Kandy,27.4,5.4,162,4.97,18.9,8.93,8.3,70,41.79,71.05,Moderate Demand
2025-04,BK028,Bumuthurunu,Sumithra Rahubadda,978-955-4422-35-1,Novel,Colombo,32.5,2.97,89,4.09,12.1,6.3,10.0,70,8.67,42.56,Low Demand
2025-04,BK028,Bumuthurunu,Sumithra Rahubadda,978-955-4422-35-1,Novel,Galle,28.0,2.6,78,4.1,10.87,5.47,8.2,70,16.79,42.34,Low Demand
2025-04,BK028,Bumuthurunu,Sumithra Rahubadda,978-955-4422-35-1,Novel,Kandy,29.8,3.13,94,4.1,13.0,6.53,9.5,70,0.0,32.55,Low Demand
2025-04,BK029,Podi Hamuduruwo,Sybil Wettasinghe,978-955-2011-44-3,Children's,Colombo,29.4,3.73,112,4.58,13.6,6.17,8.3,60,9.88,43.32,Low Demand
2025-04,BK029,Podi Hamuduruwo,Sybil Wettasinghe,978-955-2011-44-3,Children's,Galle,34.7,4.03,121,4.58,16.2,7.9,9.3,60,47.15,54.61,Moderate Demand
2025-04,BK029,Podi Hamuduruwo,Sybil Wettasinghe,978-955-2011-44-3,Children's,Kandy,33.4,3.7,111,4.56,13.1,5.97,8.2,60,17.11,42.64,Low Demand
2025-04,BK030,Kuda Hora,Sybil Wettasinghe,978-955-2011-45-0,Children's,Colombo,34.5,6.37,191,4.06,21.73,10.47,11.7,60,75.0,75.46,High Demand
2025-04,BK030,Kuda Hora,Sybil Wettasinghe,978-955-2011-45-0,Children's,Galle,34.3,5.47,164,4.06,20.7,9.87,8.9,60,56.56,68.63,Moderate Demand
2025-04,BK030,Kuda Hora,Sybil Wettasinghe,978-955-2011-45-0,Children's,Kandy,32.9,6.9,207,4.05,23.5,11.5,6.8,60,68.07,66.28,Moderate Demand
2025-04,BK031,Maria Cylonica,P. B. Jayasekara,978-955-6611-22-3,Novel,Colombo,32.8,7.3,219,3.88,24.73,11.33,8.7,70,75.23,75.89,High Demand
2025-04,BK031,Maria Cylonica,P. B. Jayasekara,978-955-6611-22-3,Novel,Galle,36.6,5.97,179,3.87,21.57,10.57,11.6,70,76.64,80.68,High Demand
2025-04,BK031,Maria Cylonica,P. B. Jayasekara,978-955-6611-22-3,Novel,Kandy,31.7,7.07,212,3.88,24.23,11.0,8.6,70,67.87,68.66,Moderate Demand
2025-04,BK032,Atawaka Putthu,Liyanage Amarakeerthi,978-955-3044-55-4,Novel,Colombo,37.7,8.27,248,4.23,26.27,12.87,6.5,70,100.0,87.72,High Demand
2025-04,BK032,Atawaka Putthu,Liyanage Amarakeerthi,978-955-3044-55-4,Novel,Galle,34.2,7.5,225,4.23,25.47,11.73,7.5,70,94.73,87.89,High Demand
2025-04,BK032,Atawaka Putthu,Liyanage Amarakeerthi,978-955-3044-55-4,Novel,Kandy,29.0,8.3,249,4.23,29.63,13.57,5.4,70,100.0,80.81,High Demand
2025-04,BK033,Kurulu Hadawatha,Liyanage Amarakeerthi,978-955-3044-56-1,Novel,Colombo,34.5,4.27,128,3.54,15.6,7.67,8.7,70,14.73,42.9,Low Demand
2025-04,BK033,Kurulu Hadawatha,Liyanage Amarakeerthi,978-955-3044-56-1,Novel,Galle,28.0,4.73,142,3.56,17.53,8.47,8.0,70,55.13,60.41,Moderate Demand
2025-04,BK033,Kurulu Hadawatha,Liyanage Amarakeerthi,978-955-3044-56-1,Novel,Kandy,36.3,5.5,165,3.54,19.37,9.53,7.9,70,43.93,52.61,Low Demand
2025-04,BK034,Gini Avi saha Gini Keli,Anura Horatious,978-955-9988-11-2,Novel,Colombo,28.9,5.07,152,3.73,17.77,8.17,7.0,70,48.2,71.32,Moderate Demand
2025-04,BK034,Gini Avi saha Gini Keli,Anura Horatious,978-955-9988-11-2,Novel,Galle,25.6,5.1,153,3.74,18.83,9.03,8.9,70,43.82,66.43,Moderate Demand
2025-04,BK034,Gini Avi saha Gini Keli,Anura Horatious,978-955-9988-11-2,Novel,Kandy,28.5,5.2,156,3.74,19.7,8.9,7.4,70,41.85,59.43,Moderate Demand
2025-04,BK035,Daskon,Wimalaratne Kumaragama,978-955-2233-44-5,Poetry,Colombo,28.5,5.6,168,4.43,20.63,9.93,8.8,50,37.05,52.64,Low Demand
2025-04,BK035,Daskon,Wimalaratne Kumaragama,978-955-2233-44-5,Poetry,Galle,28.9,5.5,165,4.42,20.7,10.03,7.6,50,55.78,62.85,Moderate Demand
2025-04,BK035,Daskon,Wimalaratne Kumaragama,978-955-2233-44-5,Poetry,Kandy,33.4,5.97,179,4.42,22.2,10.87,8.5,50,59.94,68.71,Moderate Demand
2025-04,BK036,Pethigomara,K. Jayatillake,978-955-1555-11-0,Novel,Colombo,38.1,4.23,127,4.18,16.5,7.9,7.8,70,26.98,52.92,Low Demand
2025-04,BK036,Pethigomara,K. Jayatillake,978-955-1555-11-0,Novel,Galle,34.5,3.1,93,4.19,12.1,6.57,7.0,70,17.88,62.76,Moderate Demand
2025-04,BK036,Pethigomara,K. Jayatillake,978-955-1555-11-0,Novel,Kandy,32.5,4.37,131,4.17,17.17,7.97,7.7,70,24.51,53.58,Low Demand
2025-04,BK037,Charitha Thunak,K. Jayatillake,978-955-1555-12-7,Novel,Colombo,33.8,3.9,117,3.93,15.13,7.1,7.0,70,21.98,48.2,Low Demand
2025-04,BK037,Charitha Thunak,K. Jayatillake,978-955-1555-12-7,Novel,Galle,38.8,4.0,120,3.93,15.57,7.97,10.0,70,24.94,51.09,Low Demand
2025-04,BK037,Charitha Thunak,K. Jayatillake,978-955-1555-12-7,Novel,Kandy,28.7,4.47,134,3.93,17.13,8.0,11.2,70,19.26,45.29,Low Demand
2025-04,BK038,Parajithayo,Siri Gunasinghe,978-955-1100-23-6,Novel,Colombo,35.2,5.37,161,4.35,18.0,8.37,9.8,70,35.78,57.44,Moderate Demand
2025-04,BK038,Parajithayo,Siri Gunasinghe,978-955-1100-23-6,Novel,Galle,37.7,5.1,153,4.36,18.5,8.73,6.9,70,52.75,63.92,Moderate Demand
2025-04,BK038,Parajithayo,Siri Gunasinghe,978-955-1100-23-6,Novel,Kandy,29.5,6.0,180,4.33,21.83,10.17,9.5,70,43.26,57.58,Moderate Demand
2025-04,BK039,Rosa Malak Mata Denna,Shanthi Dissanayake,978-955-6677-88-1,Novel,Colombo,34.1,4.6,138,4.83,18.63,8.6,7.8,70,22.35,48.42,Low Demand
2025-04,BK039,Rosa Malak Mata Denna,Shanthi Dissanayake,978-955-6677-88-1,Novel,Galle,32.7,3.63,109,4.84,13.53,6.67,7.0,70,22.79,51.63,Low Demand
2025-04,BK039,Rosa Malak Mata Denna,Shanthi Dissanayake,978-955-6677-88-1,Novel,Kandy,31.6,4.17,125,4.84,14.4,7.37,8.5,70,24.96,49.15,Low Demand
2025-04,BK040,Paradal,Shanthi Dissanayake,978-955-6677-89-8,Novel,Colombo,31.1,5.8,174,4.13,22.17,10.63,9.0,70,57.13,64.9,Moderate Demand
2025-04,BK040,Paradal,Shanthi Dissanayake,978-955-6677-89-8,Novel,Galle,28.0,5.83,175,4.15,20.97,10.07,7.6,70,62.25,70.47,Moderate Demand
2025-04,BK040,Paradal,Shanthi Dissanayake,978-955-6677-89-8,Novel,Kandy,34.1,7.3,219,4.15,26.07,12.5,8.4,70,68.53,75.73,High Demand
2025-04,BK041,Girikulu,Shanthi Dissanayake,978-955-6677-90-4,Novel,Colombo,25.1,4.43,133,3.95,16.33,7.57,10.7,70,12.94,44.9,Low Demand
2025-04,BK041,Girikulu,Shanthi Dissanayake,978-955-6677-90-4,Novel,Galle,35.5,4.9,147,3.96,18.03,9.07,8.0,70,56.74,72.34,High Demand
2025-04,BK041,Girikulu,Shanthi Dissanayake,978-955-6677-90-4,Novel,Kandy,35.9,5.17,155,3.95,17.93,8.4,10.5,70,28.64,48.21,Low Demand
2025-04,BK042,Sakkarang,Prasanna Vithanage (Adapt.),978-955-3322-11-9,Drama,Colombo,29.9,8.13,244,3.55,28.53,13.63,7.4,65,94.85,83.43,High Demand
2025-04,BK042,Sakkarang,Prasanna Vithanage (Adapt.),978-955-3322-11-9,Drama,Galle,35.3,6.7,201,3.56,24.33,11.33,7.7,65,94.71,76.85,High Demand
2025-04,BK042,Sakkarang,Prasanna Vithanage (Adapt.),978-955-3322-11-9,Drama,Kandy,28.1,7.3,219,3.56,25.17,11.27,7.5,65,82.71,84.57,High Demand
2025-04,BK043,Bhatti,Edward Mallawaarachchi,978-955-5544-33-2,Novel,Colombo,34.3,7.0,210,4.12,24.47,11.37,8.7,70,83.2,78.35,High Demand
2025-04,BK043,Bhatti,Edward Mallawaarachchi,978-955-5544-33-2,Novel,Galle,37.1,5.7,171,4.13,21.23,10.17,9.8,70,68.02,73.87,High Demand
2025-04,BK043,Bhatti,Edward Mallawaarachchi,978-955-5544-33-2,Novel,Kandy,34.5,6.2,186,4.13,22.97,10.87,6.9,70,76.12,75.23,High Demand
2025-04,BK044,Sihina Kumari,Edward Mallawaarachchi,978-955-5544-34-9,Novel,Colombo,29.5,5.5,165,4.33,19.83,9.67,8.0,70,43.36,56.35,Moderate Demand
2025-04,BK044,Sihina Kumari,Edward Mallawaarachchi,978-955-5544-34-9,Novel,Galle,27.9,4.27,128,4.32,16.03,7.87,8.9,70,19.22,46.87,Low Demand
2025-04,BK044,Sihina Kumari,Edward Mallawaarachchi,978-955-5544-34-9,Novel,Kandy,31.8,4.47,134,4.31,16.87,8.2,10.5,70,21.83,46.42,Low Demand
2025-04,BK045,Adaraneeya Wasthuwe,Upul Shantha Sannasgala,978-955-8811-22-5,Novel,Colombo,33.2,7.93,238,3.98,27.4,12.5,8.0,70,89.66,81.27,High Demand
2025-04,BK045,Adaraneeya Wasthuwe,Upul Shantha Sannasgala,978-955-8811-22-5,Novel,Galle,32.2,6.87,206,3.98,23.73,11.57,8.9,70,79.29,79.08,High Demand
2025-04,BK045,Adaraneeya Wasthuwe,Upul Shantha Sannasgala,978-955-8811-22-5,Novel,Kandy,26.5,7.67,230,3.96,27.03,13.0,8.4,70,92.14,76.3,High Demand
2025-04,BK046,Warna,Upul Shantha Sannasgala,978-955-8811-23-2,Poetry,Colombo,33.9,7.9,237,4.65,27.2,13.73,12.5,50,78.75,76.73,High Demand
2025-04,BK046,Warna,Upul Shantha Sannasgala,978-955-8811-23-2,Poetry,Galle,34.7,6.47,194,4.66,22.8,11.03,7.3,50,82.22,76.39,High Demand
2025-04,BK046,Warna,Upul Shantha Sannasgala,978-955-8811-23-2,Poetry,Kandy,33.5,7.73,232,4.65,26.17,12.53,9.3,50,93.86,85.68,High Demand
2025-04,BK047,Amma,Maxim Gorky (Trans.),978-955-6655-44-1,Translated Classic,Colombo,27.6,4.57,137,4.46,18.13,8.57,8.7,78,30.44,57.93,Moderate Demand
2025-04,BK047,Amma,Maxim Gorky (Trans.),978-955-6655-44-1,Translated Classic,Galle,31.6,4.83,145,4.46,17.03,8.37,9.0,78,44.28,73.55,High Demand
2025-04,BK047,Amma,Maxim Gorky (Trans.),978-955-6655-44-1,Translated Classic,Kandy,32.1,5.07,152,4.46,19.33,9.67,9.3,78,32.04,60.68,Moderate Demand
2025-04,BK048,Anna Karenina,Leo Tolstoy (Trans.),978-955-6655-45-8,Translated Classic,Colombo,29.0,4.93,148,4.36,16.37,7.9,8.9,78,41.13,69.56,Moderate Demand
2025-04,BK048,Anna Karenina,Leo Tolstoy (Trans.),978-955-6655-45-8,Translated Classic,Galle,32.1,3.9,117,4.38,14.73,6.97,7.2,78,16.98,50.48,Low Demand
2025-04,BK048,Anna Karenina,Leo Tolstoy (Trans.),978-955-6655-45-8,Translated Classic,Kandy,30.6,5.3,159,4.36,20.03,9.27,7.3,78,32.81,47.97,Low Demand
2025-04,BK049,Post-Modernism,Various,978-955-1212-12-1,Academic,Colombo,35.2,6.87,206,3.84,25.27,12.4,8.7,45,64.69,73.86,High Demand
2025-04,BK049,Post-Modernism,Various,978-955-1212-12-1,Academic,Galle,28.0,6.03,181,3.84,23.47,11.37,7.3,45,80.52,70.12,Moderate Demand
2025-04,BK049,Post-Modernism,Various,978-955-1212-12-1,Academic,Kandy,35.3,6.13,184,3.85,21.97,10.67,9.8,45,78.24,71.83,High Demand
2025-04,BK050,Mahavamsa,Mahanama Thera,978-955-0011-22-3,Historical/Religious,Colombo,31.9,3.63,109,4.29,14.6,6.63,9.4,55,20.03,40.64,Low Demand
2025-04,BK050,Mahavamsa,Mahanama Thera,978-955-0011-22-3,Historical/Religious,Galle,33.7,3.37,101,4.31,14.0,6.7,7.8,55,23.78,50.29,Low Demand
2025-04,BK050,Mahavamsa,Mahanama Thera,978-955-0011-22-3,Historical/Religious,Kandy,31.7,4.6,138,4.31,18.5,8.73,9.3,55,34.76,55.48,Moderate Demand
2025-04,BK051,Saddharmaratnavaliya,Dharmasena Thera,978-955-0011-23-0,Historical/Religious,Colombo,31.6,4.47,134,3.99,16.83,7.67,9.2,55,21.4,36.94,Low Demand
2025-04,BK051,Saddharmaratnavaliya,Dharmasena Thera,978-955-0011-23-0,Historical/Religious,Galle,25.2,4.1,123,4.0,14.83,7.4,10.0,55,23.52,48.27,Low Demand
2025-04,BK051,Saddharmaratnavaliya,Dharmasena Thera,978-955-0011-23-0,Historical/Religious,Kandy,36.8,3.57,107,4.0,14.0,7.2,7.3,55,7.68,35.37,Low Demand
2025-04,BK052,අනාගත අහස,මාර්ටින් වික්‍රමසිංහ (පරිවර්තනය),978-147-1385-34-4,Historical/Religious,Colombo,32.4,3.47,104,4.65,14.43,6.9,9.1,55,1.39,46.01,Low Demand
2025-04,BK052,අනාගත අහස,මාර්ටින් වික්‍රමසිංහ (පරිවර්තනය),978-147-1385-34-4,Historical/Religious,Galle,30.4,2.83,85,4.62,12.43,6.2,8.3,55,7.57,37.15,Low Demand
2025-04,BK052,අනාගත අහස,මාර්ටින් වික්‍රමසිංහ (පරිවර්තනය),978-147-1385-34-4,Historical/Religious,Kandy,39.6,3.1,93,4.63,12.7,5.97,7.3,55,8.17,45.22,Low Demand
2025-04,BK053,මිටියාවත සහ කාලය,"ජෝන් ෂෝර්ස් (John Shors), පරිවර්තනය: ප්‍රදීප් කුමාර බාලසූරිය (Translation: Pradeep Kumara Balasuriya)",978-976-3071-42-3,Horror,Colombo,28.4,6.23,187,4.62,22.57,10.37,9.6,68,50.0,60.1,Moderate Demand
2025-04,BK053,මිටියාවත සහ කාලය,"ජෝන් ෂෝර්ස් (John Shors), පරිවර්තනය: ප්‍රදීප් කුමාර බාලසූරිය (Translation: Pradeep Kumara Balasuriya)",978-976-3071-42-3,Horror,Galle,36.3,7.93,238,4.61,25.63,11.87,8.7,68,100.0,95.08,High Demand
2025-04,BK053,මිටියාවත සහ කාලය,"ජෝන් ෂෝර්ස් (John Shors), පරිවර්තනය: ප්‍රදීප් කුමාර බාලසූරිය (Translation: Pradeep Kumara Balasuriya)",978-976-3071-42-3,Horror,Kandy,37.4,6.7,201,4.62,23.43,11.4,8.8,68,45.52,62.39,Moderate Demand
2025-04,BK054,රහස සහ කතාව,පවනි උමයංගනා (Pawani Umayangana),978-476-5849-54-7,Non-fiction,Colombo,35.8,6.47,194,4.66,24.0,10.97,8.5,52,70.16,72.11,High Demand
2025-04,BK054,රහස සහ කතාව,පවනි උමයංගනා (Pawani Umayangana),978-476-5849-54-7,Non-fiction,Galle,32.2,6.13,184,4.65,22.03,10.9,8.3,52,85.72,91.12,High Demand
2025-04,BK054,රහස සහ කතාව,පවනි උමයංගනා (Pawani Umayangana),978-476-5849-54-7,Non-fiction,Kandy,32.4,6.87,206,4.65,27.07,13.0,7.0,52,64.59,66.55,Moderate Demand
2025-04,BK055,ඇහි පියන් ඇහැරිලා (Ahi Piyan Aharila),මහින්ද ප්‍රසාද් මසිඹුල,978-955-098-003-1,Poetry,Colombo,29.5,7.13,214,4.21,23.87,11.57,8.0,50,97.24,79.93,High Demand
2025-04,BK055,ඇහි පියන් ඇහැරිලා (Ahi Piyan Aharila),මහින්ද ප්‍රසාද් මසිඹුල,978-955-098-003-1,Poetry,Galle,33.9,6.23,187,4.23,22.93,11.07,8.8,50,89.95,79.23,High Demand
2025-04,BK055,ඇහි පියන් ඇහැරිලා (Ahi Piyan Aharila),මහින්ද ප්‍රසාද් මසිඹුල,978-955-098-003-1,Poetry,Kandy,31.8,7.27,218,4.2,24.8,11.73,7.1,50,75.61,62.25,Moderate Demand
2025-04,BK056,ගමන සහ කාලය,ප්‍රේමකීර්ති රණතුංග,978-316-8963-96-1,Short Stories,Colombo,32.6,7.0,210,4.32,25.7,11.9,8.0,57,84.23,84.72,High Demand
2025-04,BK056,ගමන සහ කාලය,ප්‍රේමකීර්ති රණතුංග,978-316-8963-96-1,Short Stories,Galle,37.1,6.57,197,4.33,24.0,11.2,11.5,57,82.6,77.82,High Demand
2025-04,BK056,ගමන සහ කාලය,ප්‍රේමකීර්ති රණතුංග,978-316-8963-96-1,Short Stories,Kandy,36.3,7.27,218,4.31,25.57,12.17,6.6,57,76.3,68.66,Moderate Demand
2025-04,BK057,කොළඹ කන්ද,Michael Crichton (පරිවර්තනය: සුදත් රොහාන්),978-645-5531-58-3,Poetry,Colombo,31.1,5.17,155,3.95,19.6,9.37,7.2,50,53.72,56.12,Moderate Demand
2025-04,BK057,කොළඹ කන්ද,Michael Crichton (පරිවර්තනය: සුදත් රොහාන්),978-645-5531-58-3,Poetry,Galle,34.3,4.57,137,3.95,17.37,8.2,6.8,50,43.85,51.67,Low Demand
2025-04,BK057,කොළඹ කන්ද,Michael Crichton (පරිවර්තනය: සුදත් රොහාන්),978-645-5531-58-3,Poetry,Kandy,35.4,5.37,161,3.95,20.5,9.8,7.6,50,51.03,71.77,High Demand
2025-04,BK058,වසන්තය සහ මිටියාවත,තරංගා දිසානායක,978-630-6739-38-7,Academic,Colombo,28.5,5.23,157,4.41,19.33,9.63,6.3,45,52.31,52.71,Low Demand
2025-04,BK058,වසන්තය සහ මිටියාවත,තරංගා දිසානායක,978-630-6739-38-7,Academic,Galle,39.2,4.4,132,4.4,17.0,7.77,5.6,45,25.77,46.13,Low Demand
2025-04,BK058,වසන්තය සහ මිටියාවත,තරංගා දිසානායක,978-630-6739-38-7,Academic,Kandy,31.3,5.93,178,4.41,21.53,10.2,9.8,45,52.0,61.16,Moderate Demand
2025-04,BK059,370 යානයේ අබිරහස (370 Yanaye Abirahasa),භද්‍රජී මහින්ද ජයතිලක,978-624-6570-68-2,Mystery,Colombo,30.0,3.23,97,3.6,12.97,6.77,10.3,71,2.74,33.01,Low Demand
2025-04,BK059,370 යානයේ අබිරහස (370 Yanaye Abirahasa),භද්‍රජී මහින්ද ජයතිලක,978-624-6570-68-2,Mystery,Galle,24.8,3.33,100,3.57,13.4,6.53,10.2,71,2.63,45.81,Low Demand
2025-04,BK059,370 යානයේ අබිරහස (370 Yanaye Abirahasa),භද්‍රජී මහින්ද ජයතිලක,978-624-6570-68-2,Mystery,Kandy,35.5,3.47,104,3.58,13.47,6.2,7.8,71,0.11,40.53,Low Demand
2025-04,BK060,පර්සි ජැක්සන් සහ වංගිරියේ සටන,රික් රියෝඩන් (පරි. සවින්දි ආරියතිලක),978-955-697-089-0,Fantasy,Colombo,37.5,4.07,122,3.8,15.43,7.0,9.7,74,19.06,49.38,Low Demand
2025-04,BK060,පර්සි ජැක්සන් සහ වංගිරියේ සටන,රික් රියෝඩන් (පරි. සවින්දි ආරියතිලක),978-955-697-089-0,Fantasy,Galle,33.7,3.57,107,3.78,13.77,6.37,9.4,74,12.84,39.11,Low Demand
2025-04,BK060,පර්සි ජැක්සන් සහ වංගිරියේ සටන,රික් රියෝඩන් (පරි. සවින්දි ආරියතිලක),978-955-697-089-0,Fantasy,Kandy,35.6,3.83,115,3.8,15.53,7.67,7.7,74,22.01,54.36,Low Demand
2025-04,BK061,ආලෝකයේ සමිඳාණෝ (Alokaye Samindano - Lord of Light),රොජර් සෙලාස්නි - පරි. පුෂ්ප රංජන් විජේසිංහ,978-624-6570-11-8,Sci-Fi,Colombo,30.5,6.23,187,4.3,21.77,9.87,7.6,72,53.37,71.52,Moderate Demand
2025-04,BK061,ආලෝකයේ සමිඳාණෝ (Alokaye Samindano - Lord of Light),රොජර් සෙලාස්නි - පරි. පුෂ්ප රංජන් විජේසිංහ,978-624-6570-11-8,Sci-Fi,Galle,32.4,6.4,192,4.32,22.47,10.67,6.3,72,73.6,74.35,High Demand
2025-04,BK061,ආලෝකයේ සමිඳාණෝ (Alokaye Samindano - Lord of Light),රොජර් සෙලාස්නි - පරි. පුෂ්ප රංජන් විජේසිංහ,978-624-6570-11-8,Sci-Fi,Kandy,36.9,6.83,205,4.29,23.2,11.47,8.7,72,71.82,78.74,High Demand
2025-04,BK062,මිනිසා සහ සෙවනැලි,"කර්ට් වොනෙගට් (Kurt Vonnegut), පරිවර්තනය: ගාමිණී වියන්ගොඩ (Translation: Gamini Viyangoda)",978-673-1310-88-3,Psychology,Colombo,38.9,4.97,149,4.3,19.1,9.27,6.6,58,37.54,47.18,Low Demand
2025-04,BK062,මිනිසා සහ සෙවනැලි,"කර්ට් වොනෙගට් (Kurt Vonnegut), පරිවර්තනය: ගාමිණී වියන්ගොඩ (Translation: Gamini Viyangoda)",978-673-1310-88-3,Psychology,Galle,36.1,5.47,164,4.29,19.0,9.13,8.6,58,68.12,69.73,Moderate Demand
2025-04,BK062,මිනිසා සහ සෙවනැලි,"කර්ට් වොනෙගට් (Kurt Vonnegut), පරිවර්තනය: ගාමිණී වියන්ගොඩ (Translation: Gamini Viyangoda)",978-673-1310-88-3,Psychology,Kandy,35.0,5.9,177,4.29,22.33,10.67,7.6,58,59.41,69.39,Moderate Demand
2025-04,BK063,හේඩීස්ගේ දෙවොල (Hadesge Devola),රික් රයෝර්ඩන් - පරි. රූපේනි මානිංගමුව,978-955-697-343-3,Young Adult,Colombo,26.5,5.87,176,4.42,20.87,9.9,8.0,66,57.36,73.45,High Demand
2025-04,BK063,හේඩීස්ගේ දෙවොල (Hadesge Devola),රික් රයෝර්ඩන් - පරි. රූපේනි මානිංගමුව,978-955-697-343-3,Young Adult,Galle,33.2,5.37,161,4.4,19.33,9.57,9.2,66,58.01,70.87,Moderate Demand
2025-04,BK063,හේඩීස්ගේ දෙවොල (Hadesge Devola),රික් රයෝර්ඩන් - පරි. රූපේනි මානිංගමුව,978-955-697-343-3,Young Adult,Kandy,33.1,6.6,198,4.42,24.47,11.63,8.3,66,54.39,70.3,Moderate Demand
2025-04,BK064,2010,ආතර් සී. ක්ලාක් (පරිවර්තනය: චන්දන වීරසිංහ),978-624-5712-10-6,Sci-Fi,Colombo,31.8,7.8,234,3.84,26.8,12.07,9.2,72,90.95,80.03,High Demand
2025-04,BK064,2010,ආතර් සී. ක්ලාක් (පරිවර්තනය: චන්දන වීරසිංහ),978-624-5712-10-6,Sci-Fi,Galle,38.9,6.07,182,3.83,23.7,10.97,7.7,72,91.96,80.34,High Demand
2025-04,BK064,2010,ආතර් සී. ක්ලාක් (පරිවර්තනය: චන්දන වීරසිංහ),978-624-5712-10-6,Sci-Fi,Kandy,35.5,8.07,242,3.84,27.73,13.53,8.1,72,89.38,74.5,High Demand
2025-04,BK065,මන්දාරම් රාත්‍රිය,ඩී. එම්. අනුර දිසානායක,978-624-5829-10-1,Mystery,Colombo,34.9,6.23,187,4.27,23.87,11.77,9.5,71,60.96,62.13,Moderate Demand
2025-04,BK065,මන්දාරම් රාත්‍රිය,ඩී. එම්. අනුර දිසානායක,978-624-5829-10-1,Mystery,Galle,38.1,5.87,176,4.29,22.2,9.57,6.0,71,67.76,67.66,Moderate Demand
2025-04,BK065,මන්දාරම් රාත්‍රිය,ඩී. එම්. අනුර දිසානායක,978-624-5829-10-1,Mystery,Kandy,30.4,7.83,235,4.29,25.63,12.0,9.5,71,70.78,74.49,High Demand
2025-04,BK066,පරණ මාලිගාව,ක්‍රිස් කුස්නෙස්කි (පරිවර්තනය),978-726-5125-19-4,Horror,Colombo,30.2,6.33,190,4.52,22.6,10.57,7.3,68,67.51,75.59,High Demand
2025-04,BK066,පරණ මාලිගාව,ක්‍රිස් කුස්නෙස්කි (පරිවර්තනය),978-726-5125-19-4,Horror,Galle,37.6,5.0,150,4.52,18.6,8.87,10.4,68,57.97,64.99,Moderate Demand
2025-04,BK066,පරණ මාලිගාව,ක්‍රිස් කුස්නෙස්කි (පරිවර්තනය),978-726-5125-19-4,Horror,Kandy,37.1,5.87,176,4.5,19.8,9.4,7.4,68,54.5,62.89,Moderate Demand
2025-04,BK067,අනාගතේ පැතිකඩක් (Profiles of the Future),ආතර් සී. ක්ලාක් (පරිවර්තනය: එස්. එම්. බන්දුසීල),978-624-5712-31-1,Sci-Fi,Colombo,34.3,5.67,170,4.92,20.47,10.0,9.2,72,58.67,81.25,High Demand
2025-04,BK067,අනාගතේ පැතිකඩක් (Profiles of the Future),ආතර් සී. ක්ලාක් (පරිවර්තනය: එස්. එම්. බන්දුසීල),978-624-5712-31-1,Sci-Fi,Galle,31.9,6.07,182,4.9,21.17,10.23,8.3,72,77.5,86.26,High Demand
2025-04,BK067,අනාගතේ පැතිකඩක් (Profiles of the Future),ආතර් සී. ක්ලාක් (පරිවර්තනය: එස්. එම්. බන්දුසීල),978-624-5712-31-1,Sci-Fi,Kandy,31.5,6.53,196,4.91,23.6,10.87,8.9,72,65.78,86.55,High Demand
2025-04,BK068,දඩයම් බල්ලෝ,පරිවර්තන නවකතා,978-624-5572-38-0,Thriller,Colombo,27.3,5.07,152,4.09,18.2,8.97,10.4,76,44.74,57.5,Moderate Demand
2025-04,BK068,දඩයම් බල්ලෝ,පරිවර්තන නවකතා,978-624-5572-38-0,Thriller,Galle,27.1,3.67,110,4.1,15.37,7.07,8.7,76,38.87,60.28,Moderate Demand
2025-04,BK068,දඩයම් බල්ලෝ,පරිවර්තන නවකතා,978-624-5572-38-0,Thriller,Kandy,34.9,4.63,139,4.11,17.57,8.9,8.4,76,26.11,54.03,Low Demand
2025-04,BK069,අදිසි අනතුර (Adisi Anathura - The Crash),ෆ්‍රීඩා මැක්ෆැඩන් - පරි. නයනතාරා පිලපිටිය,978-624-6570-48-4,Thriller,Colombo,35.8,3.4,102,4.31,12.33,6.3,7.0,76,9.33,42.9,Low Demand
2025-04,BK069,අදිසි අනතුර (Adisi Anathura - The Crash),ෆ්‍රීඩා මැක්ෆැඩන් - පරි. නයනතාරා පිලපිටිය,978-624-6570-48-4,Thriller,Galle,32.4,2.7,81,4.32,11.77,6.0,8.3,76,0.0,39.37,Low Demand
2025-04,BK069,අදිසි අනතුර (Adisi Anathura - The Crash),ෆ්‍රීඩා මැක්ෆැඩන් - පරි. නයනතාරා පිලපිටිය,978-624-6570-48-4,Thriller,Kandy,31.5,2.9,87,4.32,11.83,5.73,8.2,76,3.06,44.24,Low Demand
2025-04,BK070,Crown of Midnight,සාරා ජේ. මාස් (Sarah J. Maas),978-624-5663-48-4,Fantasy,Colombo,27.5,6.2,186,3.67,22.17,10.13,8.1,74,57.63,65.79,Moderate Demand
2025-04,BK070,Crown of Midnight,සාරා ජේ. මාස් (Sarah J. Maas),978-624-5663-48-4,Fantasy,Galle,28.1,5.43,163,3.69,18.87,8.63,9.3,74,49.64,62.02,Moderate Demand
2025-04,BK070,Crown of Midnight,සාරා ජේ. මාස් (Sarah J. Maas),978-624-5663-48-4,Fantasy,Kandy,32.0,5.47,164,3.68,20.8,9.63,11.3,74,50.78,56.15,Moderate Demand
2025-04,BK071,සුළං ගංගාව,පියදාස රත්නසිංහ (පරිවර්තනය),978-935-1789-28-8,Academic,Colombo,24.7,3.93,118,4.14,16.3,7.9,6.3,45,12.45,36.58,Low Demand
2025-04,BK071,සුළං ගංගාව,පියදාස රත්නසිංහ (පරිවර්තනය),978-935-1789-28-8,Academic,Galle,29.8,4.07,122,4.14,14.47,6.8,7.7,45,15.13,42.34,Low Demand
2025-04,BK071,සුළං ගංගාව,පියදාස රත්නසිංහ (පරිවර්තනය),978-935-1789-28-8,Academic,Kandy,33.4,5.03,151,4.14,19.07,8.93,10.5,45,32.41,41.55,Low Demand
2025-04,BK072,ගීතය සහ මාලිගාව,එරන්ද ගිනිගේ (Eranda Ginige),978-616-9581-88-7,Psychology,Colombo,31.3,5.3,159,4.44,19.37,8.87,9.5,58,46.55,63.33,Moderate Demand
2025-04,BK072,ගීතය සහ මාලිගාව,එරන්ද ගිනිගේ (Eranda Ginige),978-616-9581-88-7,Psychology,Galle,38.6,4.17,125,4.44,16.4,7.87,6.0,58,36.06,52.03,Low Demand
2025-04,BK072,ගීතය සහ මාලිගාව,එරන්ද ගිනිගේ (Eranda Ginige),978-616-9581-88-7,Psychology,Kandy,41.3,5.37,161,4.44,19.73,9.57,8.4,58,39.18,58.62,Moderate Demand
2025-04,BK073,ගමන සහ සෙවනැලි,"වික්ටෝරියා හෝල්ට් (Victoria Holt), පරිවර්තනය: කෝශලී සිරිචන්ද්‍ර (Translation: Koshalee Sirichandra)",978-477-2613-24-8,Horror,Colombo,34.5,8.63,259,4.13,27.5,12.73,7.4,68,100.0,91.55,High Demand
2025-04,BK073,ගමන සහ සෙවනැලි,"වික්ටෝරියා හෝල්ට් (Victoria Holt), පරිවර්තනය: කෝශලී සිරිචන්ද්‍ර (Translation: Koshalee Sirichandra)",978-477-2613-24-8,Horror,Galle,35.4,7.2,216,4.11,25.53,12.3,6.6,68,96.91,93.82,High Demand
2025-04,BK073,ගමන සහ සෙවනැලි,"වික්ටෝරියා හෝල්ට් (Victoria Holt), පරිවර්තනය: කෝශලී සිරිචන්ද්‍ර (Translation: Koshalee Sirichandra)",978-477-2613-24-8,Horror,Kandy,32.2,8.93,268,4.12,28.5,12.93,10.0,68,100.0,95.93,High Demand
2025-04,BK074,එවා මෙහේ බෑ මචං,පිනසිරි දඩල්ලගේ,978-955-97643-5-9,Non-fiction,Colombo,29.2,3.67,110,4.27,13.47,6.53,8.1,52,3.73,43.81,Low Demand
2025-04,BK074,එවා මෙහේ බෑ මචං,පිනසිරි දඩල්ලගේ,978-955-97643-5-9,Non-fiction,Galle,33.9,4.63,139,4.26,17.27,8.27,7.4,52,21.85,50.95,Low Demand
2025-04,BK074,එවා මෙහේ බෑ මචං,පිනසිරි දඩල්ලගේ,978-955-97643-5-9,Non-fiction,Kandy,33.5,4.4,132,4.25,16.17,7.5,9.8,52,18.59,51.61,Low Demand
2025-04,BK075,"හොල්මන්, ආවේශ සහ යළි උපත (You Cannot Die)",ඉයන් කරි (පරිවර්තනය: භද්‍රජි මහින්ද ජයතිලක),978-955-671-215-5,Psychology,Colombo,32.0,3.7,111,4.28,13.8,6.83,7.8,58,14.78,48.01,Low Demand
2025-04,BK075,"හොල්මන්, ආවේශ සහ යළි උපත (You Cannot Die)",ඉයන් කරි (පරිවර්තනය: භද්‍රජි මහින්ද ජයතිලක),978-955-671-215-5,Psychology,Galle,33.2,3.37,101,4.27,13.5,6.63,9.9,58,2.64,47.4,Low Demand
2025-04,BK075,"හොල්මන්, ආවේශ සහ යළි උපත (You Cannot Die)",ඉයන් කරි (පරිවර්තනය: භද්‍රජි මහින්ද ජයතිලක),978-955-671-215-5,Psychology,Kandy,37.8,3.37,101,4.28,13.77,6.53,7.1,58,0.0,47.36,Low Demand
2025-04,BK076,සෙංකොට්ටං (Senkottan),මහින්ද ප්‍රසාද් මසිඹුල,978-955-098-000-0,Novel,Colombo,36.6,4.33,130,3.69,17.77,8.1,6.4,70,45.11,56.6,Moderate Demand
2025-04,BK076,සෙංකොට්ටං (Senkottan),මහින්ද ප්‍රසාද් මසිඹුල,978-955-098-000-0,Novel,Galle,26.3,4.43,133,3.68,16.4,7.6,7.8,70,23.37,38.26,Low Demand
2025-04,BK076,සෙංකොට්ටං (Senkottan),මහින්ද ප්‍රසාද් මසිඹුල,978-955-098-000-0,Novel,Kandy,35.4,5.13,154,3.69,20.67,9.37,8.2,70,28.35,50.54,Low Demand
2025-04,BK077,අතීත මිටියාවත,ඊනිඩ් බ්ලයිටන් (Enid Blyton),978-845-3000-71-2,Children's,Colombo,34.1,4.63,139,4.18,17.3,7.93,10.9,60,37.13,53.4,Low Demand
2025-04,BK077,අතීත මිටියාවත,ඊනිඩ් බ්ලයිටන් (Enid Blyton),978-845-3000-71-2,Children's,Galle,27.3,3.87,116,4.18,15.73,7.8,8.4,60,13.74,38.97,Low Demand
2025-04,BK077,අතීත මිටියාවත,ඊනිඩ් බ්ලයිටන් (Enid Blyton),978-845-3000-71-2,Children's,Kandy,32.3,4.33,130,4.19,16.2,8.1,8.8,60,22.8,54.45,Low Demand
2025-04,BK078,සිහිනය සහ සෙවනැලි,"ස්ටෙෆනි ගාබර් (Stephanie Garber), පරිවර්තනය: කෝශලී සිරිචන්ද්‍ර (Translation: Koshalee Sirichandra)",978-748-7074-58-5,Historical/Religious,Colombo,38.0,5.87,176,4.39,21.17,9.53,9.0,55,60.56,68.38,Moderate Demand
2025-04,BK078,සිහිනය සහ සෙවනැලි,"ස්ටෙෆනි ගාබර් (Stephanie Garber), පරිවර්තනය: කෝශලී සිරිචන්ද්‍ර (Translation: Koshalee Sirichandra)",978-748-7074-58-5,Historical/Religious,Galle,34.5,5.4,162,4.36,19.93,9.4,6.9,55,68.49,73.4,High Demand
2025-04,BK078,සිහිනය සහ සෙවනැලි,"ස්ටෙෆනි ගාබර් (Stephanie Garber), පරිවර්තනය: කෝශලී සිරිචන්ද්‍ර (Translation: Koshalee Sirichandra)",978-748-7074-58-5,Historical/Religious,Kandy,31.5,7.03,211,4.37,24.23,11.47,8.7,55,71.05,67.92,Moderate Demand
2025-04,BK079,හැරී පොටර් සහ රහස් කුටිය,ජේ. කේ. රෝලිං - පරි. අභය හේවාවසම්,978-955-573-623-7,Translation,Colombo,28.9,6.87,206,4.21,24.4,11.23,9.7,62,63.45,65.7,Moderate Demand
2025-04,BK079,හැරී පොටර් සහ රහස් කුටිය,ජේ. කේ. රෝලිං - පරි. අභය හේවාවසම්,978-955-573-623-7,Translation,Galle,26.6,4.33,130,4.23,16.53,8.03,8.2,62,39.1,54.53,Low Demand
2025-04,BK079,හැරී පොටර් සහ රහස් කුටිය,ජේ. කේ. රෝලිං - පරි. අභය හේවාවසම්,978-955-573-623-7,Translation,Kandy,32.3,6.7,201,4.21,22.23,11.07,7.5,62,53.44,65.34,Moderate Demand
2025-04,BK080,විකෘති (Vikurthi),සෝමලතා සුබසිංහ,978-955-428-430-2,Drama,Colombo,35.2,7.7,231,4.33,27.53,12.9,7.5,65,87.24,83.22,High Demand
2025-04,BK080,විකෘති (Vikurthi),සෝමලතා සුබසිංහ,978-955-428-430-2,Drama,Galle,30.3,6.57,197,4.35,25.0,12.57,8.3,65,77.87,77.89,High Demand
2025-04,BK080,විකෘති (Vikurthi),සෝමලතා සුබසිංහ,978-955-428-430-2,Drama,Kandy,36.9,7.9,237,4.34,27.47,12.7,7.1,65,83.7,73.78,High Demand
2025-04,BK081,නැන්දම්මාගේ ඩයරිය,කල්පනා කස්තුරිආරච්චි,978-624-9695-78-8,Short Stories,Colombo,33.8,7.33,220,4.45,24.73,11.4,9.4,57,86.05,85.28,High Demand
2025-04,BK081,නැන්දම්මාගේ ඩයරිය,කල්පනා කස්තුරිආරච්චි,978-624-9695-78-8,Short Stories,Galle,32.3,5.5,165,4.45,19.27,9.8,8.7,57,69.13,69.5,Moderate Demand
2025-04,BK081,නැන්දම්මාගේ ඩයරිය,කල්පනා කස්තුරිආරච්චි,978-624-9695-78-8,Short Stories,Kandy,34.4,6.83,205,4.46,24.4,11.4,7.5,57,64.04,72.66,High Demand
2025-04,BK082,හැරී පොටර් සහ අස්කබාන්හි සිරකරු,ජේ. කේ. රෝලිං - පරි. අභය හේවාවසම්,978-955-671-187-5,Translation,Colombo,42.2,4.87,146,4.22,18.53,9.17,9.6,62,35.25,54.14,Low Demand
2025-04,BK082,හැරී පොටර් සහ අස්කබාන්හි සිරකරු,ජේ. කේ. රෝලිං - පරි. අභය හේවාවසම්,978-955-671-187-5,Translation,Galle,31.9,4.83,145,4.22,17.7,8.5,8.3,62,42.68,59.16,Moderate Demand
2025-04,BK082,හැරී පොටර් සහ අස්කබාන්හි සිරකරු,ජේ. කේ. රෝලිං - පරි. අභය හේවාවසම්,978-955-671-187-5,Translation,Kandy,34.4,5.17,155,4.21,20.97,9.87,8.1,62,42.02,58.92,Moderate Demand
2025-04,BK083,පර්සි ජැක්සන් සහ රාක්ෂ සයුර,රික් රියෝඩන් (පරි. සවින්දි ආරියතිලක),978-955-697-090-0,Fantasy,Colombo,36.6,7.77,233,3.81,26.23,11.4,8.6,74,86.85,83.23,High Demand
2025-04,BK083,පර්සි ජැක්සන් සහ රාක්ෂ සයුර,රික් රියෝඩන් (පරි. සවින්දි ආරියතිලක),978-955-697-090-0,Fantasy,Galle,30.7,6.27,188,3.8,22.93,11.03,7.3,74,82.8,77.03,High Demand
2025-04,BK083,පර්සි ජැක්සන් සහ රාක්ෂ සයුර,රික් රියෝඩන් (පරි. සවින්දි ආරියතිලක),978-955-697-090-0,Fantasy,Kandy,37.3,8.03,241,3.81,28.0,13.53,9.1,74,89.27,81.7,High Demand
2025-04,BK084,විභාග ජය ගැනීමේ රහස (Vibhaga Jaya Ganeeme Rahasa),ප්‍රවීන් රන්දෙනිය,978-624-97120-5-0,Academic,Colombo,30.8,4.37,131,4.01,18.03,9.07,6.8,45,15.33,44.46,Low Demand
2025-04,BK084,විභාග ජය ගැනීමේ රහස (Vibhaga Jaya Ganeeme Rahasa),ප්‍රවීන් රන්දෙනිය,978-624-97120-5-0,Academic,Galle,34.7,3.47,104,4.01,13.97,6.6,9.4,45,30.79,48.2,Low Demand
2025-04,BK084,විභාග ජය ගැනීමේ රහස (Vibhaga Jaya Ganeeme Rahasa),ප්‍රවීන් රන්දෙනිය,978-624-97120-5-0,Academic,Kandy,35.0,3.9,117,4.0,15.8,7.83,7.0,45,15.52,52.79,Low Demand
2025-04,BK085,දික්තල කාලගෝල (Diktala Kalagola),පුණ්‍යසේන ගුණසිංහ,978-955-9377-71-9,Drama,Colombo,29.5,3.63,109,4.59,14.83,7.2,8.7,65,8.57,50.91,Low Demand
2025-04,BK085,දික්තල කාලගෝල (Diktala Kalagola),පුණ්‍යසේන ගුණසිංහ,978-955-9377-71-9,Drama,Galle,35.8,2.87,86,4.59,11.57,5.53,9.1,65,7.53,43.33,Low Demand
2025-04,BK085,දික්තල කාලගෝල (Diktala Kalagola),පුණ්‍යසේන ගුණසිංහ,978-955-9377-71-9,Drama,Kandy,31.5,2.9,87,4.59,11.43,5.93,8.2,65,11.34,47.82,Low Demand
2025-04,BK086,නැන්සි කෲ: ටෙඩි බෙයාර් අබිරහස,කැරොලයින් කීන්,978-955-657-006-8,Translation,Colombo,30.0,3.33,100,3.94,12.43,6.23,6.4,62,7.61,38.96,Low Demand
2025-04,BK086,නැන්සි කෲ: ටෙඩි බෙයාර් අබිරහස,කැරොලයින් කීන්,978-955-657-006-8,Translation,Galle,31.8,2.77,83,3.95,11.73,5.47,7.4,62,0.0,36.37,Low Demand
2025-04,BK086,නැන්සි කෲ: ටෙඩි බෙයාර් අබිරහස,කැරොලයින් කීන්,978-955-657-006-8,Translation,Kandy,34.4,3.3,99,3.95,12.5,6.17,11.5,62,0.02,35.81,Low Demand
2025-04,BK087,කතාව සහ සිහිනය,ක්‍රිස් කුස්නෙස්කි (පරිවර්තනය),978-566-9308-23-4,Short Stories,Colombo,32.3,7.2,216,4.26,25.8,12.03,8.8,57,88.78,89.41,High Demand
2025-04,BK087,කතාව සහ සිහිනය,ක්‍රිස් කුස්නෙස්කි (පරිවර්තනය),978-566-9308-23-4,Short Stories,Galle,32.5,6.17,185,4.24,21.63,10.07,7.6,57,68.33,79.7,High Demand
2025-04,BK087,කතාව සහ සිහිනය,ක්‍රිස් කුස්නෙස්කි (පරිවර්තනය),978-566-9308-23-4,Short Stories,Kandy,31.4,7.1,213,4.23,24.43,11.53,7.6,57,77.11,77.78,High Demand
2025-04,BK088,අඹ යහළුවෝ,ටී. බී. ඉලංගරත්න,978-955-4682-00-9,Novel,Colombo,32.8,5.63,169,4.14,20.0,9.7,9.6,70,54.47,69.22,Moderate Demand
2025-04,BK088,අඹ යහළුවෝ,ටී. බී. ඉලංගරත්න,978-955-4682-00-9,Novel,Galle,36.1,5.03,151,4.15,17.47,8.73,9.3,70,42.19,64.9,Moderate Demand
2025-04,BK088,අඹ යහළුවෝ,ටී. බී. ඉලංගරත්න,978-955-4682-00-9,Novel,Kandy,34.6,6.1,183,4.15,22.37,10.17,8.8,70,55.99,62.96,Moderate Demand
2025-04,BK089,මායා අහස,දිනිති තරුමිණි,978-222-3861-35-8,Young Adult,Colombo,38.3,4.23,127,4.34,16.9,7.63,7.9,66,24.63,52.33,Low Demand
2025-04,BK089,මායා අහස,දිනිති තරුමිණි,978-222-3861-35-8,Young Adult,Galle,31.5,3.6,108,4.34,14.37,7.03,10.6,66,25.39,54.05,Low Demand
2025-04,BK089,මායා අහස,දිනිති තරුමිණි,978-222-3861-35-8,Young Adult,Kandy,34.8,3.6,108,4.33,15.0,7.4,8.9,66,14.65,43.8,Low Demand
2025-04,BK090,අනාගත නගරය,පරිවර්තනය: චන්දන මෙන්ඩිස් (Chandana Mendis),978-587-7471-56-2,Drama,Colombo,34.1,5.87,176,4.28,20.6,9.8,9.5,65,56.16,67.15,Moderate Demand
2025-04,BK090,අනාගත නගරය,පරිවර්තනය: චන්දන මෙන්ඩිස් (Chandana Mendis),978-587-7471-56-2,Drama,Galle,36.1,4.43,133,4.28,16.87,8.33,8.8,65,37.95,57.79,Moderate Demand
2025-04,BK090,අනාගත නගරය,පරිවර්තනය: චන්දන මෙන්ඩිස් (Chandana Mendis),978-587-7471-56-2,Drama,Kandy,37.6,5.67,170,4.25,20.23,10.17,7.9,65,32.26,53.57,Low Demand
2025-04,BK091,හැරී පොටර් සහ ෆීනික්ස් නිකාය,ජේ. කේ. රෝලිං - පරි. අභය හේවාවසම්,978-955-573-951-1,Translation,Colombo,34.6,4.4,132,4.14,15.93,8.37,9.5,62,13.34,43.15,Low Demand
2025-04,BK091,හැරී පොටර් සහ ෆීනික්ස් නිකාය,ජේ. කේ. රෝලිං - පරි. අභය හේවාවසම්,978-955-573-951-1,Translation,Galle,30.4,3.63,109,4.13,14.6,7.37,9.5,62,1.03,36.26,Low Demand
2025-04,BK091,හැරී පොටර් සහ ෆීනික්ස් නිකාය,ජේ. කේ. රෝලිං - පරි. අභය හේවාවසම්,978-955-573-951-1,Translation,Kandy,32.0,4.0,120,4.12,15.53,7.37,6.8,62,7.23,41.05,Low Demand
2025-04,BK092,සැඟවුණු රහස,රොජර් ලී මැක්බ්‍රයිඩ් (Roger Lea MacBride) - පරිවර්තනය: චිත්‍රා අමරසේකර,978-745-6661-48-1,Historical/Religious,Colombo,34.9,7.17,215,3.35,23.9,11.63,7.6,55,79.61,73.36,High Demand
2025-04,BK092,සැඟවුණු රහස,රොජර් ලී මැක්බ්‍රයිඩ් (Roger Lea MacBride) - පරිවර්තනය: චිත්‍රා අමරසේකර,978-745-6661-48-1,Historical/Religious,Galle,28.8,7.23,217,3.32,26.07,11.7,9.4,55,100.0,84.5,High Demand
2025-04,BK092,සැඟවුණු රහස,රොජර් ලී මැක්බ්‍රයිඩ් (Roger Lea MacBride) - පරිවර්තනය: චිත්‍රා අමරසේකර,978-745-6661-48-1,Historical/Religious,Kandy,34.0,7.47,224,3.34,25.27,11.3,7.4,55,80.99,72.01,High Demand
2025-04,BK093,සෙවනැලි සහ මාලිගාව,පරිවර්තනය: චන්දන මෙන්ඩිස් (Chandana Mendis),978-289-1737-32-0,Poetry,Colombo,36.0,5.6,168,4.02,18.57,8.87,7.7,50,67.97,65.8,Moderate Demand
2025-04,BK093,සෙවනැලි සහ මාලිගාව,පරිවර්තනය: චන්දන මෙන්ඩිස් (Chandana Mendis),978-289-1737-32-0,Poetry,Galle,33.8,5.53,166,4.03,20.2,10.27,7.2,50,75.27,69.22,Moderate Demand
2025-04,BK093,සෙවනැලි සහ මාලිගාව,පරිවර්තනය: චන්දන මෙන්ඩිස් (Chandana Mendis),978-289-1737-32-0,Poetry,Kandy,35.0,5.43,163,4.01,19.03,8.73,9.0,50,50.89,54.99,Moderate Demand
2025-04,BK094,නෙවර් ලයි (Never Lie),ෆ්‍රීඩා මැක්ෆැඩන් - පරි. තරුෂි නිරංගා ජයසිංහ,978-624-6570-46-0,Thriller,Colombo,35.3,4.87,146,4.25,17.63,8.6,8.6,76,37.37,56.75,Moderate Demand
2025-04,BK094,නෙවර් ලයි (Never Lie),ෆ්‍රීඩා මැක්ෆැඩන් - පරි. තරුෂි නිරංගා ජයසිංහ,978-624-6570-46-0,Thriller,Galle,28.9,4.67,140,4.26,17.73,9.03,7.5,76,42.45,62.34,Moderate Demand
2025-04,BK094,නෙවර් ලයි (Never Lie),ෆ්‍රීඩා මැක්ෆැඩන් - පරි. තරුෂි නිරංගා ජයසිංහ,978-624-6570-46-0,Thriller,Kandy,37.2,4.7,141,4.24,18.0,8.87,8.6,76,32.73,58.01,Moderate Demand
2025-04,BK095,ප්‍රේම ගීතය,සමුද්‍ර වෙත්තසිංහ (Samudra Weththasingha),978-573-6220-40-5,Non-fiction,Colombo,36.4,5.3,159,3.77,18.53,9.13,8.1,52,60.91,56.2,Moderate Demand
2025-04,BK095,ප්‍රේම ගීතය,සමුද්‍ර වෙත්තසිංහ (Samudra Weththasingha),978-573-6220-40-5,Non-fiction,Galle,28.4,4.47,134,3.74,17.73,8.47,8.2,52,38.24,55.14,Moderate Demand
2025-04,BK095,ප්‍රේම ගීතය,සමුද්‍ර වෙත්තසිංහ (Samudra Weththasingha),978-573-6220-40-5,Non-fiction,Kandy,31.1,5.27,158,3.76,18.77,8.83,8.6,52,43.89,56.16,Moderate Demand
2025-04,BK096,පුද්ගලිකයි රහසිගතයි (The Secret Files of Sherlock Holmes),චන්දන මෙන්ඩිස් (පරිවර්තනය),955-97776-4-5,Mystery,Colombo,32.6,6.83,205,4.18,23.33,10.7,5.5,71,69.9,67.87,Moderate Demand
2025-04,BK096,පුද්ගලිකයි රහසිගතයි (The Secret Files of Sherlock Holmes),චන්දන මෙන්ඩිස් (පරිවර්තනය),955-97776-4-5,Mystery,Galle,37.4,5.9,177,4.2,23.13,10.93,9.0,71,69.55,68.4,Moderate Demand
2025-04,BK096,පුද්ගලිකයි රහසිගතයි (The Secret Files of Sherlock Holmes),චන්දන මෙන්ඩිස් (පරිවර්තනය),955-97776-4-5,Mystery,Kandy,37.0,7.13,214,4.18,25.33,11.37,9.2,71,64.15,78.26,High Demand
2025-04,BK097,පරණ කතාව,මාර්ටින් වික්‍රමසිංහ,978-528-5693-75-7,Children's,Colombo,33.4,4.57,137,4.89,17.03,8.4,9.5,60,27.89,52.35,Low Demand
2025-04,BK097,පරණ කතාව,මාර්ටින් වික්‍රමසිංහ,978-528-5693-75-7,Children's,Galle,38.7,3.9,117,4.89,14.4,7.0,7.9,60,20.23,45.54,Low Demand
2025-04,BK097,පරණ කතාව,මාර්ටින් වික්‍රමසිංහ,978-528-5693-75-7,Children's,Kandy,30.8,5.57,167,4.88,20.67,9.57,7.6,60,59.99,70.69,Moderate Demand
2025-04,BK098,මාණික්කාවත (Manikkawatha),මහින්ද ප්‍රසාද් මසිඹුල,978-955-098-023-9,Novel,Colombo,30.0,4.2,126,4.13,15.23,7.17,6.2,70,13.3,47.53,Low Demand
2025-04,BK098,මාණික්කාවත (Manikkawatha),මහින්ද ප්‍රසාද් මසිඹුල,978-955-098-023-9,Novel,Galle,32.2,3.23,97,4.11,13.8,6.57,8.1,70,13.15,39.81,Low Demand
2025-04,BK098,මාණික්කාවත (Manikkawatha),මහින්ද ප්‍රසාද් මසිඹුල,978-955-098-023-9,Novel,Kandy,31.6,3.8,114,4.13,14.23,7.0,9.3,70,10.53,35.6,Low Demand
2025-04,BK099,ගංගාව සහ ගංගාව,"ජේම්ස් හැඩ්ලි චේස් (James Hadley Chase), පරිවර්තනය: එන්. ජී. විජේරත්න (Translation: N. G. Wijerathna)",978-493-2631-22-5,Children's,Colombo,32.4,3.6,108,4.44,14.83,7.37,7.2,60,1.53,39.35,Low Demand
2025-04,BK099,ගංගාව සහ ගංගාව,"ජේම්ස් හැඩ්ලි චේස් (James Hadley Chase), පරිවර්තනය: එන්. ජී. විජේරත්න (Translation: N. G. Wijerathna)",978-493-2631-22-5,Children's,Galle,34.7,2.97,89,4.42,11.7,5.93,8.3,60,1.55,46.95,Low Demand
2025-04,BK099,ගංගාව සහ ගංගාව,"ජේම්ස් හැඩ්ලි චේස් (James Hadley Chase), පරිවර්තනය: එන්. ජී. විජේරත්න (Translation: N. G. Wijerathna)",978-493-2631-22-5,Children's,Kandy,31.7,4.33,130,4.43,16.47,7.77,7.8,60,30.21,49.0,Low Demand
2025-04,BK100,රන් මතකය,ලසිත රවීන් උමගිලිය,978-825-3894-18-1,Young Adult,Colombo,35.1,8.37,251,3.8,30.9,14.23,9.0,66,100.0,84.64,High Demand
2025-04,BK100,රන් මතකය,ලසිත රවීන් උමගිලිය,978-825-3894-18-1,Young Adult,Galle,34.7,7.27,218,3.8,24.9,11.73,9.1,66,94.89,83.18,High Demand
2025-04,BK100,රන් මතකය,ලසිත රවීන් උමගිලිය,978-825-3894-18-1,Young Adult,Kandy,32.6,9.7,291,3.81,30.2,14.33,7.7,66,100.0,86.39,High Demand
2025-05,BK001,Ape Gama,Martin Wickramasinghe,978-955-31-2954-3,Novel,Colombo,37.5,5.84,181,4.25,22.26,10.39,7.6,70,67.88,67.15,Moderate Demand
2025-05,BK001,Ape Gama,Martin Wickramasinghe,978-955-31-2954-3,Novel,Galle,33.6,6.1,189,4.25,22.84,10.65,7.5,70,79.52,82.11,High Demand
2025-05,BK001,Ape Gama,Martin Wickramasinghe,978-955-31-2954-3,Novel,Kandy,31.5,6.81,211,4.24,23.77,11.13,6.5,70,86.0,77.46,High Demand
2025-05,BK002,Viragaya,Martin Wickramasinghe,978-955-1234-01-2,Novel,Colombo,31.6,5.13,159,3.92,18.48,8.9,7.3,70,47.82,63.4,Moderate Demand
2025-05,BK002,Viragaya,Martin Wickramasinghe,978-955-1234-01-2,Novel,Galle,35.4,4.58,142,3.91,16.94,8.16,8.4,70,47.94,63.87,Moderate Demand
2025-05,BK002,Viragaya,Martin Wickramasinghe,978-955-1234-01-2,Novel,Kandy,29.5,4.45,138,3.91,17.23,8.58,8.7,70,47.63,63.28,Moderate Demand
2025-05,BK003,Gamperaliya,Martin Wickramasinghe,978-955-1234-02-9,Novel,Colombo,33.6,6.32,196,4.7,21.97,10.16,7.9,70,84.32,85.12,High Demand
2025-05,BK003,Gamperaliya,Martin Wickramasinghe,978-955-1234-02-9,Novel,Galle,38.4,6.55,203,4.7,23.1,11.42,8.9,70,91.8,91.35,High Demand
2025-05,BK003,Gamperaliya,Martin Wickramasinghe,978-955-1234-02-9,Novel,Kandy,36.7,6.9,214,4.69,25.0,11.65,8.2,70,100.0,100.0,High Demand
2025-05,BK004,Madol Duwa,Martin Wickramasinghe,978-955-1234-03-6,Children's,Colombo,35.5,6.87,213,3.95,24.23,11.48,9.0,60,93.64,91.2,High Demand
2025-05,BK004,Madol Duwa,Martin Wickramasinghe,978-955-1234-03-6,Children's,Galle,36.0,5.65,175,3.94,18.9,9.23,11.4,60,76.95,76.96,High Demand
2025-05,BK004,Madol Duwa,Martin Wickramasinghe,978-955-1234-03-6,Children's,Kandy,33.5,6.42,199,3.95,22.29,10.23,8.5,60,86.27,77.37,High Demand
2025-05,BK005,Senkottan,Mahinda Prasad Masimbula,978-955-3031-15-8,Novel,Colombo,38.5,2.61,81,3.56,10.42,5.45,7.7,70,0.0,33.23,Low Demand
2025-05,BK005,Senkottan,Mahinda Prasad Masimbula,978-955-3031-15-8,Novel,Galle,38.6,2.52,78,3.55,9.61,4.9,6.4,70,0.0,35.9,Low Demand
2025-05,BK005,Senkottan,Mahinda Prasad Masimbula,978-955-3031-15-8,Novel,Kandy,31.9,3.03,94,3.54,12.13,6.39,8.4,70,5.53,35.86,Low Demand
2025-05,BK006,Malagiya Attho,Ediriweera Sarachchandra,978-955-9012-05-4,Novel,Colombo,30.8,6.74,209,3.77,22.39,10.74,8.1,70,98.17,89.54,High Demand
2025-05,BK006,Malagiya Attho,Ediriweera Sarachchandra,978-955-9012-05-4,Novel,Galle,39.1,6.45,200,3.77,22.29,10.97,8.0,70,87.95,80.88,High Demand
2025-05,BK006,Malagiya Attho,Ediriweera Sarachchandra,978-955-9012-05-4,Novel,Kandy,35.3,7.32,227,3.76,24.97,12.16,10.5,70,84.66,75.16,High Demand
2025-05,BK007,Amba Yaluwo,T. B. Ilangaratne,978-955-8877-66-5,Novel,Colombo,36.8,7.19,223,4.26,24.52,11.58,9.4,70,100.0,91.95,High Demand
2025-05,BK007,Amba Yaluwo,T. B. Ilangaratne,978-955-8877-66-5,Novel,Galle,35.9,5.9,183,4.27,20.23,9.48,8.3,70,80.23,83.07,High Demand
2025-05,BK007,Amba Yaluwo,T. B. Ilangaratne,978-955-8877-66-5,Novel,Kandy,34.2,5.97,185,4.27,20.9,10.06,6.6,70,69.31,68.37,Moderate Demand
2025-05,BK008,Guru Geethaya,Chingiz Aitmatov (Trans.),978-955-6543-20-1,Translated Classic,Colombo,32.6,6.13,190,4.25,22.16,10.16,8.3,78,68.78,61.95,Moderate Demand
2025-05,BK008,Guru Geethaya,Chingiz Aitmatov (Trans.),978-955-6543-20-1,Translated Classic,Galle,33.9,6.39,198,4.26,23.84,11.03,11.8,78,100.0,86.24,High Demand
2025-05,BK008,Guru Geethaya,Chingiz Aitmatov (Trans.),978-955-6543-20-1,Translated Classic,Kandy,34.4,5.74,178,4.26,21.16,9.81,8.5,78,74.58,75.56,High Demand
2025-05,BK009,Sanda Gawa Gini,Sumithra Rahubadda,978-955-4422-33-7,Novel,Colombo,27.0,2.65,82,4.25,10.19,4.81,9.8,70,6.17,37.36,Low Demand
2025-05,BK009,Sanda Gawa Gini,Sumithra Rahubadda,978-955-4422-33-7,Novel,Galle,28.2,2.48,77,4.24,11.94,5.77,9.6,70,0.0,32.64,Low Demand
2025-05,BK009,Sanda Gawa Gini,Sumithra Rahubadda,978-955-4422-33-7,Novel,Kandy,31.5,3.13,97,4.25,13.16,6.55,11.4,70,1.88,42.88,Low Demand
2025-05,BK010,Karumakkarayo,Gunadasa Amarasekara,978-955-5678-10-1,Novel,Colombo,34.2,5.03,156,4.39,19.03,8.68,8.2,70,44.25,54.69,Moderate Demand
2025-05,BK010,Karumakkarayo,Gunadasa Amarasekara,978-955-5678-10-1,Novel,Galle,24.0,4.23,131,4.4,16.32,7.71,9.7,70,32.17,55.25,Moderate Demand
2025-05,BK010,Karumakkarayo,Gunadasa Amarasekara,978-955-5678-10-1,Novel,Kandy,38.9,4.94,153,4.4,18.77,8.97,9.1,70,47.07,61.46,Moderate Demand
2025-05,BK011,Yali Upannemi,Gunadasa Amarasekara,978-955-5678-11-8,Novel,Colombo,23.9,4.42,137,3.91,16.45,8.23,8.6,70,51.0,61.09,Moderate Demand
2025-05,BK011,Yali Upannemi,Gunadasa Amarasekara,978-955-5678-11-8,Novel,Galle,29.5,4.06,126,3.91,15.94,7.84,7.9,70,41.31,58.78,Moderate Demand
2025-05,BK011,Yali Upannemi,Gunadasa Amarasekara,978-955-5678-11-8,Novel,Kandy,33.3,4.42,137,3.9,17.06,8.26,5.9,70,44.8,69.36,Moderate Demand
2025-05,BK012,Vilambitha,Mahinda Prasad Masimbula,978-955-3031-16-5,Novel,Colombo,35.8,7.45,231,4.86,25.48,11.84,8.5,70,100.0,86.92,High Demand
2025-05,BK012,Vilambitha,Mahinda Prasad Masimbula,978-955-3031-16-5,Novel,Galle,31.9,6.35,197,4.88,22.84,10.61,13.2,70,87.9,89.76,High Demand
2025-05,BK012,Vilambitha,Mahinda Prasad Masimbula,978-955-3031-16-5,Novel,Kandy,37.1,6.13,190,4.88,21.13,9.77,9.5,70,77.06,84.41,High Demand
2025-05,BK013,Kaliyugaya,Martin Wickramasinghe,978-955-1234-04-3,Novel,Colombo,33.0,5.52,171,4.17,20.39,9.97,7.2,70,71.11,86.34,High Demand
2025-05,BK013,Kaliyugaya,Martin Wickramasinghe,978-955-1234-04-3,Novel,Galle,30.8,5.71,177,4.16,20.94,9.68,8.4,70,85.96,83.23,High Demand
2025-05,BK013,Kaliyugaya,Martin Wickramasinghe,978-955-1234-04-3,Novel,Kandy,31.8,6.23,193,4.16,20.42,10.26,9.2,70,63.51,68.2,Moderate Demand
2025-05,BK014,Yuganthaya,Martin Wickramasinghe,978-955-1234-05-0,Novel,Colombo,34.2,7.13,221,3.97,24.61,11.19,8.1,70,85.13,80.9,High Demand
2025-05,BK014,Yuganthaya,Martin Wickramasinghe,978-955-1234-05-0,Novel,Galle,35.0,6.29,195,3.96,22.06,10.32,9.1,70,86.14,83.65,High Demand
2025-05,BK014,Yuganthaya,Martin Wickramasinghe,978-955-1234-05-0,Novel,Kandy,32.5,6.97,216,3.96,23.87,11.03,8.8,70,86.45,77.52,High Demand
2025-05,BK015,Bavatharanaya,Martin Wickramasinghe,978-955-1234-06-7,Novel,Colombo,38.3,4.9,152,4.17,17.32,8.45,8.5,70,44.2,64.77,Moderate Demand
2025-05,BK015,Bavatharanaya,Martin Wickramasinghe,978-955-1234-06-7,Novel,Galle,37.2,4.35,135,4.18,16.48,7.94,9.5,70,41.56,65.19,Moderate Demand
2025-05,BK015,Bavatharanaya,Martin Wickramasinghe,978-955-1234-06-7,Novel,Kandy,30.2,4.26,132,4.17,16.19,7.84,10.5,70,20.87,42.41,Low Demand
2025-05,BK016,Lolita,Vladimir Nabokov (Trans.),978-955-3022-10-1,Translated Classic,Colombo,31.5,3.32,103,4.43,12.94,6.52,9.0,78,14.83,42.56,Low Demand
2025-05,BK016,Lolita,Vladimir Nabokov (Trans.),978-955-3022-10-1,Translated Classic,Galle,35.4,3.13,97,4.44,13.74,6.74,9.8,78,13.65,41.9,Low Demand
2025-05,BK016,Lolita,Vladimir Nabokov (Trans.),978-955-3022-10-1,Translated Classic,Kandy,31.4,4.13,128,4.44,16.84,7.61,7.8,78,23.63,58.72,Moderate Demand
2025-05,BK017,Aprasanna Kathavak,Karunasena Jayalath,978-955-1100-33-5,Novel,Colombo,33.6,5.03,156,4.06,18.74,8.97,10.2,70,37.05,38.66,Low Demand
2025-05,BK017,Aprasanna Kathavak,Karunasena Jayalath,978-955-1100-33-5,Novel,Galle,34.3,4.97,154,4.08,18.97,9.06,8.9,70,65.91,80.31,High Demand
2025-05,BK017,Aprasanna Kathavak,Karunasena Jayalath,978-955-1100-33-5,Novel,Kandy,32.5,5.71,177,4.08,19.55,8.94,6.6,70,56.54,61.54,Moderate Demand
2025-05,BK018,Golu Hadawatha,Karunasena Jayalath,978-955-1100-34-2,Novel,Colombo,35.4,2.81,87,4.25,11.48,5.77,8.3,70,0.0,44.06,Low Demand
2025-05,BK018,Golu Hadawatha,Karunasena Jayalath,978-955-1100-34-2,Novel,Galle,33.9,2.39,74,4.26,11.1,5.77,7.6,70,9.88,41.84,Low Demand
2025-05,BK018,Golu Hadawatha,Karunasena Jayalath,978-955-1100-34-2,Novel,Kandy,34.5,3.35,104,4.27,13.45,6.39,9.4,70,17.51,48.89,Low Demand
2025-05,BK019,Gahanu Lamai,Karunasena Jayalath,978-955-1100-35-9,Novel,Colombo,33.7,6.87,213,3.82,24.13,10.84,9.9,70,89.7,83.34,High Demand
2025-05,BK019,Gahanu Lamai,Karunasena Jayalath,978-955-1100-35-9,Novel,Galle,30.7,5.94,184,3.81,21.1,9.65,8.2,70,74.82,72.0,High Demand
2025-05,BK019,Gahanu Lamai,Karunasena Jayalath,978-955-1100-35-9,Novel,Kandy,35.8,7.16,222,3.85,25.42,11.74,7.1,70,85.97,80.22,High Demand
2025-05,BK020,Kulakumariya,T. B. Ilangaratne,978-955-8877-67-2,Novel,Colombo,30.9,6.03,187,4.15,22.03,10.74,5.9,70,74.56,75.43,High Demand
2025-05,BK020,Kulakumariya,T. B. Ilangaratne,978-955-8877-67-2,Novel,Galle,28.3,5.23,162,4.16,19.87,9.84,6.1,70,68.24,77.9,High Demand
2025-05,BK020,Kulakumariya,T. B. Ilangaratne,978-955-8877-67-2,Novel,Kandy,32.5,5.81,180,4.15,19.87,9.13,6.7,70,64.7,77.92,High Demand
2025-05,BK021,Lasanda,T. B. Ilangaratne,978-955-8877-68-9,Novel,Colombo,33.4,6.81,211,4.43,22.03,10.77,7.7,70,95.21,87.75,High Demand
2025-05,BK021,Lasanda,T. B. Ilangaratne,978-955-8877-68-9,Novel,Galle,34.4,5.9,183,4.43,22.19,10.84,7.3,70,81.29,77.98,High Demand
2025-05,BK021,Lasanda,T. B. Ilangaratne,978-955-8877-68-9,Novel,Kandy,28.1,6.29,195,4.43,21.65,10.32,9.2,70,79.0,77.29,High Demand
2025-05,BK022,Maname,Ediriweera Sarachchandra,978-955-9012-06-1,Drama,Colombo,30.8,4.16,129,3.85,17.19,8.13,8.5,65,28.18,44.18,Low Demand
2025-05,BK022,Maname,Ediriweera Sarachchandra,978-955-9012-06-1,Drama,Galle,28.9,4.9,152,3.86,19.29,8.32,7.0,65,59.41,58.07,Moderate Demand
2025-05,BK022,Maname,Ediriweera Sarachchandra,978-955-9012-06-1,Drama,Kandy,27.2,4.39,136,3.85,15.39,7.45,9.1,65,33.98,48.43,Low Demand
2025-05,BK023,Sinhabahu,Ediriweera Sarachchandra,978-955-9012-07-8,Drama,Colombo,27.4,6.32,196,4.0,22.39,10.87,7.3,65,82.19,80.83,High Demand
2025-05,BK023,Sinhabahu,Ediriweera Sarachchandra,978-955-9012-07-8,Drama,Galle,33.4,7.55,234,4.02,24.0,10.58,7.5,65,97.0,85.56,High Demand
2025-05,BK023,Sinhabahu,Ediriweera Sarachchandra,978-955-9012-07-8,Drama,Kandy,27.6,7.35,228,4.0,24.23,10.97,7.8,65,100.0,84.8,High Demand
2025-05,BK024,Walmath Vee Atharaman Veemi,Simon Navagattegama,978-955-7733-11-2,Novel,Colombo,33.9,7.48,232,4.16,24.45,11.35,10.8,70,90.34,88.84,High Demand
2025-05,BK024,Walmath Vee Atharaman Veemi,Simon Navagattegama,978-955-7733-11-2,Novel,Galle,33.0,6.45,200,4.16,23.9,10.9,6.4,70,84.55,79.96,High Demand
2025-05,BK024,Walmath Vee Atharaman Veemi,Simon Navagattegama,978-955-7733-11-2,Novel,Kandy,32.5,6.87,213,4.17,22.81,11.03,8.1,70,90.4,91.05,High Demand
2025-05,BK025,Sansaranyaye Dadayakkara,Simon Navagattegama,978-955-7733-12-9,Novel,Colombo,37.1,7.35,228,3.27,26.19,12.23,8.0,70,86.63,76.44,High Demand
2025-05,BK025,Sansaranyaye Dadayakkara,Simon Navagattegama,978-955-7733-12-9,Novel,Galle,31.5,5.94,184,3.28,22.77,10.84,9.3,70,88.49,83.83,High Demand
2025-05,BK025,Sansaranyaye Dadayakkara,Simon Navagattegama,978-955-7733-12-9,Novel,Kandy,31.8,6.81,211,3.28,22.52,10.19,7.7,70,85.86,69.96,Moderate Demand
2025-05,BK026,Kavikandarawa,Mahinda Prasad Masimbula,978-955-3031-17-2,Poetry,Colombo,37.9,3.65,113,4.38,15.03,6.81,7.8,50,23.95,40.75,Low Demand
2025-05,BK026,Kavikandarawa,Mahinda Prasad Masimbula,978-955-3031-17-2,Poetry,Galle,39.0,3.32,103,4.4,12.68,6.45,6.8,50,7.89,46.65,Low Demand
2025-05,BK026,Kavikandarawa,Mahinda Prasad Masimbula,978-955-3031-17-2,Poetry,Kandy,39.7,4.03,125,4.38,16.61,7.74,10.5,50,17.6,40.04,Low Demand
2025-05,BK027,Dodamlu Iwura,Sumithra Rahubadda,978-955-4422-34-4,Novel,Colombo,35.5,5.1,158,4.98,17.58,7.94,8.3,70,71.45,82.25,High Demand
2025-05,BK027,Dodamlu Iwura,Sumithra Rahubadda,978-955-4422-34-4,Novel,Galle,33.5,4.23,131,4.98,16.03,7.77,8.7,70,49.89,71.1,Moderate Demand
2025-05,BK027,Dodamlu Iwura,Sumithra Rahubadda,978-955-4422-34-4,Novel,Kandy,31.1,4.61,143,4.99,15.58,7.52,7.7,70,31.96,65.09,Moderate Demand
2025-05,BK028,Bumuthurunu,Sumithra Rahubadda,978-955-4422-35-1,Novel,Colombo,34.5,3.13,97,4.1,13.32,6.65,6.7,70,18.38,42.23,Low Demand
2025-05,BK028,Bumuthurunu,Sumithra Rahubadda,978-955-4422-35-1,Novel,Galle,29.5,2.32,72,4.09,9.9,4.97,8.1,70,0.0,34.44,Low Demand
2025-05,BK028,Bumuthurunu,Sumithra Rahubadda,978-955-4422-35-1,Novel,Kandy,32.6,3.16,98,4.08,12.9,5.9,6.4,70,2.52,40.02,Low Demand
2025-05,BK029,Podi Hamuduruwo,Sybil Wettasinghe,978-955-2011-44-3,Children's,Colombo,35.3,3.58,111,4.58,14.45,7.42,7.9,60,21.11,47.73,Low Demand
2025-05,BK029,Podi Hamuduruwo,Sybil Wettasinghe,978-955-2011-44-3,Children's,Galle,32.7,3.32,103,4.57,14.39,6.74,7.1,60,26.64,57.77,Moderate Demand
2025-05,BK029,Podi Hamuduruwo,Sybil Wettasinghe,978-955-2011-44-3,Children's,Kandy,30.7,4.03,125,4.57,14.87,7.03,8.6,60,23.87,53.98,Low Demand
2025-05,BK030,Kuda Hora,Sybil Wettasinghe,978-955-2011-45-0,Children's,Colombo,36.9,5.1,158,4.05,19.23,9.74,7.5,60,60.44,73.81,High Demand
2025-05,BK030,Kuda Hora,Sybil Wettasinghe,978-955-2011-45-0,Children's,Galle,28.9,5.06,157,4.05,18.84,9.0,8.5,60,61.4,59.43,Moderate Demand
2025-05,BK030,Kuda Hora,Sybil Wettasinghe,978-955-2011-45-0,Children's,Kandy,31.1,5.19,161,4.06,19.61,9.1,8.3,60,50.45,66.55,Moderate Demand
2025-05,BK031,Maria Cylonica,P. B. Jayasekara,978-955-6611-22-3,Novel,Colombo,34.1,6.06,188,3.88,21.32,10.06,9.4,70,65.62,78.04,High Demand
2025-05,BK031,Maria Cylonica,P. B. Jayasekara,978-955-6611-22-3,Novel,Galle,29.5,6.03,187,3.87,22.55,10.84,7.0,70,81.98,77.48,High Demand
2025-05,BK031,Maria Cylonica,P. B. Jayasekara,978-955-6611-22-3,Novel,Kandy,34.8,6.77,210,3.86,25.97,12.45,9.2,70,73.42,76.06,High Demand
2025-05,BK032,Atawaka Putthu,Liyanage Amarakeerthi,978-955-3044-55-4,Novel,Colombo,32.9,7.71,239,4.23,25.19,11.13,6.2,70,97.09,91.67,High Demand
2025-05,BK032,Atawaka Putthu,Liyanage Amarakeerthi,978-955-3044-55-4,Novel,Galle,33.5,7.1,220,4.22,23.13,10.9,8.2,70,98.16,82.65,High Demand
2025-05,BK032,Atawaka Putthu,Liyanage Amarakeerthi,978-955-3044-55-4,Novel,Kandy,31.5,7.0,217,4.23,24.77,12.19,8.0,70,100.0,89.73,High Demand
2025-05,BK033,Kurulu Hadawatha,Liyanage Amarakeerthi,978-955-3044-56-1,Novel,Colombo,29.9,4.55,141,3.54,15.61,7.71,9.3,70,34.77,48.15,Low Demand
2025-05,BK033,Kurulu Hadawatha,Liyanage Amarakeerthi,978-955-3044-56-1,Novel,Galle,32.2,3.94,122,3.55,14.48,6.97,8.3,70,28.71,46.61,Low Demand
2025-05,BK033,Kurulu Hadawatha,Liyanage Amarakeerthi,978-955-3044-56-1,Novel,Kandy,30.0,3.87,120,3.54,14.16,7.19,8.3,70,31.56,48.46,Low Demand
2025-05,BK034,Gini Avi saha Gini Keli,Anura Horatious,978-955-9988-11-2,Novel,Colombo,34.8,4.55,141,3.74,16.32,8.16,7.4,70,39.2,56.64,Moderate Demand
2025-05,BK034,Gini Avi saha Gini Keli,Anura Horatious,978-955-9988-11-2,Novel,Galle,25.9,3.94,122,3.74,13.74,6.58,8.2,70,37.09,57.98,Moderate Demand
2025-05,BK034,Gini Avi saha Gini Keli,Anura Horatious,978-955-9988-11-2,Novel,Kandy,32.8,4.29,133,3.73,17.55,8.0,8.5,70,33.95,62.73,Moderate Demand
2025-05,BK035,Daskon,Wimalaratne Kumaragama,978-955-2233-44-5,Poetry,Colombo,33.5,5.1,158,4.43,18.0,9.0,9.1,50,52.23,63.81,Moderate Demand
2025-05,BK035,Daskon,Wimalaratne Kumaragama,978-955-2233-44-5,Poetry,Galle,31.5,4.68,145,4.41,17.39,8.42,8.3,50,41.41,49.89,Low Demand
2025-05,BK035,Daskon,Wimalaratne Kumaragama,978-955-2233-44-5,Poetry,Kandy,37.4,5.48,170,4.42,20.35,9.65,7.4,50,57.98,64.17,Moderate Demand
2025-05,BK036,Pethigomara,K. Jayatillake,978-955-1555-11-0,Novel,Colombo,36.2,3.29,102,4.2,13.32,6.71,9.1,70,21.02,46.61,Low Demand
2025-05,BK036,Pethigomara,K. Jayatillake,978-955-1555-11-0,Novel,Galle,29.0,3.42,106,4.19,13.03,6.13,7.3,70,31.99,54.49,Low Demand
2025-05,BK036,Pethigomara,K. Jayatillake,978-955-1555-11-0,Novel,Kandy,41.1,3.87,120,4.19,15.23,7.52,8.9,70,23.93,44.86,Low Demand
2025-05,BK037,Charitha Thunak,K. Jayatillake,978-955-1555-12-7,Novel,Colombo,30.3,3.0,93,3.93,11.29,5.35,10.1,70,11.82,54.49,Low Demand
2025-05,BK037,Charitha Thunak,K. Jayatillake,978-955-1555-12-7,Novel,Galle,29.4,3.39,105,3.91,13.42,6.58,6.8,70,25.53,44.97,Low Demand
2025-05,BK037,Charitha Thunak,K. Jayatillake,978-955-1555-12-7,Novel,Kandy,23.9,3.71,115,3.93,14.52,7.39,7.2,70,11.06,43.81,Low Demand
2025-05,BK038,Parajithayo,Siri Gunasinghe,978-955-1100-23-6,Novel,Colombo,30.4,4.65,144,4.35,17.0,8.26,8.0,70,42.71,68.04,Moderate Demand
2025-05,BK038,Parajithayo,Siri Gunasinghe,978-955-1100-23-6,Novel,Galle,31.5,4.61,143,4.35,16.29,7.68,7.5,70,52.47,70.56,Moderate Demand
2025-05,BK038,Parajithayo,Siri Gunasinghe,978-955-1100-23-6,Novel,Kandy,37.5,5.26,163,4.34,18.42,9.26,9.7,70,56.91,76.0,High Demand
2025-05,BK039,Rosa Malak Mata Denna,Shanthi Dissanayake,978-955-6677-88-1,Novel,Colombo,36.5,4.45,138,4.84,17.48,8.81,8.8,70,35.21,51.4,Low Demand
2025-05,BK039,Rosa Malak Mata Denna,Shanthi Dissanayake,978-955-6677-88-1,Novel,Galle,38.0,3.35,104,4.82,12.68,6.23,8.7,70,34.33,61.87,Moderate Demand
2025-05,BK039,Rosa Malak Mata Denna,Shanthi Dissanayake,978-955-6677-88-1,Novel,Kandy,29.2,3.9,121,4.84,15.26,7.52,8.5,70,28.78,63.42,Moderate Demand
2025-05,BK040,Paradal,Shanthi Dissanayake,978-955-6677-89-8,Novel,Colombo,27.9,5.55,172,4.15,19.97,9.39,6.4,70,62.63,73.61,High Demand
2025-05,BK040,Paradal,Shanthi Dissanayake,978-955-6677-89-8,Novel,Galle,29.5,5.61,174,4.13,18.84,9.13,6.9,70,67.86,74.15,High Demand
2025-05,BK040,Paradal,Shanthi Dissanayake,978-955-6677-89-8,Novel,Kandy,29.8,5.97,185,4.15,21.97,10.77,9.9,70,71.71,76.02,High Demand
2025-05,BK041,Girikulu,Shanthi Dissanayake,978-955-6677-90-4,Novel,Colombo,35.6,4.65,144,3.94,18.55,8.87,9.0,70,38.99,50.35,Low Demand
2025-05,BK041,Girikulu,Shanthi Dissanayake,978-955-6677-90-4,Novel,Galle,37.9,3.97,123,3.96,14.84,7.23,8.7,70,42.05,48.55,Low Demand
2025-05,BK041,Girikulu,Shanthi Dissanayake,978-955-6677-90-4,Novel,Kandy,29.1,4.65,144,3.96,18.74,8.74,7.8,70,38.55,54.76,Moderate Demand
2025-05,BK042,Sakkarang,Prasanna Vithanage (Adapt.),978-955-3322-11-9,Drama,Colombo,41.6,6.19,192,3.57,21.35,9.97,6.3,65,69.95,65.36,Moderate Demand
2025-05,BK042,Sakkarang,Prasanna Vithanage (Adapt.),978-955-3322-11-9,Drama,Galle,37.4,5.97,185,3.57,20.61,9.58,10.1,65,76.75,70.13,Moderate Demand
2025-05,BK042,Sakkarang,Prasanna Vithanage (Adapt.),978-955-3322-11-9,Drama,Kandy,35.5,5.48,170,3.58,19.52,8.65,8.2,65,72.59,65.22,Moderate Demand
2025-05,BK043,Bhatti,Edward Mallawaarachchi,978-955-5544-33-2,Novel,Colombo,37.0,5.97,185,4.13,21.32,9.71,7.8,70,65.46,63.8,Moderate Demand
2025-05,BK043,Bhatti,Edward Mallawaarachchi,978-955-5544-33-2,Novel,Galle,28.0,5.03,156,4.14,19.16,8.84,10.0,70,66.37,65.83,Moderate Demand
2025-05,BK043,Bhatti,Edward Mallawaarachchi,978-955-5544-33-2,Novel,Kandy,32.8,6.06,188,4.15,22.45,10.94,9.4,70,66.7,77.58,High Demand
2025-05,BK044,Sihina Kumari,Edward Mallawaarachchi,978-955-5544-34-9,Novel,Colombo,26.8,4.19,130,4.32,16.94,8.06,8.3,70,35.95,65.1,Moderate Demand
2025-05,BK044,Sihina Kumari,Edward Mallawaarachchi,978-955-5544-34-9,Novel,Galle,32.9,4.55,141,4.31,17.16,7.77,7.6,70,34.3,51.05,Low Demand
2025-05,BK044,Sihina Kumari,Edward Mallawaarachchi,978-955-5544-34-9,Novel,Kandy,36.7,4.55,141,4.31,18.32,9.13,7.8,70,33.33,54.26,Low Demand
2025-05,BK045,Adaraneeya Wasthuwe,Upul Shantha Sannasgala,978-955-8811-22-5,Novel,Colombo,37.2,6.42,199,3.98,22.52,10.9,7.2,70,88.84,82.21,High Demand
2025-05,BK045,Adaraneeya Wasthuwe,Upul Shantha Sannasgala,978-955-8811-22-5,Novel,Galle,34.4,5.13,159,3.99,18.39,8.68,9.9,70,70.2,69.75,Moderate Demand
2025-05,BK045,Adaraneeya Wasthuwe,Upul Shantha Sannasgala,978-955-8811-22-5,Novel,Kandy,32.4,5.87,182,3.97,21.68,10.52,6.5,70,67.87,77.38,High Demand
2025-05,BK046,Warna,Upul Shantha Sannasgala,978-955-8811-23-2,Poetry,Colombo,33.6,6.61,205,4.66,23.58,11.58,8.3,50,95.23,78.95,High Demand
2025-05,BK046,Warna,Upul Shantha Sannasgala,978-955-8811-23-2,Poetry,Galle,30.3,5.32,165,4.66,20.1,9.23,7.7,50,72.92,71.42,Moderate Demand
2025-05,BK046,Warna,Upul Shantha Sannasgala,978-955-8811-23-2,Poetry,Kandy,32.1,7.29,226,4.65,24.68,11.68,7.8,50,95.93,84.34,High Demand
2025-05,BK047,Amma,Maxim Gorky (Trans.),978-955-6655-44-1,Translated Classic,Colombo,28.7,4.58,142,4.45,17.68,8.39,7.1,78,47.9,64.21,Moderate Demand
2025-05,BK047,Amma,Maxim Gorky (Trans.),978-955-6655-44-1,Translated Classic,Galle,28.4,4.45,138,4.46,16.77,8.1,8.5,78,42.12,63.88,Moderate Demand
2025-05,BK047,Amma,Maxim Gorky (Trans.),978-955-6655-44-1,Translated Classic,Kandy,32.2,4.32,134,4.45,15.97,7.35,9.8,78,31.16,48.94,Low Demand
2025-05,BK048,Anna Karenina,Leo Tolstoy (Trans.),978-955-6655-45-8,Translated Classic,Colombo,34.0,4.87,151,4.34,16.77,8.45,7.7,78,30.9,54.03,Low Demand
2025-05,BK048,Anna Karenina,Leo Tolstoy (Trans.),978-955-6655-45-8,Translated Classic,Galle,37.9,3.39,105,4.36,13.68,6.32,9.8,78,14.12,47.73,Low Demand
2025-05,BK048,Anna Karenina,Leo Tolstoy (Trans.),978-955-6655-45-8,Translated Classic,Kandy,33.0,4.74,147,4.37,17.23,8.03,9.9,78,41.81,61.83,Moderate Demand
2025-05,BK049,Post-Modernism,Various,978-955-1212-12-1,Academic,Colombo,37.1,6.55,203,3.84,21.55,9.68,9.9,45,84.78,75.45,High Demand
2025-05,BK049,Post-Modernism,Various,978-955-1212-12-1,Academic,Galle,32.0,5.71,177,3.85,19.71,9.06,8.7,45,85.69,78.7,High Demand
2025-05,BK049,Post-Modernism,Various,978-955-1212-12-1,Academic,Kandy,28.0,6.23,193,3.85,22.55,10.48,7.7,45,81.8,73.54,High Demand
2025-05,BK050,Mahavamsa,Mahanama Thera,978-955-0011-22-3,Historical/Religious,Colombo,32.2,3.52,109,4.32,14.71,7.35,7.7,55,1.18,53.48,Low Demand
2025-05,BK050,Mahavamsa,Mahanama Thera,978-955-0011-22-3,Historical/Religious,Galle,31.0,3.39,105,4.31,13.06,6.52,7.2,55,21.51,48.88,Low Demand
2025-05,BK050,Mahavamsa,Mahanama Thera,978-955-0011-22-3,Historical/Religious,Kandy,28.0,3.39,105,4.33,14.06,7.1,7.6,55,11.88,44.36,Low Demand
2025-05,BK051,Saddharmaratnavaliya,Dharmasena Thera,978-955-0011-23-0,Historical/Religious,Colombo,28.9,3.48,108,4.0,13.23,6.94,7.5,55,21.62,58.5,Moderate Demand
2025-05,BK051,Saddharmaratnavaliya,Dharmasena Thera,978-955-0011-23-0,Historical/Religious,Galle,34.1,3.65,113,4.0,14.55,6.77,8.3,55,36.13,52.52,Low Demand
2025-05,BK051,Saddharmaratnavaliya,Dharmasena Thera,978-955-0011-23-0,Historical/Religious,Kandy,34.7,3.74,116,4.01,14.32,6.94,8.5,55,22.98,44.86,Low Demand
2025-05,BK052,අනාගත අහස,මාර්ටින් වික්‍රමසිංහ (පරිවර්තනය),978-147-1385-34-4,Historical/Religious,Colombo,31.3,2.39,74,4.64,9.61,4.77,8.3,55,5.4,39.75,Low Demand
2025-05,BK052,අනාගත අහස,මාර්ටින් වික්‍රමසිංහ (පරිවර්තනය),978-147-1385-34-4,Historical/Religious,Galle,33.3,2.68,83,4.63,10.71,5.52,10.3,55,5.33,44.03,Low Demand
2025-05,BK052,අනාගත අහස,මාර්ටින් වික්‍රමසිංහ (පරිවර්තනය),978-147-1385-34-4,Historical/Religious,Kandy,36.7,3.65,113,4.61,13.9,6.87,9.9,55,12.23,43.52,Low Demand
2025-05,BK053,මිටියාවත සහ කාලය,"ජෝන් ෂෝර්ස් (John Shors), පරිවර්තනය: ප්‍රදීප් කුමාර බාලසූරිය (Translation: Pradeep Kumara Balasuriya)",978-976-3071-42-3,Horror,Colombo,28.2,5.81,180,4.6,21.32,10.19,9.6,68,56.11,77.76,High Demand
2025-05,BK053,මිටියාවත සහ කාලය,"ජෝන් ෂෝර්ස් (John Shors), පරිවර්තනය: ප්‍රදීප් කුමාර බාලසූරිය (Translation: Pradeep Kumara Balasuriya)",978-976-3071-42-3,Horror,Galle,31.6,6.32,196,4.6,21.94,10.65,5.7,68,88.73,79.49,High Demand
2025-05,BK053,මිටියාවත සහ කාලය,"ජෝන් ෂෝර්ස් (John Shors), පරිවර්තනය: ප්‍රදීප් කුමාර බාලසූරිය (Translation: Pradeep Kumara Balasuriya)",978-976-3071-42-3,Horror,Kandy,36.4,7.32,227,4.62,25.0,11.19,7.7,68,90.85,81.43,High Demand
2025-05,BK054,රහස සහ කතාව,පවනි උමයංගනා (Pawani Umayangana),978-476-5849-54-7,Non-fiction,Colombo,32.6,6.1,189,4.65,22.77,10.65,9.2,52,76.99,89.91,High Demand
2025-05,BK054,රහස සහ කතාව,පවනි උමයංගනා (Pawani Umayangana),978-476-5849-54-7,Non-fiction,Galle,28.1,4.94,153,4.65,18.55,8.97,8.2,52,69.25,79.08,High Demand
2025-05,BK054,රහස සහ කතාව,පවනි උමයංගනා (Pawani Umayangana),978-476-5849-54-7,Non-fiction,Kandy,36.0,5.32,165,4.66,20.35,9.39,6.0,52,59.14,69.34,Moderate Demand
2025-05,BK055,ඇහි පියන් ඇහැරිලා (Ahi Piyan Aharila),මහින්ද ප්‍රසාද් මසිඹුල,978-955-098-003-1,Poetry,Colombo,34.8,6.77,210,4.22,23.42,11.0,7.3,50,87.13,89.73,High Demand
2025-05,BK055,ඇහි පියන් ඇහැරිලා (Ahi Piyan Aharila),මහින්ද ප්‍රසාද් මසිඹුල,978-955-098-003-1,Poetry,Galle,32.7,5.48,170,4.23,19.81,9.19,8.1,50,71.61,70.91,Moderate Demand
2025-05,BK055,ඇහි පියන් ඇහැරිලා (Ahi Piyan Aharila),මහින්ද ප්‍රසාද් මසිඹුල,978-955-098-003-1,Poetry,Kandy,32.1,5.13,159,4.22,20.81,10.13,10.0,50,59.64,72.67,High Demand
2025-05,BK056,ගමන සහ කාලය,ප්‍රේමකීර්ති රණතුංග,978-316-8963-96-1,Short Stories,Colombo,27.7,6.97,216,4.34,23.19,11.32,6.5,57,80.1,84.14,High Demand
2025-05,BK056,ගමන සහ කාලය,ප්‍රේමකීර්ති රණතුංග,978-316-8963-96-1,Short Stories,Galle,36.0,6.81,211,4.32,23.61,11.16,8.5,57,87.8,84.03,High Demand
2025-05,BK056,ගමන සහ කාලය,ප්‍රේමකීර්ති රණතුංග,978-316-8963-96-1,Short Stories,Kandy,34.7,6.35,197,4.32,21.71,10.81,8.7,57,87.51,75.06,High Demand
2025-05,BK057,කොළඹ කන්ද,Michael Crichton (පරිවර්තනය: සුදත් රොහාන්),978-645-5531-58-3,Poetry,Colombo,26.3,5.23,162,3.97,19.45,9.68,7.6,50,61.3,59.71,Moderate Demand
2025-05,BK057,කොළඹ කන්ද,Michael Crichton (පරිවර්තනය: සුදත් රොහාන්),978-645-5531-58-3,Poetry,Galle,31.5,4.19,130,3.95,15.97,7.74,7.5,50,58.14,56.68,Moderate Demand
2025-05,BK057,කොළඹ කන්ද,Michael Crichton (පරිවර්තනය: සුදත් රොහාන්),978-645-5531-58-3,Poetry,Kandy,33.6,4.48,139,3.96,16.77,8.0,8.2,50,40.14,55.87,Moderate Demand
2025-05,BK058,වසන්තය සහ මිටියාවත,තරංගා දිසානායක,978-630-6739-38-7,Academic,Colombo,32.8,4.81,149,4.4,18.0,8.48,6.8,45,44.76,54.79,Moderate Demand
2025-05,BK058,වසන්තය සහ මිටියාවත,තරංගා දිසානායක,978-630-6739-38-7,Academic,Galle,34.9,4.77,148,4.42,16.77,7.94,9.7,45,50.54,72.59,High Demand
2025-05,BK058,වසන්තය සහ මිටියාවත,තරංගා දිසානායක,978-630-6739-38-7,Academic,Kandy,36.1,6.87,213,4.41,25.71,12.1,7.4,45,80.46,72.82,High Demand
2025-05,BK059,370 යානයේ අබිරහස (370 Yanaye Abirahasa),භද්‍රජී මහින්ද ජයතිලක,978-624-6570-68-2,Mystery,Colombo,36.1,3.74,116,3.6,14.35,7.0,7.5,71,11.31,46.31,Low Demand
2025-05,BK059,370 යානයේ අබිරහස (370 Yanaye Abirahasa),භද්‍රජී මහින්ද ජයතිලක,978-624-6570-68-2,Mystery,Galle,30.9,3.19,99,3.58,13.55,6.97,8.1,71,14.25,43.97,Low Demand
2025-05,BK059,370 යානයේ අබිරහස (370 Yanaye Abirahasa),භද්‍රජී මහින්ද ජයතිලක,978-624-6570-68-2,Mystery,Kandy,32.7,3.23,100,3.59,12.9,6.03,7.8,71,11.44,29.28,Low Demand
2025-05,BK060,පර්සි ජැක්සන් සහ වංගිරියේ සටන,රික් රියෝඩන් (පරි. සවින්දි ආරියතිලක),978-955-697-089-0,Fantasy,Colombo,37.6,3.42,106,3.78,12.84,6.45,8.6,74,7.69,38.91,Low Demand
2025-05,BK060,පර්සි ජැක්සන් සහ වංගිරියේ සටන,රික් රියෝඩන් (පරි. සවින්දි ආරියතිලක),978-955-697-089-0,Fantasy,Galle,31.2,2.77,86,3.78,11.65,5.68,9.0,74,21.91,39.37,Low Demand
2025-05,BK060,පර්සි ජැක්සන් සහ වංගිරියේ සටන,රික් රියෝඩන් (පරි. සවින්දි ආරියතිලක),978-955-697-089-0,Fantasy,Kandy,32.5,3.26,101,3.79,12.23,5.68,9.4,74,12.3,52.05,Low Demand
2025-05,BK061,ආලෝකයේ සමිඳාණෝ (Alokaye Samindano - Lord of Light),රොජර් සෙලාස්නි - පරි. පුෂ්ප රංජන් විජේසිංහ,978-624-6570-11-8,Sci-Fi,Colombo,27.9,6.1,189,4.3,22.58,10.16,8.7,72,66.66,79.33,High Demand
2025-05,BK061,ආලෝකයේ සමිඳාණෝ (Alokaye Samindano - Lord of Light),රොජර් සෙලාස්නි - පරි. පුෂ්ප රංජන් විජේසිංහ,978-624-6570-11-8,Sci-Fi,Galle,30.9,5.1,158,4.29,18.0,8.52,8.3,72,71.41,71.73,High Demand
2025-05,BK061,ආලෝකයේ සමිඳාණෝ (Alokaye Samindano - Lord of Light),රොජර් සෙලාස්නි - පරි. පුෂ්ප රංජන් විජේසිංහ,978-624-6570-11-8,Sci-Fi,Kandy,33.9,4.84,150,4.3,18.81,9.13,9.5,72,42.01,55.62,Moderate Demand
2025-05,BK062,මිනිසා සහ සෙවනැලි,"කර්ට් වොනෙගට් (Kurt Vonnegut), පරිවර්තනය: ගාමිණී වියන්ගොඩ (Translation: Gamini Viyangoda)",978-673-1310-88-3,Psychology,Colombo,31.8,5.03,156,4.29,19.0,9.1,8.3,58,62.98,65.1,Moderate Demand
2025-05,BK062,මිනිසා සහ සෙවනැලි,"කර්ට් වොනෙගට් (Kurt Vonnegut), පරිවර්තනය: ගාමිණී වියන්ගොඩ (Translation: Gamini Viyangoda)",978-673-1310-88-3,Psychology,Galle,30.4,4.84,150,4.29,17.77,8.84,8.9,58,65.4,71.51,Moderate Demand
2025-05,BK062,මිනිසා සහ සෙවනැලි,"කර්ට් වොනෙගට් (Kurt Vonnegut), පරිවර්තනය: ගාමිණී වියන්ගොඩ (Translation: Gamini Viyangoda)",978-673-1310-88-3,Psychology,Kandy,36.2,6.03,187,4.27,20.23,9.52,6.9,58,71.47,77.84,High Demand
2025-05,BK063,හේඩීස්ගේ දෙවොල (Hadesge Devola),රික් රයෝර්ඩන් - පරි. රූපේනි මානිංගමුව,978-955-697-343-3,Young Adult,Colombo,30.4,5.52,171,4.43,19.0,8.87,9.0,66,61.82,72.9,High Demand
2025-05,BK063,හේඩීස්ගේ දෙවොල (Hadesge Devola),රික් රයෝර්ඩන් - පරි. රූපේනි මානිංගමුව,978-955-697-343-3,Young Adult,Galle,29.6,5.16,160,4.42,19.39,8.71,9.3,66,70.76,75.57,High Demand
2025-05,BK063,හේඩීස්ගේ දෙවොල (Hadesge Devola),රික් රයෝර්ඩන් - පරි. රූපේනි මානිංගමුව,978-955-697-343-3,Young Adult,Kandy,33.8,6.35,197,4.42,23.0,10.55,10.9,66,82.68,80.73,High Demand
2025-05,BK064,2010,ආතර් සී. ක්ලාක් (පරිවර්තනය: චන්දන වීරසිංහ),978-624-5712-10-6,Sci-Fi,Colombo,37.8,6.42,199,3.83,21.74,10.19,8.3,72,89.3,91.69,High Demand
2025-05,BK064,2010,ආතර් සී. ක්ලාක් (පරිවර්තනය: චන්දන වීරසිංහ),978-624-5712-10-6,Sci-Fi,Galle,32.4,5.87,182,3.84,20.13,9.55,8.0,72,89.43,85.9,High Demand
2025-05,BK064,2010,ආතර් සී. ක්ලාක් (පරිවර්තනය: චන්දන වීරසිංහ),978-624-5712-10-6,Sci-Fi,Kandy,40.2,6.94,215,3.83,22.74,10.81,5.9,72,94.79,83.93,High Demand
2025-05,BK065,මන්දාරම් රාත්‍රිය,ඩී. එම්. අනුර දිසානායක,978-624-5829-10-1,Mystery,Colombo,33.3,5.48,170,4.29,18.77,9.19,9.5,71,60.88,65.96,Moderate Demand
2025-05,BK065,මන්දාරම් රාත්‍රිය,ඩී. එම්. අනුර දිසානායක,978-624-5829-10-1,Mystery,Galle,34.2,5.48,170,4.28,21.9,10.55,10.8,71,71.05,76.14,High Demand
2025-05,BK065,මන්දාරම් රාත්‍රිය,ඩී. එම්. අනුර දිසානායක,978-624-5829-10-1,Mystery,Kandy,35.0,6.1,189,4.3,22.52,10.13,9.1,71,91.16,81.35,High Demand
2025-05,BK066,පරණ මාලිගාව,ක්‍රිස් කුස්නෙස්කි (පරිවර්තනය),978-726-5125-19-4,Horror,Colombo,33.1,5.16,160,4.52,19.58,9.45,9.5,68,53.17,66.2,Moderate Demand
2025-05,BK066,පරණ මාලිගාව,ක්‍රිස් කුස්නෙස්කි (පරිවර්තනය),978-726-5125-19-4,Horror,Galle,33.4,4.94,153,4.53,19.9,9.71,9.0,68,57.41,73.26,High Demand
2025-05,BK066,පරණ මාලිගාව,ක්‍රිස් කුස්නෙස්කි (පරිවර්තනය),978-726-5125-19-4,Horror,Kandy,34.3,5.35,166,4.51,18.68,8.81,9.4,68,64.4,71.13,Moderate Demand
2025-05,BK067,අනාගතේ පැතිකඩක් (Profiles of the Future),ආතර් සී. ක්ලාක් (පරිවර්තනය: එස්. එම්. බන්දුසීල),978-624-5712-31-1,Sci-Fi,Colombo,33.9,5.55,172,4.91,21.19,9.9,9.7,72,67.4,81.1,High Demand
2025-05,BK067,අනාගතේ පැතිකඩක් (Profiles of the Future),ආතර් සී. ක්ලාක් (පරිවර්තනය: එස්. එම්. බන්දුසීල),978-624-5712-31-1,Sci-Fi,Galle,32.4,4.45,138,4.88,17.1,8.32,8.4,72,57.5,72.75,High Demand
2025-05,BK067,අනාගතේ පැතිකඩක් (Profiles of the Future),ආතර් සී. ක්ලාක් (පරිවර්තනය: එස්. එම්. බන්දුසීල),978-624-5712-31-1,Sci-Fi,Kandy,29.5,5.9,183,4.9,20.77,10.16,9.7,72,61.28,75.77,High Demand
2025-05,BK068,දඩයම් බල්ලෝ,පරිවර්තන නවකතා,978-624-5572-38-0,Thriller,Colombo,38.4,4.0,124,4.1,14.45,6.71,6.4,76,33.42,65.89,Moderate Demand
2025-05,BK068,දඩයම් බල්ලෝ,පරිවර්තන නවකතා,978-624-5572-38-0,Thriller,Galle,34.7,3.23,100,4.09,12.42,6.03,8.2,76,2.27,40.68,Low Demand
2025-05,BK068,දඩයම් බල්ලෝ,පරිවර්තන නවකතා,978-624-5572-38-0,Thriller,Kandy,34.6,4.94,153,4.11,18.48,8.87,6.6,76,53.1,59.82,Moderate Demand
2025-05,BK069,අදිසි අනතුර (Adisi Anathura - The Crash),ෆ්‍රීඩා මැක්ෆැඩන් - පරි. නයනතාරා පිලපිටිය,978-624-6570-48-4,Thriller,Colombo,31.6,2.48,77,4.33,10.32,5.13,8.0,76,0.0,40.85,Low Demand
2025-05,BK069,අදිසි අනතුර (Adisi Anathura - The Crash),ෆ්‍රීඩා මැක්ෆැඩන් - පරි. නයනතාරා පිලපිටිය,978-624-6570-48-4,Thriller,Galle,42.9,2.77,86,4.31,11.84,5.94,9.2,76,6.24,49.17,Low Demand
2025-05,BK069,අදිසි අනතුර (Adisi Anathura - The Crash),ෆ්‍රීඩා මැක්ෆැඩන් - පරි. නයනතාරා පිලපිටිය,978-624-6570-48-4,Thriller,Kandy,32.4,3.0,93,4.31,12.55,6.39,9.1,76,10.33,48.46,Low Demand
2025-05,BK070,Crown of Midnight,සාරා ජේ. මාස් (Sarah J. Maas),978-624-5663-48-4,Fantasy,Colombo,31.1,4.29,133,3.67,15.94,7.74,6.7,74,38.45,51.02,Low Demand
2025-05,BK070,Crown of Midnight,සාරා ජේ. මාස් (Sarah J. Maas),978-624-5663-48-4,Fantasy,Galle,26.6,3.71,115,3.68,14.03,6.9,8.7,74,27.24,52.96,Low Demand
2025-05,BK070,Crown of Midnight,සාරා ජේ. මාස් (Sarah J. Maas),978-624-5663-48-4,Fantasy,Kandy,29.2,4.29,133,3.68,15.55,7.39,8.8,74,33.19,55.22,Moderate Demand
2025-05,BK071,සුළං ගංගාව,පියදාස රත්නසිංහ (පරිවර්තනය),978-935-1789-28-8,Academic,Colombo,33.0,4.71,146,4.13,17.45,8.58,11.1,45,34.29,59.15,Moderate Demand
2025-05,BK071,සුළං ගංගාව,පියදාස රත්නසිංහ (පරිවර්තනය),978-935-1789-28-8,Academic,Galle,31.0,3.52,109,4.14,13.77,6.74,10.8,45,20.28,39.87,Low Demand
2025-05,BK071,සුළං ගංගාව,පියදාස රත්නසිංහ (පරිවර්තනය),978-935-1789-28-8,Academic,Kandy,30.0,3.65,113,4.13,15.42,6.97,11.4,45,27.18,45.33,Low Demand
2025-05,BK072,ගීතය සහ මාලිගාව,එරන්ද ගිනිගේ (Eranda Ginige),978-616-9581-88-7,Psychology,Colombo,36.1,3.65,113,4.45,14.42,7.06,10.9,58,30.87,56.34,Moderate Demand
2025-05,BK072,ගීතය සහ මාලිගාව,එරන්ද ගිනිගේ (Eranda Ginige),978-616-9581-88-7,Psychology,Galle,31.8,4.55,141,4.45,17.68,7.68,8.1,58,48.52,61.91,Moderate Demand
2025-05,BK072,ගීතය සහ මාලිගාව,එරන්ද ගිනිගේ (Eranda Ginige),978-616-9581-88-7,Psychology,Kandy,33.6,4.52,140,4.45,17.9,8.84,8.6,58,53.11,65.98,Moderate Demand
2025-05,BK073,ගමන සහ සෙවනැලි,"වික්ටෝරියා හෝල්ට් (Victoria Holt), පරිවර්තනය: කෝශලී සිරිචන්ද්‍ර (Translation: Koshalee Sirichandra)",978-477-2613-24-8,Horror,Colombo,32.6,7.29,226,4.1,24.97,11.94,9.4,68,93.1,90.12,High Demand
2025-05,BK073,ගමන සහ සෙවනැලි,"වික්ටෝරියා හෝල්ට් (Victoria Holt), පරිවර්තනය: කෝශලී සිරිචන්ද්‍ර (Translation: Koshalee Sirichandra)",978-477-2613-24-8,Horror,Galle,29.9,6.52,202,4.11,22.71,10.48,9.3,68,97.84,83.89,High Demand
2025-05,BK073,ගමන සහ සෙවනැලි,"වික්ටෝරියා හෝල්ට් (Victoria Holt), පරිවර්තනය: කෝශලී සිරිචන්ද්‍ර (Translation: Koshalee Sirichandra)",978-477-2613-24-8,Horror,Kandy,33.4,5.81,180,4.1,22.42,10.65,10.3,68,63.28,75.59,High Demand
2025-05,BK074,එවා මෙහේ බෑ මචං,පිනසිරි දඩල්ලගේ,978-955-97643-5-9,Non-fiction,Colombo,27.8,3.29,102,4.26,12.84,6.19,7.2,52,15.58,36.96,Low Demand
2025-05,BK074,එවා මෙහේ බෑ මචං,පිනසිරි දඩල්ලගේ,978-955-97643-5-9,Non-fiction,Galle,32.4,3.39,105,4.27,13.29,6.55,8.7,52,23.7,51.7,Low Demand
2025-05,BK074,එවා මෙහේ බෑ මචං,පිනසිරි දඩල්ලගේ,978-955-97643-5-9,Non-fiction,Kandy,33.9,3.52,109,4.26,13.74,6.9,8.6,52,17.44,31.63,Low Demand
2025-05,BK075,"හොල්මන්, ආවේශ සහ යළි උපත (You Cannot Die)",ඉයන් කරි (පරිවර්තනය: භද්‍රජි මහින්ද ජයතිලක),978-955-671-215-5,Psychology,Colombo,27.4,3.0,93,4.29,12.42,6.35,9.6,58,22.32,44.74,Low Demand
2025-05,BK075,"හොල්මන්, ආවේශ සහ යළි උපත (You Cannot Die)",ඉයන් කරි (පරිවර්තනය: භද්‍රජි මහින්ද ජයතිලක),978-955-671-215-5,Psychology,Galle,29.6,2.9,90,4.28,12.0,5.87,9.1,58,19.2,47.02,Low Demand
2025-05,BK075,"හොල්මන්, ආවේශ සහ යළි උපත (You Cannot Die)",ඉයන් කරි (පරිවර්තනය: භද්‍රජි මහින්ද ජයතිලක),978-955-671-215-5,Psychology,Kandy,31.7,3.52,109,4.29,14.55,6.87,10.5,58,30.07,51.33,Low Demand
2025-05,BK076,සෙංකොට්ටං (Senkottan),මහින්ද ප්‍රසාද් මසිඹුල,978-955-098-000-0,Novel,Colombo,39.2,3.45,107,3.69,13.9,6.52,9.2,70,19.66,44.6,Low Demand
2025-05,BK076,සෙංකොට්ටං (Senkottan),මහින්ද ප්‍රසාද් මසිඹුල,978-955-098-000-0,Novel,Galle,36.6,4.1,127,3.69,15.06,7.26,7.8,70,40.87,47.34,Low Demand
2025-05,BK076,සෙංකොට්ටං (Senkottan),මහින්ද ප්‍රසාද් මසිඹුල,978-955-098-000-0,Novel,Kandy,35.4,4.26,132,3.69,15.61,7.52,8.4,70,45.08,58.19,Moderate Demand
2025-05,BK077,අතීත මිටියාවත,ඊනිඩ් බ්ලයිටන් (Enid Blyton),978-845-3000-71-2,Children's,Colombo,33.6,4.06,126,4.19,16.42,7.61,10.5,60,20.02,44.01,Low Demand
2025-05,BK077,අතීත මිටියාවත,ඊනිඩ් බ්ලයිටන් (Enid Blyton),978-845-3000-71-2,Children's,Galle,31.7,3.29,102,4.18,13.0,6.74,7.9,60,14.39,41.23,Low Demand
2025-05,BK077,අතීත මිටියාවත,ඊනිඩ් බ්ලයිටන් (Enid Blyton),978-845-3000-71-2,Children's,Kandy,36.2,4.13,128,4.18,15.13,7.35,9.8,60,41.55,64.64,Moderate Demand
2025-05,BK078,සිහිනය සහ සෙවනැලි,"ස්ටෙෆනි ගාබර් (Stephanie Garber), පරිවර්තනය: කෝශලී සිරිචන්ද්‍ර (Translation: Koshalee Sirichandra)",978-748-7074-58-5,Historical/Religious,Colombo,30.7,6.23,193,4.36,21.71,10.06,7.7,55,79.34,73.34,High Demand
2025-05,BK078,සිහිනය සහ සෙවනැලි,"ස්ටෙෆනි ගාබර් (Stephanie Garber), පරිවර්තනය: කෝශලී සිරිචන්ද්‍ර (Translation: Koshalee Sirichandra)",978-748-7074-58-5,Historical/Religious,Galle,34.3,4.32,134,4.36,16.58,8.03,8.9,55,44.55,68.49,Moderate Demand
2025-05,BK078,සිහිනය සහ සෙවනැලි,"ස්ටෙෆනි ගාබර් (Stephanie Garber), පරිවර්තනය: කෝශලී සිරිචන්ද්‍ර (Translation: Koshalee Sirichandra)",978-748-7074-58-5,Historical/Religious,Kandy,31.7,6.1,189,4.38,21.48,9.74,9.0,55,77.07,80.57,High Demand
2025-05,BK079,හැරී පොටර් සහ රහස් කුටිය,ජේ. කේ. රෝලිං - පරි. අභය හේවාවසම්,978-955-573-623-7,Translation,Colombo,32.5,5.84,181,4.21,22.39,11.03,8.0,62,64.17,75.27,High Demand
2025-05,BK079,හැරී පොටර් සහ රහස් කුටිය,ජේ. කේ. රෝලිං - පරි. අභය හේවාවසම්,978-955-573-623-7,Translation,Galle,38.3,3.87,120,4.21,14.55,6.87,9.4,62,40.17,59.58,Moderate Demand
2025-05,BK079,හැරී පොටර් සහ රහස් කුටිය,ජේ. කේ. රෝලිං - පරි. අභය හේවාවසම්,978-955-573-623-7,Translation,Kandy,32.4,5.19,161,4.24,19.45,9.0,9.8,62,50.73,70.31,Moderate Demand
2025-05,BK080,විකෘති (Vikurthi),සෝමලතා සුබසිංහ,978-955-428-430-2,Drama,Colombo,36.5,6.19,192,4.34,21.48,10.1,11.4,65,59.01,68.76,Moderate Demand
2025-05,BK080,විකෘති (Vikurthi),සෝමලතා සුබසිංහ,978-955-428-430-2,Drama,Galle,33.2,6.87,213,4.34,24.58,10.61,8.8,65,100.0,83.91,High Demand
2025-05,BK080,විකෘති (Vikurthi),සෝමලතා සුබසිංහ,978-955-428-430-2,Drama,Kandy,29.8,7.16,222,4.35,22.97,10.68,9.3,65,95.66,88.93,High Demand
2025-05,BK081,නැන්දම්මාගේ ඩයරිය,කල්පනා කස්තුරිආරච්චි,978-624-9695-78-8,Short Stories,Colombo,34.2,5.06,157,4.47,17.19,7.71,7.2,57,53.06,71.59,Moderate Demand
2025-05,BK081,නැන්දම්මාගේ ඩයරිය,කල්පනා කස්තුරිආරච්චි,978-624-9695-78-8,Short Stories,Galle,37.9,5.23,162,4.45,19.77,10.23,9.0,57,76.38,71.13,Moderate Demand
2025-05,BK081,නැන්දම්මාගේ ඩයරිය,කල්පනා කස්තුරිආරච්චි,978-624-9695-78-8,Short Stories,Kandy,33.1,5.65,175,4.44,20.42,9.42,8.6,57,75.01,80.06,High Demand
2025-05,BK082,හැරී පොටර් සහ අස්කබාන්හි සිරකරු,ජේ. කේ. රෝලිං - පරි. අභය හේවාවසම්,978-955-671-187-5,Translation,Colombo,28.8,4.19,130,4.21,16.81,8.16,9.1,62,40.72,55.08,Moderate Demand
2025-05,BK082,හැරී පොටර් සහ අස්කබාන්හි සිරකරු,ජේ. කේ. රෝලිං - පරි. අභය හේවාවසම්,978-955-671-187-5,Translation,Galle,27.4,4.65,144,4.21,18.32,8.48,7.8,62,49.76,61.0,Moderate Demand
2025-05,BK082,හැරී පොටර් සහ අස්කබාන්හි සිරකරු,ජේ. කේ. රෝලිං - පරි. අභය හේවාවසම්,978-955-671-187-5,Translation,Kandy,36.9,4.13,128,4.21,15.06,6.97,7.5,62,23.01,46.09,Low Demand
2025-05,BK083,පර්සි ජැක්සන් සහ රාක්ෂ සයුර,රික් රියෝඩන් (පරි. සවින්දි ආරියතිලක),978-955-697-090-0,Fantasy,Colombo,33.6,6.55,203,3.78,23.61,10.48,6.9,74,80.66,70.43,Moderate Demand
2025-05,BK083,පර්සි ජැක්සන් සහ රාක්ෂ සයුර,රික් රියෝඩන් (පරි. සවින්දි ආරියතිලක),978-955-697-090-0,Fantasy,Galle,30.0,6.06,188,3.8,21.94,10.23,7.3,74,99.2,81.35,High Demand
2025-05,BK083,පර්සි ජැක්සන් සහ රාක්ෂ සයුර,රික් රියෝඩන් (පරි. සවින්දි ආරියතිලක),978-955-697-090-0,Fantasy,Kandy,35.5,7.19,223,3.79,24.58,11.39,8.8,74,96.06,80.96,High Demand
2025-05,BK084,විභාග ජය ගැනීමේ රහස (Vibhaga Jaya Ganeeme Rahasa),ප්‍රවීන් රන්දෙනිය,978-624-97120-5-0,Academic,Colombo,31.9,3.39,105,4.01,12.52,6.13,10.5,45,14.12,42.25,Low Demand
2025-05,BK084,විභාග ජය ගැනීමේ රහස (Vibhaga Jaya Ganeeme Rahasa),ප්‍රවීන් රන්දෙනිය,978-624-97120-5-0,Academic,Galle,40.0,3.45,107,4.03,14.48,6.81,7.3,45,20.54,38.44,Low Demand
2025-05,BK084,විභාග ජය ගැනීමේ රහස (Vibhaga Jaya Ganeeme Rahasa),ප්‍රවීන් රන්දෙනිය,978-624-97120-5-0,Academic,Kandy,29.9,3.58,111,4.02,14.81,6.45,8.1,45,9.25,33.28,Low Demand
2025-05,BK085,දික්තල කාලගෝල (Diktala Kalagola),පුණ්‍යසේන ගුණසිංහ,978-955-9377-71-9,Drama,Colombo,35.5,2.48,77,4.58,10.77,5.39,6.5,65,17.5,49.61,Low Demand
2025-05,BK085,දික්තල කාලගෝල (Diktala Kalagola),පුණ්‍යසේන ගුණසිංහ,978-955-9377-71-9,Drama,Galle,29.9,2.9,90,4.59,11.65,6.13,9.4,65,7.46,42.27,Low Demand
2025-05,BK085,දික්තල කාලගෝල (Diktala Kalagola),පුණ්‍යසේන ගුණසිංහ,978-955-9377-71-9,Drama,Kandy,29.4,2.39,74,4.6,10.06,5.13,8.3,65,0.0,37.06,Low Demand
2025-05,BK086,නැන්සි කෲ: ටෙඩි බෙයාර් අබිරහස,කැරොලයින් කීන්,978-955-657-006-8,Translation,Colombo,31.0,2.65,82,3.95,10.94,5.06,6.3,62,4.48,38.92,Low Demand
2025-05,BK086,නැන්සි කෲ: ටෙඩි බෙයාර් අබිරහස,කැරොලයින් කීන්,978-955-657-006-8,Translation,Galle,24.0,2.55,79,3.97,10.19,5.32,8.6,62,11.21,49.91,Low Demand
2025-05,BK086,නැන්සි කෲ: ටෙඩි බෙයාර් අබිරහස,කැරොලයින් කීන්,978-955-657-006-8,Translation,Kandy,28.8,3.06,95,3.95,11.16,5.81,7.7,62,6.61,44.89,Low Demand
2025-05,BK087,කතාව සහ සිහිනය,ක්‍රිස් කුස්නෙස්කි (පරිවර්තනය),978-566-9308-23-4,Short Stories,Colombo,30.3,5.97,185,4.24,21.52,10.52,7.8,57,54.93,69.45,Moderate Demand
2025-05,BK087,කතාව සහ සිහිනය,ක්‍රිස් කුස්නෙස්කි (පරිවර්තනය),978-566-9308-23-4,Short Stories,Galle,36.8,5.58,173,4.24,20.97,10.03,8.2,57,75.86,81.76,High Demand
2025-05,BK087,කතාව සහ සිහිනය,ක්‍රිස් කුස්නෙස්කි (පරිවර්තනය),978-566-9308-23-4,Short Stories,Kandy,34.3,6.1,189,4.25,22.61,10.52,8.7,57,76.49,79.37,High Demand
2025-05,BK088,අඹ යහළුවෝ,ටී. බී. ඉලංගරත්න,978-955-4682-00-9,Novel,Colombo,26.0,4.9,152,4.14,16.74,8.35,6.8,70,46.45,68.27,Moderate Demand
2025-05,BK088,අඹ යහළුවෝ,ටී. බී. ඉලංගරත්න,978-955-4682-00-9,Novel,Galle,38.2,4.19,130,4.16,15.48,7.45,7.4,70,35.78,61.9,Moderate Demand
2025-05,BK088,අඹ යහළුවෝ,ටී. බී. ඉලංගරත්න,978-955-4682-00-9,Novel,Kandy,34.8,5.42,168,4.14,20.06,9.52,6.7,70,75.09,78.71,High Demand
2025-05,BK089,මායා අහස,දිනිති තරුමිණි,978-222-3861-35-8,Young Adult,Colombo,25.0,2.9,90,4.35,11.87,6.35,8.0,66,8.1,47.43,Low Demand
2025-05,BK089,මායා අහස,දිනිති තරුමිණි,978-222-3861-35-8,Young Adult,Galle,30.5,2.87,89,4.32,12.26,5.45,9.9,66,12.38,49.91,Low Demand
2025-05,BK089,මායා අහස,දිනිති තරුමිණි,978-222-3861-35-8,Young Adult,Kandy,33.4,3.48,108,4.33,12.97,5.77,9.2,66,18.52,50.19,Low Demand
2025-05,BK090,අනාගත නගරය,පරිවර්තනය: චන්දන මෙන්ඩිස් (Chandana Mendis),978-587-7471-56-2,Drama,Colombo,34.2,5.16,160,4.26,19.16,9.52,8.8,65,65.03,69.4,Moderate Demand
2025-05,BK090,අනාගත නගරය,පරිවර්තනය: චන්දන මෙන්ඩිස් (Chandana Mendis),978-587-7471-56-2,Drama,Galle,38.6,4.55,141,4.27,16.0,7.35,8.6,65,43.72,50.11,Low Demand
2025-05,BK090,අනාගත නගරය,පරිවර්තනය: චන්දන මෙන්ඩිස් (Chandana Mendis),978-587-7471-56-2,Drama,Kandy,30.0,5.06,157,4.28,19.23,9.29,9.1,65,57.83,68.61,Moderate Demand
2025-05,BK091,හැරී පොටර් සහ ෆීනික්ස් නිකාය,ජේ. කේ. රෝලිං - පරි. අභය හේවාවසම්,978-955-573-951-1,Translation,Colombo,25.1,3.61,112,4.12,14.84,7.06,9.0,62,28.96,52.05,Low Demand
2025-05,BK091,හැරී පොටර් සහ ෆීනික්ස් නිකාය,ජේ. කේ. රෝලිං - පරි. අභය හේවාවසම්,978-955-573-951-1,Translation,Galle,34.2,3.61,112,4.14,13.48,6.42,9.5,62,25.84,67.57,Moderate Demand
2025-05,BK091,හැරී පොටර් සහ ෆීනික්ස් නිකාය,ජේ. කේ. රෝලිං - පරි. අභය හේවාවසම්,978-955-573-951-1,Translation,Kandy,32.8,3.16,98,4.16,13.16,6.45,9.1,62,5.68,34.96,Low Demand
2025-05,BK092,සැඟවුණු රහස,රොජර් ලී මැක්බ්‍රයිඩ් (Roger Lea MacBride) - පරිවර්තනය: චිත්‍රා අමරසේකර,978-745-6661-48-1,Historical/Religious,Colombo,33.4,6.23,193,3.35,22.61,11.29,9.9,55,80.61,63.39,Moderate Demand
2025-05,BK092,සැඟවුණු රහස,රොජර් ලී මැක්බ්‍රයිඩ් (Roger Lea MacBride) - පරිවර්තනය: චිත්‍රා අමරසේකර,978-745-6661-48-1,Historical/Religious,Galle,31.1,5.45,169,3.34,19.13,8.58,8.1,55,62.54,55.97,Moderate Demand
2025-05,BK092,සැඟවුණු රහස,රොජර් ලී මැක්බ්‍රයිඩ් (Roger Lea MacBride) - පරිවර්තනය: චිත්‍රා අමරසේකර,978-745-6661-48-1,Historical/Religious,Kandy,32.2,6.48,201,3.34,23.71,11.06,8.8,55,91.18,80.82,High Demand
2025-05,BK093,සෙවනැලි සහ මාලිගාව,පරිවර්තනය: චන්දන මෙන්ඩිස් (Chandana Mendis),978-289-1737-32-0,Poetry,Colombo,34.5,4.9,152,4.04,18.03,8.77,6.1,50,50.06,56.07,Moderate Demand
2025-05,BK093,සෙවනැලි සහ මාලිගාව,පරිවර්තනය: චන්දන මෙන්ඩිස් (Chandana Mendis),978-289-1737-32-0,Poetry,Galle,37.6,4.06,126,4.03,15.58,7.39,6.5,50,33.99,51.95,Low Demand
2025-05,BK093,සෙවනැලි සහ මාලිගාව,පරිවර්තනය: චන්දන මෙන්ඩිස් (Chandana Mendis),978-289-1737-32-0,Poetry,Kandy,34.3,5.45,169,4.04,20.35,9.65,8.1,50,54.52,69.03,Moderate Demand
2025-05,BK094,නෙවර් ලයි (Never Lie),ෆ්‍රීඩා මැක්ෆැඩන් - පරි. තරුෂි නිරංගා ජයසිංහ,978-624-6570-46-0,Thriller,Colombo,31.4,3.84,119,4.27,14.55,7.9,7.3,76,35.24,61.22,Moderate Demand
2025-05,BK094,නෙවර් ලයි (Never Lie),ෆ්‍රීඩා මැක්ෆැඩන් - පරි. තරුෂි නිරංගා ජයසිංහ,978-624-6570-46-0,Thriller,Galle,29.2,3.9,121,4.25,14.48,6.58,7.4,76,39.83,64.35,Moderate Demand
2025-05,BK094,නෙවර් ලයි (Never Lie),ෆ්‍රීඩා මැක්ෆැඩන් - පරි. තරුෂි නිරංගා ජයසිංහ,978-624-6570-46-0,Thriller,Kandy,34.0,4.9,152,4.24,18.16,8.45,8.0,76,30.95,57.67,Moderate Demand
2025-05,BK095,ප්‍රේම ගීතය,සමුද්‍ර වෙත්තසිංහ (Samudra Weththasingha),978-573-6220-40-5,Non-fiction,Colombo,32.0,3.81,118,3.75,15.26,7.16,8.0,52,40.11,61.39,Moderate Demand
2025-05,BK095,ප්‍රේම ගීතය,සමුද්‍ර වෙත්තසිංහ (Samudra Weththasingha),978-573-6220-40-5,Non-fiction,Galle,34.2,3.32,103,3.76,13.61,7.03,6.8,52,19.98,38.38,Low Demand
2025-05,BK095,ප්‍රේම ගීතය,සමුද්‍ර වෙත්තසිංහ (Samudra Weththasingha),978-573-6220-40-5,Non-fiction,Kandy,27.9,4.42,137,3.76,17.06,8.03,9.4,52,32.79,50.25,Low Demand
2025-05,BK096,පුද්ගලිකයි රහසිගතයි (The Secret Files of Sherlock Holmes),චන්දන මෙන්ඩිස් (පරිවර්තනය),955-97776-4-5,Mystery,Colombo,32.2,5.94,184,4.19,21.9,10.29,8.7,71,61.25,65.93,Moderate Demand
2025-05,BK096,පුද්ගලිකයි රහසිගතයි (The Secret Files of Sherlock Holmes),චන්දන මෙන්ඩිස් (පරිවර්තනය),955-97776-4-5,Mystery,Galle,32.3,4.71,146,4.18,17.13,8.35,7.0,71,45.33,60.33,Moderate Demand
2025-05,BK096,පුද්ගලිකයි රහසිගතයි (The Secret Files of Sherlock Holmes),චන්දන මෙන්ඩිස් (පරිවර්තනය),955-97776-4-5,Mystery,Kandy,36.6,5.06,157,4.17,20.48,9.77,8.9,71,50.8,68.82,Moderate Demand
2025-05,BK097,පරණ කතාව,මාර්ටින් වික්‍රමසිංහ,978-528-5693-75-7,Children's,Colombo,35.8,4.35,135,4.89,16.94,8.06,8.9,60,29.57,55.39,Moderate Demand
2025-05,BK097,පරණ කතාව,මාර්ටින් වික්‍රමසිංහ,978-528-5693-75-7,Children's,Galle,35.6,3.71,115,4.9,12.74,6.45,10.9,60,22.78,57.22,Moderate Demand
2025-05,BK097,පරණ කතාව,මාර්ටින් වික්‍රමසිංහ,978-528-5693-75-7,Children's,Kandy,32.2,4.13,128,4.9,16.94,8.06,6.3,60,35.47,64.24,Moderate Demand
2025-05,BK098,මාණික්කාවත (Manikkawatha),මහින්ද ප්‍රසාද් මසිඹුල,978-955-098-023-9,Novel,Colombo,28.4,3.58,111,4.13,14.39,7.0,9.5,70,10.7,42.48,Low Demand
2025-05,BK098,මාණික්කාවත (Manikkawatha),මහින්ද ප්‍රසාද් මසිඹුල,978-955-098-023-9,Novel,Galle,33.5,2.13,66,4.14,10.23,5.35,9.4,70,0.0,39.35,Low Demand
2025-05,BK098,මාණික්කාවත (Manikkawatha),මහින්ද ප්‍රසාද් මසිඹුල,978-955-098-023-9,Novel,Kandy,25.9,3.19,99,4.14,11.71,6.0,6.0,70,11.7,37.92,Low Demand
2025-05,BK099,ගංගාව සහ ගංගාව,"ජේම්ස් හැඩ්ලි චේස් (James Hadley Chase), පරිවර්තනය: එන්. ජී. විජේරත්න (Translation: N. G. Wijerathna)",978-493-2631-22-5,Children's,Colombo,37.4,3.32,103,4.42,12.39,6.03,8.9,60,14.24,40.75,Low Demand
2025-05,BK099,ගංගාව සහ ගංගාව,"ජේම්ස් හැඩ්ලි චේස් (James Hadley Chase), පරිවර්තනය: එන්. ජී. විජේරත්න (Translation: N. G. Wijerathna)",978-493-2631-22-5,Children's,Galle,29.8,2.81,87,4.42,11.16,5.39,8.3,60,10.83,35.52,Low Demand
2025-05,BK099,ගංගාව සහ ගංගාව,"ජේම්ස් හැඩ්ලි චේස් (James Hadley Chase), පරිවර්තනය: එන්. ජී. විජේරත්න (Translation: N. G. Wijerathna)",978-493-2631-22-5,Children's,Kandy,34.2,3.23,100,4.42,13.03,6.39,8.8,60,25.36,55.65,Moderate Demand
2025-05,BK100,රන් මතකය,ලසිත රවීන් උමගිලිය,978-825-3894-18-1,Young Adult,Colombo,34.5,7.13,221,3.78,24.23,11.26,10.5,66,100.0,84.24,High Demand
2025-05,BK100,රන් මතකය,ලසිත රවීන් උමගිලිය,978-825-3894-18-1,Young Adult,Galle,38.6,6.26,194,3.8,23.06,11.58,9.7,66,98.53,73.32,High Demand
2025-05,BK100,රන් මතකය,ලසිත රවීන් උමගිලිය,978-825-3894-18-1,Young Adult,Kandy,34.3,7.55,234,3.8,26.65,11.68,11.2,66,94.72,76.9,High Demand
2025-06,BK001,Ape Gama,Martin Wickramasinghe,978-955-31-2954-3,Novel,Colombo,33.6,5.97,179,4.24,21.13,10.3,9.1,70,88.74,85.0,High Demand
2025-06,BK001,Ape Gama,Martin Wickramasinghe,978-955-31-2954-3,Novel,Galle,33.0,5.8,174,4.25,20.87,10.27,9.7,70,100.0,84.81,High Demand
2025-06,BK001,Ape Gama,Martin Wickramasinghe,978-955-31-2954-3,Novel,Kandy,38.3,5.87,176,4.24,21.83,10.43,10.2,70,85.58,83.94,High Demand
2025-06,BK002,Viragaya,Martin Wickramasinghe,978-955-1234-01-2,Novel,Colombo,40.8,4.33,130,3.91,17.07,8.63,9.1,70,41.35,58.16,Moderate Demand
2025-06,BK002,Viragaya,Martin Wickramasinghe,978-955-1234-01-2,Novel,Galle,40.7,3.67,110,3.92,14.83,7.47,8.7,70,37.61,55.4,Moderate Demand
2025-06,BK002,Viragaya,Martin Wickramasinghe,978-955-1234-01-2,Novel,Kandy,37.7,4.3,129,3.92,15.97,7.23,9.2,70,42.99,64.08,Moderate Demand
2025-06,BK003,Gamperaliya,Martin Wickramasinghe,978-955-1234-02-9,Novel,Colombo,31.0,5.13,154,4.71,18.07,8.77,8.6,70,69.68,80.29,High Demand
2025-06,BK003,Gamperaliya,Martin Wickramasinghe,978-955-1234-02-9,Novel,Galle,33.1,5.67,170,4.7,19.73,9.07,6.9,70,88.15,85.78,High Demand
2025-06,BK003,Gamperaliya,Martin Wickramasinghe,978-955-1234-02-9,Novel,Kandy,34.4,4.93,148,4.71,17.8,8.97,7.2,70,61.99,78.83,High Demand
2025-06,BK004,Madol Duwa,Martin Wickramasinghe,978-955-1234-03-6,Children's,Colombo,36.8,5.33,160,3.94,19.33,9.43,7.7,60,69.08,67.11,Moderate Demand
2025-06,BK004,Madol Duwa,Martin Wickramasinghe,978-955-1234-03-6,Children's,Galle,39.5,5.13,154,3.93,19.0,9.33,7.4,60,83.64,74.02,High Demand
2025-06,BK004,Madol Duwa,Martin Wickramasinghe,978-955-1234-03-6,Children's,Kandy,35.7,6.0,180,3.94,21.37,10.2,8.5,60,100.0,81.61,High Demand
2025-06,BK005,Senkottan,Mahinda Prasad Masimbula,978-955-3031-15-8,Novel,Colombo,23.4,2.67,80,3.55,10.77,5.33,7.9,70,16.24,37.81,Low Demand
2025-06,BK005,Senkottan,Mahinda Prasad Masimbula,978-955-3031-15-8,Novel,Galle,26.9,2.77,83,3.53,10.27,4.93,8.8,70,18.83,39.85,Low Demand
2025-06,BK005,Senkottan,Mahinda Prasad Masimbula,978-955-3031-15-8,Novel,Kandy,33.6,3.0,90,3.56,12.97,6.23,7.1,70,0.0,37.29,Low Demand
2025-06,BK006,Malagiya Attho,Ediriweera Sarachchandra,978-955-9012-05-4,Novel,Colombo,29.0,6.87,206,3.78,24.0,10.8,6.6,70,100.0,86.04,High Demand
2025-06,BK006,Malagiya Attho,Ediriweera Sarachchandra,978-955-9012-05-4,Novel,Galle,30.6,5.77,173,3.78,20.93,10.57,7.6,70,86.13,80.67,High Demand
2025-06,BK006,Malagiya Attho,Ediriweera Sarachchandra,978-955-9012-05-4,Novel,Kandy,33.8,6.2,186,3.76,21.53,10.7,8.2,70,84.44,75.71,High Demand
2025-06,BK007,Amba Yaluwo,T. B. Ilangaratne,978-955-8877-66-5,Novel,Colombo,32.1,6.07,182,4.27,21.8,10.37,10.8,70,73.69,74.56,High Demand
2025-06,BK007,Amba Yaluwo,T. B. Ilangaratne,978-955-8877-66-5,Novel,Galle,28.6,3.97,119,4.28,15.3,7.37,9.2,70,57.57,64.97,Moderate Demand
2025-06,BK007,Amba Yaluwo,T. B. Ilangaratne,978-955-8877-66-5,Novel,Kandy,35.0,5.17,155,4.26,19.43,9.67,7.7,70,63.67,70.94,Moderate Demand
2025-06,BK008,Guru Geethaya,Chingiz Aitmatov (Trans.),978-955-6543-20-1,Translated Classic,Colombo,38.0,5.77,173,4.27,21.9,10.1,7.1,78,84.88,76.37,High Demand
2025-06,BK008,Guru Geethaya,Chingiz Aitmatov (Trans.),978-955-6543-20-1,Translated Classic,Galle,29.8,4.4,132,4.24,17.03,7.53,10.2,78,51.65,64.95,Moderate Demand
2025-06,BK008,Guru Geethaya,Chingiz Aitmatov (Trans.),978-955-6543-20-1,Translated Classic,Kandy,26.7,5.87,176,4.24,20.93,9.9,7.2,78,72.13,78.15,High Demand
2025-06,BK009,Sanda Gawa Gini,Sumithra Rahubadda,978-955-4422-33-7,Novel,Colombo,30.1,3.2,96,4.24,12.8,6.3,6.7,70,18.96,44.14,Low Demand
2025-06,BK009,Sanda Gawa Gini,Sumithra Rahubadda,978-955-4422-33-7,Novel,Galle,36.4,2.5,75,4.24,10.23,5.27,9.4,70,20.23,47.04,Low Demand
2025-06,BK009,Sanda Gawa Gini,Sumithra Rahubadda,978-955-4422-33-7,Novel,Kandy,35.4,3.17,95,4.25,13.57,6.5,7.4,70,12.59,40.97,Low Demand
2025-06,BK010,Karumakkarayo,Gunadasa Amarasekara,978-955-5678-10-1,Novel,Colombo,31.8,4.07,122,4.41,15.47,7.5,9.0,70,45.22,60.59,Moderate Demand
2025-06,BK010,Karumakkarayo,Gunadasa Amarasekara,978-955-5678-10-1,Novel,Galle,29.0,4.17,125,4.41,16.77,7.83,9.0,70,68.99,69.49,Moderate Demand
2025-06,BK010,Karumakkarayo,Gunadasa Amarasekara,978-955-5678-10-1,Novel,Kandy,31.4,3.97,119,4.38,14.47,7.2,7.0,70,56.37,70.01,Moderate Demand
2025-06,BK011,Yali Upannemi,Gunadasa Amarasekara,978-955-5678-11-8,Novel,Colombo,36.5,3.9,117,3.9,13.5,6.47,8.7,70,46.34,64.35,Moderate Demand
2025-06,BK011,Yali Upannemi,Gunadasa Amarasekara,978-955-5678-11-8,Novel,Galle,39.5,3.93,118,3.89,15.93,7.93,8.5,70,33.62,51.74,Low Demand
2025-06,BK011,Yali Upannemi,Gunadasa Amarasekara,978-955-5678-11-8,Novel,Kandy,25.4,3.53,106,3.89,13.37,6.4,8.1,70,23.29,53.2,Low Demand
2025-06,BK012,Vilambitha,Mahinda Prasad Masimbula,978-955-3031-16-5,Novel,Colombo,33.0,6.23,187,4.87,21.87,10.4,9.3,70,81.79,86.14,High Demand
2025-06,BK012,Vilambitha,Mahinda Prasad Masimbula,978-955-3031-16-5,Novel,Galle,30.8,5.53,166,4.87,20.57,9.73,7.6,70,94.34,83.4,High Demand
2025-06,BK012,Vilambitha,Mahinda Prasad Masimbula,978-955-3031-16-5,Novel,Kandy,33.6,5.77,173,4.88,21.83,10.03,8.0,70,81.9,82.48,High Demand
2025-06,BK013,Kaliyugaya,Martin Wickramasinghe,978-955-1234-04-3,Novel,Colombo,33.7,4.5,135,4.17,17.6,8.83,6.9,70,47.11,60.74,Moderate Demand
2025-06,BK013,Kaliyugaya,Martin Wickramasinghe,978-955-1234-04-3,Novel,Galle,33.9,6.07,182,4.16,20.83,9.97,8.0,70,100.0,83.82,High Demand
2025-06,BK013,Kaliyugaya,Martin Wickramasinghe,978-955-1234-04-3,Novel,Kandy,35.8,5.77,173,4.17,21.37,9.67,10.0,70,69.88,76.07,High Demand
2025-06,BK014,Yuganthaya,Martin Wickramasinghe,978-955-1234-05-0,Novel,Colombo,30.6,5.47,164,3.95,21.47,10.37,8.6,70,86.28,81.41,High Demand
2025-06,BK014,Yuganthaya,Martin Wickramasinghe,978-955-1234-05-0,Novel,Galle,30.5,5.77,173,3.94,21.93,10.77,7.6,70,92.62,81.4,High Demand
2025-06,BK014,Yuganthaya,Martin Wickramasinghe,978-955-1234-05-0,Novel,Kandy,31.0,5.8,174,3.95,20.4,10.03,12.4,70,86.74,78.51,High Demand
2025-06,BK015,Bavatharanaya,Martin Wickramasinghe,978-955-1234-06-7,Novel,Colombo,36.5,4.6,138,4.17,18.0,8.27,7.1,70,54.12,65.96,Moderate Demand
2025-06,BK015,Bavatharanaya,Martin Wickramasinghe,978-955-1234-06-7,Novel,Galle,26.1,2.97,89,4.19,12.5,6.1,8.0,70,30.63,51.89,Low Demand
2025-06,BK015,Bavatharanaya,Martin Wickramasinghe,978-955-1234-06-7,Novel,Kandy,34.5,4.1,123,4.18,15.43,7.37,7.8,70,51.27,65.38,Moderate Demand
2025-06,BK016,Lolita,Vladimir Nabokov (Trans.),978-955-3022-10-1,Translated Classic,Colombo,26.9,3.27,98,4.43,13.63,6.63,8.1,78,16.37,50.54,Low Demand
2025-06,BK016,Lolita,Vladimir Nabokov (Trans.),978-955-3022-10-1,Translated Classic,Galle,30.7,2.77,83,4.43,12.23,5.9,8.0,78,17.25,49.93,Low Demand
2025-06,BK016,Lolita,Vladimir Nabokov (Trans.),978-955-3022-10-1,Translated Classic,Kandy,36.6,2.9,87,4.44,11.87,5.67,7.7,78,16.84,56.57,Moderate Demand
2025-06,BK017,Aprasanna Kathavak,Karunasena Jayalath,978-955-1100-33-5,Novel,Colombo,31.4,4.37,131,4.09,17.67,8.97,8.6,70,49.24,63.09,Moderate Demand
2025-06,BK017,Aprasanna Kathavak,Karunasena Jayalath,978-955-1100-33-5,Novel,Galle,35.0,3.97,119,4.06,14.67,7.17,8.4,70,48.38,64.57,Moderate Demand
2025-06,BK017,Aprasanna Kathavak,Karunasena Jayalath,978-955-1100-33-5,Novel,Kandy,32.6,4.5,135,4.08,18.1,8.63,6.4,70,47.56,61.19,Moderate Demand
2025-06,BK018,Golu Hadawatha,Karunasena Jayalath,978-955-1100-34-2,Novel,Colombo,37.2,2.63,79,4.26,10.4,5.27,9.6,70,8.11,42.86,Low Demand
2025-06,BK018,Golu Hadawatha,Karunasena Jayalath,978-955-1100-34-2,Novel,Galle,27.3,2.4,72,4.28,10.97,5.57,8.6,70,8.91,49.93,Low Demand
2025-06,BK018,Golu Hadawatha,Karunasena Jayalath,978-955-1100-34-2,Novel,Kandy,33.1,2.63,79,4.26,11.27,5.87,9.9,70,1.53,51.59,Low Demand
2025-06,BK019,Gahanu Lamai,Karunasena Jayalath,978-955-1100-35-9,Novel,Colombo,31.3,5.7,171,3.83,21.57,10.4,8.5,70,92.99,84.15,High Demand
2025-06,BK019,Gahanu Lamai,Karunasena Jayalath,978-955-1100-35-9,Novel,Galle,31.9,5.07,152,3.82,19.6,8.57,8.1,70,79.83,80.99,High Demand
2025-06,BK019,Gahanu Lamai,Karunasena Jayalath,978-955-1100-35-9,Novel,Kandy,34.7,5.93,178,3.82,20.57,9.0,10.1,70,96.03,89.3,High Demand
2025-06,BK020,Kulakumariya,T. B. Ilangaratne,978-955-8877-67-2,Novel,Colombo,32.8,4.97,149,4.16,16.87,7.93,8.2,70,66.28,67.66,Moderate Demand
2025-06,BK020,Kulakumariya,T. B. Ilangaratne,978-955-8877-67-2,Novel,Galle,35.2,4.6,138,4.15,17.47,8.83,9.3,70,64.53,68.92,Moderate Demand
2025-06,BK020,Kulakumariya,T. B. Ilangaratne,978-955-8877-67-2,Novel,Kandy,38.6,5.23,157,4.16,18.07,8.73,6.9,70,71.43,79.45,High Demand
2025-06,BK021,Lasanda,T. B. Ilangaratne,978-955-8877-68-9,Novel,Colombo,32.7,4.8,144,4.43,19.07,9.4,6.9,70,66.27,69.46,Moderate Demand
2025-06,BK021,Lasanda,T. B. Ilangaratne,978-955-8877-68-9,Novel,Galle,27.3,4.57,137,4.43,18.6,8.4,9.5,70,70.37,76.95,High Demand
2025-06,BK021,Lasanda,T. B. Ilangaratne,978-955-8877-68-9,Novel,Kandy,33.6,5.43,163,4.44,19.7,9.3,8.1,70,68.45,70.83,Moderate Demand
2025-06,BK022,Maname,Ediriweera Sarachchandra,978-955-9012-06-1,Drama,Colombo,34.9,3.33,100,3.86,13.37,6.7,8.3,65,18.48,56.32,Moderate Demand
2025-06,BK022,Maname,Ediriweera Sarachchandra,978-955-9012-06-1,Drama,Galle,36.4,3.17,95,3.86,13.17,6.27,8.5,65,26.6,51.22,Low Demand
2025-06,BK022,Maname,Ediriweera Sarachchandra,978-955-9012-06-1,Drama,Kandy,30.9,3.4,102,3.87,13.3,6.47,8.4,65,21.5,46.81,Low Demand
2025-06,BK023,Sinhabahu,Ediriweera Sarachchandra,978-955-9012-07-8,Drama,Colombo,32.7,6.43,193,4.0,22.3,10.6,8.5,65,93.67,82.06,High Demand
2025-06,BK023,Sinhabahu,Ediriweera Sarachchandra,978-955-9012-07-8,Drama,Galle,32.7,6.13,184,4.02,22.03,10.27,8.1,65,94.39,84.63,High Demand
2025-06,BK023,Sinhabahu,Ediriweera Sarachchandra,978-955-9012-07-8,Drama,Kandy,33.7,6.57,197,4.01,23.1,10.33,9.1,65,100.0,91.06,High Demand
2025-06,BK024,Walmath Vee Atharaman Veemi,Simon Navagattegama,978-955-7733-11-2,Novel,Colombo,34.8,5.77,173,4.16,20.07,9.73,9.3,70,77.54,83.88,High Demand
2025-06,BK024,Walmath Vee Atharaman Veemi,Simon Navagattegama,978-955-7733-11-2,Novel,Galle,32.1,5.1,153,4.17,17.7,8.33,8.4,70,79.48,81.81,High Demand
2025-06,BK024,Walmath Vee Atharaman Veemi,Simon Navagattegama,978-955-7733-11-2,Novel,Kandy,31.9,6.27,188,4.17,22.6,11.1,7.5,70,99.06,92.55,High Demand
2025-06,BK025,Sansaranyaye Dadayakkara,Simon Navagattegama,978-955-7733-12-9,Novel,Colombo,31.3,5.97,179,3.27,20.4,9.87,8.9,70,85.44,78.46,High Demand
2025-06,BK025,Sansaranyaye Dadayakkara,Simon Navagattegama,978-955-7733-12-9,Novel,Galle,28.6,5.0,150,3.28,20.17,9.47,7.0,70,88.47,74.38,High Demand
2025-06,BK025,Sansaranyaye Dadayakkara,Simon Navagattegama,978-955-7733-12-9,Novel,Kandy,35.6,4.97,149,3.27,18.57,9.43,8.2,70,74.57,74.29,High Demand
2025-06,BK026,Kavikandarawa,Mahinda Prasad Masimbula,978-955-3031-17-2,Poetry,Colombo,32.4,3.0,90,4.39,12.67,6.47,9.1,50,7.23,42.12,Low Demand
2025-06,BK026,Kavikandarawa,Mahinda Prasad Masimbula,978-955-3031-17-2,Poetry,Galle,40.7,2.73,82,4.38,12.37,6.3,9.7,50,11.5,46.86,Low Demand
2025-06,BK026,Kavikandarawa,Mahinda Prasad Masimbula,978-955-3031-17-2,Poetry,Kandy,33.9,2.53,76,4.41,11.23,5.7,7.5,50,0.0,34.03,Low Demand
2025-06,BK027,Dodamlu Iwura,Sumithra Rahubadda,978-955-4422-34-4,Novel,Colombo,29.1,4.1,123,4.98,15.93,7.53,7.8,70,39.48,63.11,Moderate Demand
2025-06,BK027,Dodamlu Iwura,Sumithra Rahubadda,978-955-4422-34-4,Novel,Galle,33.4,3.73,112,4.98,15.43,7.07,7.0,70,40.73,58.59,Moderate Demand
2025-06,BK027,Dodamlu Iwura,Sumithra Rahubadda,978-955-4422-34-4,Novel,Kandy,30.4,4.6,138,4.97,16.87,8.23,7.6,70,59.39,73.52,High Demand
2025-06,BK028,Bumuthurunu,Sumithra Rahubadda,978-955-4422-35-1,Novel,Colombo,34.4,2.37,71,4.09,10.8,5.57,6.8,70,2.13,41.87,Low Demand
2025-06,BK028,Bumuthurunu,Sumithra Rahubadda,978-955-4422-35-1,Novel,Galle,35.7,2.7,81,4.08,11.47,5.77,9.1,70,12.27,53.71,Low Demand
2025-06,BK028,Bumuthurunu,Sumithra Rahubadda,978-955-4422-35-1,Novel,Kandy,34.0,2.73,82,4.07,11.63,5.6,7.7,70,4.79,35.42,Low Demand
2025-06,BK029,Podi Hamuduruwo,Sybil Wettasinghe,978-955-2011-44-3,Children's,Colombo,24.5,2.93,88,4.56,12.17,6.3,8.0,60,13.21,52.39,Low Demand
2025-06,BK029,Podi Hamuduruwo,Sybil Wettasinghe,978-955-2011-44-3,Children's,Galle,35.8,2.8,84,4.57,12.13,5.67,7.3,60,25.33,45.42,Low Demand
2025-06,BK029,Podi Hamuduruwo,Sybil Wettasinghe,978-955-2011-44-3,Children's,Kandy,34.2,3.13,94,4.57,12.87,6.17,6.9,60,24.25,49.63,Low Demand
2025-06,BK030,Kuda Hora,Sybil Wettasinghe,978-955-2011-45-0,Children's,Colombo,31.7,4.77,143,4.07,18.4,9.0,7.9,60,69.11,71.57,Moderate Demand
2025-06,BK030,Kuda Hora,Sybil Wettasinghe,978-955-2011-45-0,Children's,Galle,37.1,5.47,164,4.07,20.47,9.93,5.2,60,94.54,84.88,High Demand
2025-06,BK030,Kuda Hora,Sybil Wettasinghe,978-955-2011-45-0,Children's,Kandy,30.7,4.97,149,4.05,18.0,8.4,8.7,60,72.62,70.94,Moderate Demand
2025-06,BK031,Maria Cylonica,P. B. Jayasekara,978-955-6611-22-3,Novel,Colombo,30.1,4.6,138,3.87,17.0,8.3,7.8,70,61.72,71.94,High Demand
2025-06,BK031,Maria Cylonica,P. B. Jayasekara,978-955-6611-22-3,Novel,Galle,31.6,5.17,155,3.84,20.03,9.83,7.7,70,86.44,83.15,High Demand
2025-06,BK031,Maria Cylonica,P. B. Jayasekara,978-955-6611-22-3,Novel,Kandy,31.3,4.57,137,3.87,16.97,8.37,9.1,70,53.9,64.42,Moderate Demand
2025-06,BK032,Atawaka Putthu,Liyanage Amarakeerthi,978-955-3044-55-4,Novel,Colombo,30.3,6.8,204,4.24,24.07,10.77,7.7,70,96.06,88.03,High Demand
2025-06,BK032,Atawaka Putthu,Liyanage Amarakeerthi,978-955-3044-55-4,Novel,Galle,38.5,5.43,163,4.23,20.4,9.33,8.1,70,86.96,84.16,High Demand
2025-06,BK032,Atawaka Putthu,Liyanage Amarakeerthi,978-955-3044-55-4,Novel,Kandy,33.4,6.83,205,4.23,24.9,11.2,8.1,70,92.51,91.45,High Demand
2025-06,BK033,Kurulu Hadawatha,Liyanage Amarakeerthi,978-955-3044-56-1,Novel,Colombo,24.1,4.23,127,3.53,16.17,7.43,8.7,70,49.63,66.69,Moderate Demand
2025-06,BK033,Kurulu Hadawatha,Liyanage Amarakeerthi,978-955-3044-56-1,Novel,Galle,31.9,2.8,84,3.56,10.7,5.47,7.6,70,17.0,37.18,Low Demand
2025-06,BK033,Kurulu Hadawatha,Liyanage Amarakeerthi,978-955-3044-56-1,Novel,Kandy,32.0,3.47,104,3.55,14.33,6.93,8.2,70,37.18,52.85,Low Demand
2025-06,BK034,Gini Avi saha Gini Keli,Anura Horatious,978-955-9988-11-2,Novel,Colombo,36.5,4.43,133,3.73,16.83,7.9,8.7,70,42.71,55.25,Moderate Demand
2025-06,BK034,Gini Avi saha Gini Keli,Anura Horatious,978-955-9988-11-2,Novel,Galle,37.9,4.47,134,3.73,17.57,8.47,9.4,70,55.38,62.59,Moderate Demand
2025-06,BK034,Gini Avi saha Gini Keli,Anura Horatious,978-955-9988-11-2,Novel,Kandy,26.5,4.07,122,3.74,16.17,7.87,8.8,70,52.22,61.87,Moderate Demand
2025-06,BK035,Daskon,Wimalaratne Kumaragama,978-955-2233-44-5,Poetry,Colombo,31.7,4.33,130,4.44,16.77,8.23,7.3,50,43.51,56.61,Moderate Demand
2025-06,BK035,Daskon,Wimalaratne Kumaragama,978-955-2233-44-5,Poetry,Galle,34.6,4.0,120,4.41,15.23,7.5,9.2,50,58.91,72.3,High Demand
2025-06,BK035,Daskon,Wimalaratne Kumaragama,978-955-2233-44-5,Poetry,Kandy,38.9,4.13,124,4.42,16.73,8.2,9.7,50,53.11,68.76,Moderate Demand
2025-06,BK036,Pethigomara,K. Jayatillake,978-955-1555-11-0,Novel,Colombo,27.2,3.5,105,4.18,14.63,7.23,7.8,70,37.3,59.08,Moderate Demand
2025-06,BK036,Pethigomara,K. Jayatillake,978-955-1555-11-0,Novel,Galle,31.1,2.47,74,4.18,10.63,5.03,10.2,70,7.55,43.58,Low Demand
2025-06,BK036,Pethigomara,K. Jayatillake,978-955-1555-11-0,Novel,Kandy,28.1,3.3,99,4.17,12.63,6.17,8.2,70,29.34,52.6,Low Demand
2025-06,BK037,Charitha Thunak,K. Jayatillake,978-955-1555-12-7,Novel,Colombo,33.9,3.3,99,3.92,12.37,6.17,8.6,70,11.73,48.73,Low Demand
2025-06,BK037,Charitha Thunak,K. Jayatillake,978-955-1555-12-7,Novel,Galle,29.9,2.87,86,3.92,10.7,4.7,8.5,70,25.01,52.33,Low Demand
2025-06,BK037,Charitha Thunak,K. Jayatillake,978-955-1555-12-7,Novel,Kandy,31.7,2.17,65,3.92,9.83,4.77,9.5,70,1.32,33.7,Low Demand
2025-06,BK038,Parajithayo,Siri Gunasinghe,978-955-1100-23-6,Novel,Colombo,39.0,3.97,119,4.35,14.5,7.03,9.8,70,44.6,61.68,Moderate Demand
2025-06,BK038,Parajithayo,Siri Gunasinghe,978-955-1100-23-6,Novel,Galle,35.3,3.87,116,4.34,15.53,7.4,7.6,70,47.96,64.83,Moderate Demand
2025-06,BK038,Parajithayo,Siri Gunasinghe,978-955-1100-23-6,Novel,Kandy,32.5,4.17,125,4.34,16.13,8.1,9.4,70,36.07,54.05,Low Demand
2025-06,BK039,Rosa Malak Mata Denna,Shanthi Dissanayake,978-955-6677-88-1,Novel,Colombo,37.9,3.17,95,4.84,12.8,6.63,8.1,70,15.1,42.51,Low Demand
2025-06,BK039,Rosa Malak Mata Denna,Shanthi Dissanayake,978-955-6677-88-1,Novel,Galle,27.4,2.73,82,4.82,11.4,5.9,10.2,70,10.45,46.18,Low Demand
2025-06,BK039,Rosa Malak Mata Denna,Shanthi Dissanayake,978-955-6677-88-1,Novel,Kandy,33.0,3.3,99,4.83,12.93,6.2,6.4,70,37.11,61.49,Moderate Demand
2025-06,BK040,Paradal,Shanthi Dissanayake,978-955-6677-89-8,Novel,Colombo,27.1,4.37,131,4.15,17.1,8.13,7.3,70,50.66,55.39,Moderate Demand
2025-06,BK040,Paradal,Shanthi Dissanayake,978-955-6677-89-8,Novel,Galle,38.6,4.9,147,4.14,19.33,9.23,7.0,70,79.76,83.15,High Demand
2025-06,BK040,Paradal,Shanthi Dissanayake,978-955-6677-89-8,Novel,Kandy,37.3,4.93,148,4.14,19.17,9.43,7.6,70,58.18,72.53,High Demand
2025-06,BK041,Girikulu,Shanthi Dissanayake,978-955-6677-90-4,Novel,Colombo,35.8,3.6,108,3.95,14.63,7.3,8.2,70,33.69,54.45,Low Demand
2025-06,BK041,Girikulu,Shanthi Dissanayake,978-955-6677-90-4,Novel,Galle,33.4,4.0,120,3.96,14.2,7.2,8.4,70,51.09,62.46,Moderate Demand
2025-06,BK041,Girikulu,Shanthi Dissanayake,978-955-6677-90-4,Novel,Kandy,34.5,4.5,135,3.95,17.07,8.13,7.7,70,43.18,64.88,Moderate Demand
2025-06,BK042,Sakkarang,Prasanna Vithanage (Adapt.),978-955-3322-11-9,Drama,Colombo,35.3,6.4,192,3.58,24.2,11.07,8.7,65,100.0,84.29,High Demand
2025-06,BK042,Sakkarang,Prasanna Vithanage (Adapt.),978-955-3322-11-9,Drama,Galle,33.7,6.13,184,3.57,21.43,10.0,6.5,65,100.0,84.36,High Demand
2025-06,BK042,Sakkarang,Prasanna Vithanage (Adapt.),978-955-3322-11-9,Drama,Kandy,35.4,6.37,191,3.56,20.93,9.93,9.1,65,100.0,87.38,High Demand
2025-06,BK043,Bhatti,Edward Mallawaarachchi,978-955-5544-33-2,Novel,Colombo,34.6,5.23,157,4.14,18.67,9.03,8.4,70,81.65,67.72,Moderate Demand
2025-06,BK043,Bhatti,Edward Mallawaarachchi,978-955-5544-33-2,Novel,Galle,33.3,3.93,118,4.14,16.53,7.77,6.7,70,43.66,62.77,Moderate Demand
2025-06,BK043,Bhatti,Edward Mallawaarachchi,978-955-5544-33-2,Novel,Kandy,31.9,6.03,181,4.14,18.6,8.97,9.7,70,87.75,84.25,High Demand
2025-06,BK044,Sihina Kumari,Edward Mallawaarachchi,978-955-5544-34-9,Novel,Colombo,36.3,2.97,89,4.33,12.07,6.03,5.8,70,4.72,50.91,Low Demand
2025-06,BK044,Sihina Kumari,Edward Mallawaarachchi,978-955-5544-34-9,Novel,Galle,26.8,3.13,94,4.32,12.57,6.6,9.9,70,30.13,57.47,Moderate Demand
2025-06,BK044,Sihina Kumari,Edward Mallawaarachchi,978-955-5544-34-9,Novel,Kandy,30.6,3.63,109,4.32,15.07,6.83,9.2,70,31.33,59.07,Moderate Demand
2025-06,BK045,Adaraneeya Wasthuwe,Upul Shantha Sannasgala,978-955-8811-22-5,Novel,Colombo,32.4,6.17,185,4.0,21.47,10.27,9.4,70,93.37,83.91,High Demand
2025-06,BK045,Adaraneeya Wasthuwe,Upul Shantha Sannasgala,978-955-8811-22-5,Novel,Galle,34.9,4.7,141,3.98,17.77,8.7,9.2,70,73.75,85.16,High Demand
2025-06,BK045,Adaraneeya Wasthuwe,Upul Shantha Sannasgala,978-955-8811-22-5,Novel,Kandy,33.8,6.03,181,3.99,23.1,10.67,7.2,70,80.12,73.04,High Demand
2025-06,BK046,Warna,Upul Shantha Sannasgala,978-955-8811-23-2,Poetry,Colombo,32.5,4.97,149,4.65,18.6,9.0,6.9,50,60.65,59.43,Moderate Demand
2025-06,BK046,Warna,Upul Shantha Sannasgala,978-955-8811-23-2,Poetry,Galle,33.7,5.2,156,4.66,20.4,9.57,8.1,50,84.03,78.65,High Demand
2025-06,BK046,Warna,Upul Shantha Sannasgala,978-955-8811-23-2,Poetry,Kandy,36.5,5.63,169,4.66,20.63,9.4,7.1,50,69.76,79.06,High Demand
2025-06,BK047,Amma,Maxim Gorky (Trans.),978-955-6655-44-1,Translated Classic,Colombo,30.1,4.23,127,4.46,15.6,7.67,7.6,78,40.89,69.85,Moderate Demand
2025-06,BK047,Amma,Maxim Gorky (Trans.),978-955-6655-44-1,Translated Classic,Galle,36.3,3.8,114,4.47,15.03,7.33,7.6,78,20.22,47.75,Low Demand
2025-06,BK047,Amma,Maxim Gorky (Trans.),978-955-6655-44-1,Translated Classic,Kandy,31.9,3.7,111,4.46,14.6,6.9,8.1,78,41.44,53.47,Low Demand
2025-06,BK048,Anna Karenina,Leo Tolstoy (Trans.),978-955-6655-45-8,Translated Classic,Colombo,37.3,3.7,111,4.34,15.87,8.03,8.7,78,20.89,44.93,Low Demand
2025-06,BK048,Anna Karenina,Leo Tolstoy (Trans.),978-955-6655-45-8,Translated Classic,Galle,34.3,3.6,108,4.38,14.97,7.87,7.0,78,37.26,57.75,Moderate Demand
2025-06,BK048,Anna Karenina,Leo Tolstoy (Trans.),978-955-6655-45-8,Translated Classic,Kandy,27.4,3.67,110,4.36,14.87,7.33,7.0,78,40.14,59.48,Moderate Demand
2025-06,BK049,Post-Modernism,Various,978-955-1212-12-1,Academic,Colombo,26.8,4.93,148,3.84,17.47,8.23,7.1,45,71.15,68.76,Moderate Demand
2025-06,BK049,Post-Modernism,Various,978-955-1212-12-1,Academic,Galle,27.8,5.4,162,3.85,20.4,9.5,9.7,45,85.71,72.54,High Demand
2025-06,BK049,Post-Modernism,Various,978-955-1212-12-1,Academic,Kandy,31.6,6.13,184,3.84,23.13,11.23,9.0,45,80.66,77.72,High Demand
2025-06,BK050,Mahavamsa,Mahanama Thera,978-955-0011-22-3,Historical/Religious,Colombo,31.3,2.7,81,4.31,10.87,5.43,9.2,55,2.7,44.02,Low Demand
2025-06,BK050,Mahavamsa,Mahanama Thera,978-955-0011-22-3,Historical/Religious,Galle,24.8,2.97,89,4.32,11.47,5.8,10.9,55,42.0,56.41,Moderate Demand
2025-06,BK050,Mahavamsa,Mahanama Thera,978-955-0011-22-3,Historical/Religious,Kandy,32.2,2.7,81,4.32,9.93,4.97,7.7,55,10.47,49.38,Low Demand
2025-06,BK051,Saddharmaratnavaliya,Dharmasena Thera,978-955-0011-23-0,Historical/Religious,Colombo,29.4,3.17,95,4.0,13.77,6.67,8.0,55,17.1,35.93,Low Demand
2025-06,BK051,Saddharmaratnavaliya,Dharmasena Thera,978-955-0011-23-0,Historical/Religious,Galle,39.1,2.83,85,4.0,12.3,5.77,9.4,55,20.24,50.82,Low Demand
2025-06,BK051,Saddharmaratnavaliya,Dharmasena Thera,978-955-0011-23-0,Historical/Religious,Kandy,27.9,3.03,91,4.01,12.23,5.9,7.1,55,23.1,45.56,Low Demand
2025-06,BK052,අනාගත අහස,මාර්ටින් වික්‍රමසිංහ (පරිවර්තනය),978-147-1385-34-4,Historical/Religious,Colombo,40.2,1.83,55,4.64,9.7,4.5,9.1,55,10.07,49.93,Low Demand
2025-06,BK052,අනාගත අහස,මාර්ටින් වික්‍රමසිංහ (පරිවර්තනය),978-147-1385-34-4,Historical/Religious,Galle,32.0,1.9,57,4.63,8.87,4.5,9.7,55,0.02,38.66,Low Demand
2025-06,BK052,අනාගත අහස,මාර්ටින් වික්‍රමසිංහ (පරිවර්තනය),978-147-1385-34-4,Historical/Religious,Kandy,28.8,2.5,75,4.62,11.1,5.67,8.0,55,12.03,38.04,Low Demand
2025-06,BK053,මිටියාවත සහ කාලය,"ජෝන් ෂෝර්ස් (John Shors), පරිවර්තනය: ප්‍රදීප් කුමාර බාලසූරිය (Translation: Pradeep Kumara Balasuriya)",978-976-3071-42-3,Horror,Colombo,33.0,5.6,168,4.61,20.67,9.6,7.1,68,87.3,82.23,High Demand
2025-06,BK053,මිටියාවත සහ කාලය,"ජෝන් ෂෝර්ස් (John Shors), පරිවර්තනය: ප්‍රදීප් කුමාර බාලසූරිය (Translation: Pradeep Kumara Balasuriya)",978-976-3071-42-3,Horror,Galle,30.0,5.2,156,4.62,19.1,9.23,6.7,68,83.5,81.54,High Demand
2025-06,BK053,මිටියාවත සහ කාලය,"ජෝන් ෂෝර්ස් (John Shors), පරිවර්තනය: ප්‍රදීප් කුමාර බාලසූරිය (Translation: Pradeep Kumara Balasuriya)",978-976-3071-42-3,Horror,Kandy,32.5,6.5,195,4.6,23.2,10.23,6.7,68,98.53,99.28,High Demand
2025-06,BK054,රහස සහ කතාව,පවනි උමයංගනා (Pawani Umayangana),978-476-5849-54-7,Non-fiction,Colombo,31.4,5.33,160,4.65,19.4,9.33,6.1,52,71.46,69.45,Moderate Demand
2025-06,BK054,රහස සහ කතාව,පවනි උමයංගනා (Pawani Umayangana),978-476-5849-54-7,Non-fiction,Galle,32.8,4.47,134,4.66,16.4,8.63,10.6,52,64.65,61.69,Moderate Demand
2025-06,BK054,රහස සහ කතාව,පවනි උමයංගනා (Pawani Umayangana),978-476-5849-54-7,Non-fiction,Kandy,37.3,4.07,122,4.66,15.67,7.7,10.2,52,38.94,50.84,Low Demand
2025-06,BK055,ඇහි පියන් ඇහැරිලා (Ahi Piyan Aharila),මහින්ද ප්‍රසාද් මසිඹුල,978-955-098-003-1,Poetry,Colombo,29.1,4.67,140,4.22,18.83,9.13,9.0,50,70.32,70.5,Moderate Demand
2025-06,BK055,ඇහි පියන් ඇහැරිලා (Ahi Piyan Aharila),මහින්ද ප්‍රසාද් මසිඹුල,978-955-098-003-1,Poetry,Galle,27.8,4.03,121,4.23,16.13,8.17,9.1,50,68.09,67.09,Moderate Demand
2025-06,BK055,ඇහි පියන් ඇහැරිලා (Ahi Piyan Aharila),මහින්ද ප්‍රසාද් මසිඹුල,978-955-098-003-1,Poetry,Kandy,26.1,6.3,189,4.22,21.13,9.77,7.9,50,86.6,71.61,Moderate Demand
2025-06,BK056,ගමන සහ කාලය,ප්‍රේමකීර්ති රණතුංග,978-316-8963-96-1,Short Stories,Colombo,35.3,4.7,141,4.32,17.17,8.6,8.2,57,56.23,65.74,Moderate Demand
2025-06,BK056,ගමන සහ කාලය,ප්‍රේමකීර්ති රණතුංග,978-316-8963-96-1,Short Stories,Galle,29.4,4.47,134,4.31,17.0,8.1,8.9,57,77.3,76.49,High Demand
2025-06,BK056,ගමන සහ කාලය,ප්‍රේමකීර්ති රණතුංග,978-316-8963-96-1,Short Stories,Kandy,30.5,6.4,192,4.32,21.5,10.17,8.9,57,94.39,94.86,High Demand
2025-06,BK057,කොළඹ කන්ද,Michael Crichton (පරිවර්තනය: සුදත් රොහාන්),978-645-5531-58-3,Poetry,Colombo,30.1,4.77,143,3.95,17.03,8.43,7.1,50,51.59,50.37,Low Demand
2025-06,BK057,කොළඹ කන්ද,Michael Crichton (පරිවර්තනය: සුදත් රොහාන්),978-645-5531-58-3,Poetry,Galle,34.2,3.87,116,3.95,14.7,7.17,6.9,50,47.83,59.01,Moderate Demand
2025-06,BK057,කොළඹ කන්ද,Michael Crichton (පරිවර්තනය: සුදත් රොහාන්),978-645-5531-58-3,Poetry,Kandy,27.5,3.7,111,3.94,12.87,6.37,10.7,50,43.2,63.89,Moderate Demand
2025-06,BK058,වසන්තය සහ මිටියාවත,තරංගා දිසානායක,978-630-6739-38-7,Academic,Colombo,34.2,4.5,135,4.41,16.83,8.07,7.4,45,56.32,61.53,Moderate Demand
2025-06,BK058,වසන්තය සහ මිටියාවත,තරංගා දිසානායක,978-630-6739-38-7,Academic,Galle,33.6,5.43,163,4.41,19.83,9.3,9.3,45,78.8,75.33,High Demand
2025-06,BK058,වසන්තය සහ මිටියාවත,තරංගා දිසානායක,978-630-6739-38-7,Academic,Kandy,31.5,4.6,138,4.4,18.23,9.0,6.9,45,60.16,69.22,Moderate Demand
2025-06,BK059,370 යානයේ අබිරහස (370 Yanaye Abirahasa),භද්‍රජී මහින්ද ජයතිලක,978-624-6570-68-2,Mystery,Colombo,32.3,3.07,92,3.58,12.03,5.83,5.9,71,0.0,34.56,Low Demand
2025-06,BK059,370 යානයේ අබිරහස (370 Yanaye Abirahasa),භද්‍රජී මහින්ද ජයතිලක,978-624-6570-68-2,Mystery,Galle,28.6,2.93,88,3.57,12.2,5.7,10.9,71,25.48,44.06,Low Demand
2025-06,BK059,370 යානයේ අබිරහස (370 Yanaye Abirahasa),භද්‍රජී මහින්ද ජයතිලක,978-624-6570-68-2,Mystery,Kandy,34.5,3.13,94,3.59,12.27,5.8,9.0,71,21.95,40.03,Low Demand
2025-06,BK060,පර්සි ජැක්සන් සහ වංගිරියේ සටන,රික් රියෝඩන් (පරි. සවින්දි ආරියතිලක),978-955-697-089-0,Fantasy,Colombo,33.8,2.67,80,3.78,11.37,5.7,8.2,74,5.84,50.42,Low Demand
2025-06,BK060,පර්සි ජැක්සන් සහ වංගිරියේ සටන,රික් රියෝඩන් (පරි. සවින්දි ආරියතිලක),978-955-697-089-0,Fantasy,Galle,36.1,2.2,66,3.78,9.73,5.07,9.5,74,0.0,36.93,Low Demand
2025-06,BK060,පර්සි ජැක්සන් සහ වංගිරියේ සටන,රික් රියෝඩන් (පරි. සවින්දි ආරියතිලක),978-955-697-089-0,Fantasy,Kandy,24.7,2.77,83,3.77,10.93,5.37,8.1,74,5.55,53.56,Low Demand
2025-06,BK061,ආලෝකයේ සමිඳාණෝ (Alokaye Samindano - Lord of Light),රොජර් සෙලාස්නි - පරි. පුෂ්ප රංජන් විජේසිංහ,978-624-6570-11-8,Sci-Fi,Colombo,29.6,5.2,156,4.32,19.7,9.53,7.0,72,82.08,76.51,High Demand
2025-06,BK061,ආලෝකයේ සමිඳාණෝ (Alokaye Samindano - Lord of Light),රොජර් සෙලාස්නි - පරි. පුෂ්ප රංජන් විජේසිංහ,978-624-6570-11-8,Sci-Fi,Galle,28.6,5.07,152,4.3,18.73,8.9,8.2,72,72.73,79.97,High Demand
2025-06,BK061,ආලෝකයේ සමිඳාණෝ (Alokaye Samindano - Lord of Light),රොජර් සෙලාස්නි - පරි. පුෂ්ප රංජන් විජේසිංහ,978-624-6570-11-8,Sci-Fi,Kandy,34.9,5.23,157,4.3,19.13,9.3,9.5,72,87.57,82.93,High Demand
2025-06,BK062,මිනිසා සහ සෙවනැලි,"කර්ට් වොනෙගට් (Kurt Vonnegut), පරිවර්තනය: ගාමිණී වියන්ගොඩ (Translation: Gamini Viyangoda)",978-673-1310-88-3,Psychology,Colombo,33.9,4.2,126,4.28,16.3,8.27,8.8,58,44.5,56.59,Moderate Demand
2025-06,BK062,මිනිසා සහ සෙවනැලි,"කර්ට් වොනෙගට් (Kurt Vonnegut), පරිවර්තනය: ගාමිණී වියන්ගොඩ (Translation: Gamini Viyangoda)",978-673-1310-88-3,Psychology,Galle,38.0,3.8,114,4.28,13.9,6.93,9.7,58,38.46,58.02,Moderate Demand
2025-06,BK062,මිනිසා සහ සෙවනැලි,"කර්ට් වොනෙගට් (Kurt Vonnegut), පරිවර්තනය: ගාමිණී වියන්ගොඩ (Translation: Gamini Viyangoda)",978-673-1310-88-3,Psychology,Kandy,35.4,4.7,141,4.3,17.03,8.47,7.5,58,50.32,64.46,Moderate Demand
2025-06,BK063,හේඩීස්ගේ දෙවොල (Hadesge Devola),රික් රයෝර්ඩන් - පරි. රූපේනි මානිංගමුව,978-955-697-343-3,Young Adult,Colombo,36.2,4.77,143,4.41,17.3,8.23,7.3,66,69.82,83.31,High Demand
2025-06,BK063,හේඩීස්ගේ දෙවොල (Hadesge Devola),රික් රයෝර්ඩන් - පරි. රූපේනි මානිංගමුව,978-955-697-343-3,Young Adult,Galle,30.7,3.97,119,4.41,15.7,7.3,7.3,66,53.41,67.11,Moderate Demand
2025-06,BK063,හේඩීස්ගේ දෙවොල (Hadesge Devola),රික් රයෝර්ඩන් - පරි. රූපේනි මානිංගමුව,978-955-697-343-3,Young Adult,Kandy,34.4,5.0,150,4.43,19.27,9.63,7.1,66,70.03,72.0,High Demand
2025-06,BK064,2010,ආතර් සී. ක්ලාක් (පරිවර්තනය: චන්දන වීරසිංහ),978-624-5712-10-6,Sci-Fi,Colombo,29.1,6.17,185,3.83,22.7,11.17,7.7,72,92.47,80.11,High Demand
2025-06,BK064,2010,ආතර් සී. ක්ලාක් (පරිවර්තනය: චන්දන වීරසිංහ),978-624-5712-10-6,Sci-Fi,Galle,35.5,5.33,160,3.83,20.13,9.3,10.1,72,100.0,82.25,High Demand
2025-06,BK064,2010,ආතර් සී. ක්ලාක් (පරිවර්තනය: චන්දන වීරසිංහ),978-624-5712-10-6,Sci-Fi,Kandy,39.8,4.7,141,3.84,16.97,8.17,6.3,72,56.41,66.95,Moderate Demand
2025-06,BK065,මන්දාරම් රාත්‍රිය,ඩී. එම්. අනුර දිසානායක,978-624-5829-10-1,Mystery,Colombo,32.8,4.43,133,4.29,16.73,7.63,10.4,71,53.9,60.56,Moderate Demand
2025-06,BK065,මන්දාරම් රාත්‍රිය,ඩී. එම්. අනුර දිසානායක,978-624-5829-10-1,Mystery,Galle,36.3,3.9,117,4.28,15.83,7.63,10.5,71,43.6,64.3,Moderate Demand
2025-06,BK065,මන්දාරම් රාත්‍රිය,ඩී. එම්. අනුර දිසානායක,978-624-5829-10-1,Mystery,Kandy,35.4,4.6,138,4.29,17.57,8.0,5.7,71,61.42,72.15,High Demand
2025-06,BK066,පරණ මාලිගාව,ක්‍රිස් කුස්නෙස්කි (පරිවර්තනය),978-726-5125-19-4,Horror,Colombo,39.0,4.47,134,4.53,16.73,7.73,6.2,68,70.58,81.48,High Demand
2025-06,BK066,පරණ මාලිගාව,ක්‍රිස් කුස්නෙස්කි (පරිවර්තනය),978-726-5125-19-4,Horror,Galle,33.9,4.53,136,4.51,17.33,8.47,8.8,68,70.66,78.98,High Demand
2025-06,BK066,පරණ මාලිගාව,ක්‍රිස් කුස්නෙස්කි (පරිවර්තනය),978-726-5125-19-4,Horror,Kandy,29.8,4.57,137,4.51,18.1,8.6,10.6,68,56.97,75.36,High Demand
2025-06,BK067,අනාගතේ පැතිකඩක් (Profiles of the Future),ආතර් සී. ක්ලාක් (පරිවර්තනය: එස්. එම්. බන්දුසීල),978-624-5712-31-1,Sci-Fi,Colombo,33.5,4.6,138,4.9,17.0,8.33,8.9,72,61.58,82.35,High Demand
2025-06,BK067,අනාගතේ පැතිකඩක් (Profiles of the Future),ආතර් සී. ක්ලාක් (පරිවර්තනය: එස්. එම්. බන්දුසීල),978-624-5712-31-1,Sci-Fi,Galle,35.0,4.07,122,4.91,16.4,7.8,7.2,72,41.35,61.44,Moderate Demand
2025-06,BK067,අනාගතේ පැතිකඩක් (Profiles of the Future),ආතර් සී. ක්ලාක් (පරිවර්තනය: එස්. එම්. බන්දුසීල),978-624-5712-31-1,Sci-Fi,Kandy,35.7,4.0,120,4.91,17.3,8.03,6.3,72,56.84,70.61,Moderate Demand
2025-06,BK068,දඩයම් බල්ලෝ,පරිවර්තන නවකතා,978-624-5572-38-0,Thriller,Colombo,27.7,3.77,113,4.11,13.97,7.07,8.1,76,42.06,62.3,Moderate Demand
2025-06,BK068,දඩයම් බල්ලෝ,පරිවර්තන නවකතා,978-624-5572-38-0,Thriller,Galle,34.9,3.6,108,4.1,14.47,6.77,8.5,76,21.63,50.22,Low Demand
2025-06,BK068,දඩයම් බල්ලෝ,පරිවර්තන නවකතා,978-624-5572-38-0,Thriller,Kandy,31.1,3.7,111,4.11,14.1,6.97,7.8,76,36.68,51.5,Low Demand
2025-06,BK069,අදිසි අනතුර (Adisi Anathura - The Crash),ෆ්‍රීඩා මැක්ෆැඩන් - පරි. නයනතාරා පිලපිටිය,978-624-6570-48-4,Thriller,Colombo,40.7,2.8,84,4.33,12.0,6.13,9.0,76,19.91,49.24,Low Demand
2025-06,BK069,අදිසි අනතුර (Adisi Anathura - The Crash),ෆ්‍රීඩා මැක්ෆැඩන් - පරි. නයනතාරා පිලපිටිය,978-624-6570-48-4,Thriller,Galle,33.6,1.9,57,4.33,9.1,4.63,10.1,76,15.04,58.02,Moderate Demand
2025-06,BK069,අදිසි අනතුර (Adisi Anathura - The Crash),ෆ්‍රීඩා මැක්ෆැඩන් - පරි. නයනතාරා පිලපිටිය,978-624-6570-48-4,Thriller,Kandy,30.8,2.77,83,4.32,11.73,6.07,9.5,76,17.03,42.79,Low Demand
2025-06,BK070,Crown of Midnight,සාරා ජේ. මාස් (Sarah J. Maas),978-624-5663-48-4,Fantasy,Colombo,32.8,4.37,131,3.68,15.77,7.33,8.9,74,61.99,67.47,Moderate Demand
2025-06,BK070,Crown of Midnight,සාරා ජේ. මාස් (Sarah J. Maas),978-624-5663-48-4,Fantasy,Galle,30.4,4.27,128,3.67,17.3,8.4,8.1,74,60.51,64.12,Moderate Demand
2025-06,BK070,Crown of Midnight,සාරා ජේ. මාස් (Sarah J. Maas),978-624-5663-48-4,Fantasy,Kandy,36.1,3.97,119,3.67,15.3,7.87,7.9,74,58.7,69.71,Moderate Demand
2025-06,BK071,සුළං ගංගාව,පියදාස රත්නසිංහ (පරිවර්තනය),978-935-1789-28-8,Academic,Colombo,33.2,3.57,107,4.14,14.3,6.7,9.4,45,27.46,55.82,Moderate Demand
2025-06,BK071,සුළං ගංගාව,පියදාස රත්නසිංහ (පරිවර්තනය),978-935-1789-28-8,Academic,Galle,32.3,3.03,91,4.13,12.9,6.17,9.9,45,32.37,43.34,Low Demand
2025-06,BK071,සුළං ගංගාව,පියදාස රත්නසිංහ (පරිවර්තනය),978-935-1789-28-8,Academic,Kandy,34.5,3.23,97,4.13,12.97,6.6,7.7,45,24.3,44.15,Low Demand
2025-06,BK072,ගීතය සහ මාලිගාව,එරන්ද ගිනිගේ (Eranda Ginige),978-616-9581-88-7,Psychology,Colombo,37.5,4.1,123,4.44,16.9,8.17,10.2,58,37.59,61.29,Moderate Demand
2025-06,BK072,ගීතය සහ මාලිගාව,එරන්ද ගිනිගේ (Eranda Ginige),978-616-9581-88-7,Psychology,Galle,28.7,3.63,109,4.44,14.2,7.07,8.4,58,42.46,68.41,Moderate Demand
2025-06,BK072,ගීතය සහ මාලිගාව,එරන්ද ගිනිගේ (Eranda Ginige),978-616-9581-88-7,Psychology,Kandy,29.3,3.5,105,4.42,13.5,6.33,7.9,58,36.17,59.61,Moderate Demand
2025-06,BK073,ගමන සහ සෙවනැලි,"වික්ටෝරියා හෝල්ට් (Victoria Holt), පරිවර්තනය: කෝශලී සිරිචන්ද්‍ර (Translation: Koshalee Sirichandra)",978-477-2613-24-8,Horror,Colombo,30.2,6.07,182,4.11,21.2,10.53,7.3,68,90.05,80.56,High Demand
2025-06,BK073,ගමන සහ සෙවනැලි,"වික්ටෝරියා හෝල්ට් (Victoria Holt), පරිවර්තනය: කෝශලී සිරිචන්ද්‍ර (Translation: Koshalee Sirichandra)",978-477-2613-24-8,Horror,Galle,36.0,5.2,156,4.12,18.57,8.93,10.5,68,85.85,76.56,High Demand
2025-06,BK073,ගමන සහ සෙවනැලි,"වික්ටෝරියා හෝල්ට් (Victoria Holt), පරිවර්තනය: කෝශලී සිරිචන්ද්‍ර (Translation: Koshalee Sirichandra)",978-477-2613-24-8,Horror,Kandy,31.0,6.5,195,4.11,23.6,11.57,9.0,68,100.0,96.94,High Demand
2025-06,BK074,එවා මෙහේ බෑ මචං,පිනසිරි දඩල්ලගේ,978-955-97643-5-9,Non-fiction,Colombo,34.3,3.7,111,4.27,14.97,7.77,8.5,52,34.68,51.89,Low Demand
2025-06,BK074,එවා මෙහේ බෑ මචං,පිනසිරි දඩල්ලගේ,978-955-97643-5-9,Non-fiction,Galle,38.7,2.87,86,4.27,11.37,5.27,11.2,52,26.37,45.9,Low Demand
2025-06,BK074,එවා මෙහේ බෑ මචං,පිනසිරි දඩල්ලගේ,978-955-97643-5-9,Non-fiction,Kandy,33.8,3.8,114,4.27,15.47,7.97,8.7,52,35.62,49.44,Low Demand
2025-06,BK075,"හොල්මන්, ආවේශ සහ යළි උපත (You Cannot Die)",ඉයන් කරි (පරිවර්තනය: භද්‍රජි මහින්ද ජයතිලක),978-955-671-215-5,Psychology,Colombo,36.7,2.37,71,4.29,9.83,4.8,6.6,58,17.26,53.02,Low Demand
2025-06,BK075,"හොල්මන්, ආවේශ සහ යළි උපත (You Cannot Die)",ඉයන් කරි (පරිවර්තනය: භද්‍රජි මහින්ද ජයතිලක),978-955-671-215-5,Psychology,Galle,27.5,2.53,76,4.29,10.7,5.33,9.4,58,19.86,47.29,Low Demand
2025-06,BK075,"හොල්මන්, ආවේශ සහ යළි උපත (You Cannot Die)",ඉයන් කරි (පරිවර්තනය: භද්‍රජි මහින්ද ජයතිලක),978-955-671-215-5,Psychology,Kandy,31.8,2.3,69,4.28,10.0,5.13,7.8,58,17.7,44.56,Low Demand
2025-06,BK076,සෙංකොට්ටං (Senkottan),මහින්ද ප්‍රසාද් මසිඹුල,978-955-098-000-0,Novel,Colombo,32.0,3.63,109,3.7,14.17,6.73,10.6,70,38.08,60.97,Moderate Demand
2025-06,BK076,සෙංකොට්ටං (Senkottan),මහින්ද ප්‍රසාද් මසිඹුල,978-955-098-000-0,Novel,Galle,37.9,3.83,115,3.69,14.7,7.13,7.0,70,41.95,60.53,Moderate Demand
2025-06,BK076,සෙංකොට්ටං (Senkottan),මහින්ද ප්‍රසාද් මසිඹුල,978-955-098-000-0,Novel,Kandy,27.4,3.73,112,3.7,15.13,6.93,9.5,70,36.43,60.99,Moderate Demand
2025-06,BK077,අතීත මිටියාවත,ඊනිඩ් බ්ලයිටන් (Enid Blyton),978-845-3000-71-2,Children's,Colombo,27.2,4.07,122,4.2,14.8,7.37,7.8,60,48.86,55.6,Moderate Demand
2025-06,BK077,අතීත මිටියාවත,ඊනිඩ් බ්ලයිටන් (Enid Blyton),978-845-3000-71-2,Children's,Galle,25.1,3.37,101,4.19,13.93,6.73,8.4,60,30.27,51.24,Low Demand
2025-06,BK077,අතීත මිටියාවත,ඊනිඩ් බ්ලයිටන් (Enid Blyton),978-845-3000-71-2,Children's,Kandy,36.4,3.67,110,4.18,14.47,6.87,8.6,60,28.62,52.66,Low Demand
2025-06,BK078,සිහිනය සහ සෙවනැලි,"ස්ටෙෆනි ගාබර් (Stephanie Garber), පරිවර්තනය: කෝශලී සිරිචන්ද්‍ර (Translation: Koshalee Sirichandra)",978-748-7074-58-5,Historical/Religious,Colombo,35.9,4.8,144,4.36,18.73,9.17,12.1,55,69.58,67.06,Moderate Demand
2025-06,BK078,සිහිනය සහ සෙවනැලි,"ස්ටෙෆනි ගාබර් (Stephanie Garber), පරිවර්තනය: කෝශලී සිරිචන්ද්‍ර (Translation: Koshalee Sirichandra)",978-748-7074-58-5,Historical/Religious,Galle,33.1,5.13,154,4.36,19.07,8.97,7.4,55,77.36,72.0,High Demand
2025-06,BK078,සිහිනය සහ සෙවනැලි,"ස්ටෙෆනි ගාබර් (Stephanie Garber), පරිවර්තනය: කෝශලී සිරිචන්ද්‍ර (Translation: Koshalee Sirichandra)",978-748-7074-58-5,Historical/Religious,Kandy,33.0,5.8,174,4.37,21.47,9.9,9.2,55,76.47,78.4,High Demand
2025-06,BK079,හැරී පොටර් සහ රහස් කුටිය,ජේ. කේ. රෝලිං - පරි. අභය හේවාවසම්,978-955-573-623-7,Translation,Colombo,33.0,4.3,129,4.22,16.9,8.1,8.0,62,53.05,63.41,Moderate Demand
2025-06,BK079,හැරී පොටර් සහ රහස් කුටිය,ජේ. කේ. රෝලිං - පරි. අභය හේවාවසම්,978-955-573-623-7,Translation,Galle,35.3,4.5,135,4.23,15.47,7.5,9.1,62,60.78,80.57,High Demand
2025-06,BK079,හැරී පොටර් සහ රහස් කුටිය,ජේ. කේ. රෝලිං - පරි. අභය හේවාවසම්,978-955-573-623-7,Translation,Kandy,28.4,4.4,132,4.22,17.77,8.8,9.7,62,51.24,55.83,Moderate Demand
2025-06,BK080,විකෘති (Vikurthi),සෝමලතා සුබසිංහ,978-955-428-430-2,Drama,Colombo,34.3,6.47,194,4.34,21.53,9.9,7.1,65,100.0,90.5,High Demand
2025-06,BK080,විකෘති (Vikurthi),සෝමලතා සුබසිංහ,978-955-428-430-2,Drama,Galle,34.3,4.7,141,4.33,16.6,8.57,7.4,65,81.33,84.1,High Demand
2025-06,BK080,විකෘති (Vikurthi),සෝමලතා සුබසිංහ,978-955-428-430-2,Drama,Kandy,36.4,5.83,175,4.34,19.2,8.83,6.5,65,76.75,76.65,High Demand
2025-06,BK081,නැන්දම්මාගේ ඩයරිය,කල්පනා කස්තුරිආරච්චි,978-624-9695-78-8,Short Stories,Colombo,31.6,4.83,145,4.46,18.7,8.8,10.5,57,72.98,79.64,High Demand
2025-06,BK081,නැන්දම්මාගේ ඩයරිය,කල්පනා කස්තුරිආරච්චි,978-624-9695-78-8,Short Stories,Galle,27.6,4.73,142,4.44,17.77,8.03,7.0,57,72.43,72.45,High Demand
2025-06,BK081,නැන්දම්මාගේ ඩයරිය,කල්පනා කස්තුරිආරච්චි,978-624-9695-78-8,Short Stories,Kandy,30.7,5.8,174,4.44,21.6,9.83,7.5,57,85.44,82.01,High Demand
2025-06,BK082,හැරී පොටර් සහ අස්කබාන්හි සිරකරු,ජේ. කේ. රෝලිං - පරි. අභය හේවාවසම්,978-955-671-187-5,Translation,Colombo,28.9,4.17,125,4.19,15.73,7.73,7.3,62,42.37,60.57,Moderate Demand
2025-06,BK082,හැරී පොටර් සහ අස්කබාන්හි සිරකරු,ජේ. කේ. රෝලිං - පරි. අභය හේවාවසම්,978-955-671-187-5,Translation,Galle,32.2,4.23,127,4.2,16.63,7.73,8.4,62,55.53,72.03,High Demand
2025-06,BK082,හැරී පොටර් සහ අස්කබාන්හි සිරකරු,ජේ. කේ. රෝලිං - පරි. අභය හේවාවසම්,978-955-671-187-5,Translation,Kandy,35.4,3.97,119,4.2,14.47,7.37,9.0,62,47.23,62.64,Moderate Demand
2025-06,BK083,පර්සි ජැක්සන් සහ රාක්ෂ සයුර,රික් රියෝඩන් (පරි. සවින්දි ආරියතිලක),978-955-697-090-0,Fantasy,Colombo,37.3,5.93,178,3.81,21.07,9.83,7.7,74,92.63,86.29,High Demand
2025-06,BK083,පර්සි ජැක්සන් සහ රාක්ෂ සයුර,රික් රියෝඩන් (පරි. සවින්දි ආරියතිලක),978-955-697-090-0,Fantasy,Galle,36.3,5.7,171,3.81,20.33,9.93,9.0,74,91.02,74.49,High Demand
2025-06,BK083,පර්සි ජැක්සන් සහ රාක්ෂ සයුර,රික් රියෝඩන් (පරි. සවින්දි ආරියතිලක),978-955-697-090-0,Fantasy,Kandy,36.7,5.5,165,3.81,18.57,8.47,6.8,74,71.15,69.62,Moderate Demand
2025-06,BK084,විභාග ජය ගැනීමේ රහස (Vibhaga Jaya Ganeeme Rahasa),ප්‍රවීන් රන්දෙනිය,978-624-97120-5-0,Academic,Colombo,35.1,3.57,107,4.01,15.33,7.17,6.5,45,14.35,37.34,Low Demand
2025-06,BK084,විභාග ජය ගැනීමේ රහස (Vibhaga Jaya Ganeeme Rahasa),ප්‍රවීන් රන්දෙනිය,978-624-97120-5-0,Academic,Galle,28.1,2.63,79,4.01,12.43,5.8,9.5,45,7.11,32.42,Low Demand
2025-06,BK084,විභාග ජය ගැනීමේ රහස (Vibhaga Jaya Ganeeme Rahasa),ප්‍රවීන් රන්දෙනිය,978-624-97120-5-0,Academic,Kandy,35.1,2.87,86,4.02,11.6,5.8,8.4,45,10.97,41.34,Low Demand
2025-06,BK085,දික්තල කාලගෝල (Diktala Kalagola),පුණ්‍යසේන ගුණසිංහ,978-955-9377-71-9,Drama,Colombo,34.0,1.67,50,4.59,8.13,4.23,7.2,65,6.27,47.3,Low Demand
2025-06,BK085,දික්තල කාලගෝල (Diktala Kalagola),පුණ්‍යසේන ගුණසිංහ,978-955-9377-71-9,Drama,Galle,38.0,2.53,76,4.61,9.27,4.43,7.1,65,0.0,33.17,Low Demand
2025-06,BK085,දික්තල කාලගෝල (Diktala Kalagola),පුණ්‍යසේන ගුණසිංහ,978-955-9377-71-9,Drama,Kandy,31.1,2.0,60,4.61,9.4,4.83,7.9,65,0.21,45.31,Low Demand
2025-06,BK086,නැන්සි කෲ: ටෙඩි බෙයාර් අබිරහස,කැරොලයින් කීන්,978-955-657-006-8,Translation,Colombo,29.7,1.93,58,3.95,9.2,5.03,9.4,62,10.49,43.85,Low Demand
2025-06,BK086,නැන්සි කෲ: ටෙඩි බෙයාර් අබිරහස,කැරොලයින් කීන්,978-955-657-006-8,Translation,Galle,36.6,2.2,66,3.95,9.57,4.7,7.9,62,4.52,40.23,Low Demand
2025-06,BK086,නැන්සි කෲ: ටෙඩි බෙයාර් අබිරහස,කැරොලයින් කීන්,978-955-657-006-8,Translation,Kandy,25.8,2.77,83,3.97,10.93,5.33,9.2,62,3.09,39.78,Low Demand
2025-06,BK087,කතාව සහ සිහිනය,ක්‍රිස් කුස්නෙස්කි (පරිවර්තනය),978-566-9308-23-4,Short Stories,Colombo,33.6,5.13,154,4.23,20.43,9.4,9.3,57,74.7,71.36,Moderate Demand
2025-06,BK087,කතාව සහ සිහිනය,ක්‍රිස් කුස්නෙස්කි (පරිවර්තනය),978-566-9308-23-4,Short Stories,Galle,35.7,5.13,154,4.22,18.7,9.27,9.6,57,97.67,88.63,High Demand
2025-06,BK087,කතාව සහ සිහිනය,ක්‍රිස් කුස්නෙස්කි (පරිවර්තනය),978-566-9308-23-4,Short Stories,Kandy,40.4,5.4,162,4.25,20.87,10.5,10.5,57,76.04,85.37,High Demand
2025-06,BK088,අඹ යහළුවෝ,ටී. බී. ඉලංගරත්න,978-955-4682-00-9,Novel,Colombo,27.9,4.1,123,4.14,15.43,7.57,7.5,70,36.75,51.68,Low Demand
2025-06,BK088,අඹ යහළුවෝ,ටී. බී. ඉලංගරත්න,978-955-4682-00-9,Novel,Galle,31.6,3.47,104,4.13,14.37,7.0,7.9,70,37.0,44.05,Low Demand
2025-06,BK088,අඹ යහළුවෝ,ටී. බී. ඉලංගරත්න,978-955-4682-00-9,Novel,Kandy,40.6,5.23,157,4.14,20.17,9.17,6.1,70,69.75,73.98,High Demand
2025-06,BK089,මායා අහස,දිනිති තරුමිණි,978-222-3861-35-8,Young Adult,Colombo,31.0,3.37,101,4.33,12.83,6.53,9.8,66,7.35,42.68,Low Demand
2025-06,BK089,මායා අහස,දිනිති තරුමිණි,978-222-3861-35-8,Young Adult,Galle,31.1,2.8,84,4.33,12.0,5.6,7.6,66,5.9,40.92,Low Demand
2025-06,BK089,මායා අහස,දිනිති තරුමිණි,978-222-3861-35-8,Young Adult,Kandy,35.9,2.67,80,4.34,11.63,5.67,10.3,66,5.85,30.57,Low Demand
2025-06,BK090,අනාගත නගරය,පරිවර්තනය: චන්දන මෙන්ඩිස් (Chandana Mendis),978-587-7471-56-2,Drama,Colombo,30.2,5.4,162,4.24,20.3,9.47,7.5,65,74.19,61.48,Moderate Demand
2025-06,BK090,අනාගත නගරය,පරිවර්තනය: චන්දන මෙන්ඩිස් (Chandana Mendis),978-587-7471-56-2,Drama,Galle,26.0,4.63,139,4.26,17.07,8.43,6.9,65,74.83,80.92,High Demand
2025-06,BK090,අනාගත නගරය,පරිවර්තනය: චන්දන මෙන්ඩිස් (Chandana Mendis),978-587-7471-56-2,Drama,Kandy,31.7,3.47,104,4.26,13.4,6.73,7.6,65,29.96,55.16,Moderate Demand
2025-06,BK091,හැරී පොටර් සහ ෆීනික්ස් නිකාය,ජේ. කේ. රෝලිං - පරි. අභය හේවාවසම්,978-955-573-951-1,Translation,Colombo,32.7,2.83,85,4.13,11.07,5.43,9.5,62,0.0,31.25,Low Demand
2025-06,BK091,හැරී පොටර් සහ ෆීනික්ස් නිකාය,ජේ. කේ. රෝලිං - පරි. අභය හේවාවසම්,978-955-573-951-1,Translation,Galle,36.6,2.67,80,4.12,11.57,5.37,6.1,62,9.23,33.85,Low Demand
2025-06,BK091,හැරී පොටර් සහ ෆීනික්ස් නිකාය,ජේ. කේ. රෝලිං - පරි. අභය හේවාවසම්,978-955-573-951-1,Translation,Kandy,35.7,3.5,105,4.13,14.57,6.73,7.1,62,19.0,50.14,Low Demand
2025-06,BK092,සැඟවුණු රහස,රොජර් ලී මැක්බ්‍රයිඩ් (Roger Lea MacBride) - පරිවර්තනය: චිත්‍රා අමරසේකර,978-745-6661-48-1,Historical/Religious,Colombo,35.3,5.43,163,3.34,20.27,9.87,8.6,55,81.38,78.48,High Demand
2025-06,BK092,සැඟවුණු රහස,රොජර් ලී මැක්බ්‍රයිඩ් (Roger Lea MacBride) - පරිවර්තනය: චිත්‍රා අමරසේකර,978-745-6661-48-1,Historical/Religious,Galle,29.7,4.3,129,3.36,18.23,8.77,8.8,55,53.27,53.94,Low Demand
2025-06,BK092,සැඟවුණු රහස,රොජර් ලී මැක්බ්‍රයිඩ් (Roger Lea MacBride) - පරිවර්තනය: චිත්‍රා අමරසේකර,978-745-6661-48-1,Historical/Religious,Kandy,30.7,5.13,154,3.35,19.27,9.53,8.3,55,67.3,53.38,Low Demand
2025-06,BK093,සෙවනැලි සහ මාලිගාව,පරිවර්තනය: චන්දන මෙන්ඩිස් (Chandana Mendis),978-289-1737-32-0,Poetry,Colombo,33.4,4.07,122,4.05,15.37,7.5,8.9,50,42.58,57.05,Moderate Demand
2025-06,BK093,සෙවනැලි සහ මාලිගාව,පරිවර්තනය: චන්දන මෙන්ඩිස් (Chandana Mendis),978-289-1737-32-0,Poetry,Galle,34.5,3.53,106,4.04,13.9,6.43,10.2,50,28.1,53.88,Low Demand
2025-06,BK093,සෙවනැලි සහ මාලිගාව,පරිවර්තනය: චන්දන මෙන්ඩිස් (Chandana Mendis),978-289-1737-32-0,Poetry,Kandy,25.6,3.97,119,4.02,14.8,7.47,7.8,50,33.93,55.11,Moderate Demand
2025-06,BK094,නෙවර් ලයි (Never Lie),ෆ්‍රීඩා මැක්ෆැඩන් - පරි. තරුෂි නිරංගා ජයසිංහ,978-624-6570-46-0,Thriller,Colombo,37.9,3.37,101,4.26,13.33,6.57,7.1,76,18.74,44.92,Low Demand
2025-06,BK094,නෙවර් ලයි (Never Lie),ෆ්‍රීඩා මැක්ෆැඩන් - පරි. තරුෂි නිරංගා ජයසිංහ,978-624-6570-46-0,Thriller,Galle,31.5,4.1,123,4.26,15.37,7.6,8.6,76,58.8,78.25,High Demand
2025-06,BK094,නෙවර් ලයි (Never Lie),ෆ්‍රීඩා මැක්ෆැඩන් - පරි. තරුෂි නිරංගා ජයසිංහ,978-624-6570-46-0,Thriller,Kandy,31.9,4.07,122,4.26,15.3,7.47,8.6,76,45.62,56.1,Moderate Demand
2025-06,BK095,ප්‍රේම ගීතය,සමුද්‍ර වෙත්තසිංහ (Samudra Weththasingha),978-573-6220-40-5,Non-fiction,Colombo,36.5,3.23,97,3.75,12.6,6.37,8.3,52,17.11,41.11,Low Demand
2025-06,BK095,ප්‍රේම ගීතය,සමුද්‍ර වෙත්තසිංහ (Samudra Weththasingha),978-573-6220-40-5,Non-fiction,Galle,35.5,4.23,127,3.76,15.5,7.1,8.5,52,59.99,61.78,Moderate Demand
2025-06,BK095,ප්‍රේම ගීතය,සමුද්‍ර වෙත්තසිංහ (Samudra Weththasingha),978-573-6220-40-5,Non-fiction,Kandy,28.2,3.77,113,3.77,15.7,7.8,7.9,52,29.53,61.65,Moderate Demand
2025-06,BK096,පුද්ගලිකයි රහසිගතයි (The Secret Files of Sherlock Holmes),චන්දන මෙන්ඩිස් (පරිවර්තනය),955-97776-4-5,Mystery,Colombo,32.9,4.47,134,4.19,17.2,8.53,9.5,71,54.19,64.61,Moderate Demand
2025-06,BK096,පුද්ගලිකයි රහසිගතයි (The Secret Files of Sherlock Holmes),චන්දන මෙන්ඩිස් (පරිවර්තනය),955-97776-4-5,Mystery,Galle,31.4,4.47,134,4.17,16.73,7.87,7.6,71,62.34,75.0,High Demand
2025-06,BK096,පුද්ගලිකයි රහසිගතයි (The Secret Files of Sherlock Holmes),චන්දන මෙන්ඩිස් (පරිවර්තනය),955-97776-4-5,Mystery,Kandy,41.0,4.3,129,4.18,16.8,8.03,10.5,71,55.31,69.3,Moderate Demand
2025-06,BK097,පරණ කතාව,මාර්ටින් වික්‍රමසිංහ,978-528-5693-75-7,Children's,Colombo,31.8,3.93,118,4.89,15.5,7.57,7.2,60,35.96,54.33,Low Demand
2025-06,BK097,පරණ කතාව,මාර්ටින් වික්‍රමසිංහ,978-528-5693-75-7,Children's,Galle,34.7,3.87,116,4.88,14.33,7.23,11.0,60,52.94,74.28,High Demand
2025-06,BK097,පරණ කතාව,මාර්ටින් වික්‍රමසිංහ,978-528-5693-75-7,Children's,Kandy,32.6,4.1,123,4.89,15.33,7.8,6.1,60,39.34,65.17,Moderate Demand
2025-06,BK098,මාණික්කාවත (Manikkawatha),මහින්ද ප්‍රසාද් මසිඹුල,978-955-098-023-9,Novel,Colombo,28.1,2.63,79,4.14,11.97,6.07,7.9,70,3.82,42.4,Low Demand
2025-06,BK098,මාණික්කාවත (Manikkawatha),මහින්ද ප්‍රසාද් මසිඹුල,978-955-098-023-9,Novel,Galle,28.7,2.33,70,4.14,9.3,4.9,6.7,70,20.25,51.79,Low Demand
2025-06,BK098,මාණික්කාවත (Manikkawatha),මහින්ද ප්‍රසාද් මසිඹුල,978-955-098-023-9,Novel,Kandy,28.8,2.67,80,4.13,11.2,5.6,11.0,70,5.19,48.11,Low Demand
2025-06,BK099,ගංගාව සහ ගංගාව,"ජේම්ස් හැඩ්ලි චේස් (James Hadley Chase), පරිවර්තනය: එන්. ජී. විජේරත්න (Translation: N. G. Wijerathna)",978-493-2631-22-5,Children's,Colombo,36.6,3.7,111,4.44,14.53,6.87,7.9,60,29.41,55.77,Moderate Demand
2025-06,BK099,ගංගාව සහ ගංගාව,"ජේම්ස් හැඩ්ලි චේස් (James Hadley Chase), පරිවර්තනය: එන්. ජී. විජේරත්න (Translation: N. G. Wijerathna)",978-493-2631-22-5,Children's,Galle,26.4,2.4,72,4.43,10.53,5.03,9.9,60,2.19,45.47,Low Demand
2025-06,BK099,ගංගාව සහ ගංගාව,"ජේම්ස් හැඩ්ලි චේස් (James Hadley Chase), පරිවර්තනය: එන්. ජී. විජේරත්න (Translation: N. G. Wijerathna)",978-493-2631-22-5,Children's,Kandy,29.3,2.3,69,4.43,10.0,4.83,9.6,60,0.0,45.9,Low Demand
2025-06,BK100,රන් මතකය,ලසිත රවීන් උමගිලිය,978-825-3894-18-1,Young Adult,Colombo,28.9,6.53,196,3.8,23.17,11.53,7.7,66,91.1,82.88,High Demand
2025-06,BK100,රන් මතකය,ලසිත රවීන් උමගිලිය,978-825-3894-18-1,Young Adult,Galle,27.5,4.6,138,3.8,18.1,9.03,12.3,66,85.99,75.18,High Demand
2025-06,BK100,රන් මතකය,ලසිත රවීන් උමගිලිය,978-825-3894-18-1,Young Adult,Kandy,29.7,6.1,183,3.8,21.23,9.87,7.7,66,97.83,78.37,High Demand
2025-07,BK001,Ape Gama,Martin Wickramasinghe,978-955-31-2954-3,Novel,Colombo,30.7,4.45,138,4.25,17.0,8.52,8.8,70,63.4,70.5,Moderate Demand
2025-07,BK001,Ape Gama,Martin Wickramasinghe,978-955-31-2954-3,Novel,Galle,34.8,5.29,164,4.23,19.29,9.29,6.3,70,100.0,86.79,High Demand
2025-07,BK001,Ape Gama,Martin Wickramasinghe,978-955-31-2954-3,Novel,Kandy,30.1,5.55,172,4.24,19.74,9.0,7.3,70,84.69,85.79,High Demand
2025-07,BK002,Viragaya,Martin Wickramasinghe,978-955-1234-01-2,Novel,Colombo,33.3,3.94,122,3.92,13.9,7.06,7.2,70,43.35,62.33,Moderate Demand
2025-07,BK002,Viragaya,Martin Wickramasinghe,978-955-1234-01-2,Novel,Galle,32.2,4.03,125,3.9,16.0,8.03,9.0,70,58.14,71.88,High Demand
2025-07,BK002,Viragaya,Martin Wickramasinghe,978-955-1234-01-2,Novel,Kandy,37.7,4.06,126,3.93,15.71,7.26,8.5,70,34.83,56.48,Moderate Demand
2025-07,BK003,Gamperaliya,Martin Wickramasinghe,978-955-1234-02-9,Novel,Colombo,35.8,4.87,151,4.69,19.0,9.35,10.5,70,74.47,76.52,High Demand
2025-07,BK003,Gamperaliya,Martin Wickramasinghe,978-955-1234-02-9,Novel,Galle,32.5,5.0,155,4.71,19.42,8.81,9.0,70,86.17,83.25,High Demand
2025-07,BK003,Gamperaliya,Martin Wickramasinghe,978-955-1234-02-9,Novel,Kandy,32.3,5.97,185,4.71,21.97,10.94,6.4,70,94.88,91.53,High Demand
2025-07,BK004,Madol Duwa,Martin Wickramasinghe,978-955-1234-03-6,Children's,Colombo,32.0,5.39,167,3.96,21.03,10.0,9.6,60,82.69,73.63,High Demand
2025-07,BK004,Madol Duwa,Martin Wickramasinghe,978-955-1234-03-6,Children's,Galle,34.0,4.77,148,3.96,17.71,9.13,7.3,60,77.69,67.83,Moderate Demand
2025-07,BK004,Madol Duwa,Martin Wickramasinghe,978-955-1234-03-6,Children's,Kandy,34.8,5.71,177,3.95,20.23,9.81,10.8,60,82.12,76.71,High Demand
2025-07,BK005,Senkottan,Mahinda Prasad Masimbula,978-955-3031-15-8,Novel,Colombo,26.7,3.03,94,3.55,11.74,5.19,7.8,70,9.68,29.25,Low Demand
2025-07,BK005,Senkottan,Mahinda Prasad Masimbula,978-955-3031-15-8,Novel,Galle,35.1,2.29,71,3.54,9.42,4.55,7.6,70,0.0,28.43,Low Demand
2025-07,BK005,Senkottan,Mahinda Prasad Masimbula,978-955-3031-15-8,Novel,Kandy,43.8,2.58,80,3.54,10.81,5.58,8.5,70,5.65,36.26,Low Demand
2025-07,BK006,Malagiya Attho,Ediriweera Sarachchandra,978-955-9012-05-4,Novel,Colombo,36.1,6.19,192,3.77,21.84,10.26,9.1,70,90.0,90.6,High Demand
2025-07,BK006,Malagiya Attho,Ediriweera Sarachchandra,978-955-9012-05-4,Novel,Galle,35.0,4.94,153,3.77,17.1,8.45,7.7,70,89.96,83.75,High Demand
2025-07,BK006,Malagiya Attho,Ediriweera Sarachchandra,978-955-9012-05-4,Novel,Kandy,37.6,5.77,179,3.77,20.23,9.65,8.4,70,85.05,79.82,High Demand
2025-07,BK007,Amba Yaluwo,T. B. Ilangaratne,978-955-8877-66-5,Novel,Colombo,39.5,6.0,186,4.26,21.52,10.39,7.6,70,89.22,82.08,High Demand
2025-07,BK007,Amba Yaluwo,T. B. Ilangaratne,978-955-8877-66-5,Novel,Galle,36.1,4.77,148,4.27,17.35,8.06,7.9,70,100.0,98.73,High Demand
2025-07,BK007,Amba Yaluwo,T. B. Ilangaratne,978-955-8877-66-5,Novel,Kandy,38.0,5.03,156,4.26,18.52,8.48,8.3,70,56.64,66.34,Moderate Demand
2025-07,BK008,Guru Geethaya,Chingiz Aitmatov (Trans.),978-955-6543-20-1,Translated Classic,Colombo,29.6,5.19,161,4.24,19.03,9.1,9.0,78,84.59,87.54,High Demand
2025-07,BK008,Guru Geethaya,Chingiz Aitmatov (Trans.),978-955-6543-20-1,Translated Classic,Galle,27.9,3.87,120,4.25,15.58,7.61,7.5,78,48.3,65.45,Moderate Demand
2025-07,BK008,Guru Geethaya,Chingiz Aitmatov (Trans.),978-955-6543-20-1,Translated Classic,Kandy,32.2,5.94,184,4.26,20.81,9.52,8.5,78,100.0,93.71,High Demand
2025-07,BK009,Sanda Gawa Gini,Sumithra Rahubadda,978-955-4422-33-7,Novel,Colombo,37.8,2.03,63,4.24,9.87,4.65,6.8,70,10.08,39.23,Low Demand
2025-07,BK009,Sanda Gawa Gini,Sumithra Rahubadda,978-955-4422-33-7,Novel,Galle,40.9,2.39,74,4.24,9.68,4.9,8.3,70,2.79,39.23,Low Demand
2025-07,BK009,Sanda Gawa Gini,Sumithra Rahubadda,978-955-4422-33-7,Novel,Kandy,38.4,2.65,82,4.25,10.71,5.19,8.3,70,8.87,47.22,Low Demand
2025-07,BK010,Karumakkarayo,Gunadasa Amarasekara,978-955-5678-10-1,Novel,Colombo,32.0,4.58,142,4.4,16.68,8.23,7.5,70,62.36,75.32,High Demand
2025-07,BK010,Karumakkarayo,Gunadasa Amarasekara,978-955-5678-10-1,Novel,Galle,40.8,3.71,115,4.4,14.84,7.26,8.4,70,44.64,75.27,High Demand
2025-07,BK010,Karumakkarayo,Gunadasa Amarasekara,978-955-5678-10-1,Novel,Kandy,36.7,3.68,114,4.4,14.13,6.81,8.5,70,32.04,45.79,Low Demand
2025-07,BK011,Yali Upannemi,Gunadasa Amarasekara,978-955-5678-11-8,Novel,Colombo,37.4,3.1,96,3.92,12.52,6.13,8.9,70,24.84,45.53,Low Demand
2025-07,BK011,Yali Upannemi,Gunadasa Amarasekara,978-955-5678-11-8,Novel,Galle,36.9,3.0,93,3.9,11.71,5.71,6.8,70,27.53,44.69,Low Demand
2025-07,BK011,Yali Upannemi,Gunadasa Amarasekara,978-955-5678-11-8,Novel,Kandy,30.2,3.77,117,3.9,15.16,7.19,8.2,70,40.05,60.1,Moderate Demand
2025-07,BK012,Vilambitha,Mahinda Prasad Masimbula,978-955-3031-16-5,Novel,Colombo,36.8,5.23,162,4.86,18.81,8.87,10.2,70,84.14,90.76,High Demand
2025-07,BK012,Vilambitha,Mahinda Prasad Masimbula,978-955-3031-16-5,Novel,Galle,31.2,5.35,166,4.87,17.0,8.06,9.4,70,100.0,94.56,High Demand
2025-07,BK012,Vilambitha,Mahinda Prasad Masimbula,978-955-3031-16-5,Novel,Kandy,33.4,5.1,158,4.84,18.71,8.97,7.6,70,71.13,70.95,Moderate Demand
2025-07,BK013,Kaliyugaya,Martin Wickramasinghe,978-955-1234-04-3,Novel,Colombo,27.8,4.87,151,4.17,17.74,8.16,8.2,70,69.65,81.17,High Demand
2025-07,BK013,Kaliyugaya,Martin Wickramasinghe,978-955-1234-04-3,Novel,Galle,33.0,3.77,117,4.18,14.94,7.29,8.1,70,51.67,57.79,Moderate Demand
2025-07,BK013,Kaliyugaya,Martin Wickramasinghe,978-955-1234-04-3,Novel,Kandy,33.9,5.23,162,4.15,18.81,9.0,9.2,70,78.77,69.3,Moderate Demand
2025-07,BK014,Yuganthaya,Martin Wickramasinghe,978-955-1234-05-0,Novel,Colombo,32.8,5.42,168,3.97,21.0,9.87,8.8,70,100.0,93.55,High Demand
2025-07,BK014,Yuganthaya,Martin Wickramasinghe,978-955-1234-05-0,Novel,Galle,28.9,3.9,121,3.96,15.29,7.35,7.2,70,60.63,58.09,Moderate Demand
2025-07,BK014,Yuganthaya,Martin Wickramasinghe,978-955-1234-05-0,Novel,Kandy,36.5,5.55,172,3.97,21.42,10.03,8.9,70,82.21,79.35,High Demand
2025-07,BK015,Bavatharanaya,Martin Wickramasinghe,978-955-1234-06-7,Novel,Colombo,34.1,4.19,130,4.19,15.68,7.87,8.5,70,49.81,64.26,Moderate Demand
2025-07,BK015,Bavatharanaya,Martin Wickramasinghe,978-955-1234-06-7,Novel,Galle,40.7,4.03,125,4.18,16.06,7.58,9.5,70,65.83,81.13,High Demand
2025-07,BK015,Bavatharanaya,Martin Wickramasinghe,978-955-1234-06-7,Novel,Kandy,34.5,4.13,128,4.18,16.06,8.16,8.4,70,49.69,70.62,Moderate Demand
2025-07,BK016,Lolita,Vladimir Nabokov (Trans.),978-955-3022-10-1,Translated Classic,Colombo,29.6,3.32,103,4.45,13.58,6.71,8.9,78,30.72,55.85,Moderate Demand
2025-07,BK016,Lolita,Vladimir Nabokov (Trans.),978-955-3022-10-1,Translated Classic,Galle,26.2,3.52,109,4.43,14.29,6.81,8.5,78,36.95,56.42,Moderate Demand
2025-07,BK016,Lolita,Vladimir Nabokov (Trans.),978-955-3022-10-1,Translated Classic,Kandy,33.6,2.81,87,4.44,11.55,5.52,7.3,78,9.56,53.78,Low Demand
2025-07,BK017,Aprasanna Kathavak,Karunasena Jayalath,978-955-1100-33-5,Novel,Colombo,36.4,4.26,132,4.08,15.97,7.77,10.3,70,56.42,73.99,High Demand
2025-07,BK017,Aprasanna Kathavak,Karunasena Jayalath,978-955-1100-33-5,Novel,Galle,35.5,4.1,127,4.06,14.9,6.97,7.1,70,73.01,71.55,Moderate Demand
2025-07,BK017,Aprasanna Kathavak,Karunasena Jayalath,978-955-1100-33-5,Novel,Kandy,36.4,4.1,127,4.08,15.61,7.65,9.1,70,62.46,63.27,Moderate Demand
2025-07,BK018,Golu Hadawatha,Karunasena Jayalath,978-955-1100-34-2,Novel,Colombo,26.5,2.03,63,4.26,8.23,4.19,7.8,70,0.0,37.39,Low Demand
2025-07,BK018,Golu Hadawatha,Karunasena Jayalath,978-955-1100-34-2,Novel,Galle,33.5,2.32,72,4.27,10.19,4.9,7.9,70,1.84,44.55,Low Demand
2025-07,BK018,Golu Hadawatha,Karunasena Jayalath,978-955-1100-34-2,Novel,Kandy,33.5,2.65,82,4.27,11.23,5.94,9.2,70,7.98,39.74,Low Demand
2025-07,BK019,Gahanu Lamai,Karunasena Jayalath,978-955-1100-35-9,Novel,Colombo,31.2,5.0,155,3.83,20.39,9.81,8.3,70,87.04,73.95,High Demand
2025-07,BK019,Gahanu Lamai,Karunasena Jayalath,978-955-1100-35-9,Novel,Galle,32.4,4.68,145,3.83,17.81,8.19,7.1,70,100.0,95.92,High Demand
2025-07,BK019,Gahanu Lamai,Karunasena Jayalath,978-955-1100-35-9,Novel,Kandy,34.3,5.35,166,3.81,19.19,9.0,9.0,70,83.44,83.49,High Demand
2025-07,BK020,Kulakumariya,T. B. Ilangaratne,978-955-8877-67-2,Novel,Colombo,29.8,5.0,155,4.14,18.48,8.74,9.9,70,75.25,71.4,Moderate Demand
2025-07,BK020,Kulakumariya,T. B. Ilangaratne,978-955-8877-67-2,Novel,Galle,37.2,4.19,130,4.16,15.32,7.65,7.2,70,73.96,76.49,High Demand
2025-07,BK020,Kulakumariya,T. B. Ilangaratne,978-955-8877-67-2,Novel,Kandy,31.0,5.29,164,4.16,19.48,9.42,9.9,70,76.03,83.03,High Demand
2025-07,BK021,Lasanda,T. B. Ilangaratne,978-955-8877-68-9,Novel,Colombo,36.1,5.13,159,4.43,19.61,9.06,10.5,70,77.14,75.79,High Demand
2025-07,BK021,Lasanda,T. B. Ilangaratne,978-955-8877-68-9,Novel,Galle,33.3,5.1,158,4.42,18.71,9.13,8.6,70,97.68,79.49,High Demand
2025-07,BK021,Lasanda,T. B. Ilangaratne,978-955-8877-68-9,Novel,Kandy,31.0,6.19,192,4.43,22.61,10.26,7.7,70,100.0,94.58,High Demand
2025-07,BK022,Maname,Ediriweera Sarachchandra,978-955-9012-06-1,Drama,Colombo,31.9,4.19,130,3.86,16.29,7.81,6.2,65,67.57,63.52,Moderate Demand
2025-07,BK022,Maname,Ediriweera Sarachchandra,978-955-9012-06-1,Drama,Galle,32.0,3.13,97,3.87,12.77,6.0,7.3,65,45.44,61.34,Moderate Demand
2025-07,BK022,Maname,Ediriweera Sarachchandra,978-955-9012-06-1,Drama,Kandy,32.6,4.03,125,3.86,15.35,7.23,9.5,65,39.21,58.77,Moderate Demand
2025-07,BK023,Sinhabahu,Ediriweera Sarachchandra,978-955-9012-07-8,Drama,Colombo,37.7,6.03,187,4.0,21.26,10.55,7.9,65,96.72,87.16,High Demand
2025-07,BK023,Sinhabahu,Ediriweera Sarachchandra,978-955-9012-07-8,Drama,Galle,28.3,4.9,152,4.01,17.68,8.55,7.4,65,96.8,83.97,High Demand
2025-07,BK023,Sinhabahu,Ediriweera Sarachchandra,978-955-9012-07-8,Drama,Kandy,29.5,6.13,190,4.0,21.52,9.9,8.5,65,100.0,96.56,High Demand
2025-07,BK024,Walmath Vee Atharaman Veemi,Simon Navagattegama,978-955-7733-11-2,Novel,Colombo,39.1,5.16,160,4.17,19.16,9.29,8.6,70,89.15,82.83,High Demand
2025-07,BK024,Walmath Vee Atharaman Veemi,Simon Navagattegama,978-955-7733-11-2,Novel,Galle,34.2,5.45,169,4.17,18.52,8.74,6.9,70,96.36,83.85,High Demand
2025-07,BK024,Walmath Vee Atharaman Veemi,Simon Navagattegama,978-955-7733-11-2,Novel,Kandy,36.6,5.81,180,4.17,22.23,10.55,7.6,70,100.0,94.67,High Demand
2025-07,BK025,Sansaranyaye Dadayakkara,Simon Navagattegama,978-955-7733-12-9,Novel,Colombo,29.6,5.23,162,3.26,18.9,9.13,8.3,70,88.16,79.14,High Demand
2025-07,BK025,Sansaranyaye Dadayakkara,Simon Navagattegama,978-955-7733-12-9,Novel,Galle,34.0,4.13,128,3.29,15.97,8.06,7.9,70,63.64,54.36,Low Demand
2025-07,BK025,Sansaranyaye Dadayakkara,Simon Navagattegama,978-955-7733-12-9,Novel,Kandy,31.0,5.55,172,3.28,20.13,8.94,9.0,70,82.19,83.03,High Demand
2025-07,BK026,Kavikandarawa,Mahinda Prasad Masimbula,978-955-3031-17-2,Poetry,Colombo,38.7,3.45,107,4.4,13.77,7.06,9.4,50,37.86,56.91,Moderate Demand
2025-07,BK026,Kavikandarawa,Mahinda Prasad Masimbula,978-955-3031-17-2,Poetry,Galle,24.5,3.45,107,4.38,14.19,7.06,8.3,50,49.98,59.4,Moderate Demand
2025-07,BK026,Kavikandarawa,Mahinda Prasad Masimbula,978-955-3031-17-2,Poetry,Kandy,34.2,3.1,96,4.4,12.39,6.0,7.0,50,32.29,47.43,Low Demand
2025-07,BK027,Dodamlu Iwura,Sumithra Rahubadda,978-955-4422-34-4,Novel,Colombo,34.8,3.84,119,4.98,14.84,7.32,6.9,70,46.19,66.88,Moderate Demand
2025-07,BK027,Dodamlu Iwura,Sumithra Rahubadda,978-955-4422-34-4,Novel,Galle,24.8,3.87,120,4.98,14.94,7.23,8.4,70,53.05,66.32,Moderate Demand
2025-07,BK027,Dodamlu Iwura,Sumithra Rahubadda,978-955-4422-34-4,Novel,Kandy,35.7,3.13,97,4.98,13.58,6.45,10.3,70,13.56,48.56,Low Demand
2025-07,BK028,Bumuthurunu,Sumithra Rahubadda,978-955-4422-35-1,Novel,Colombo,31.4,2.42,75,4.07,10.58,5.13,6.8,70,7.82,39.83,Low Demand
2025-07,BK028,Bumuthurunu,Sumithra Rahubadda,978-955-4422-35-1,Novel,Galle,36.4,2.23,69,4.08,9.26,4.74,7.2,70,0.0,39.73,Low Demand
2025-07,BK028,Bumuthurunu,Sumithra Rahubadda,978-955-4422-35-1,Novel,Kandy,22.8,2.32,72,4.08,11.23,6.16,8.5,70,0.0,31.82,Low Demand
2025-07,BK029,Podi Hamuduruwo,Sybil Wettasinghe,978-955-2011-44-3,Children's,Colombo,38.3,3.45,107,4.59,13.74,6.74,8.9,60,40.85,61.51,Moderate Demand
2025-07,BK029,Podi Hamuduruwo,Sybil Wettasinghe,978-955-2011-44-3,Children's,Galle,24.6,2.71,84,4.58,11.71,5.55,7.9,60,31.7,56.79,Moderate Demand
2025-07,BK029,Podi Hamuduruwo,Sybil Wettasinghe,978-955-2011-44-3,Children's,Kandy,41.1,2.97,92,4.56,12.97,5.71,8.4,60,20.04,47.3,Low Demand
2025-07,BK030,Kuda Hora,Sybil Wettasinghe,978-955-2011-45-0,Children's,Colombo,31.6,4.48,139,4.06,17.19,7.97,11.3,60,62.95,72.9,High Demand
2025-07,BK030,Kuda Hora,Sybil Wettasinghe,978-955-2011-45-0,Children's,Galle,37.1,4.81,149,4.07,17.19,7.84,10.1,60,79.4,73.89,High Demand
2025-07,BK030,Kuda Hora,Sybil Wettasinghe,978-955-2011-45-0,Children's,Kandy,30.2,5.03,156,4.07,18.94,9.06,8.1,60,71.9,79.65,High Demand
2025-07,BK031,Maria Cylonica,P. B. Jayasekara,978-955-6611-22-3,Novel,Colombo,35.2,5.52,171,3.87,21.81,10.58,7.6,70,98.65,79.09,High Demand
2025-07,BK031,Maria Cylonica,P. B. Jayasekara,978-955-6611-22-3,Novel,Galle,35.1,4.9,152,3.86,17.58,8.45,8.4,70,77.89,65.91,Moderate Demand
2025-07,BK031,Maria Cylonica,P. B. Jayasekara,978-955-6611-22-3,Novel,Kandy,35.2,4.65,144,3.85,17.9,8.77,8.0,70,56.86,68.99,Moderate Demand
2025-07,BK032,Atawaka Putthu,Liyanage Amarakeerthi,978-955-3044-55-4,Novel,Colombo,36.0,4.9,152,4.23,18.9,8.77,8.4,70,77.62,84.61,High Demand
2025-07,BK032,Atawaka Putthu,Liyanage Amarakeerthi,978-955-3044-55-4,Novel,Galle,30.5,5.71,177,4.23,21.13,9.97,8.2,70,99.44,90.21,High Demand
2025-07,BK032,Atawaka Putthu,Liyanage Amarakeerthi,978-955-3044-55-4,Novel,Kandy,28.6,5.65,175,4.23,22.1,10.13,6.8,70,82.56,87.85,High Demand
2025-07,BK033,Kurulu Hadawatha,Liyanage Amarakeerthi,978-955-3044-56-1,Novel,Colombo,38.3,3.65,113,3.57,13.55,6.45,9.9,70,25.69,50.03,Low Demand
2025-07,BK033,Kurulu Hadawatha,Liyanage Amarakeerthi,978-955-3044-56-1,Novel,Galle,36.2,3.13,97,3.53,13.1,6.74,7.8,70,45.3,57.63,Moderate Demand
2025-07,BK033,Kurulu Hadawatha,Liyanage Amarakeerthi,978-955-3044-56-1,Novel,Kandy,34.9,3.77,117,3.54,14.23,7.29,8.7,70,31.73,42.39,Low Demand
2025-07,BK034,Gini Avi saha Gini Keli,Anura Horatious,978-955-9988-11-2,Novel,Colombo,35.9,3.52,109,3.74,13.42,6.35,9.6,70,33.99,42.1,Low Demand
2025-07,BK034,Gini Avi saha Gini Keli,Anura Horatious,978-955-9988-11-2,Novel,Galle,36.9,3.06,95,3.74,13.9,6.65,7.5,70,29.32,54.17,Low Demand
2025-07,BK034,Gini Avi saha Gini Keli,Anura Horatious,978-955-9988-11-2,Novel,Kandy,34.4,4.19,130,3.75,15.61,7.52,9.4,70,62.32,66.51,Moderate Demand
2025-07,BK035,Daskon,Wimalaratne Kumaragama,978-955-2233-44-5,Poetry,Colombo,40.8,4.1,127,4.41,15.77,7.68,9.2,50,47.77,60.56,Moderate Demand
2025-07,BK035,Daskon,Wimalaratne Kumaragama,978-955-2233-44-5,Poetry,Galle,34.3,3.77,117,4.41,15.77,7.61,7.6,50,50.32,67.25,Moderate Demand
2025-07,BK035,Daskon,Wimalaratne Kumaragama,978-955-2233-44-5,Poetry,Kandy,33.6,3.84,119,4.42,14.97,7.29,10.6,50,45.08,63.09,Moderate Demand
2025-07,BK036,Pethigomara,K. Jayatillake,978-955-1555-11-0,Novel,Colombo,34.7,2.48,77,4.19,11.1,5.65,9.3,70,8.69,39.8,Low Demand
2025-07,BK036,Pethigomara,K. Jayatillake,978-955-1555-11-0,Novel,Galle,31.5,2.52,78,4.17,11.23,5.61,10.2,70,0.0,34.29,Low Demand
2025-07,BK036,Pethigomara,K. Jayatillake,978-955-1555-11-0,Novel,Kandy,36.1,2.48,77,4.19,10.39,5.0,9.1,70,0.0,35.78,Low Demand
2025-07,BK037,Charitha Thunak,K. Jayatillake,978-955-1555-12-7,Novel,Colombo,36.5,2.29,71,3.92,10.23,4.97,8.7,70,0.5,27.17,Low Demand
2025-07,BK037,Charitha Thunak,K. Jayatillake,978-955-1555-12-7,Novel,Galle,31.0,2.74,85,3.91,11.45,5.58,7.2,70,0.96,42.18,Low Demand
2025-07,BK037,Charitha Thunak,K. Jayatillake,978-955-1555-12-7,Novel,Kandy,32.4,2.52,78,3.92,10.48,5.16,7.5,70,5.56,36.79,Low Demand
2025-07,BK038,Parajithayo,Siri Gunasinghe,978-955-1100-23-6,Novel,Colombo,32.5,4.13,128,4.35,14.68,7.0,9.7,70,45.54,49.17,Low Demand
2025-07,BK038,Parajithayo,Siri Gunasinghe,978-955-1100-23-6,Novel,Galle,29.2,3.77,117,4.33,15.13,7.61,8.5,70,57.79,67.97,Moderate Demand
2025-07,BK038,Parajithayo,Siri Gunasinghe,978-955-1100-23-6,Novel,Kandy,29.7,3.58,111,4.33,15.06,7.19,8.1,70,29.74,46.77,Low Demand
2025-07,BK039,Rosa Malak Mata Denna,Shanthi Dissanayake,978-955-6677-88-1,Novel,Colombo,34.4,3.48,108,4.84,13.58,6.39,8.0,70,32.4,65.2,Moderate Demand
2025-07,BK039,Rosa Malak Mata Denna,Shanthi Dissanayake,978-955-6677-88-1,Novel,Galle,33.5,2.42,75,4.83,10.81,5.42,7.3,70,13.7,55.61,Moderate Demand
2025-07,BK039,Rosa Malak Mata Denna,Shanthi Dissanayake,978-955-6677-88-1,Novel,Kandy,25.6,2.81,87,4.84,11.68,5.45,8.7,70,15.58,46.63,Low Demand
2025-07,BK040,Paradal,Shanthi Dissanayake,978-955-6677-89-8,Novel,Colombo,30.2,4.81,149,4.14,18.68,9.1,9.5,70,65.37,61.95,Moderate Demand
2025-07,BK040,Paradal,Shanthi Dissanayake,978-955-6677-89-8,Novel,Galle,32.9,4.23,131,4.15,15.71,7.23,7.5,70,54.56,57.09,Moderate Demand
2025-07,BK040,Paradal,Shanthi Dissanayake,978-955-6677-89-8,Novel,Kandy,34.1,4.74,147,4.15,17.9,7.94,9.1,70,63.46,77.1,High Demand
2025-07,BK041,Girikulu,Shanthi Dissanayake,978-955-6677-90-4,Novel,Colombo,38.2,3.45,107,3.95,14.0,6.81,7.9,70,34.6,55.85,Moderate Demand
2025-07,BK041,Girikulu,Shanthi Dissanayake,978-955-6677-90-4,Novel,Galle,35.1,3.19,99,3.97,12.16,5.84,9.4,70,23.56,49.67,Low Demand
2025-07,BK041,Girikulu,Shanthi Dissanayake,978-955-6677-90-4,Novel,Kandy,30.1,4.03,125,3.96,15.06,7.13,8.4,70,50.32,63.81,Moderate Demand
2025-07,BK042,Sakkarang,Prasanna Vithanage (Adapt.),978-955-3322-11-9,Drama,Colombo,34.3,5.71,177,3.57,20.42,9.81,6.9,65,89.97,82.11,High Demand
2025-07,BK042,Sakkarang,Prasanna Vithanage (Adapt.),978-955-3322-11-9,Drama,Galle,31.8,4.81,149,3.56,18.16,9.06,8.0,65,81.2,70.09,Moderate Demand
2025-07,BK042,Sakkarang,Prasanna Vithanage (Adapt.),978-955-3322-11-9,Drama,Kandy,33.5,5.77,179,3.56,21.1,9.81,8.7,65,84.34,72.6,High Demand
2025-07,BK043,Bhatti,Edward Mallawaarachchi,978-955-5544-33-2,Novel,Colombo,27.9,4.87,151,4.12,18.26,8.58,9.0,70,61.7,67.12,Moderate Demand
2025-07,BK043,Bhatti,Edward Mallawaarachchi,978-955-5544-33-2,Novel,Galle,36.9,4.74,147,4.12,17.58,8.55,8.4,70,79.12,84.35,High Demand
2025-07,BK043,Bhatti,Edward Mallawaarachchi,978-955-5544-33-2,Novel,Kandy,36.4,5.06,157,4.15,18.26,8.87,9.3,70,79.97,79.45,High Demand
2025-07,BK044,Sihina Kumari,Edward Mallawaarachchi,978-955-5544-34-9,Novel,Colombo,26.4,3.35,104,4.34,12.61,6.0,7.2,70,34.07,49.09,Low Demand
2025-07,BK044,Sihina Kumari,Edward Mallawaarachchi,978-955-5544-34-9,Novel,Galle,34.9,3.35,104,4.34,13.58,6.74,9.2,70,35.37,63.06,Moderate Demand
2025-07,BK044,Sihina Kumari,Edward Mallawaarachchi,978-955-5544-34-9,Novel,Kandy,37.1,3.16,98,4.33,13.68,6.81,6.8,70,30.75,49.12,Low Demand
2025-07,BK045,Adaraneeya Wasthuwe,Upul Shantha Sannasgala,978-955-8811-22-5,Novel,Colombo,33.4,5.03,156,3.98,18.81,8.97,8.2,70,81.41,74.43,High Demand
2025-07,BK045,Adaraneeya Wasthuwe,Upul Shantha Sannasgala,978-955-8811-22-5,Novel,Galle,35.5,5.13,159,3.98,19.32,9.23,7.6,70,75.17,77.78,High Demand
2025-07,BK045,Adaraneeya Wasthuwe,Upul Shantha Sannasgala,978-955-8811-22-5,Novel,Kandy,30.2,5.94,184,3.99,22.16,10.35,7.9,70,100.0,82.51,High Demand
2025-07,BK046,Warna,Upul Shantha Sannasgala,978-955-8811-23-2,Poetry,Colombo,30.8,5.32,165,4.66,19.29,9.26,8.3,50,93.16,80.68,High Demand
2025-07,BK046,Warna,Upul Shantha Sannasgala,978-955-8811-23-2,Poetry,Galle,35.2,4.52,140,4.65,17.06,7.71,9.2,50,69.68,85.05,High Demand
2025-07,BK046,Warna,Upul Shantha Sannasgala,978-955-8811-23-2,Poetry,Kandy,36.9,6.03,187,4.66,21.77,10.48,9.8,50,93.21,82.86,High Demand
2025-07,BK047,Amma,Maxim Gorky (Trans.),978-955-6655-44-1,Translated Classic,Colombo,26.1,4.19,130,4.44,15.58,7.68,9.0,78,47.56,71.22,Moderate Demand
2025-07,BK047,Amma,Maxim Gorky (Trans.),978-955-6655-44-1,Translated Classic,Galle,34.7,3.52,109,4.45,13.77,6.65,6.4,78,39.68,61.13,Moderate Demand
2025-07,BK047,Amma,Maxim Gorky (Trans.),978-955-6655-44-1,Translated Classic,Kandy,31.8,4.13,128,4.46,16.74,7.87,9.9,78,58.31,71.7,Moderate Demand
2025-07,BK048,Anna Karenina,Leo Tolstoy (Trans.),978-955-6655-45-8,Translated Classic,Colombo,31.1,3.03,94,4.37,12.39,6.42,8.2,78,13.54,47.47,Low Demand
2025-07,BK048,Anna Karenina,Leo Tolstoy (Trans.),978-955-6655-45-8,Translated Classic,Galle,26.7,2.9,90,4.38,12.26,6.06,8.0,78,24.12,55.84,Moderate Demand
2025-07,BK048,Anna Karenina,Leo Tolstoy (Trans.),978-955-6655-45-8,Translated Classic,Kandy,28.2,3.65,113,4.36,14.26,7.16,8.0,78,21.84,61.51,Moderate Demand
2025-07,BK049,Post-Modernism,Various,978-955-1212-12-1,Academic,Colombo,36.2,4.03,125,3.86,15.45,7.29,7.8,45,36.21,49.75,Low Demand
2025-07,BK049,Post-Modernism,Various,978-955-1212-12-1,Academic,Galle,29.3,4.48,139,3.84,17.29,8.19,9.3,45,85.42,72.32,High Demand
2025-07,BK049,Post-Modernism,Various,978-955-1212-12-1,Academic,Kandy,28.3,5.23,162,3.84,19.65,9.26,8.0,45,91.54,71.87,High Demand
2025-07,BK050,Mahavamsa,Mahanama Thera,978-955-0011-22-3,Historical/Religious,Colombo,29.8,2.77,86,4.31,12.13,6.16,8.0,55,21.17,45.93,Low Demand
2025-07,BK050,Mahavamsa,Mahanama Thera,978-955-0011-22-3,Historical/Religious,Galle,38.5,2.58,80,4.33,10.77,5.42,8.7,55,14.35,46.45,Low Demand
2025-07,BK050,Mahavamsa,Mahanama Thera,978-955-0011-22-3,Historical/Religious,Kandy,34.6,3.03,94,4.31,12.81,6.26,9.0,55,20.54,41.29,Low Demand
2025-07,BK051,Saddharmaratnavaliya,Dharmasena Thera,978-955-0011-23-0,Historical/Religious,Colombo,35.7,3.06,95,4.0,11.39,5.45,7.3,55,26.51,43.3,Low Demand
2025-07,BK051,Saddharmaratnavaliya,Dharmasena Thera,978-955-0011-23-0,Historical/Religious,Galle,31.8,2.74,85,3.99,11.87,5.81,6.7,55,16.24,42.87,Low Demand
2025-07,BK051,Saddharmaratnavaliya,Dharmasena Thera,978-955-0011-23-0,Historical/Religious,Kandy,34.2,3.48,108,4.01,13.68,6.87,7.4,55,32.09,52.71,Low Demand
2025-07,BK052,අනාගත අහස,මාර්ටින් වික්‍රමසිංහ (පරිවර්තනය),978-147-1385-34-4,Historical/Religious,Colombo,34.8,2.74,85,4.65,11.97,5.9,6.2,55,10.35,36.65,Low Demand
2025-07,BK052,අනාගත අහස,මාර්ටින් වික්‍රමසිංහ (පරිවර්තනය),978-147-1385-34-4,Historical/Religious,Galle,29.7,1.9,59,4.64,8.58,4.19,11.0,55,0.0,40.41,Low Demand
2025-07,BK052,අනාගත අහස,මාර්ටින් වික්‍රමසිංහ (පරිවර්තනය),978-147-1385-34-4,Historical/Religious,Kandy,30.1,1.9,59,4.63,8.45,4.77,9.3,55,0.0,43.19,Low Demand
2025-07,BK053,මිටියාවත සහ කාලය,"ජෝන් ෂෝර්ස් (John Shors), පරිවර්තනය: ප්‍රදීප් කුමාර බාලසූරිය (Translation: Pradeep Kumara Balasuriya)",978-976-3071-42-3,Horror,Colombo,27.2,5.26,163,4.62,20.71,10.26,9.1,68,88.69,88.18,High Demand
2025-07,BK053,මිටියාවත සහ කාලය,"ජෝන් ෂෝර්ස් (John Shors), පරිවර්තනය: ප්‍රදීප් කුමාර බාලසූරිය (Translation: Pradeep Kumara Balasuriya)",978-976-3071-42-3,Horror,Galle,33.8,5.13,159,4.61,17.87,9.0,9.2,68,90.07,87.5,High Demand
2025-07,BK053,මිටියාවත සහ කාලය,"ජෝන් ෂෝර්ස් (John Shors), පරිවර්තනය: ප්‍රදීප් කුමාර බාලසූරිය (Translation: Pradeep Kumara Balasuriya)",978-976-3071-42-3,Horror,Kandy,33.1,5.68,176,4.61,19.74,9.32,6.4,68,71.09,79.32,High Demand
2025-07,BK054,රහස සහ කතාව,පවනි උමයංගනා (Pawani Umayangana),978-476-5849-54-7,Non-fiction,Colombo,33.7,4.71,146,4.64,17.84,8.26,8.5,52,76.86,64.61,Moderate Demand
2025-07,BK054,රහස සහ කතාව,පවනි උමයංගනා (Pawani Umayangana),978-476-5849-54-7,Non-fiction,Galle,28.7,3.65,113,4.64,14.0,6.97,8.7,52,52.64,64.18,Moderate Demand
2025-07,BK054,රහස සහ කතාව,පවනි උමයංගනා (Pawani Umayangana),978-476-5849-54-7,Non-fiction,Kandy,37.8,4.87,151,4.65,16.48,8.32,7.5,52,74.63,69.68,Moderate Demand
2025-07,BK055,ඇහි පියන් ඇහැරිලා (Ahi Piyan Aharila),මහින්ද ප්‍රසාද් මසිඹුල,978-955-098-003-1,Poetry,Colombo,33.3,4.35,135,4.21,17.84,8.58,7.2,50,69.29,67.85,Moderate Demand
2025-07,BK055,ඇහි පියන් ඇහැරිලා (Ahi Piyan Aharila),මහින්ද ප්‍රසාද් මසිඹුල,978-955-098-003-1,Poetry,Galle,32.2,4.58,142,4.22,17.81,8.26,9.7,50,73.52,75.8,High Demand
2025-07,BK055,ඇහි පියන් ඇහැරිලා (Ahi Piyan Aharila),මහින්ද ප්‍රසාද් මසිඹුල,978-955-098-003-1,Poetry,Kandy,35.4,6.06,188,4.22,22.03,10.16,9.2,50,99.18,84.61,High Demand
2025-07,BK056,ගමන සහ කාලය,ප්‍රේමකීර්ති රණතුංග,978-316-8963-96-1,Short Stories,Colombo,33.4,5.55,172,4.32,20.0,9.65,9.6,57,99.69,87.07,High Demand
2025-07,BK056,ගමන සහ කාලය,ප්‍රේමකීර්ති රණතුංග,978-316-8963-96-1,Short Stories,Galle,28.7,4.52,140,4.3,17.81,8.68,7.7,57,78.65,76.31,High Demand
2025-07,BK056,ගමන සහ කාලය,ප්‍රේමකීර්ති රණතුංග,978-316-8963-96-1,Short Stories,Kandy,31.0,5.58,173,4.32,21.0,9.68,7.7,57,90.14,72.4,High Demand
2025-07,BK057,කොළඹ කන්ද,Michael Crichton (පරිවර්තනය: සුදත් රොහාන්),978-645-5531-58-3,Poetry,Colombo,32.2,4.16,129,3.97,15.87,7.61,9.0,50,54.44,56.12,Moderate Demand
2025-07,BK057,කොළඹ කන්ද,Michael Crichton (පරිවර්තනය: සුදත් රොහාන්),978-645-5531-58-3,Poetry,Galle,36.5,3.65,113,3.94,14.77,7.26,7.5,50,54.39,63.49,Moderate Demand
2025-07,BK057,කොළඹ කන්ද,Michael Crichton (පරිවර්තනය: සුදත් රොහාන්),978-645-5531-58-3,Poetry,Kandy,32.1,4.16,129,3.93,16.29,7.68,6.9,50,50.39,52.7,Low Demand
2025-07,BK058,වසන්තය සහ මිටියාවත,තරංගා දිසානායක,978-630-6739-38-7,Academic,Colombo,33.8,5.19,161,4.41,17.68,8.74,8.3,45,88.91,79.51,High Demand
2025-07,BK058,වසන්තය සහ මිටියාවත,තරංගා දිසානායක,978-630-6739-38-7,Academic,Galle,39.2,4.42,137,4.4,16.74,8.23,6.7,45,76.86,74.41,High Demand
2025-07,BK058,වසන්තය සහ මිටියාවත,තරංගා දිසානායක,978-630-6739-38-7,Academic,Kandy,29.1,4.32,134,4.41,16.1,7.9,8.0,45,45.8,55.46,Moderate Demand
2025-07,BK059,370 යානයේ අබිරහස (370 Yanaye Abirahasa),භද්‍රජී මහින්ද ජයතිලක,978-624-6570-68-2,Mystery,Colombo,35.9,2.48,77,3.58,11.77,5.65,7.3,71,0.11,34.32,Low Demand
2025-07,BK059,370 යානයේ අබිරහස (370 Yanaye Abirahasa),භද්‍රජී මහින්ද ජයතිලක,978-624-6570-68-2,Mystery,Galle,35.4,2.0,62,3.58,9.32,4.84,8.8,71,12.72,52.49,Low Demand
2025-07,BK059,370 යානයේ අබිරහස (370 Yanaye Abirahasa),භද්‍රජී මහින්ද ජයතිලක,978-624-6570-68-2,Mystery,Kandy,33.5,2.84,88,3.58,11.0,5.65,9.0,71,31.54,50.5,Low Demand
2025-07,BK060,පර්සි ජැක්සන් සහ වංගිරියේ සටන,රික් රියෝඩන් (පරි. සවින්දි ආරියතිලක),978-955-697-089-0,Fantasy,Colombo,31.5,2.61,81,3.79,10.71,5.26,7.5,74,29.17,52.83,Low Demand
2025-07,BK060,පර්සි ජැක්සන් සහ වංගිරියේ සටන,රික් රියෝඩන් (පරි. සවින්දි ආරියතිලක),978-955-697-089-0,Fantasy,Galle,34.0,2.61,81,3.8,10.65,4.77,9.1,74,7.91,46.81,Low Demand
2025-07,BK060,පර්සි ජැක්සන් සහ වංගිරියේ සටන,රික් රියෝඩන් (පරි. සවින්දි ආරියතිලක),978-955-697-089-0,Fantasy,Kandy,26.9,3.48,108,3.79,14.71,7.23,7.5,74,42.54,58.01,Moderate Demand
2025-07,BK061,ආලෝකයේ සමිඳාණෝ (Alokaye Samindano - Lord of Light),රොජර් සෙලාස්නි - පරි. පුෂ්ප රංජන් විජේසිංහ,978-624-6570-11-8,Sci-Fi,Colombo,36.1,5.0,155,4.31,17.81,8.58,9.8,72,73.07,84.08,High Demand
2025-07,BK061,ආලෝකයේ සමිඳාණෝ (Alokaye Samindano - Lord of Light),රොජර් සෙලාස්නි - පරි. පුෂ්ප රංජන් විජේසිංහ,978-624-6570-11-8,Sci-Fi,Galle,30.5,4.35,135,4.29,16.97,8.23,8.4,72,86.46,88.81,High Demand
2025-07,BK061,ආලෝකයේ සමිඳාණෝ (Alokaye Samindano - Lord of Light),රොජර් සෙලාස්නි - පරි. පුෂ්ප රංජන් විජේසිංහ,978-624-6570-11-8,Sci-Fi,Kandy,32.0,4.84,150,4.3,17.81,8.71,7.5,72,62.85,76.38,High Demand
2025-07,BK062,මිනිසා සහ සෙවනැලි,"කර්ට් වොනෙගට් (Kurt Vonnegut), පරිවර්තනය: ගාමිණී වියන්ගොඩ (Translation: Gamini Viyangoda)",978-673-1310-88-3,Psychology,Colombo,32.7,4.52,140,4.29,15.65,7.68,9.5,58,51.31,58.64,Moderate Demand
2025-07,BK062,මිනිසා සහ සෙවනැලි,"කර්ට් වොනෙගට් (Kurt Vonnegut), පරිවර්තනය: ගාමිණී වියන්ගොඩ (Translation: Gamini Viyangoda)",978-673-1310-88-3,Psychology,Galle,34.4,3.45,107,4.29,14.13,6.71,9.4,58,41.95,54.26,Low Demand
2025-07,BK062,මිනිසා සහ සෙවනැලි,"කර්ට් වොනෙගට් (Kurt Vonnegut), පරිවර්තනය: ගාමිණී වියන්ගොඩ (Translation: Gamini Viyangoda)",978-673-1310-88-3,Psychology,Kandy,34.3,4.58,142,4.3,17.26,8.32,9.7,58,55.85,60.56,Moderate Demand
2025-07,BK063,හේඩීස්ගේ දෙවොල (Hadesge Devola),රික් රයෝර්ඩන් - පරි. රූපේනි මානිංගමුව,978-955-697-343-3,Young Adult,Colombo,28.1,4.03,125,4.42,15.06,7.13,6.1,66,42.32,67.12,Moderate Demand
2025-07,BK063,හේඩීස්ගේ දෙවොල (Hadesge Devola),රික් රයෝර්ඩන් - පරි. රූපේනි මානිංගමුව,978-955-697-343-3,Young Adult,Galle,32.1,4.29,133,4.4,16.68,7.52,7.7,66,68.13,72.26,High Demand
2025-07,BK063,හේඩීස්ගේ දෙවොල (Hadesge Devola),රික් රයෝර්ඩන් - පරි. රූපේනි මානිංගමුව,978-955-697-343-3,Young Adult,Kandy,33.4,4.58,142,4.4,18.19,9.06,10.9,66,51.06,71.82,High Demand
2025-07,BK064,2010,ආතර් සී. ක්ලාක් (පරිවර්තනය: චන්දන වීරසිංහ),978-624-5712-10-6,Sci-Fi,Colombo,32.7,4.81,149,3.85,19.1,9.19,7.8,72,77.74,79.56,High Demand
2025-07,BK064,2010,ආතර් සී. ක්ලාක් (පරිවර්තනය: චන්දන වීරසිංහ),978-624-5712-10-6,Sci-Fi,Galle,29.5,4.19,130,3.84,16.45,7.65,7.4,72,64.82,71.08,Moderate Demand
2025-07,BK064,2010,ආතර් සී. ක්ලාක් (පරිවර්තනය: චන්දන වීරසිංහ),978-624-5712-10-6,Sci-Fi,Kandy,38.7,4.61,143,3.82,16.71,7.9,8.3,72,62.94,68.3,Moderate Demand
2025-07,BK065,මන්දාරම් රාත්‍රිය,ඩී. එම්. අනුර දිසානායක,978-624-5829-10-1,Mystery,Colombo,38.1,4.55,141,4.3,16.39,7.65,9.5,71,70.62,72.52,High Demand
2025-07,BK065,මන්දාරම් රාත්‍රිය,ඩී. එම්. අනුර දිසානායක,978-624-5829-10-1,Mystery,Galle,32.2,3.77,117,4.29,14.65,7.16,9.3,71,60.59,73.75,High Demand
2025-07,BK065,මන්දාරම් රාත්‍රිය,ඩී. එම්. අනුර දිසානායක,978-624-5829-10-1,Mystery,Kandy,36.2,4.42,137,4.3,18.32,8.1,7.1,71,60.26,76.2,High Demand
2025-07,BK066,පරණ මාලිගාව,ක්‍රිස් කුස්නෙස්කි (පරිවර්තනය),978-726-5125-19-4,Horror,Colombo,29.6,5.26,163,4.51,18.26,9.1,8.2,68,97.18,87.87,High Demand
2025-07,BK066,පරණ මාලිගාව,ක්‍රිස් කුස්නෙස්කි (පරිවර්තනය),978-726-5125-19-4,Horror,Galle,38.5,3.61,112,4.5,14.32,6.65,5.7,68,60.19,72.25,High Demand
2025-07,BK066,පරණ මාලිගාව,ක්‍රිස් කුස්නෙස්කි (පරිවර්තනය),978-726-5125-19-4,Horror,Kandy,30.7,4.65,144,4.52,17.39,8.45,9.0,68,72.75,69.87,Moderate Demand
2025-07,BK067,අනාගතේ පැතිකඩක් (Profiles of the Future),ආතර් සී. ක්ලාක් (පරිවර්තනය: එස්. එම්. බන්දුසීල),978-624-5712-31-1,Sci-Fi,Colombo,36.4,3.29,102,4.89,13.61,6.55,8.5,72,27.15,58.08,Moderate Demand
2025-07,BK067,අනාගතේ පැතිකඩක් (Profiles of the Future),ආතර් සී. ක්ලාක් (පරිවර්තනය: එස්. එම්. බන්දුසීල),978-624-5712-31-1,Sci-Fi,Galle,36.5,3.13,97,4.9,12.48,6.29,10.9,72,28.99,68.34,Moderate Demand
2025-07,BK067,අනාගතේ පැතිකඩක් (Profiles of the Future),ආතර් සී. ක්ලාක් (පරිවර්තනය: එස්. එම්. බන්දුසීල),978-624-5712-31-1,Sci-Fi,Kandy,31.8,3.81,118,4.9,14.0,6.97,9.0,72,51.31,61.87,Moderate Demand
2025-07,BK068,දඩයම් බල්ලෝ,පරිවර්තන නවකතා,978-624-5572-38-0,Thriller,Colombo,38.5,3.35,104,4.09,13.87,6.87,7.8,76,34.36,61.38,Moderate Demand
2025-07,BK068,දඩයම් බල්ලෝ,පරිවර්තන නවකතා,978-624-5572-38-0,Thriller,Galle,30.7,3.1,96,4.11,12.48,6.39,6.5,76,41.4,66.58,Moderate Demand
2025-07,BK068,දඩයම් බල්ලෝ,පරිවර්තන නවකතා,978-624-5572-38-0,Thriller,Kandy,32.6,2.58,80,4.1,10.45,5.19,9.9,76,6.81,43.22,Low Demand
2025-07,BK069,අදිසි අනතුර (Adisi Anathura - The Crash),ෆ්‍රීඩා මැක්ෆැඩන් - පරි. නයනතාරා පිලපිටිය,978-624-6570-48-4,Thriller,Colombo,34.5,1.9,59,4.31,8.81,4.81,11.0,76,0.0,42.73,Low Demand
2025-07,BK069,අදිසි අනතුර (Adisi Anathura - The Crash),ෆ්‍රීඩා මැක්ෆැඩන් - පරි. නයනතාරා පිලපිටිය,978-624-6570-48-4,Thriller,Galle,31.8,2.1,65,4.3,9.71,4.9,7.1,76,0.0,37.04,Low Demand
2025-07,BK069,අදිසි අනතුර (Adisi Anathura - The Crash),ෆ්‍රීඩා මැක්ෆැඩන් - පරි. නයනතාරා පිලපිටිය,978-624-6570-48-4,Thriller,Kandy,38.0,2.42,75,4.33,10.42,4.9,8.1,76,0.0,43.44,Low Demand
2025-07,BK070,Crown of Midnight,සාරා ජේ. මාස් (Sarah J. Maas),978-624-5663-48-4,Fantasy,Colombo,35.3,3.9,121,3.68,14.71,7.35,8.8,74,49.81,61.55,Moderate Demand
2025-07,BK070,Crown of Midnight,සාරා ජේ. මාස් (Sarah J. Maas),978-624-5663-48-4,Fantasy,Galle,35.7,3.26,101,3.65,13.68,6.45,8.8,74,45.11,63.86,Moderate Demand
2025-07,BK070,Crown of Midnight,සාරා ජේ. මාස් (Sarah J. Maas),978-624-5663-48-4,Fantasy,Kandy,34.1,3.35,104,3.67,12.71,6.39,7.6,74,34.33,52.57,Low Demand
2025-07,BK071,සුළං ගංගාව,පියදාස රත්නසිංහ (පරිවර්තනය),978-935-1789-28-8,Academic,Colombo,33.2,2.74,85,4.14,11.1,5.65,6.5,45,8.34,33.4,Low Demand
2025-07,BK071,සුළං ගංගාව,පියදාස රත්නසිංහ (පරිවර්තනය),978-935-1789-28-8,Academic,Galle,33.1,2.9,90,4.15,11.77,6.1,6.6,45,36.54,43.69,Low Demand
2025-07,BK071,සුළං ගංගාව,පියදාස රත්නසිංහ (පරිවර්තනය),978-935-1789-28-8,Academic,Kandy,25.0,3.0,93,4.15,11.74,5.65,8.2,45,24.6,45.23,Low Demand
2025-07,BK072,ගීතය සහ මාලිගාව,එරන්ද ගිනිගේ (Eranda Ginige),978-616-9581-88-7,Psychology,Colombo,35.4,4.1,127,4.44,14.77,7.35,11.6,58,51.72,49.3,Low Demand
2025-07,BK072,ගීතය සහ මාලිගාව,එරන්ද ගිනිගේ (Eranda Ginige),978-616-9581-88-7,Psychology,Galle,29.5,3.16,98,4.45,13.65,6.48,7.8,58,47.63,56.77,Moderate Demand
2025-07,BK072,ගීතය සහ මාලිගාව,එරන්ද ගිනිගේ (Eranda Ginige),978-616-9581-88-7,Psychology,Kandy,40.4,3.26,101,4.45,12.87,6.32,8.2,58,23.11,53.14,Low Demand
2025-07,BK073,ගමන සහ සෙවනැලි,"වික්ටෝරියා හෝල්ට් (Victoria Holt), පරිවර්තනය: කෝශලී සිරිචන්ද්‍ර (Translation: Koshalee Sirichandra)",978-477-2613-24-8,Horror,Colombo,35.4,5.61,174,4.11,20.77,9.55,8.2,68,100.0,80.83,High Demand
2025-07,BK073,ගමන සහ සෙවනැලි,"වික්ටෝරියා හෝල්ට් (Victoria Holt), පරිවර්තනය: කෝශලී සිරිචන්ද්‍ර (Translation: Koshalee Sirichandra)",978-477-2613-24-8,Horror,Galle,31.8,4.55,141,4.11,18.9,8.42,7.8,68,78.88,76.82,High Demand
2025-07,BK073,ගමන සහ සෙවනැලි,"වික්ටෝරියා හෝල්ට් (Victoria Holt), පරිවර්තනය: කෝශලී සිරිචන්ද්‍ර (Translation: Koshalee Sirichandra)",978-477-2613-24-8,Horror,Kandy,34.1,4.94,153,4.12,17.87,8.77,8.0,68,59.77,66.32,Moderate Demand
2025-07,BK074,එවා මෙහේ බෑ මචං,පිනසිරි දඩල්ලගේ,978-955-97643-5-9,Non-fiction,Colombo,27.9,3.32,103,4.26,12.52,6.06,10.6,52,21.0,46.51,Low Demand
2025-07,BK074,එවා මෙහේ බෑ මචං,පිනසිරි දඩල්ලගේ,978-955-97643-5-9,Non-fiction,Galle,30.6,2.55,79,4.27,11.19,5.68,7.0,52,5.93,47.91,Low Demand
2025-07,BK074,එවා මෙහේ බෑ මචං,පිනසිරි දඩල්ලගේ,978-955-97643-5-9,Non-fiction,Kandy,32.8,3.81,118,4.25,14.19,7.0,9.1,52,46.26,55.37,Moderate Demand
2025-07,BK075,"හොල්මන්, ආවේශ සහ යළි උපත (You Cannot Die)",ඉයන් කරි (පරිවර්තනය: භද්‍රජි මහින්ද ජයතිලක),978-955-671-215-5,Psychology,Colombo,34.4,2.19,68,4.29,9.65,4.84,6.8,58,12.46,43.47,Low Demand
2025-07,BK075,"හොල්මන්, ආවේශ සහ යළි උපත (You Cannot Die)",ඉයන් කරි (පරිවර්තනය: භද්‍රජි මහින්ද ජයතිලක),978-955-671-215-5,Psychology,Galle,37.6,2.26,70,4.28,10.16,5.1,7.5,58,8.04,44.66,Low Demand
2025-07,BK075,"හොල්මන්, ආවේශ සහ යළි උපත (You Cannot Die)",ඉයන් කරි (පරිවර්තනය: භද්‍රජි මහින්ද ජයතිලක),978-955-671-215-5,Psychology,Kandy,37.9,2.61,81,4.29,11.39,5.74,7.3,58,10.77,46.46,Low Demand
2025-07,BK076,සෙංකොට්ටං (Senkottan),මහින්ද ප්‍රසාද් මසිඹුල,978-955-098-000-0,Novel,Colombo,29.4,3.32,103,3.69,13.58,6.39,8.5,70,29.3,60.54,Moderate Demand
2025-07,BK076,සෙංකොට්ටං (Senkottan),මහින්ද ප්‍රසාද් මසිඹුල,978-955-098-000-0,Novel,Galle,34.0,3.06,95,3.69,11.29,5.71,8.6,70,28.65,46.7,Low Demand
2025-07,BK076,සෙංකොට්ටං (Senkottan),මහින්ද ප්‍රසාද් මසිඹුල,978-955-098-000-0,Novel,Kandy,35.4,3.65,113,3.68,15.29,7.39,6.1,70,34.59,52.76,Low Demand
2025-07,BK077,අතීත මිටියාවත,ඊනිඩ් බ්ලයිටන් (Enid Blyton),978-845-3000-71-2,Children's,Colombo,29.9,3.77,117,4.18,14.61,6.97,8.3,60,44.58,67.29,Moderate Demand
2025-07,BK077,අතීත මිටියාවත,ඊනිඩ් බ්ලයිටන් (Enid Blyton),978-845-3000-71-2,Children's,Galle,34.3,3.26,101,4.18,14.23,6.81,9.6,60,32.95,44.42,Low Demand
2025-07,BK077,අතීත මිටියාවත,ඊනිඩ් බ්ලයිටන් (Enid Blyton),978-845-3000-71-2,Children's,Kandy,30.7,3.06,95,4.19,13.1,6.68,10.3,60,27.96,51.12,Low Demand
2025-07,BK078,සිහිනය සහ සෙවනැලි,"ස්ටෙෆනි ගාබර් (Stephanie Garber), පරිවර්තනය: කෝශලී සිරිචන්ද්‍ර (Translation: Koshalee Sirichandra)",978-748-7074-58-5,Historical/Religious,Colombo,28.4,4.55,141,4.38,17.13,8.39,9.0,55,65.72,70.73,Moderate Demand
2025-07,BK078,සිහිනය සහ සෙවනැලි,"ස්ටෙෆනි ගාබර් (Stephanie Garber), පරිවර්තනය: කෝශලී සිරිචන්ද්‍ර (Translation: Koshalee Sirichandra)",978-748-7074-58-5,Historical/Religious,Galle,30.0,3.97,123,4.38,15.65,7.74,9.0,55,60.31,62.76,Moderate Demand
2025-07,BK078,සිහිනය සහ සෙවනැලි,"ස්ටෙෆනි ගාබර් (Stephanie Garber), පරිවර්තනය: කෝශලී සිරිචන්ද්‍ර (Translation: Koshalee Sirichandra)",978-748-7074-58-5,Historical/Religious,Kandy,31.3,5.0,155,4.36,18.39,8.81,6.0,55,69.91,71.33,Moderate Demand
2025-07,BK079,හැරී පොටර් සහ රහස් කුටිය,ජේ. කේ. රෝලිං - පරි. අභය හේවාවසම්,978-955-573-623-7,Translation,Colombo,42.2,4.58,142,4.22,17.55,8.65,8.4,62,79.06,78.29,High Demand
2025-07,BK079,හැරී පොටර් සහ රහස් කුටිය,ජේ. කේ. රෝලිං - පරි. අභය හේවාවසම්,978-955-573-623-7,Translation,Galle,29.8,3.94,122,4.22,14.81,7.13,8.3,62,61.15,61.84,Moderate Demand
2025-07,BK079,හැරී පොටර් සහ රහස් කුටිය,ජේ. කේ. රෝලිං - පරි. අභය හේවාවසම්,978-955-573-623-7,Translation,Kandy,30.4,4.84,150,4.21,17.74,8.26,8.8,62,52.3,67.44,Moderate Demand
2025-07,BK080,විකෘති (Vikurthi),සෝමලතා සුබසිංහ,978-955-428-430-2,Drama,Colombo,34.3,5.87,182,4.33,22.16,10.0,8.7,65,90.43,89.32,High Demand
2025-07,BK080,විකෘති (Vikurthi),සෝමලතා සුබසිංහ,978-955-428-430-2,Drama,Galle,34.0,5.74,178,4.36,20.9,9.97,8.9,65,100.0,86.27,High Demand
2025-07,BK080,විකෘති (Vikurthi),සෝමලතා සුබසිංහ,978-955-428-430-2,Drama,Kandy,33.7,5.87,182,4.34,21.55,10.61,7.6,65,100.0,90.1,High Demand
2025-07,BK081,නැන්දම්මාගේ ඩයරිය,කල්පනා කස්තුරිආරච්චි,978-624-9695-78-8,Short Stories,Colombo,27.0,5.0,155,4.44,18.84,8.71,8.6,57,76.48,74.63,High Demand
2025-07,BK081,නැන්දම්මාගේ ඩයරිය,කල්පනා කස්තුරිආරච්චි,978-624-9695-78-8,Short Stories,Galle,32.8,4.35,135,4.46,17.39,8.74,8.2,57,75.19,76.37,High Demand
2025-07,BK081,නැන්දම්මාගේ ඩයරිය,කල්පනා කස්තුරිආරච්චි,978-624-9695-78-8,Short Stories,Kandy,36.9,5.39,167,4.45,19.35,9.26,8.2,57,79.79,74.78,High Demand
2025-07,BK082,හැරී පොටර් සහ අස්කබාන්හි සිරකරු,ජේ. කේ. රෝලිං - පරි. අභය හේවාවසම්,978-955-671-187-5,Translation,Colombo,32.9,4.06,126,4.21,16.29,8.0,7.0,62,50.91,66.02,Moderate Demand
2025-07,BK082,හැරී පොටර් සහ අස්කබාන්හි සිරකරු,ජේ. කේ. රෝලිං - පරි. අභය හේවාවසම්,978-955-671-187-5,Translation,Galle,34.3,3.52,109,4.2,14.45,7.1,7.6,62,45.97,65.26,Moderate Demand
2025-07,BK082,හැරී පොටර් සහ අස්කබාන්හි සිරකරු,ජේ. කේ. රෝලිං - පරි. අභය හේවාවසම්,978-955-671-187-5,Translation,Kandy,29.9,4.03,125,4.18,15.97,7.84,6.9,62,48.86,69.73,Moderate Demand
2025-07,BK083,පර්සි ජැක්සන් සහ රාක්ෂ සයුර,රික් රියෝඩන් (පරි. සවින්දි ආරියතිලක),978-955-697-090-0,Fantasy,Colombo,34.8,4.58,142,3.8,17.58,8.55,8.2,74,53.76,68.51,Moderate Demand
2025-07,BK083,පර්සි ජැක්සන් සහ රාක්ෂ සයුර,රික් රියෝඩන් (පරි. සවින්දි ආරියතිලක),978-955-697-090-0,Fantasy,Galle,31.3,5.0,155,3.81,19.06,8.94,7.2,74,84.28,81.81,High Demand
2025-07,BK083,පර්සි ජැක්සන් සහ රාක්ෂ සයුර,රික් රියෝඩන් (පරි. සවින්දි ආරියතිලක),978-955-697-090-0,Fantasy,Kandy,33.2,5.45,169,3.79,20.32,9.58,7.9,74,75.05,76.99,High Demand
2025-07,BK084,විභාග ජය ගැනීමේ රහස (Vibhaga Jaya Ganeeme Rahasa),ප්‍රවීන් රන්දෙනිය,978-624-97120-5-0,Academic,Colombo,28.3,2.48,77,4.02,9.48,5.1,9.2,45,23.44,43.55,Low Demand
2025-07,BK084,විභාග ජය ගැනීමේ රහස (Vibhaga Jaya Ganeeme Rahasa),ප්‍රවීන් රන්දෙනිය,978-624-97120-5-0,Academic,Galle,36.8,2.52,78,4.02,10.84,5.35,9.7,45,20.79,41.06,Low Demand
2025-07,BK084,විභාග ජය ගැනීමේ රහස (Vibhaga Jaya Ganeeme Rahasa),ප්‍රවීන් රන්දෙනිය,978-624-97120-5-0,Academic,Kandy,26.6,3.81,118,4.02,14.45,7.42,7.0,45,52.52,66.48,Moderate Demand
2025-07,BK085,දික්තල කාලගෝල (Diktala Kalagola),පුණ්‍යසේන ගුණසිංහ,978-955-9377-71-9,Drama,Colombo,29.7,2.1,65,4.59,9.23,4.58,9.9,65,0.0,32.2,Low Demand
2025-07,BK085,දික්තල කාලගෝල (Diktala Kalagola),පුණ්‍යසේන ගුණසිංහ,978-955-9377-71-9,Drama,Galle,29.4,2.68,83,4.6,10.39,5.35,10.0,65,19.14,57.92,Moderate Demand
2025-07,BK085,දික්තල කාලගෝල (Diktala Kalagola),පුණ්‍යසේන ගුණසිංහ,978-955-9377-71-9,Drama,Kandy,33.4,2.13,66,4.6,9.45,4.65,7.4,65,4.32,39.01,Low Demand
2025-07,BK086,නැන්සි කෲ: ටෙඩි බෙයාර් අබිරහස,කැරොලයින් කීන්,978-955-657-006-8,Translation,Colombo,28.3,3.06,95,3.96,13.03,6.23,9.9,62,13.95,48.38,Low Demand
2025-07,BK086,නැන්සි කෲ: ටෙඩි බෙයාර් අබිරහස,කැරොලයින් කීන්,978-955-657-006-8,Translation,Galle,40.7,2.48,77,3.95,10.1,4.81,9.7,62,30.02,56.0,Moderate Demand
2025-07,BK086,නැන්සි කෲ: ටෙඩි බෙයාර් අබිරහස,කැරොලයින් කීන්,978-955-657-006-8,Translation,Kandy,36.7,2.65,82,3.94,11.94,5.65,7.2,62,13.24,45.6,Low Demand
2025-07,BK087,කතාව සහ සිහිනය,ක්‍රිස් කුස්නෙස්කි (පරිවර්තනය),978-566-9308-23-4,Short Stories,Colombo,35.6,4.77,148,4.23,18.81,8.61,8.4,57,80.64,74.13,High Demand
2025-07,BK087,කතාව සහ සිහිනය,ක්‍රිස් කුස්නෙස්කි (පරිවර්තනය),978-566-9308-23-4,Short Stories,Galle,29.1,4.77,148,4.24,18.32,8.74,7.0,57,80.59,79.4,High Demand
2025-07,BK087,කතාව සහ සිහිනය,ක්‍රිස් කුස්නෙස්කි (පරිවර්තනය),978-566-9308-23-4,Short Stories,Kandy,29.7,5.23,162,4.24,19.06,8.94,10.1,57,76.99,73.9,High Demand
2025-07,BK088,අඹ යහළුවෝ,ටී. බී. ඉලංගරත්න,978-955-4682-00-9,Novel,Colombo,36.5,3.77,117,4.14,14.81,7.29,7.1,70,38.49,57.08,Moderate Demand
2025-07,BK088,අඹ යහළුවෝ,ටී. බී. ඉලංගරත්න,978-955-4682-00-9,Novel,Galle,30.6,3.61,112,4.14,13.71,6.39,7.8,70,49.94,68.94,Moderate Demand
2025-07,BK088,අඹ යහළුවෝ,ටී. බී. ඉලංගරත්න,978-955-4682-00-9,Novel,Kandy,34.0,4.16,129,4.14,16.87,8.35,9.0,70,56.57,72.0,High Demand
2025-07,BK089,මායා අහස,දිනිති තරුමිණි,978-222-3861-35-8,Young Adult,Colombo,36.1,2.39,74,4.34,10.84,5.48,9.5,66,4.45,46.14,Low Demand
2025-07,BK089,මායා අහස,දිනිති තරුමිණි,978-222-3861-35-8,Young Adult,Galle,38.5,3.1,96,4.33,12.48,6.45,9.2,66,32.91,57.54,Moderate Demand
2025-07,BK089,මායා අහස,දිනිති තරුමිණි,978-222-3861-35-8,Young Adult,Kandy,32.9,3.0,93,4.32,12.03,6.23,7.6,66,29.3,54.46,Low Demand
2025-07,BK090,අනාගත නගරය,පරිවර්තනය: චන්දන මෙන්ඩිස් (Chandana Mendis),978-587-7471-56-2,Drama,Colombo,32.1,3.9,121,4.26,14.9,7.65,8.8,65,43.76,56.7,Moderate Demand
2025-07,BK090,අනාගත නගරය,පරිවර්තනය: චන්දන මෙන්ඩිස් (Chandana Mendis),978-587-7471-56-2,Drama,Galle,35.3,4.19,130,4.26,15.77,7.52,7.8,65,62.93,65.57,Moderate Demand
2025-07,BK090,අනාගත නගරය,පරිවර්තනය: චන්දන මෙන්ඩිස් (Chandana Mendis),978-587-7471-56-2,Drama,Kandy,28.7,3.87,120,4.27,14.9,7.29,11.2,65,44.57,59.72,Moderate Demand
2025-07,BK091,හැරී පොටර් සහ ෆීනික්ස් නිකාය,ජේ. කේ. රෝලිං - පරි. අභය හේවාවසම්,978-955-573-951-1,Translation,Colombo,26.2,2.29,71,4.13,10.0,4.97,8.7,62,0.0,35.23,Low Demand
2025-07,BK091,හැරී පොටර් සහ ෆීනික්ස් නිකාය,ජේ. කේ. රෝලිං - පරි. අභය හේවාවසම්,978-955-573-951-1,Translation,Galle,33.2,2.77,86,4.14,11.03,5.58,8.6,62,26.42,46.1,Low Demand
2025-07,BK091,හැරී පොටර් සහ ෆීනික්ස් නිකාය,ජේ. කේ. රෝලිං - පරි. අභය හේවාවසම්,978-955-573-951-1,Translation,Kandy,34.9,2.77,86,4.13,12.52,6.26,9.9,62,8.7,46.34,Low Demand
2025-07,BK092,සැඟවුණු රහස,රොජර් ලී මැක්බ්‍රයිඩ් (Roger Lea MacBride) - පරිවර්තනය: චිත්‍රා අමරසේකර,978-745-6661-48-1,Historical/Religious,Colombo,33.9,5.29,164,3.35,19.87,9.65,9.6,55,86.74,74.61,High Demand
2025-07,BK092,සැඟවුණු රහස,රොජර් ලී මැක්බ්‍රයිඩ් (Roger Lea MacBride) - පරිවර්තනය: චිත්‍රා අමරසේකර,978-745-6661-48-1,Historical/Religious,Galle,33.8,4.23,131,3.34,16.03,7.97,8.1,55,67.73,63.98,Moderate Demand
2025-07,BK092,සැඟවුණු රහස,රොජර් ලී මැක්බ්‍රයිඩ් (Roger Lea MacBride) - පරිවර්තනය: චිත්‍රා අමරසේකර,978-745-6661-48-1,Historical/Religious,Kandy,33.5,4.35,135,3.33,16.39,7.19,7.3,55,58.52,54.33,Low Demand
2025-07,BK093,සෙවනැලි සහ මාලිගාව,පරිවර්තනය: චන්දන මෙන්ඩිස් (Chandana Mendis),978-289-1737-32-0,Poetry,Colombo,33.4,3.84,119,4.03,15.68,7.55,8.6,50,47.57,59.05,Moderate Demand
2025-07,BK093,සෙවනැලි සහ මාලිගාව,පරිවර්තනය: චන්දන මෙන්ඩිස් (Chandana Mendis),978-289-1737-32-0,Poetry,Galle,34.1,3.77,117,4.02,14.61,7.32,6.7,50,57.6,66.84,Moderate Demand
2025-07,BK093,සෙවනැලි සහ මාලිගාව,පරිවර්තනය: චන්දන මෙන්ඩිස් (Chandana Mendis),978-289-1737-32-0,Poetry,Kandy,28.6,3.29,102,4.02,13.81,6.71,7.2,50,21.04,45.47,Low Demand
2025-07,BK094,නෙවර් ලයි (Never Lie),ෆ්‍රීඩා මැක්ෆැඩන් - පරි. තරුෂි නිරංගා ජයසිංහ,978-624-6570-46-0,Thriller,Colombo,36.0,3.39,105,4.24,12.74,6.68,8.5,76,27.03,54.84,Moderate Demand
2025-07,BK094,නෙවර් ලයි (Never Lie),ෆ්‍රීඩා මැක්ෆැඩන් - පරි. තරුෂි නිරංගා ජයසිංහ,978-624-6570-46-0,Thriller,Galle,38.5,3.68,114,4.24,13.16,6.19,8.4,76,47.03,66.96,Moderate Demand
2025-07,BK094,නෙවර් ලයි (Never Lie),ෆ්‍රීඩා මැක්ෆැඩන් - පරි. තරුෂි නිරංගා ජයසිංහ,978-624-6570-46-0,Thriller,Kandy,32.2,4.0,124,4.25,15.94,7.58,12.5,76,45.63,78.5,High Demand
2025-07,BK095,ප්‍රේම ගීතය,සමුද්‍ර වෙත්තසිංහ (Samudra Weththasingha),978-573-6220-40-5,Non-fiction,Colombo,28.9,3.35,104,3.73,13.39,6.84,6.8,52,21.44,39.04,Low Demand
2025-07,BK095,ප්‍රේම ගීතය,සමුද්‍ර වෙත්තසිංහ (Samudra Weththasingha),978-573-6220-40-5,Non-fiction,Galle,29.8,2.55,79,3.77,10.94,5.55,9.7,52,25.62,49.82,Low Demand
2025-07,BK095,ප්‍රේම ගීතය,සමුද්‍ර වෙත්තසිංහ (Samudra Weththasingha),978-573-6220-40-5,Non-fiction,Kandy,29.8,3.0,93,3.76,12.29,5.87,8.0,52,27.41,37.94,Low Demand
2025-07,BK096,පුද්ගලිකයි රහසිගතයි (The Secret Files of Sherlock Holmes),චන්දන මෙන්ඩිස් (පරිවර්තනය),955-97776-4-5,Mystery,Colombo,33.5,4.77,148,4.19,17.39,8.94,10.1,71,62.44,67.13,Moderate Demand
2025-07,BK096,පුද්ගලිකයි රහසිගතයි (The Secret Files of Sherlock Holmes),චන්දන මෙන්ඩිස් (පරිවර්තනය),955-97776-4-5,Mystery,Galle,25.4,4.26,132,4.19,16.03,7.81,7.4,71,60.13,64.45,Moderate Demand
2025-07,BK096,පුද්ගලිකයි රහසිගතයි (The Secret Files of Sherlock Holmes),චන්දන මෙන්ඩිස් (පරිවර්තනය),955-97776-4-5,Mystery,Kandy,27.9,4.16,129,4.19,15.03,7.32,7.3,71,51.28,69.3,Moderate Demand
2025-07,BK097,පරණ කතාව,මාර්ටින් වික්‍රමසිංහ,978-528-5693-75-7,Children's,Colombo,34.5,4.0,124,4.88,15.42,6.9,8.9,60,43.79,60.11,Moderate Demand
2025-07,BK097,පරණ කතාව,මාර්ටින් වික්‍රමසිංහ,978-528-5693-75-7,Children's,Galle,30.5,2.74,85,4.87,11.58,5.71,7.7,60,15.98,50.14,Low Demand
2025-07,BK097,පරණ කතාව,මාර්ටින් වික්‍රමසිංහ,978-528-5693-75-7,Children's,Kandy,30.5,3.84,119,4.88,15.1,7.32,9.2,60,47.85,66.0,Moderate Demand
2025-07,BK098,මාණික්කාවත (Manikkawatha),මහින්ද ප්‍රසාද් මසිඹුල,978-955-098-023-9,Novel,Colombo,31.2,2.45,76,4.13,10.52,5.45,8.5,70,9.93,39.33,Low Demand
2025-07,BK098,මාණික්කාවත (Manikkawatha),මහින්ද ප්‍රසාද් මසිඹුල,978-955-098-023-9,Novel,Galle,34.4,2.55,79,4.11,10.87,5.39,9.2,70,28.06,56.7,Moderate Demand
2025-07,BK098,මාණික්කාවත (Manikkawatha),මහින්ද ප්‍රසාද් මසිඹුල,978-955-098-023-9,Novel,Kandy,32.1,2.48,77,4.13,10.65,5.23,8.0,70,0.0,35.18,Low Demand
2025-07,BK099,ගංගාව සහ ගංගාව,"ජේම්ස් හැඩ්ලි චේස් (James Hadley Chase), පරිවර්තනය: එන්. ජී. විජේරත්න (Translation: N. G. Wijerathna)",978-493-2631-22-5,Children's,Colombo,33.7,2.55,79,4.43,10.32,5.06,8.5,60,5.28,37.62,Low Demand
2025-07,BK099,ගංගාව සහ ගංගාව,"ජේම්ස් හැඩ්ලි චේස් (James Hadley Chase), පරිවර්තනය: එන්. ජී. විජේරත්න (Translation: N. G. Wijerathna)",978-493-2631-22-5,Children's,Galle,26.5,2.65,82,4.42,10.48,5.26,7.7,60,3.96,44.77,Low Demand
2025-07,BK099,ගංගාව සහ ගංගාව,"ජේම්ස් හැඩ්ලි චේස් (James Hadley Chase), පරිවර්තනය: එන්. ජී. විජේරත්න (Translation: N. G. Wijerathna)",978-493-2631-22-5,Children's,Kandy,35.9,3.06,95,4.41,12.58,6.42,9.7,60,12.25,42.81,Low Demand
2025-07,BK100,රන් මතකය,ලසිත රවීන් උමගිලිය,978-825-3894-18-1,Young Adult,Colombo,32.9,6.48,201,3.81,23.42,10.84,9.3,66,100.0,89.79,High Demand
2025-07,BK100,රන් මතකය,ලසිත රවීන් උමගිලිය,978-825-3894-18-1,Young Adult,Galle,32.2,5.61,174,3.8,20.94,10.26,8.4,66,93.93,87.12,High Demand
2025-07,BK100,රන් මතකය,ලසිත රවීන් උමගිලිය,978-825-3894-18-1,Young Adult,Kandy,32.6,6.23,193,3.81,21.39,10.06,8.3,66,100.0,78.93,High Demand
2025-08,BK001,Ape Gama,Martin Wickramasinghe,978-955-31-2954-3,Novel,Colombo,37.6,6.03,187,4.24,19.87,9.03,8.4,70,95.87,96.61,High Demand
2025-08,BK001,Ape Gama,Martin Wickramasinghe,978-955-31-2954-3,Novel,Galle,37.3,5.03,156,4.25,17.87,8.48,9.0,70,72.17,75.22,High Demand
2025-08,BK001,Ape Gama,Martin Wickramasinghe,978-955-31-2954-3,Novel,Kandy,33.5,5.16,160,4.24,19.32,9.48,7.5,70,70.52,75.8,High Demand
2025-08,BK002,Viragaya,Martin Wickramasinghe,978-955-1234-01-2,Novel,Colombo,32.4,4.52,140,3.93,17.94,9.0,8.4,70,40.76,60.77,Moderate Demand
2025-08,BK002,Viragaya,Martin Wickramasinghe,978-955-1234-01-2,Novel,Galle,36.2,4.06,126,3.91,14.87,7.32,9.9,70,55.09,70.41,Moderate Demand
2025-08,BK002,Viragaya,Martin Wickramasinghe,978-955-1234-01-2,Novel,Kandy,30.1,3.32,103,3.9,12.39,6.29,8.7,70,19.91,47.98,Low Demand
2025-08,BK003,Gamperaliya,Martin Wickramasinghe,978-955-1234-02-9,Novel,Colombo,32.5,6.13,190,4.71,22.61,10.48,8.3,70,86.47,86.92,High Demand
2025-08,BK003,Gamperaliya,Martin Wickramasinghe,978-955-1234-02-9,Novel,Galle,31.2,5.39,167,4.69,19.48,8.94,8.9,70,78.16,74.06,High Demand
2025-08,BK003,Gamperaliya,Martin Wickramasinghe,978-955-1234-02-9,Novel,Kandy,35.6,6.16,191,4.7,21.9,10.61,9.8,70,83.79,87.46,High Demand
2025-08,BK004,Madol Duwa,Martin Wickramasinghe,978-955-1234-03-6,Children's,Colombo,38.9,5.26,163,3.93,19.06,8.9,8.8,60,71.86,80.85,High Demand
2025-08,BK004,Madol Duwa,Martin Wickramasinghe,978-955-1234-03-6,Children's,Galle,34.7,5.42,168,3.95,19.16,9.13,8.8,60,76.18,65.53,Moderate Demand
2025-08,BK004,Madol Duwa,Martin Wickramasinghe,978-955-1234-03-6,Children's,Kandy,29.1,4.71,146,3.95,18.94,9.1,6.8,60,56.36,54.78,Moderate Demand
2025-08,BK005,Senkottan,Mahinda Prasad Masimbula,978-955-3031-15-8,Novel,Colombo,34.5,2.94,91,3.55,12.26,6.06,8.9,70,13.57,36.02,Low Demand
2025-08,BK005,Senkottan,Mahinda Prasad Masimbula,978-955-3031-15-8,Novel,Galle,34.8,2.68,83,3.54,11.68,5.77,6.8,70,17.78,35.46,Low Demand
2025-08,BK005,Senkottan,Mahinda Prasad Masimbula,978-955-3031-15-8,Novel,Kandy,25.2,2.71,84,3.55,10.32,5.58,8.0,70,6.71,42.75,Low Demand
2025-08,BK006,Malagiya Attho,Ediriweera Sarachchandra,978-955-9012-05-4,Novel,Colombo,34.4,6.32,196,3.77,21.97,10.29,9.6,70,94.31,93.79,High Demand
2025-08,BK006,Malagiya Attho,Ediriweera Sarachchandra,978-955-9012-05-4,Novel,Galle,40.0,5.74,178,3.76,19.81,9.13,7.4,70,100.0,91.41,High Demand
2025-08,BK006,Malagiya Attho,Ediriweera Sarachchandra,978-955-9012-05-4,Novel,Kandy,35.6,6.81,211,3.75,24.65,11.77,9.5,70,97.66,82.77,High Demand
2025-08,BK007,Amba Yaluwo,T. B. Ilangaratne,978-955-8877-66-5,Novel,Colombo,31.9,5.19,161,4.27,19.35,9.84,7.7,70,78.23,78.04,High Demand
2025-08,BK007,Amba Yaluwo,T. B. Ilangaratne,978-955-8877-66-5,Novel,Galle,31.3,5.29,164,4.27,20.58,9.13,9.8,70,91.4,83.29,High Demand
2025-08,BK007,Amba Yaluwo,T. B. Ilangaratne,978-955-8877-66-5,Novel,Kandy,30.4,6.1,189,4.27,22.03,10.1,8.4,70,88.95,87.67,High Demand
2025-08,BK008,Guru Geethaya,Chingiz Aitmatov (Trans.),978-955-6543-20-1,Translated Classic,Colombo,37.0,5.29,164,4.25,20.26,9.87,8.8,78,70.18,72.8,High Demand
2025-08,BK008,Guru Geethaya,Chingiz Aitmatov (Trans.),978-955-6543-20-1,Translated Classic,Galle,34.6,5.32,165,4.25,19.16,8.71,9.8,78,87.72,80.27,High Demand
2025-08,BK008,Guru Geethaya,Chingiz Aitmatov (Trans.),978-955-6543-20-1,Translated Classic,Kandy,36.0,6.71,208,4.26,23.16,11.03,10.1,78,92.34,89.17,High Demand
2025-08,BK009,Sanda Gawa Gini,Sumithra Rahubadda,978-955-4422-33-7,Novel,Colombo,34.9,3.1,96,4.25,12.97,5.94,8.1,70,44.87,60.65,Moderate Demand
2025-08,BK009,Sanda Gawa Gini,Sumithra Rahubadda,978-955-4422-33-7,Novel,Galle,27.7,2.68,83,4.23,11.9,6.16,6.5,70,13.53,37.11,Low Demand
2025-08,BK009,Sanda Gawa Gini,Sumithra Rahubadda,978-955-4422-33-7,Novel,Kandy,28.0,2.68,83,4.25,11.52,5.68,7.2,70,14.23,49.53,Low Demand
2025-08,BK010,Karumakkarayo,Gunadasa Amarasekara,978-955-5678-10-1,Novel,Colombo,35.6,4.48,139,4.38,17.16,8.35,6.8,70,55.5,62.54,Moderate Demand
2025-08,BK010,Karumakkarayo,Gunadasa Amarasekara,978-955-5678-10-1,Novel,Galle,29.2,3.74,116,4.39,14.19,7.06,6.9,70,36.91,55.8,Moderate Demand
2025-08,BK010,Karumakkarayo,Gunadasa Amarasekara,978-955-5678-10-1,Novel,Kandy,35.5,3.97,123,4.39,15.9,7.77,7.4,70,47.0,60.61,Moderate Demand
2025-08,BK011,Yali Upannemi,Gunadasa Amarasekara,978-955-5678-11-8,Novel,Colombo,29.0,4.32,134,3.9,16.74,7.94,8.4,70,40.28,49.73,Low Demand
2025-08,BK011,Yali Upannemi,Gunadasa Amarasekara,978-955-5678-11-8,Novel,Galle,36.2,3.55,110,3.91,12.32,6.23,8.1,70,27.69,41.98,Low Demand
2025-08,BK011,Yali Upannemi,Gunadasa Amarasekara,978-955-5678-11-8,Novel,Kandy,30.8,3.77,117,3.91,15.52,7.65,9.7,70,31.28,49.03,Low Demand
2025-08,BK012,Vilambitha,Mahinda Prasad Masimbula,978-955-3031-16-5,Novel,Colombo,27.7,5.81,180,4.87,20.81,9.71,10.9,70,89.7,91.92,High Demand
2025-08,BK012,Vilambitha,Mahinda Prasad Masimbula,978-955-3031-16-5,Novel,Galle,34.4,5.87,182,4.86,21.97,10.84,6.7,70,77.83,87.65,High Demand
2025-08,BK012,Vilambitha,Mahinda Prasad Masimbula,978-955-3031-16-5,Novel,Kandy,29.8,5.97,185,4.88,21.81,10.23,7.6,70,78.24,87.43,High Demand
2025-08,BK013,Kaliyugaya,Martin Wickramasinghe,978-955-1234-04-3,Novel,Colombo,31.8,5.03,156,4.17,18.42,8.74,6.9,70,63.18,64.09,Moderate Demand
2025-08,BK013,Kaliyugaya,Martin Wickramasinghe,978-955-1234-04-3,Novel,Galle,29.9,3.71,115,4.17,13.87,6.74,8.4,70,52.37,62.62,Moderate Demand
2025-08,BK013,Kaliyugaya,Martin Wickramasinghe,978-955-1234-04-3,Novel,Kandy,35.3,4.81,149,4.17,18.68,9.1,9.6,70,71.28,72.2,High Demand
2025-08,BK014,Yuganthaya,Martin Wickramasinghe,978-955-1234-05-0,Novel,Colombo,36.9,5.16,160,3.96,20.48,9.68,8.5,70,66.58,70.46,Moderate Demand
2025-08,BK014,Yuganthaya,Martin Wickramasinghe,978-955-1234-05-0,Novel,Galle,32.3,5.97,185,3.96,22.39,10.0,9.3,70,100.0,84.01,High Demand
2025-08,BK014,Yuganthaya,Martin Wickramasinghe,978-955-1234-05-0,Novel,Kandy,32.3,6.03,187,3.96,23.03,10.19,8.3,70,82.3,82.0,High Demand
2025-08,BK015,Bavatharanaya,Martin Wickramasinghe,978-955-1234-06-7,Novel,Colombo,35.8,4.19,130,4.17,16.52,8.0,7.9,70,55.02,68.17,Moderate Demand
2025-08,BK015,Bavatharanaya,Martin Wickramasinghe,978-955-1234-06-7,Novel,Galle,32.9,3.23,100,4.17,12.0,6.29,8.1,70,22.89,46.57,Low Demand
2025-08,BK015,Bavatharanaya,Martin Wickramasinghe,978-955-1234-06-7,Novel,Kandy,36.5,4.58,142,4.17,18.71,9.06,7.4,70,60.91,73.99,High Demand
2025-08,BK016,Lolita,Vladimir Nabokov (Trans.),978-955-3022-10-1,Translated Classic,Colombo,32.7,3.13,97,4.44,12.94,5.81,8.7,78,45.06,63.96,Moderate Demand
2025-08,BK016,Lolita,Vladimir Nabokov (Trans.),978-955-3022-10-1,Translated Classic,Galle,34.2,2.58,80,4.45,10.81,5.16,7.2,78,11.72,51.79,Low Demand
2025-08,BK016,Lolita,Vladimir Nabokov (Trans.),978-955-3022-10-1,Translated Classic,Kandy,30.1,3.58,111,4.44,13.65,6.71,8.5,78,22.28,52.05,Low Demand
2025-08,BK017,Aprasanna Kathavak,Karunasena Jayalath,978-955-1100-33-5,Novel,Colombo,37.4,4.97,154,4.06,18.61,8.45,9.6,70,70.59,79.53,High Demand
2025-08,BK017,Aprasanna Kathavak,Karunasena Jayalath,978-955-1100-33-5,Novel,Galle,37.5,3.97,123,4.08,15.74,7.87,8.4,70,52.44,63.04,Moderate Demand
2025-08,BK017,Aprasanna Kathavak,Karunasena Jayalath,978-955-1100-33-5,Novel,Kandy,34.3,4.68,145,4.08,17.16,8.19,7.5,70,56.05,69.39,Moderate Demand
2025-08,BK018,Golu Hadawatha,Karunasena Jayalath,978-955-1100-34-2,Novel,Colombo,40.7,2.71,84,4.25,11.0,5.77,9.7,70,8.83,40.1,Low Demand
2025-08,BK018,Golu Hadawatha,Karunasena Jayalath,978-955-1100-34-2,Novel,Galle,31.6,2.55,79,4.25,10.77,5.1,9.2,70,13.39,48.38,Low Demand
2025-08,BK018,Golu Hadawatha,Karunasena Jayalath,978-955-1100-34-2,Novel,Kandy,29.5,3.1,96,4.25,12.55,5.97,6.8,70,27.49,47.49,Low Demand
2025-08,BK019,Gahanu Lamai,Karunasena Jayalath,978-955-1100-35-9,Novel,Colombo,31.8,5.48,170,3.82,19.39,9.61,9.5,70,95.38,88.55,High Demand
2025-08,BK019,Gahanu Lamai,Karunasena Jayalath,978-955-1100-35-9,Novel,Galle,32.8,4.42,137,3.83,15.97,7.77,9.7,70,54.43,68.89,Moderate Demand
2025-08,BK019,Gahanu Lamai,Karunasena Jayalath,978-955-1100-35-9,Novel,Kandy,30.5,6.97,216,3.83,23.77,11.23,7.4,70,100.0,87.03,High Demand
2025-08,BK020,Kulakumariya,T. B. Ilangaratne,978-955-8877-67-2,Novel,Colombo,30.6,4.29,133,4.15,16.58,8.29,8.8,70,30.78,53.28,Low Demand
2025-08,BK020,Kulakumariya,T. B. Ilangaratne,978-955-8877-67-2,Novel,Galle,32.9,4.55,141,4.15,18.1,8.87,8.9,70,68.34,66.81,Moderate Demand
2025-08,BK020,Kulakumariya,T. B. Ilangaratne,978-955-8877-67-2,Novel,Kandy,31.3,4.52,140,4.15,16.39,8.23,10.1,70,48.9,65.42,Moderate Demand
2025-08,BK021,Lasanda,T. B. Ilangaratne,978-955-8877-68-9,Novel,Colombo,35.0,5.39,167,4.42,19.35,9.19,6.5,70,75.01,76.92,High Demand
2025-08,BK021,Lasanda,T. B. Ilangaratne,978-955-8877-68-9,Novel,Galle,29.7,4.68,145,4.44,18.42,8.87,8.1,70,78.82,69.52,Moderate Demand
2025-08,BK021,Lasanda,T. B. Ilangaratne,978-955-8877-68-9,Novel,Kandy,35.8,6.19,192,4.44,22.9,11.29,7.7,70,74.1,80.28,High Demand
2025-08,BK022,Maname,Ediriweera Sarachchandra,978-955-9012-06-1,Drama,Colombo,36.2,3.1,96,3.84,12.06,5.87,7.2,65,20.38,49.59,Low Demand
2025-08,BK022,Maname,Ediriweera Sarachchandra,978-955-9012-06-1,Drama,Galle,36.1,4.13,128,3.84,16.32,8.26,9.7,65,56.79,61.98,Moderate Demand
2025-08,BK022,Maname,Ediriweera Sarachchandra,978-955-9012-06-1,Drama,Kandy,31.5,3.48,108,3.85,14.45,7.16,11.6,65,11.76,42.57,Low Demand
2025-08,BK023,Sinhabahu,Ediriweera Sarachchandra,978-955-9012-07-8,Drama,Colombo,33.3,6.19,192,3.99,21.84,9.97,9.8,65,96.56,83.05,High Demand
2025-08,BK023,Sinhabahu,Ediriweera Sarachchandra,978-955-9012-07-8,Drama,Galle,40.4,5.65,175,4.01,21.61,10.19,9.5,65,95.31,88.62,High Demand
2025-08,BK023,Sinhabahu,Ediriweera Sarachchandra,978-955-9012-07-8,Drama,Kandy,35.3,6.61,205,4.0,22.32,10.97,6.6,65,100.0,85.74,High Demand
2025-08,BK024,Walmath Vee Atharaman Veemi,Simon Navagattegama,978-955-7733-11-2,Novel,Colombo,34.2,5.26,163,4.17,19.97,9.65,10.2,70,67.98,73.41,High Demand
2025-08,BK024,Walmath Vee Atharaman Veemi,Simon Navagattegama,978-955-7733-11-2,Novel,Galle,31.1,5.61,174,4.17,20.16,9.26,9.8,70,81.77,81.47,High Demand
2025-08,BK024,Walmath Vee Atharaman Veemi,Simon Navagattegama,978-955-7733-11-2,Novel,Kandy,32.7,6.16,191,4.15,21.81,10.16,9.2,70,87.97,74.35,High Demand
2025-08,BK025,Sansaranyaye Dadayakkara,Simon Navagattegama,978-955-7733-12-9,Novel,Colombo,40.1,6.39,198,3.26,22.42,10.74,7.0,70,100.0,97.39,High Demand
2025-08,BK025,Sansaranyaye Dadayakkara,Simon Navagattegama,978-955-7733-12-9,Novel,Galle,35.4,5.32,165,3.28,19.32,9.1,10.7,70,94.97,72.62,High Demand
2025-08,BK025,Sansaranyaye Dadayakkara,Simon Navagattegama,978-955-7733-12-9,Novel,Kandy,31.3,5.87,182,3.27,22.55,10.58,7.5,70,70.44,75.3,High Demand
2025-08,BK026,Kavikandarawa,Mahinda Prasad Masimbula,978-955-3031-17-2,Poetry,Colombo,28.6,2.87,89,4.38,10.94,5.52,8.3,50,3.72,31.91,Low Demand
2025-08,BK026,Kavikandarawa,Mahinda Prasad Masimbula,978-955-3031-17-2,Poetry,Galle,30.9,2.9,90,4.39,12.23,5.74,7.1,50,30.66,51.02,Low Demand
2025-08,BK026,Kavikandarawa,Mahinda Prasad Masimbula,978-955-3031-17-2,Poetry,Kandy,37.7,2.65,82,4.37,11.55,5.52,9.4,50,7.8,36.95,Low Demand
2025-08,BK027,Dodamlu Iwura,Sumithra Rahubadda,978-955-4422-34-4,Novel,Colombo,29.8,4.0,124,4.98,15.39,7.16,8.7,70,47.25,71.35,Moderate Demand
2025-08,BK027,Dodamlu Iwura,Sumithra Rahubadda,978-955-4422-34-4,Novel,Galle,28.8,4.19,130,4.98,15.77,7.32,7.4,70,40.71,57.1,Moderate Demand
2025-08,BK027,Dodamlu Iwura,Sumithra Rahubadda,978-955-4422-34-4,Novel,Kandy,30.4,4.19,130,4.99,16.81,8.35,9.1,70,43.74,68.9,Moderate Demand
2025-08,BK028,Bumuthurunu,Sumithra Rahubadda,978-955-4422-35-1,Novel,Colombo,26.9,2.48,77,4.09,10.77,5.23,8.9,70,0.79,37.68,Low Demand
2025-08,BK028,Bumuthurunu,Sumithra Rahubadda,978-955-4422-35-1,Novel,Galle,30.6,2.1,65,4.07,9.0,4.9,9.1,70,4.89,43.29,Low Demand
2025-08,BK028,Bumuthurunu,Sumithra Rahubadda,978-955-4422-35-1,Novel,Kandy,31.6,2.77,86,4.07,10.61,4.84,8.5,70,6.61,38.55,Low Demand
2025-08,BK029,Podi Hamuduruwo,Sybil Wettasinghe,978-955-2011-44-3,Children's,Colombo,32.6,3.29,102,4.57,13.35,6.68,9.6,60,22.09,56.46,Moderate Demand
2025-08,BK029,Podi Hamuduruwo,Sybil Wettasinghe,978-955-2011-44-3,Children's,Galle,40.4,2.9,90,4.56,11.9,6.1,9.4,60,20.46,45.39,Low Demand
2025-08,BK029,Podi Hamuduruwo,Sybil Wettasinghe,978-955-2011-44-3,Children's,Kandy,31.0,3.35,104,4.58,13.32,6.52,9.9,60,32.15,57.53,Moderate Demand
2025-08,BK030,Kuda Hora,Sybil Wettasinghe,978-955-2011-45-0,Children's,Colombo,38.5,4.74,147,4.06,17.77,8.32,8.2,60,59.16,72.82,High Demand
2025-08,BK030,Kuda Hora,Sybil Wettasinghe,978-955-2011-45-0,Children's,Galle,37.1,4.94,153,4.06,17.45,8.26,6.9,60,62.97,72.84,High Demand
2025-08,BK030,Kuda Hora,Sybil Wettasinghe,978-955-2011-45-0,Children's,Kandy,28.9,5.61,174,4.06,19.42,8.97,9.2,60,76.57,71.5,Moderate Demand
2025-08,BK031,Maria Cylonica,P. B. Jayasekara,978-955-6611-22-3,Novel,Colombo,35.8,4.52,140,3.84,16.68,8.32,8.3,70,50.44,57.37,Moderate Demand
2025-08,BK031,Maria Cylonica,P. B. Jayasekara,978-955-6611-22-3,Novel,Galle,30.9,5.13,159,3.86,19.13,9.1,6.9,70,72.73,72.66,High Demand
2025-08,BK031,Maria Cylonica,P. B. Jayasekara,978-955-6611-22-3,Novel,Kandy,30.7,5.19,161,3.87,18.9,9.1,7.6,70,60.78,69.9,Moderate Demand
2025-08,BK032,Atawaka Putthu,Liyanage Amarakeerthi,978-955-3044-55-4,Novel,Colombo,30.8,6.81,211,4.24,24.32,11.16,7.4,70,100.0,91.89,High Demand
2025-08,BK032,Atawaka Putthu,Liyanage Amarakeerthi,978-955-3044-55-4,Novel,Galle,35.6,5.58,173,4.24,20.87,9.94,8.2,70,92.2,91.33,High Demand
2025-08,BK032,Atawaka Putthu,Liyanage Amarakeerthi,978-955-3044-55-4,Novel,Kandy,36.5,6.06,188,4.24,21.16,9.9,7.3,70,81.49,82.83,High Demand
2025-08,BK033,Kurulu Hadawatha,Liyanage Amarakeerthi,978-955-3044-56-1,Novel,Colombo,30.3,3.94,122,3.54,15.06,8.06,8.9,70,30.51,36.28,Low Demand
2025-08,BK033,Kurulu Hadawatha,Liyanage Amarakeerthi,978-955-3044-56-1,Novel,Galle,25.5,3.35,104,3.56,13.26,6.68,8.9,70,23.07,49.97,Low Demand
2025-08,BK033,Kurulu Hadawatha,Liyanage Amarakeerthi,978-955-3044-56-1,Novel,Kandy,37.2,4.1,127,3.54,14.45,6.97,8.4,70,39.53,55.95,Moderate Demand
2025-08,BK034,Gini Avi saha Gini Keli,Anura Horatious,978-955-9988-11-2,Novel,Colombo,33.4,4.45,138,3.74,16.52,8.39,7.9,70,46.05,68.14,Moderate Demand
2025-08,BK034,Gini Avi saha Gini Keli,Anura Horatious,978-955-9988-11-2,Novel,Galle,32.7,2.94,91,3.72,12.35,5.61,7.4,70,43.69,50.6,Low Demand
2025-08,BK034,Gini Avi saha Gini Keli,Anura Horatious,978-955-9988-11-2,Novel,Kandy,25.5,3.74,116,3.74,13.58,6.61,8.3,70,24.53,54.36,Low Demand
2025-08,BK035,Daskon,Wimalaratne Kumaragama,978-955-2233-44-5,Poetry,Colombo,35.2,4.03,125,4.42,15.97,7.26,8.1,50,56.59,71.28,Moderate Demand
2025-08,BK035,Daskon,Wimalaratne Kumaragama,978-955-2233-44-5,Poetry,Galle,33.8,3.71,115,4.42,14.29,7.23,7.7,50,56.39,52.85,Low Demand
2025-08,BK035,Daskon,Wimalaratne Kumaragama,978-955-2233-44-5,Poetry,Kandy,37.7,4.45,138,4.44,16.39,8.03,8.6,50,49.62,56.6,Moderate Demand
2025-08,BK036,Pethigomara,K. Jayatillake,978-955-1555-11-0,Novel,Colombo,40.9,2.55,79,4.19,11.94,5.45,9.2,70,9.09,48.66,Low Demand
2025-08,BK036,Pethigomara,K. Jayatillake,978-955-1555-11-0,Novel,Galle,35.4,2.68,83,4.19,11.16,5.16,9.2,70,18.63,47.56,Low Demand
2025-08,BK036,Pethigomara,K. Jayatillake,978-955-1555-11-0,Novel,Kandy,27.3,3.55,110,4.19,14.42,6.61,8.5,70,28.06,51.62,Low Demand
2025-08,BK037,Charitha Thunak,K. Jayatillake,978-955-1555-12-7,Novel,Colombo,32.3,2.58,80,3.92,11.61,5.65,8.4,70,9.96,36.93,Low Demand
2025-08,BK037,Charitha Thunak,K. Jayatillake,978-955-1555-12-7,Novel,Galle,32.3,2.65,82,3.93,11.48,5.9,6.3,70,22.67,44.82,Low Demand
2025-08,BK037,Charitha Thunak,K. Jayatillake,978-955-1555-12-7,Novel,Kandy,29.5,3.19,99,3.92,12.94,6.45,6.9,70,24.51,44.76,Low Demand
2025-08,BK038,Parajithayo,Siri Gunasinghe,978-955-1100-23-6,Novel,Colombo,33.3,4.61,143,4.34,17.81,8.42,9.7,70,63.22,75.01,High Demand
2025-08,BK038,Parajithayo,Siri Gunasinghe,978-955-1100-23-6,Novel,Galle,25.2,3.74,116,4.33,14.13,6.81,7.4,70,52.16,56.76,Moderate Demand
2025-08,BK038,Parajithayo,Siri Gunasinghe,978-955-1100-23-6,Novel,Kandy,33.6,4.0,124,4.34,15.81,7.84,8.3,70,30.35,55.06,Moderate Demand
2025-08,BK039,Rosa Malak Mata Denna,Shanthi Dissanayake,978-955-6677-88-1,Novel,Colombo,34.3,3.03,94,4.83,12.81,6.23,5.5,70,22.77,57.17,Moderate Demand
2025-08,BK039,Rosa Malak Mata Denna,Shanthi Dissanayake,978-955-6677-88-1,Novel,Galle,35.1,3.1,96,4.83,12.74,6.39,6.9,70,29.27,55.25,Moderate Demand
2025-08,BK039,Rosa Malak Mata Denna,Shanthi Dissanayake,978-955-6677-88-1,Novel,Kandy,34.8,3.32,103,4.84,13.1,6.81,7.2,70,26.67,52.76,Low Demand
2025-08,BK040,Paradal,Shanthi Dissanayake,978-955-6677-89-8,Novel,Colombo,28.6,4.55,141,4.15,16.29,7.68,7.1,70,48.22,62.91,Moderate Demand
2025-08,BK040,Paradal,Shanthi Dissanayake,978-955-6677-89-8,Novel,Galle,30.8,5.16,160,4.15,16.71,7.61,10.0,70,81.11,65.95,Moderate Demand
2025-08,BK040,Paradal,Shanthi Dissanayake,978-955-6677-89-8,Novel,Kandy,30.0,5.23,162,4.14,18.42,9.23,8.1,70,61.95,63.06,Moderate Demand
2025-08,BK041,Girikulu,Shanthi Dissanayake,978-955-6677-90-4,Novel,Colombo,29.5,4.68,145,3.96,16.9,8.0,7.1,70,53.12,70.81,Moderate Demand
2025-08,BK041,Girikulu,Shanthi Dissanayake,978-955-6677-90-4,Novel,Galle,30.5,4.1,127,3.94,15.39,7.55,9.5,70,55.63,63.61,Moderate Demand
2025-08,BK041,Girikulu,Shanthi Dissanayake,978-955-6677-90-4,Novel,Kandy,31.2,3.87,120,3.97,13.97,6.94,8.2,70,23.21,52.99,Low Demand
2025-08,BK042,Sakkarang,Prasanna Vithanage (Adapt.),978-955-3322-11-9,Drama,Colombo,37.6,6.23,193,3.57,24.19,11.19,8.8,65,100.0,82.7,High Demand
2025-08,BK042,Sakkarang,Prasanna Vithanage (Adapt.),978-955-3322-11-9,Drama,Galle,28.4,4.81,149,3.56,19.55,9.77,8.1,65,71.5,69.06,Moderate Demand
2025-08,BK042,Sakkarang,Prasanna Vithanage (Adapt.),978-955-3322-11-9,Drama,Kandy,30.6,6.94,215,3.57,23.42,11.13,10.0,65,100.0,84.35,High Demand
2025-08,BK043,Bhatti,Edward Mallawaarachchi,978-955-5544-33-2,Novel,Colombo,35.6,4.9,152,4.14,18.29,8.55,8.1,70,62.45,78.98,High Demand
2025-08,BK043,Bhatti,Edward Mallawaarachchi,978-955-5544-33-2,Novel,Galle,32.0,5.42,168,4.14,19.1,9.06,8.5,70,92.97,89.44,High Demand
2025-08,BK043,Bhatti,Edward Mallawaarachchi,978-955-5544-33-2,Novel,Kandy,35.6,5.32,165,4.14,19.71,9.71,7.1,70,90.92,80.91,High Demand
2025-08,BK044,Sihina Kumari,Edward Mallawaarachchi,978-955-5544-34-9,Novel,Colombo,34.0,3.26,101,4.32,13.39,6.71,8.9,70,20.53,54.23,Low Demand
2025-08,BK044,Sihina Kumari,Edward Mallawaarachchi,978-955-5544-34-9,Novel,Galle,32.5,2.94,91,4.33,12.03,5.26,8.1,70,27.19,50.5,Low Demand
2025-08,BK044,Sihina Kumari,Edward Mallawaarachchi,978-955-5544-34-9,Novel,Kandy,32.6,4.68,145,4.32,17.71,8.23,8.2,70,64.55,69.72,Moderate Demand
2025-08,BK045,Adaraneeya Wasthuwe,Upul Shantha Sannasgala,978-955-8811-22-5,Novel,Colombo,33.2,5.42,168,3.99,18.77,9.39,6.5,70,88.84,74.79,High Demand
2025-08,BK045,Adaraneeya Wasthuwe,Upul Shantha Sannasgala,978-955-8811-22-5,Novel,Galle,34.9,5.0,155,3.97,18.52,8.87,9.3,70,91.77,81.4,High Demand
2025-08,BK045,Adaraneeya Wasthuwe,Upul Shantha Sannasgala,978-955-8811-22-5,Novel,Kandy,33.8,5.1,158,3.97,18.71,8.87,6.0,70,58.64,68.9,Moderate Demand
2025-08,BK046,Warna,Upul Shantha Sannasgala,978-955-8811-23-2,Poetry,Colombo,33.9,5.16,160,4.66,18.45,8.58,8.6,50,72.87,70.34,Moderate Demand
2025-08,BK046,Warna,Upul Shantha Sannasgala,978-955-8811-23-2,Poetry,Galle,32.7,5.23,162,4.67,20.55,9.58,7.6,50,81.57,72.58,High Demand
2025-08,BK046,Warna,Upul Shantha Sannasgala,978-955-8811-23-2,Poetry,Kandy,37.2,6.16,191,4.66,21.94,10.48,8.9,50,88.52,85.15,High Demand
2025-08,BK047,Amma,Maxim Gorky (Trans.),978-955-6655-44-1,Translated Classic,Colombo,31.0,4.0,124,4.47,15.58,7.13,8.4,78,46.96,57.51,Moderate Demand
2025-08,BK047,Amma,Maxim Gorky (Trans.),978-955-6655-44-1,Translated Classic,Galle,32.1,3.23,100,4.45,13.23,6.68,8.4,78,28.73,58.51,Moderate Demand
2025-08,BK047,Amma,Maxim Gorky (Trans.),978-955-6655-44-1,Translated Classic,Kandy,33.5,4.26,132,4.46,16.42,7.87,9.8,78,51.37,75.6,High Demand
2025-08,BK048,Anna Karenina,Leo Tolstoy (Trans.),978-955-6655-45-8,Translated Classic,Colombo,28.6,3.52,109,4.37,13.65,7.23,7.5,78,23.93,54.24,Low Demand
2025-08,BK048,Anna Karenina,Leo Tolstoy (Trans.),978-955-6655-45-8,Translated Classic,Galle,32.8,3.87,120,4.38,14.48,6.81,7.6,78,54.82,66.66,Moderate Demand
2025-08,BK048,Anna Karenina,Leo Tolstoy (Trans.),978-955-6655-45-8,Translated Classic,Kandy,33.2,4.19,130,4.35,15.9,7.58,7.7,78,48.55,67.18,Moderate Demand
2025-08,BK049,Post-Modernism,Various,978-955-1212-12-1,Academic,Colombo,38.0,4.65,144,3.84,17.19,8.58,8.7,45,55.63,57.25,Moderate Demand
2025-08,BK049,Post-Modernism,Various,978-955-1212-12-1,Academic,Galle,29.5,4.68,145,3.85,17.65,8.0,8.6,45,69.96,59.69,Moderate Demand
2025-08,BK049,Post-Modernism,Various,978-955-1212-12-1,Academic,Kandy,34.9,6.45,200,3.83,21.87,9.94,8.9,45,76.87,73.04,High Demand
2025-08,BK050,Mahavamsa,Mahanama Thera,978-955-0011-22-3,Historical/Religious,Colombo,33.0,3.13,97,4.3,13.03,6.16,7.3,55,31.73,50.76,Low Demand
2025-08,BK050,Mahavamsa,Mahanama Thera,978-955-0011-22-3,Historical/Religious,Galle,25.8,3.1,96,4.29,12.71,6.52,8.9,55,29.0,53.23,Low Demand
2025-08,BK050,Mahavamsa,Mahanama Thera,978-955-0011-22-3,Historical/Religious,Kandy,30.7,3.06,95,4.31,11.87,5.87,7.9,55,15.87,37.79,Low Demand
2025-08,BK051,Saddharmaratnavaliya,Dharmasena Thera,978-955-0011-23-0,Historical/Religious,Colombo,22.7,2.77,86,4.01,11.81,5.74,9.1,55,20.85,32.84,Low Demand
2025-08,BK051,Saddharmaratnavaliya,Dharmasena Thera,978-955-0011-23-0,Historical/Religious,Galle,32.6,2.81,87,3.99,11.97,6.0,8.5,55,28.52,54.46,Low Demand
2025-08,BK051,Saddharmaratnavaliya,Dharmasena Thera,978-955-0011-23-0,Historical/Religious,Kandy,39.4,3.35,104,3.99,12.35,5.58,7.9,55,25.38,55.78,Moderate Demand
2025-08,BK052,අනාගත අහස,මාර්ටින් වික්‍රමසිංහ (පරිවර්තනය),978-147-1385-34-4,Historical/Religious,Colombo,30.5,2.55,79,4.63,11.32,5.45,8.7,55,0.16,35.36,Low Demand
2025-08,BK052,අනාගත අහස,මාර්ටින් වික්‍රමසිංහ (පරිවර්තනය),978-147-1385-34-4,Historical/Religious,Galle,30.2,1.9,59,4.62,8.52,4.13,8.5,55,0.0,34.88,Low Demand
2025-08,BK052,අනාගත අහස,මාර්ටින් වික්‍රමසිංහ (පරිවර්තනය),978-147-1385-34-4,Historical/Religious,Kandy,25.1,2.55,79,4.62,11.39,5.77,7.8,55,0.98,42.81,Low Demand
2025-08,BK053,මිටියාවත සහ කාලය,"ජෝන් ෂෝර්ස් (John Shors), පරිවර්තනය: ප්‍රදීප් කුමාර බාලසූරිය (Translation: Pradeep Kumara Balasuriya)",978-976-3071-42-3,Horror,Colombo,29.7,5.68,176,4.61,20.84,9.81,9.0,68,78.55,74.47,High Demand
2025-08,BK053,මිටියාවත සහ කාලය,"ජෝන් ෂෝර්ස් (John Shors), පරිවර්තනය: ප්‍රදීප් කුමාර බාලසූරිය (Translation: Pradeep Kumara Balasuriya)",978-976-3071-42-3,Horror,Galle,32.7,4.61,143,4.63,17.77,9.03,7.0,68,63.13,74.57,High Demand
2025-08,BK053,මිටියාවත සහ කාලය,"ජෝන් ෂෝර්ස් (John Shors), පරිවර්තනය: ප්‍රදීප් කුමාර බාලසූරිය (Translation: Pradeep Kumara Balasuriya)",978-976-3071-42-3,Horror,Kandy,35.0,5.65,175,4.62,20.58,9.52,9.4,68,88.1,90.95,High Demand
2025-08,BK054,රහස සහ කතාව,පවනි උමයංගනා (Pawani Umayangana),978-476-5849-54-7,Non-fiction,Colombo,34.3,5.9,183,4.65,21.65,9.65,6.7,52,92.19,79.69,High Demand
2025-08,BK054,රහස සහ කතාව,පවනි උමයංගනා (Pawani Umayangana),978-476-5849-54-7,Non-fiction,Galle,39.1,4.58,142,4.64,16.87,8.19,6.7,52,77.82,83.59,High Demand
2025-08,BK054,රහස සහ කතාව,පවනි උමයංගනා (Pawani Umayangana),978-476-5849-54-7,Non-fiction,Kandy,32.5,4.48,139,4.65,16.29,7.68,8.5,52,50.54,69.13,Moderate Demand
2025-08,BK055,ඇහි පියන් ඇහැරිලා (Ahi Piyan Aharila),මහින්ද ප්‍රසාද් මසිඹුල,978-955-098-003-1,Poetry,Colombo,26.1,4.74,147,4.22,16.87,8.35,6.6,50,59.45,68.95,Moderate Demand
2025-08,BK055,ඇහි පියන් ඇහැරිලා (Ahi Piyan Aharila),මහින්ද ප්‍රසාද් මසිඹුල,978-955-098-003-1,Poetry,Galle,28.5,4.87,151,4.23,16.81,7.61,9.7,50,80.42,78.9,High Demand
2025-08,BK055,ඇහි පියන් ඇහැරිලා (Ahi Piyan Aharila),මහින්ද ප්‍රසාද් මසිඹුල,978-955-098-003-1,Poetry,Kandy,33.4,5.23,162,4.21,20.35,9.45,9.1,50,70.63,70.08,Moderate Demand
2025-08,BK056,ගමන සහ කාලය,ප්‍රේමකීර්ති රණතුංග,978-316-8963-96-1,Short Stories,Colombo,34.4,5.23,162,4.3,19.61,9.68,9.1,57,72.12,73.58,High Demand
2025-08,BK056,ගමන සහ කාලය,ප්‍රේමකීර්ති රණතුංග,978-316-8963-96-1,Short Stories,Galle,33.3,5.32,165,4.31,18.94,9.06,10.8,57,82.21,75.04,High Demand
2025-08,BK056,ගමන සහ කාලය,ප්‍රේමකීර්ති රණතුංග,978-316-8963-96-1,Short Stories,Kandy,28.7,5.52,171,4.32,20.81,9.84,10.6,57,84.91,74.63,High Demand
2025-08,BK057,කොළඹ කන්ද,Michael Crichton (පරිවර්තනය: සුදත් රොහාන්),978-645-5531-58-3,Poetry,Colombo,31.3,4.0,124,3.93,15.58,7.39,10.2,50,38.93,53.09,Low Demand
2025-08,BK057,කොළඹ කන්ද,Michael Crichton (පරිවර්තනය: සුදත් රොහාන්),978-645-5531-58-3,Poetry,Galle,36.6,4.06,126,3.97,15.23,7.42,8.8,50,45.1,60.41,Moderate Demand
2025-08,BK057,කොළඹ කන්ද,Michael Crichton (පරිවර්තනය: සුදත් රොහාන්),978-645-5531-58-3,Poetry,Kandy,33.4,4.35,135,3.94,16.32,7.77,7.4,50,48.69,62.31,Moderate Demand
2025-08,BK058,වසන්තය සහ මිටියාවත,තරංගා දිසානායක,978-630-6739-38-7,Academic,Colombo,28.5,4.71,146,4.42,16.55,7.84,10.0,45,57.2,60.53,Moderate Demand
2025-08,BK058,වසන්තය සහ මිටියාවත,තරංගා දිසානායක,978-630-6739-38-7,Academic,Galle,38.0,4.23,131,4.42,15.32,7.0,7.8,45,60.85,81.18,High Demand
2025-08,BK058,වසන්තය සහ මිටියාවත,තරංගා දිසානායක,978-630-6739-38-7,Academic,Kandy,39.1,4.74,147,4.43,17.94,8.74,8.2,45,63.45,64.29,Moderate Demand
2025-08,BK059,370 යානයේ අබිරහස (370 Yanaye Abirahasa),භද්‍රජී මහින්ද ජයතිලක,978-624-6570-68-2,Mystery,Colombo,23.9,2.45,76,3.58,10.29,5.03,9.6,71,2.26,29.58,Low Demand
2025-08,BK059,370 යානයේ අබිරහස (370 Yanaye Abirahasa),භද්‍රජී මහින්ද ජයතිලක,978-624-6570-68-2,Mystery,Galle,30.8,2.55,79,3.58,10.26,5.13,9.5,71,10.82,44.04,Low Demand
2025-08,BK059,370 යානයේ අබිරහස (370 Yanaye Abirahasa),භද්‍රජී මහින්ද ජයතිලක,978-624-6570-68-2,Mystery,Kandy,36.2,2.74,85,3.57,9.84,4.9,6.2,71,6.66,33.49,Low Demand
2025-08,BK060,පර්සි ජැක්සන් සහ වංගිරියේ සටන,රික් රියෝඩන් (පරි. සවින්දි ආරියතිලක),978-955-697-089-0,Fantasy,Colombo,28.4,2.35,73,3.78,9.87,4.84,10.3,74,11.59,39.88,Low Demand
2025-08,BK060,පර්සි ජැක්සන් සහ වංගිරියේ සටන,රික් රියෝඩන් (පරි. සවින්දි ආරියතිලක),978-955-697-089-0,Fantasy,Galle,34.9,2.55,79,3.79,11.29,5.42,9.6,74,17.31,44.8,Low Demand
2025-08,BK060,පර්සි ජැක්සන් සහ වංගිරියේ සටන,රික් රියෝඩන් (පරි. සවින්දි ආරියතිලක),978-955-697-089-0,Fantasy,Kandy,30.0,3.26,101,3.79,13.06,6.42,8.9,74,25.7,50.32,Low Demand
2025-08,BK061,ආලෝකයේ සමිඳාණෝ (Alokaye Samindano - Lord of Light),රොජර් සෙලාස්නි - පරි. පුෂ්ප රංජන් විජේසිංහ,978-624-6570-11-8,Sci-Fi,Colombo,36.3,4.94,153,4.28,18.32,8.81,6.1,72,68.93,76.44,High Demand
2025-08,BK061,ආලෝකයේ සමිඳාණෝ (Alokaye Samindano - Lord of Light),රොජර් සෙලාස්නි - පරි. පුෂ්ප රංජන් විජේසිංහ,978-624-6570-11-8,Sci-Fi,Galle,34.7,4.77,148,4.3,18.87,9.45,7.8,72,75.59,79.9,High Demand
2025-08,BK061,ආලෝකයේ සමිඳාණෝ (Alokaye Samindano - Lord of Light),රොජර් සෙලාස්නි - පරි. පුෂ්ප රංජන් විජේසිංහ,978-624-6570-11-8,Sci-Fi,Kandy,32.8,5.65,175,4.3,19.65,9.65,7.4,72,92.71,77.58,High Demand
2025-08,BK062,මිනිසා සහ සෙවනැලි,"කර්ට් වොනෙගට් (Kurt Vonnegut), පරිවර්තනය: ගාමිණී වියන්ගොඩ (Translation: Gamini Viyangoda)",978-673-1310-88-3,Psychology,Colombo,30.5,4.48,139,4.29,17.65,8.19,9.4,58,60.95,71.18,Moderate Demand
2025-08,BK062,මිනිසා සහ සෙවනැලි,"කර්ට් වොනෙගට් (Kurt Vonnegut), පරිවර්තනය: ගාමිණී වියන්ගොඩ (Translation: Gamini Viyangoda)",978-673-1310-88-3,Psychology,Galle,32.6,3.94,122,4.29,14.94,7.29,10.0,58,41.25,60.51,Moderate Demand
2025-08,BK062,මිනිසා සහ සෙවනැලි,"කර්ට් වොනෙගට් (Kurt Vonnegut), පරිවර්තනය: ගාමිණී වියන්ගොඩ (Translation: Gamini Viyangoda)",978-673-1310-88-3,Psychology,Kandy,30.9,3.97,123,4.3,14.97,7.19,10.5,58,27.4,52.75,Low Demand
2025-08,BK063,හේඩීස්ගේ දෙවොල (Hadesge Devola),රික් රයෝර්ඩන් - පරි. රූපේනි මානිංගමුව,978-955-697-343-3,Young Adult,Colombo,29.5,5.48,170,4.42,19.81,9.48,8.8,66,75.63,79.21,High Demand
2025-08,BK063,හේඩීස්ගේ දෙවොල (Hadesge Devola),රික් රයෝර්ඩන් - පරි. රූපේනි මානිංගමුව,978-955-697-343-3,Young Adult,Galle,34.4,4.84,150,4.41,17.77,8.19,8.0,66,81.63,80.22,High Demand
2025-08,BK063,හේඩීස්ගේ දෙවොල (Hadesge Devola),රික් රයෝර්ඩන් - පරි. රූපේනි මානිංගමුව,978-955-697-343-3,Young Adult,Kandy,31.4,4.45,138,4.41,17.32,8.94,7.8,66,58.24,60.38,Moderate Demand
2025-08,BK064,2010,ආතර් සී. ක්ලාක් (පරිවර්තනය: චන්දන වීරසිංහ),978-624-5712-10-6,Sci-Fi,Colombo,34.7,5.52,171,3.84,19.13,9.19,8.4,72,84.83,82.26,High Demand
2025-08,BK064,2010,ආතර් සී. ක්ලාක් (පරිවර්තනය: චන්දන වීරසිංහ),978-624-5712-10-6,Sci-Fi,Galle,33.4,5.13,159,3.83,19.94,9.52,9.3,72,85.07,78.02,High Demand
2025-08,BK064,2010,ආතර් සී. ක්ලාක් (පරිවර්තනය: චන්දන වීරසිංහ),978-624-5712-10-6,Sci-Fi,Kandy,31.6,6.71,208,3.84,23.13,11.23,7.2,72,100.0,88.25,High Demand
2025-08,BK065,මන්දාරම් රාත්‍රිය,ඩී. එම්. අනුර දිසානායක,978-624-5829-10-1,Mystery,Colombo,29.8,4.74,147,4.29,17.97,8.81,8.5,71,68.61,66.92,Moderate Demand
2025-08,BK065,මන්දාරම් රාත්‍රිය,ඩී. එම්. අනුර දිසානායක,978-624-5829-10-1,Mystery,Galle,31.2,5.26,163,4.3,20.03,8.81,9.4,71,91.68,84.27,High Demand
2025-08,BK065,මන්දාරම් රාත්‍රිය,ඩී. එම්. අනුර දිසානායක,978-624-5829-10-1,Mystery,Kandy,35.0,4.48,139,4.28,17.19,8.84,8.3,71,48.6,60.6,Moderate Demand
2025-08,BK066,පරණ මාලිගාව,ක්‍රිස් කුස්නෙස්කි (පරිවර්තනය),978-726-5125-19-4,Horror,Colombo,27.2,4.81,149,4.49,19.0,9.48,8.9,68,56.02,74.14,High Demand
2025-08,BK066,පරණ මාලිගාව,ක්‍රිස් කුස්නෙස්කි (පරිවර්තනය),978-726-5125-19-4,Horror,Galle,34.7,3.52,109,4.51,14.16,6.84,8.2,68,50.53,64.54,Moderate Demand
2025-08,BK066,පරණ මාලිගාව,ක්‍රිස් කුස්නෙස්කි (පරිවර්තනය),978-726-5125-19-4,Horror,Kandy,30.8,4.26,132,4.51,15.97,7.84,7.7,68,35.39,51.41,Low Demand
2025-08,BK067,අනාගතේ පැතිකඩක් (Profiles of the Future),ආතර් සී. ක්ලාක් (පරිවර්තනය: එස්. එම්. බන්දුසීල),978-624-5712-31-1,Sci-Fi,Colombo,33.5,5.45,169,4.88,19.97,9.29,8.0,72,93.94,93.62,High Demand
2025-08,BK067,අනාගතේ පැතිකඩක් (Profiles of the Future),ආතර් සී. ක්ලාක් (පරිවර්තනය: එස්. එම්. බන්දුසීල),978-624-5712-31-1,Sci-Fi,Galle,33.6,3.58,111,4.9,14.74,7.29,7.1,72,37.03,66.03,Moderate Demand
2025-08,BK067,අනාගතේ පැතිකඩක් (Profiles of the Future),ආතර් සී. ක්ලාක් (පරිවර්තනය: එස්. එම්. බන්දුසීල),978-624-5712-31-1,Sci-Fi,Kandy,35.4,4.94,153,4.91,19.32,9.35,8.2,72,51.11,73.77,High Demand
2025-08,BK068,දඩයම් බල්ලෝ,පරිවර්තන නවකතා,978-624-5572-38-0,Thriller,Colombo,34.8,3.39,105,4.1,14.52,7.29,7.9,76,16.82,46.98,Low Demand
2025-08,BK068,දඩයම් බල්ලෝ,පරිවර්තන නවකතා,978-624-5572-38-0,Thriller,Galle,36.1,3.1,96,4.11,11.32,5.42,10.1,76,26.17,55.51,Moderate Demand
2025-08,BK068,දඩයම් බල්ලෝ,පරිවර්තන නවකතා,978-624-5572-38-0,Thriller,Kandy,33.3,3.71,115,4.12,14.81,7.26,11.0,76,31.17,58.62,Moderate Demand
2025-08,BK069,අදිසි අනතුර (Adisi Anathura - The Crash),ෆ්‍රීඩා මැක්ෆැඩන් - පරි. නයනතාරා පිලපිටිය,978-624-6570-48-4,Thriller,Colombo,28.7,2.71,84,4.32,11.16,5.74,7.6,76,11.18,49.71,Low Demand
2025-08,BK069,අදිසි අනතුර (Adisi Anathura - The Crash),ෆ්‍රීඩා මැක්ෆැඩන් - පරි. නයනතාරා පිලපිටිය,978-624-6570-48-4,Thriller,Galle,27.8,2.48,77,4.33,10.35,5.29,11.7,76,0.0,33.06,Low Demand
2025-08,BK069,අදිසි අනතුර (Adisi Anathura - The Crash),ෆ්‍රීඩා මැක්ෆැඩන් - පරි. නයනතාරා පිලපිටිය,978-624-6570-48-4,Thriller,Kandy,29.5,2.74,85,4.31,10.39,5.16,7.7,76,7.47,42.0,Low Demand
2025-08,BK070,Crown of Midnight,සාරා ජේ. මාස් (Sarah J. Maas),978-624-5663-48-4,Fantasy,Colombo,28.9,3.84,119,3.66,16.1,7.81,8.4,74,45.2,48.12,Low Demand
2025-08,BK070,Crown of Midnight,සාරා ජේ. මාස් (Sarah J. Maas),978-624-5663-48-4,Fantasy,Galle,35.9,3.61,112,3.68,14.39,7.06,7.3,74,36.85,65.27,Moderate Demand
2025-08,BK070,Crown of Midnight,සාරා ජේ. මාස් (Sarah J. Maas),978-624-5663-48-4,Fantasy,Kandy,32.5,4.32,134,3.68,17.42,8.39,8.4,74,43.28,53.4,Low Demand
2025-08,BK071,සුළං ගංගාව,පියදාස රත්නසිංහ (පරිවර්තනය),978-935-1789-28-8,Academic,Colombo,32.4,3.03,94,4.13,12.06,6.29,8.0,45,49.46,57.32,Moderate Demand
2025-08,BK071,සුළං ගංගාව,පියදාස රත්නසිංහ (පරිවර්තනය),978-935-1789-28-8,Academic,Galle,31.2,2.61,81,4.13,11.19,5.81,9.5,45,12.15,39.17,Low Demand
2025-08,BK071,සුළං ගංගාව,පියදාස රත්නසිංහ (පරිවර්තනය),978-935-1789-28-8,Academic,Kandy,34.7,3.19,99,4.13,13.23,6.81,6.5,45,17.86,44.29,Low Demand
2025-08,BK072,ගීතය සහ මාලිගාව,එරන්ද ගිනිගේ (Eranda Ginige),978-616-9581-88-7,Psychology,Colombo,25.3,3.61,112,4.44,13.97,6.55,6.6,58,38.25,56.57,Moderate Demand
2025-08,BK072,ගීතය සහ මාලිගාව,එරන්ද ගිනිගේ (Eranda Ginige),978-616-9581-88-7,Psychology,Galle,31.9,3.23,100,4.45,13.19,6.32,8.5,58,42.27,56.11,Moderate Demand
2025-08,BK072,ගීතය සහ මාලිගාව,එරන්ද ගිනිගේ (Eranda Ginige),978-616-9581-88-7,Psychology,Kandy,31.5,4.58,142,4.45,15.55,7.94,8.0,58,58.38,70.48,Moderate Demand
2025-08,BK073,ගමන සහ සෙවනැලි,"වික්ටෝරියා හෝල්ට් (Victoria Holt), පරිවර්තනය: කෝශලී සිරිචන්ද්‍ර (Translation: Koshalee Sirichandra)",978-477-2613-24-8,Horror,Colombo,35.3,5.97,185,4.11,22.03,10.45,7.9,68,99.59,89.96,High Demand
2025-08,BK073,ගමන සහ සෙවනැලි,"වික්ටෝරියා හෝල්ට් (Victoria Holt), පරිවර්තනය: කෝශලී සිරිචන්ද්‍ර (Translation: Koshalee Sirichandra)",978-477-2613-24-8,Horror,Galle,30.4,5.42,168,4.11,19.13,9.23,10.4,68,100.0,88.47,High Demand
2025-08,BK073,ගමන සහ සෙවනැලි,"වික්ටෝරියා හෝල්ට් (Victoria Holt), පරිවර්තනය: කෝශලී සිරිචන්ද්‍ර (Translation: Koshalee Sirichandra)",978-477-2613-24-8,Horror,Kandy,34.3,6.71,208,4.11,24.19,10.81,9.1,68,89.92,81.41,High Demand
2025-08,BK074,එවා මෙහේ බෑ මචං,පිනසිරි දඩල්ලගේ,978-955-97643-5-9,Non-fiction,Colombo,31.0,4.03,125,4.28,16.61,7.68,9.5,52,37.73,51.62,Low Demand
2025-08,BK074,එවා මෙහේ බෑ මචං,පිනසිරි දඩල්ලගේ,978-955-97643-5-9,Non-fiction,Galle,27.7,3.42,106,4.28,13.52,6.58,8.7,52,23.73,42.76,Low Demand
2025-08,BK074,එවා මෙහේ බෑ මචං,පිනසිරි දඩල්ලගේ,978-955-97643-5-9,Non-fiction,Kandy,31.4,4.16,129,4.26,16.1,7.48,9.4,52,44.16,55.54,Moderate Demand
2025-08,BK075,"හොල්මන්, ආවේශ සහ යළි උපත (You Cannot Die)",ඉයන් කරි (පරිවර්තනය: භද්‍රජි මහින්ද ජයතිලක),978-955-671-215-5,Psychology,Colombo,32.3,2.55,79,4.29,11.45,5.58,6.6,58,3.26,38.84,Low Demand
2025-08,BK075,"හොල්මන්, ආවේශ සහ යළි උපත (You Cannot Die)",ඉයන් කරි (පරිවර්තනය: භද්‍රජි මහින්ද ජයතිලක),978-955-671-215-5,Psychology,Galle,37.7,2.29,71,4.29,10.0,5.03,9.0,58,0.0,39.8,Low Demand
2025-08,BK075,"හොල්මන්, ආවේශ සහ යළි උපත (You Cannot Die)",ඉයන් කරි (පරිවර්තනය: භද්‍රජි මහින්ද ජයතිලක),978-955-671-215-5,Psychology,Kandy,36.8,2.39,74,4.28,9.71,4.81,8.5,58,0.0,38.29,Low Demand
2025-08,BK076,සෙංකොට්ටං (Senkottan),මහින්ද ප්‍රසාද් මසිඹුල,978-955-098-000-0,Novel,Colombo,38.4,2.9,90,3.69,12.9,6.35,7.5,70,19.2,38.78,Low Demand
2025-08,BK076,සෙංකොට්ටං (Senkottan),මහින්ද ප්‍රසාද් මසිඹුල,978-955-098-000-0,Novel,Galle,31.3,3.42,106,3.69,14.06,6.9,6.6,70,28.14,46.41,Low Demand
2025-08,BK076,සෙංකොට්ටං (Senkottan),මහින්ද ප්‍රසාද් මසිඹුල,978-955-098-000-0,Novel,Kandy,31.3,4.03,125,3.7,14.94,7.16,7.5,70,22.74,45.22,Low Demand
2025-08,BK077,අතීත මිටියාවත,ඊනිඩ් බ්ලයිටන් (Enid Blyton),978-845-3000-71-2,Children's,Colombo,31.2,3.58,111,4.21,13.42,6.58,7.8,60,16.38,41.79,Low Demand
2025-08,BK077,අතීත මිටියාවත,ඊනිඩ් බ්ලයිටන් (Enid Blyton),978-845-3000-71-2,Children's,Galle,28.9,3.45,107,4.19,13.1,6.81,9.2,60,56.26,69.7,Moderate Demand
2025-08,BK077,අතීත මිටියාවත,ඊනිඩ් බ්ලයිටන් (Enid Blyton),978-845-3000-71-2,Children's,Kandy,30.9,3.68,114,4.18,14.45,7.16,8.0,60,32.74,46.22,Low Demand
2025-08,BK078,සිහිනය සහ සෙවනැලි,"ස්ටෙෆනි ගාබර් (Stephanie Garber), පරිවර්තනය: කෝශලී සිරිචන්ද්‍ර (Translation: Koshalee Sirichandra)",978-748-7074-58-5,Historical/Religious,Colombo,34.0,5.19,161,4.37,19.32,9.48,8.6,55,75.72,88.09,High Demand
2025-08,BK078,සිහිනය සහ සෙවනැලි,"ස්ටෙෆනි ගාබර් (Stephanie Garber), පරිවර්තනය: කෝශලී සිරිචන්ද්‍ර (Translation: Koshalee Sirichandra)",978-748-7074-58-5,Historical/Religious,Galle,29.1,4.58,142,4.38,17.19,7.84,9.4,55,51.89,61.71,Moderate Demand
2025-08,BK078,සිහිනය සහ සෙවනැලි,"ස්ටෙෆනි ගාබර් (Stephanie Garber), පරිවර්තනය: කෝශලී සිරිචන්ද්‍ර (Translation: Koshalee Sirichandra)",978-748-7074-58-5,Historical/Religious,Kandy,28.4,6.52,202,4.36,22.35,10.55,7.0,55,76.5,74.55,High Demand
2025-08,BK079,හැරී පොටර් සහ රහස් කුටිය,ජේ. කේ. රෝලිං - පරි. අභය හේවාවසම්,978-955-573-623-7,Translation,Colombo,27.5,4.42,137,4.22,18.13,8.71,7.3,62,39.61,62.92,Moderate Demand
2025-08,BK079,හැරී පොටර් සහ රහස් කුටිය,ජේ. කේ. රෝලිං - පරි. අභය හේවාවසම්,978-955-573-623-7,Translation,Galle,35.9,4.84,150,4.23,17.71,8.97,7.4,62,88.11,87.68,High Demand
2025-08,BK079,හැරී පොටර් සහ රහස් කුටිය,ජේ. කේ. රෝලිං - පරි. අභය හේවාවසම්,978-955-573-623-7,Translation,Kandy,34.4,5.55,172,4.23,22.19,10.35,8.7,62,84.42,82.44,High Demand
2025-08,BK080,විකෘති (Vikurthi),සෝමලතා සුබසිංහ,978-955-428-430-2,Drama,Colombo,31.3,5.87,182,4.33,20.97,10.03,9.5,65,95.11,85.86,High Demand
2025-08,BK080,විකෘති (Vikurthi),සෝමලතා සුබසිංහ,978-955-428-430-2,Drama,Galle,29.3,4.71,146,4.36,17.1,7.9,10.6,65,65.85,73.55,High Demand
2025-08,BK080,විකෘති (Vikurthi),සෝමලතා සුබසිංහ,978-955-428-430-2,Drama,Kandy,33.6,5.03,156,4.35,18.45,8.58,10.3,65,68.65,81.73,High Demand
2025-08,BK081,නැන්දම්මාගේ ඩයරිය,කල්පනා කස්තුරිආරච්චි,978-624-9695-78-8,Short Stories,Colombo,33.7,5.61,174,4.46,19.39,9.19,8.0,57,70.09,77.84,High Demand
2025-08,BK081,නැන්දම්මාගේ ඩයරිය,කල්පනා කස්තුරිආරච්චි,978-624-9695-78-8,Short Stories,Galle,30.7,3.71,115,4.45,15.68,7.9,6.8,57,55.98,69.11,Moderate Demand
2025-08,BK081,නැන්දම්මාගේ ඩයරිය,කල්පනා කස්තුරිආරච්චි,978-624-9695-78-8,Short Stories,Kandy,31.3,4.61,143,4.46,17.26,8.45,11.5,57,39.9,55.84,Moderate Demand
2025-08,BK082,හැරී පොටර් සහ අස්කබාන්හි සිරකරු,ජේ. කේ. රෝලිං - පරි. අභය හේවාවසම්,978-955-671-187-5,Translation,Colombo,40.0,3.68,114,4.22,14.77,6.81,9.2,62,37.75,58.33,Moderate Demand
2025-08,BK082,හැරී පොටර් සහ අස්කබාන්හි සිරකරු,ජේ. කේ. රෝලිං - පරි. අභය හේවාවසම්,978-955-671-187-5,Translation,Galle,26.8,4.19,130,4.21,16.23,7.77,7.1,62,57.41,60.76,Moderate Demand
2025-08,BK082,හැරී පොටර් සහ අස්කබාන්හි සිරකරු,ජේ. කේ. රෝලිං - පරි. අභය හේවාවසම්,978-955-671-187-5,Translation,Kandy,27.3,4.65,144,4.21,17.81,8.61,8.7,62,64.17,75.17,High Demand
2025-08,BK083,පර්සි ජැක්සන් සහ රාක්ෂ සයුර,රික් රියෝඩන් (පරි. සවින්දි ආරියතිලක),978-955-697-090-0,Fantasy,Colombo,36.5,5.87,182,3.79,21.42,10.1,10.2,74,88.83,73.12,High Demand
2025-08,BK083,පර්සි ජැක්සන් සහ රාක්ෂ සයුර,රික් රියෝඩන් (පරි. සවින්දි ආරියතිලක),978-955-697-090-0,Fantasy,Galle,32.4,4.19,130,3.8,15.13,7.45,10.0,74,62.85,62.62,Moderate Demand
2025-08,BK083,පර්සි ජැක්සන් සහ රාක්ෂ සයුර,රික් රියෝඩන් (පරි. සවින්දි ආරියතිලක),978-955-697-090-0,Fantasy,Kandy,26.9,5.55,172,3.81,20.16,9.74,10.1,74,79.54,69.23,Moderate Demand
2025-08,BK084,විභාග ජය ගැනීමේ රහස (Vibhaga Jaya Ganeeme Rahasa),ප්‍රවීන් රන්දෙනිය,978-624-97120-5-0,Academic,Colombo,27.2,3.68,114,4.03,15.97,7.94,7.9,45,26.62,34.56,Low Demand
2025-08,BK084,විභාග ජය ගැනීමේ රහස (Vibhaga Jaya Ganeeme Rahasa),ප්‍රවීන් රන්දෙනිය,978-624-97120-5-0,Academic,Galle,28.2,2.94,91,4.02,12.45,6.39,8.7,45,21.75,41.69,Low Demand
2025-08,BK084,විභාග ජය ගැනීමේ රහස (Vibhaga Jaya Ganeeme Rahasa),ප්‍රවීන් රන්දෙනිය,978-624-97120-5-0,Academic,Kandy,36.8,3.06,95,4.01,12.42,5.97,9.6,45,4.21,28.96,Low Demand
2025-08,BK085,දික්තල කාලගෝල (Diktala Kalagola),පුණ්‍යසේන ගුණසිංහ,978-955-9377-71-9,Drama,Colombo,26.1,1.9,59,4.61,8.61,4.65,8.4,65,4.79,34.54,Low Demand
2025-08,BK085,දික්තල කාලගෝල (Diktala Kalagola),පුණ්‍යසේන ගුණසිංහ,978-955-9377-71-9,Drama,Galle,25.1,2.35,73,4.6,10.84,5.26,7.6,65,0.08,36.85,Low Demand
2025-08,BK085,දික්තල කාලගෝල (Diktala Kalagola),පුණ්‍යසේන ගුණසිංහ,978-955-9377-71-9,Drama,Kandy,27.4,3.03,94,4.6,12.68,5.97,8.0,65,0.0,45.03,Low Demand
2025-08,BK086,නැන්සි කෲ: ටෙඩි බෙයාර් අබිරහස,කැරොලයින් කීන්,978-955-657-006-8,Translation,Colombo,43.2,2.65,82,3.96,11.19,5.48,6.4,62,6.86,42.99,Low Demand
2025-08,BK086,නැන්සි කෲ: ටෙඩි බෙයාර් අබිරහස,කැරොලයින් කීන්,978-955-657-006-8,Translation,Galle,35.3,2.32,72,3.97,10.65,5.61,7.8,62,9.5,42.63,Low Demand
2025-08,BK086,නැන්සි කෲ: ටෙඩි බෙයාර් අබිරහස,කැරොලයින් කීන්,978-955-657-006-8,Translation,Kandy,38.5,2.77,86,3.95,11.81,5.77,8.3,62,11.17,32.6,Low Demand
2025-08,BK087,කතාව සහ සිහිනය,ක්‍රිස් කුස්නෙස්කි (පරිවර්තනය),978-566-9308-23-4,Short Stories,Colombo,28.2,5.06,157,4.24,18.61,8.97,9.0,57,61.64,72.52,High Demand
2025-08,BK087,කතාව සහ සිහිනය,ක්‍රිස් කුස්නෙස්කි (පරිවර්තනය),978-566-9308-23-4,Short Stories,Galle,30.9,5.16,160,4.22,20.58,9.65,6.3,57,95.04,87.81,High Demand
2025-08,BK087,කතාව සහ සිහිනය,ක්‍රිස් කුස්නෙස්කි (පරිවර්තනය),978-566-9308-23-4,Short Stories,Kandy,32.0,5.06,157,4.25,18.58,8.87,8.4,57,63.5,68.0,Moderate Demand
2025-08,BK088,අඹ යහළුවෝ,ටී. බී. ඉලංගරත්න,978-955-4682-00-9,Novel,Colombo,31.5,4.03,125,4.16,15.65,7.32,7.9,70,33.97,60.72,Moderate Demand
2025-08,BK088,අඹ යහළුවෝ,ටී. බී. ඉලංගරත්න,978-955-4682-00-9,Novel,Galle,31.1,4.48,139,4.14,16.19,7.94,7.0,70,71.94,74.69,High Demand
2025-08,BK088,අඹ යහළුවෝ,ටී. බී. ඉලංගරත්න,978-955-4682-00-9,Novel,Kandy,31.5,4.42,137,4.14,17.84,8.65,10.3,70,47.79,67.19,Moderate Demand
2025-08,BK089,මායා අහස,දිනිති තරුමිණි,978-222-3861-35-8,Young Adult,Colombo,39.5,2.65,82,4.35,11.29,5.35,6.5,66,15.53,41.4,Low Demand
2025-08,BK089,මායා අහස,දිනිති තරුමිණි,978-222-3861-35-8,Young Adult,Galle,29.5,2.77,86,4.34,11.58,5.94,10.7,66,8.66,36.16,Low Demand
2025-08,BK089,මායා අහස,දිනිති තරුමිණි,978-222-3861-35-8,Young Adult,Kandy,33.5,2.71,84,4.34,11.26,5.94,7.8,66,7.61,54.65,Moderate Demand
2025-08,BK090,අනාගත නගරය,පරිවර්තනය: චන්දන මෙන්ඩිස් (Chandana Mendis),978-587-7471-56-2,Drama,Colombo,28.2,4.32,134,4.27,17.9,8.68,7.7,65,43.89,56.83,Moderate Demand
2025-08,BK090,අනාගත නගරය,පරිවර්තනය: චන්දන මෙන්ඩිස් (Chandana Mendis),978-587-7471-56-2,Drama,Galle,37.2,4.71,146,4.27,17.32,8.13,8.2,65,65.88,71.66,Moderate Demand
2025-08,BK090,අනාගත නගරය,පරිවර්තනය: චන්දන මෙන්ඩිස් (Chandana Mendis),978-587-7471-56-2,Drama,Kandy,35.4,4.45,138,4.24,17.19,7.81,8.6,65,39.37,56.39,Moderate Demand
2025-08,BK091,හැරී පොටර් සහ ෆීනික්ස් නිකාය,ජේ. කේ. රෝලිං - පරි. අභය හේවාවසම්,978-955-573-951-1,Translation,Colombo,32.2,2.84,88,4.13,12.55,5.68,7.1,62,22.99,50.03,Low Demand
2025-08,BK091,හැරී පොටර් සහ ෆීනික්ස් නිකාය,ජේ. කේ. රෝලිං - පරි. අභය හේවාවසම්,978-955-573-951-1,Translation,Galle,36.2,3.06,95,4.13,10.81,5.45,8.6,62,29.02,53.29,Low Demand
2025-08,BK091,හැරී පොටර් සහ ෆීනික්ස් නිකාය,ජේ. කේ. රෝලිං - පරි. අභය හේවාවසම්,978-955-573-951-1,Translation,Kandy,29.3,2.68,83,4.13,10.58,4.77,7.7,62,0.0,35.84,Low Demand
2025-08,BK092,සැඟවුණු රහස,රොජර් ලී මැක්බ්‍රයිඩ් (Roger Lea MacBride) - පරිවර්තනය: චිත්‍රා අමරසේකර,978-745-6661-48-1,Historical/Religious,Colombo,36.9,5.42,168,3.36,19.84,9.65,8.8,55,77.99,69.34,Moderate Demand
2025-08,BK092,සැඟවුණු රහස,රොජර් ලී මැක්බ්‍රයිඩ් (Roger Lea MacBride) - පරිවර්තනය: චිත්‍රා අමරසේකර,978-745-6661-48-1,Historical/Religious,Galle,34.3,4.39,136,3.33,16.84,8.23,6.7,55,48.98,56.67,Moderate Demand
2025-08,BK092,සැඟවුණු රහස,රොජර් ලී මැක්බ්‍රයිඩ් (Roger Lea MacBride) - පරිවර්තනය: චිත්‍රා අමරසේකර,978-745-6661-48-1,Historical/Religious,Kandy,35.7,4.87,151,3.33,18.71,8.65,8.1,55,63.68,56.37,Moderate Demand
2025-08,BK093,සෙවනැලි සහ මාලිගාව,පරිවර්තනය: චන්දන මෙන්ඩිස් (Chandana Mendis),978-289-1737-32-0,Poetry,Colombo,32.6,4.42,137,4.03,18.1,8.65,9.1,50,42.46,51.98,Low Demand
2025-08,BK093,සෙවනැලි සහ මාලිගාව,පරිවර්තනය: චන්දන මෙන්ඩිස් (Chandana Mendis),978-289-1737-32-0,Poetry,Galle,34.6,3.58,111,4.03,14.03,6.77,9.8,50,42.92,57.32,Moderate Demand
2025-08,BK093,සෙවනැලි සහ මාලිගාව,පරිවර්තනය: චන්දන මෙන්ඩිස් (Chandana Mendis),978-289-1737-32-0,Poetry,Kandy,36.2,4.81,149,4.02,18.1,8.74,10.4,50,80.26,70.96,Moderate Demand
2025-08,BK094,නෙවර් ලයි (Never Lie),ෆ්‍රීඩා මැක්ෆැඩන් - පරි. තරුෂි නිරංගා ජයසිංහ,978-624-6570-46-0,Thriller,Colombo,25.3,3.55,110,4.25,13.77,7.16,8.7,76,19.99,49.82,Low Demand
2025-08,BK094,නෙවර් ලයි (Never Lie),ෆ්‍රීඩා මැක්ෆැඩන් - පරි. තරුෂි නිරංගා ජයසිංහ,978-624-6570-46-0,Thriller,Galle,26.4,3.77,117,4.27,15.19,7.19,10.7,76,46.54,66.77,Moderate Demand
2025-08,BK094,නෙවර් ලයි (Never Lie),ෆ්‍රීඩා මැක්ෆැඩන් - පරි. තරුෂි නිරංගා ජයසිංහ,978-624-6570-46-0,Thriller,Kandy,34.3,3.65,113,4.26,14.32,6.55,8.6,76,36.35,53.74,Low Demand
2025-08,BK095,ප්‍රේම ගීතය,සමුද්‍ර වෙත්තසිංහ (Samudra Weththasingha),978-573-6220-40-5,Non-fiction,Colombo,33.6,3.58,111,3.77,13.19,6.65,9.4,52,32.99,48.07,Low Demand
2025-08,BK095,ප්‍රේම ගීතය,සමුද්‍ර වෙත්තසිංහ (Samudra Weththasingha),978-573-6220-40-5,Non-fiction,Galle,33.6,3.39,105,3.77,13.84,6.84,9.0,52,29.48,43.83,Low Demand
2025-08,BK095,ප්‍රේම ගීතය,සමුද්‍ර වෙත්තසිංහ (Samudra Weththasingha),978-573-6220-40-5,Non-fiction,Kandy,29.6,3.65,113,3.76,13.58,6.55,8.7,52,31.6,45.73,Low Demand
2025-08,BK096,පුද්ගලිකයි රහසිගතයි (The Secret Files of Sherlock Holmes),චන්දන මෙන්ඩිස් (පරිවර්තනය),955-97776-4-5,Mystery,Colombo,36.3,5.65,175,4.19,19.55,9.26,8.3,71,96.01,87.91,High Demand
2025-08,BK096,පුද්ගලිකයි රහසිගතයි (The Secret Files of Sherlock Holmes),චන්දන මෙන්ඩිස් (පරිවර්තනය),955-97776-4-5,Mystery,Galle,32.0,4.03,125,4.19,16.52,7.9,7.5,71,53.04,67.92,Moderate Demand
2025-08,BK096,පුද්ගලිකයි රහසිගතයි (The Secret Files of Sherlock Holmes),චන්දන මෙන්ඩිස් (පරිවර්තනය),955-97776-4-5,Mystery,Kandy,31.1,5.39,167,4.19,18.74,8.81,8.4,71,74.96,85.05,High Demand
2025-08,BK097,පරණ කතාව,මාර්ටින් වික්‍රමසිංහ,978-528-5693-75-7,Children's,Colombo,29.9,4.16,129,4.88,16.52,8.16,7.9,60,35.59,62.29,Moderate Demand
2025-08,BK097,පරණ කතාව,මාර්ටින් වික්‍රමසිංහ,978-528-5693-75-7,Children's,Galle,36.7,3.61,112,4.9,14.52,6.84,7.0,60,37.64,61.38,Moderate Demand
2025-08,BK097,පරණ කතාව,මාර්ටින් වික්‍රමසිංහ,978-528-5693-75-7,Children's,Kandy,31.2,3.55,110,4.89,14.1,6.52,8.6,60,13.31,56.67,Moderate Demand
2025-08,BK098,මාණික්කාවත (Manikkawatha),මහින්ද ප්‍රසාද් මසිඹුල,978-955-098-023-9,Novel,Colombo,28.5,1.97,61,4.13,8.87,4.61,7.9,70,5.72,28.96,Low Demand
2025-08,BK098,මාණික්කාවත (Manikkawatha),මහින්ද ප්‍රසාද් මසිඹුල,978-955-098-023-9,Novel,Galle,43.0,2.32,72,4.13,9.48,5.03,7.3,70,0.0,45.91,Low Demand
2025-08,BK098,මාණික්කාවත (Manikkawatha),මහින්ද ප්‍රසාද් මසිඹුල,978-955-098-023-9,Novel,Kandy,29.2,2.81,87,4.12,11.19,5.68,7.3,70,6.49,43.62,Low Demand
2025-08,BK099,ගංගාව සහ ගංගාව,"ජේම්ස් හැඩ්ලි චේස් (James Hadley Chase), පරිවර්තනය: එන්. ජී. විජේරත්න (Translation: N. G. Wijerathna)",978-493-2631-22-5,Children's,Colombo,25.6,2.84,88,4.44,12.45,6.13,8.9,60,9.91,40.05,Low Demand
2025-08,BK099,ගංගාව සහ ගංගාව,"ජේම්ස් හැඩ්ලි චේස් (James Hadley Chase), පරිවර්තනය: එන්. ජී. විජේරත්න (Translation: N. G. Wijerathna)",978-493-2631-22-5,Children's,Galle,31.6,2.26,70,4.44,10.19,4.94,9.5,60,0.0,35.34,Low Demand
2025-08,BK099,ගංගාව සහ ගංගාව,"ජේම්ස් හැඩ්ලි චේස් (James Hadley Chase), පරිවර්තනය: එන්. ජී. විජේරත්න (Translation: N. G. Wijerathna)",978-493-2631-22-5,Children's,Kandy,30.8,3.16,98,4.44,11.97,5.94,10.4,60,10.84,47.33,Low Demand
2025-08,BK100,රන් මතකය,ලසිත රවීන් උමගිලිය,978-825-3894-18-1,Young Adult,Colombo,33.9,6.16,191,3.8,22.35,10.58,9.5,66,100.0,81.67,High Demand
2025-08,BK100,රන් මතකය,ලසිත රවීන් උමගිලිය,978-825-3894-18-1,Young Adult,Galle,31.1,6.13,190,3.79,22.35,10.26,10.0,66,86.73,73.5,High Demand
2025-08,BK100,රන් මතකය,ලසිත රවීන් උමගිලිය,978-825-3894-18-1,Young Adult,Kandy,36.4,6.58,204,3.79,22.84,10.52,9.3,66,100.0,85.07,High Demand
2025-09,BK001,Ape Gama,Martin Wickramasinghe,978-955-31-2954-3,Novel,Colombo,34.2,5.53,166,4.25,20.2,9.93,8.0,70,96.74,87.9,High Demand
2025-09,BK001,Ape Gama,Martin Wickramasinghe,978-955-31-2954-3,Novel,Galle,26.8,4.73,142,4.23,19.03,8.93,7.8,70,65.38,73.82,High Demand
2025-09,BK001,Ape Gama,Martin Wickramasinghe,978-955-31-2954-3,Novel,Kandy,34.1,5.2,156,4.24,19.0,9.13,8.9,70,56.47,67.62,Moderate Demand
2025-09,BK002,Viragaya,Martin Wickramasinghe,978-955-1234-01-2,Novel,Colombo,35.0,4.7,141,3.92,17.67,8.57,9.1,70,48.18,65.49,Moderate Demand
2025-09,BK002,Viragaya,Martin Wickramasinghe,978-955-1234-01-2,Novel,Galle,31.2,4.83,145,3.91,17.3,8.53,9.6,70,78.68,73.14,High Demand
2025-09,BK002,Viragaya,Martin Wickramasinghe,978-955-1234-01-2,Novel,Kandy,33.5,4.63,139,3.92,17.07,7.83,8.0,70,57.76,63.35,Moderate Demand
2025-09,BK003,Gamperaliya,Martin Wickramasinghe,978-955-1234-02-9,Novel,Colombo,31.0,6.87,206,4.7,24.17,12.13,7.6,70,100.0,88.93,High Demand
2025-09,BK003,Gamperaliya,Martin Wickramasinghe,978-955-1234-02-9,Novel,Galle,33.8,5.33,160,4.69,18.8,8.83,8.3,70,85.5,75.87,High Demand
2025-09,BK003,Gamperaliya,Martin Wickramasinghe,978-955-1234-02-9,Novel,Kandy,34.0,5.77,173,4.69,19.53,9.53,9.2,70,62.66,70.38,Moderate Demand
2025-09,BK004,Madol Duwa,Martin Wickramasinghe,978-955-1234-03-6,Children's,Colombo,37.7,6.1,183,3.94,21.77,10.0,9.2,60,72.86,65.53,Moderate Demand
2025-09,BK004,Madol Duwa,Martin Wickramasinghe,978-955-1234-03-6,Children's,Galle,34.7,5.73,172,3.95,20.17,9.4,8.6,60,94.07,88.59,High Demand
2025-09,BK004,Madol Duwa,Martin Wickramasinghe,978-955-1234-03-6,Children's,Kandy,33.4,6.5,195,3.96,22.77,11.37,6.1,60,95.6,90.89,High Demand
2025-09,BK005,Senkottan,Mahinda Prasad Masimbula,978-955-3031-15-8,Novel,Colombo,32.2,2.63,79,3.54,10.07,5.17,10.0,70,10.27,36.42,Low Demand
2025-09,BK005,Senkottan,Mahinda Prasad Masimbula,978-955-3031-15-8,Novel,Galle,33.9,2.2,66,3.57,9.7,4.97,8.8,70,17.64,46.56,Low Demand
2025-09,BK005,Senkottan,Mahinda Prasad Masimbula,978-955-3031-15-8,Novel,Kandy,32.6,3.07,92,3.55,11.83,5.63,9.2,70,6.43,39.93,Low Demand
2025-09,BK006,Malagiya Attho,Ediriweera Sarachchandra,978-955-9012-05-4,Novel,Colombo,32.1,6.37,191,3.77,23.0,10.87,7.3,70,100.0,85.73,High Demand
2025-09,BK006,Malagiya Attho,Ediriweera Sarachchandra,978-955-9012-05-4,Novel,Galle,33.5,6.67,200,3.78,22.13,10.97,6.7,70,91.55,86.51,High Demand
2025-09,BK006,Malagiya Attho,Ediriweera Sarachchandra,978-955-9012-05-4,Novel,Kandy,31.2,6.5,195,3.77,21.93,9.6,9.5,70,87.97,91.08,High Demand
2025-09,BK007,Amba Yaluwo,T. B. Ilangaratne,978-955-8877-66-5,Novel,Colombo,40.2,5.87,176,4.26,20.97,10.1,11.2,70,100.0,87.91,High Demand
2025-09,BK007,Amba Yaluwo,T. B. Ilangaratne,978-955-8877-66-5,Novel,Galle,30.9,5.0,150,4.26,19.8,9.77,8.1,70,75.54,72.69,High Demand
2025-09,BK007,Amba Yaluwo,T. B. Ilangaratne,978-955-8877-66-5,Novel,Kandy,35.1,5.6,168,4.27,21.97,10.23,7.5,70,85.08,81.26,High Demand
2025-09,BK008,Guru Geethaya,Chingiz Aitmatov (Trans.),978-955-6543-20-1,Translated Classic,Colombo,31.9,5.33,160,4.26,20.3,9.97,10.0,78,71.73,79.97,High Demand
2025-09,BK008,Guru Geethaya,Chingiz Aitmatov (Trans.),978-955-6543-20-1,Translated Classic,Galle,36.3,4.93,148,4.25,18.87,8.97,9.0,78,77.77,80.58,High Demand
2025-09,BK008,Guru Geethaya,Chingiz Aitmatov (Trans.),978-955-6543-20-1,Translated Classic,Kandy,30.8,5.97,179,4.25,20.17,9.7,10.3,78,74.45,76.24,High Demand
2025-09,BK009,Sanda Gawa Gini,Sumithra Rahubadda,978-955-4422-33-7,Novel,Colombo,27.2,2.93,88,4.24,12.8,5.9,12.1,70,8.72,50.11,Low Demand
2025-09,BK009,Sanda Gawa Gini,Sumithra Rahubadda,978-955-4422-33-7,Novel,Galle,29.8,2.1,63,4.24,9.33,4.63,9.8,70,7.1,35.68,Low Demand
2025-09,BK009,Sanda Gawa Gini,Sumithra Rahubadda,978-955-4422-33-7,Novel,Kandy,30.0,2.97,89,4.25,12.67,6.43,8.1,70,13.27,47.44,Low Demand
2025-09,BK010,Karumakkarayo,Gunadasa Amarasekara,978-955-5678-10-1,Novel,Colombo,33.4,4.6,138,4.39,18.23,8.87,8.5,70,36.29,62.54,Moderate Demand
2025-09,BK010,Karumakkarayo,Gunadasa Amarasekara,978-955-5678-10-1,Novel,Galle,38.2,4.0,120,4.38,16.9,7.87,8.2,70,40.38,54.59,Moderate Demand
2025-09,BK010,Karumakkarayo,Gunadasa Amarasekara,978-955-5678-10-1,Novel,Kandy,32.7,4.4,132,4.4,17.73,8.63,8.0,70,58.74,68.44,Moderate Demand
2025-09,BK011,Yali Upannemi,Gunadasa Amarasekara,978-955-5678-11-8,Novel,Colombo,30.4,3.8,114,3.91,15.93,8.17,8.3,70,23.55,43.96,Low Demand
2025-09,BK011,Yali Upannemi,Gunadasa Amarasekara,978-955-5678-11-8,Novel,Galle,29.6,3.97,119,3.91,14.93,7.27,8.5,70,36.93,56.13,Moderate Demand
2025-09,BK011,Yali Upannemi,Gunadasa Amarasekara,978-955-5678-11-8,Novel,Kandy,34.6,4.17,125,3.9,15.57,7.27,9.7,70,29.97,53.66,Low Demand
2025-09,BK012,Vilambitha,Mahinda Prasad Masimbula,978-955-3031-16-5,Novel,Colombo,32.2,5.83,175,4.87,20.87,9.0,8.5,70,88.98,84.74,High Demand
2025-09,BK012,Vilambitha,Mahinda Prasad Masimbula,978-955-3031-16-5,Novel,Galle,36.5,5.73,172,4.88,19.53,9.07,9.3,70,100.0,90.32,High Demand
2025-09,BK012,Vilambitha,Mahinda Prasad Masimbula,978-955-3031-16-5,Novel,Kandy,37.6,6.77,203,4.87,23.87,11.47,8.9,70,95.76,97.32,High Demand
2025-09,BK013,Kaliyugaya,Martin Wickramasinghe,978-955-1234-04-3,Novel,Colombo,28.7,5.3,159,4.18,20.33,10.17,10.8,70,53.06,66.69,Moderate Demand
2025-09,BK013,Kaliyugaya,Martin Wickramasinghe,978-955-1234-04-3,Novel,Galle,32.3,4.83,145,4.18,18.17,9.07,8.3,70,68.65,77.37,High Demand
2025-09,BK013,Kaliyugaya,Martin Wickramasinghe,978-955-1234-04-3,Novel,Kandy,32.8,4.77,143,4.19,18.93,8.97,7.6,70,56.59,73.22,High Demand
2025-09,BK014,Yuganthaya,Martin Wickramasinghe,978-955-1234-05-0,Novel,Colombo,33.8,5.5,165,3.96,21.43,10.33,7.3,70,86.37,79.47,High Demand
2025-09,BK014,Yuganthaya,Martin Wickramasinghe,978-955-1234-05-0,Novel,Galle,33.9,5.6,168,3.95,20.43,9.63,7.8,70,81.02,66.98,Moderate Demand
2025-09,BK014,Yuganthaya,Martin Wickramasinghe,978-955-1234-05-0,Novel,Kandy,33.4,6.27,188,3.94,23.9,10.73,9.3,70,87.68,79.3,High Demand
2025-09,BK015,Bavatharanaya,Martin Wickramasinghe,978-955-1234-06-7,Novel,Colombo,31.6,4.73,142,4.19,17.83,8.33,9.8,70,64.33,62.11,Moderate Demand
2025-09,BK015,Bavatharanaya,Martin Wickramasinghe,978-955-1234-06-7,Novel,Galle,35.9,3.47,104,4.19,13.23,5.87,8.1,70,25.73,48.49,Low Demand
2025-09,BK015,Bavatharanaya,Martin Wickramasinghe,978-955-1234-06-7,Novel,Kandy,28.8,4.03,121,4.18,15.73,7.63,8.3,70,33.97,57.62,Moderate Demand
2025-09,BK016,Lolita,Vladimir Nabokov (Trans.),978-955-3022-10-1,Translated Classic,Colombo,39.5,2.73,82,4.45,11.13,5.33,8.3,78,8.77,49.01,Low Demand
2025-09,BK016,Lolita,Vladimir Nabokov (Trans.),978-955-3022-10-1,Translated Classic,Galle,38.0,2.83,85,4.44,10.97,5.7,7.8,78,31.2,56.42,Moderate Demand
2025-09,BK016,Lolita,Vladimir Nabokov (Trans.),978-955-3022-10-1,Translated Classic,Kandy,40.6,2.87,86,4.43,11.17,5.5,8.0,78,0.0,44.59,Low Demand
2025-09,BK017,Aprasanna Kathavak,Karunasena Jayalath,978-955-1100-33-5,Novel,Colombo,37.2,5.03,151,4.05,19.6,9.07,7.8,70,48.64,65.46,Moderate Demand
2025-09,BK017,Aprasanna Kathavak,Karunasena Jayalath,978-955-1100-33-5,Novel,Galle,29.4,4.97,149,4.06,20.03,9.4,9.0,70,71.99,77.68,High Demand
2025-09,BK017,Aprasanna Kathavak,Karunasena Jayalath,978-955-1100-33-5,Novel,Kandy,31.3,4.87,146,4.06,18.03,8.53,7.3,70,66.88,71.8,High Demand
2025-09,BK018,Golu Hadawatha,Karunasena Jayalath,978-955-1100-34-2,Novel,Colombo,36.3,2.47,74,4.26,11.4,5.53,8.1,70,15.24,41.68,Low Demand
2025-09,BK018,Golu Hadawatha,Karunasena Jayalath,978-955-1100-34-2,Novel,Galle,27.5,2.7,81,4.24,11.13,6.1,6.6,70,20.81,57.84,Moderate Demand
2025-09,BK018,Golu Hadawatha,Karunasena Jayalath,978-955-1100-34-2,Novel,Kandy,33.5,3.03,91,4.26,12.93,6.23,8.6,70,23.28,44.71,Low Demand
2025-09,BK019,Gahanu Lamai,Karunasena Jayalath,978-955-1100-35-9,Novel,Colombo,25.1,6.4,192,3.81,23.5,11.17,8.4,70,84.0,85.33,High Demand
2025-09,BK019,Gahanu Lamai,Karunasena Jayalath,978-955-1100-35-9,Novel,Galle,34.1,5.9,177,3.83,21.2,10.13,6.8,70,100.0,88.28,High Demand
2025-09,BK019,Gahanu Lamai,Karunasena Jayalath,978-955-1100-35-9,Novel,Kandy,37.0,6.17,185,3.83,22.73,10.93,8.3,70,68.17,63.91,Moderate Demand
2025-09,BK020,Kulakumariya,T. B. Ilangaratne,978-955-8877-67-2,Novel,Colombo,37.7,5.87,176,4.16,21.5,10.13,8.4,70,76.62,73.03,High Demand
2025-09,BK020,Kulakumariya,T. B. Ilangaratne,978-955-8877-67-2,Novel,Galle,31.4,4.43,133,4.16,17.23,8.2,6.2,70,62.63,62.05,Moderate Demand
2025-09,BK020,Kulakumariya,T. B. Ilangaratne,978-955-8877-67-2,Novel,Kandy,36.7,5.17,155,4.16,19.87,8.93,9.3,70,64.57,73.4,High Demand
2025-09,BK021,Lasanda,T. B. Ilangaratne,978-955-8877-68-9,Novel,Colombo,32.6,4.8,144,4.43,18.23,8.57,9.3,70,53.71,65.43,Moderate Demand
2025-09,BK021,Lasanda,T. B. Ilangaratne,978-955-8877-68-9,Novel,Galle,32.1,4.83,145,4.43,18.2,8.83,8.2,70,66.03,77.45,High Demand
2025-09,BK021,Lasanda,T. B. Ilangaratne,978-955-8877-68-9,Novel,Kandy,27.5,6.37,191,4.43,23.33,10.9,9.1,70,100.0,98.61,High Demand
2025-09,BK022,Maname,Ediriweera Sarachchandra,978-955-9012-06-1,Drama,Colombo,33.7,4.1,123,3.86,16.0,8.07,6.4,65,24.7,52.53,Low Demand
2025-09,BK022,Maname,Ediriweera Sarachchandra,978-955-9012-06-1,Drama,Galle,27.0,3.27,98,3.86,12.73,6.33,8.0,65,29.91,56.18,Moderate Demand
2025-09,BK022,Maname,Ediriweera Sarachchandra,978-955-9012-06-1,Drama,Kandy,26.7,3.53,106,3.87,14.4,7.07,9.9,65,14.22,44.29,Low Demand
2025-09,BK023,Sinhabahu,Ediriweera Sarachchandra,978-955-9012-07-8,Drama,Colombo,30.2,7.03,211,4.0,26.6,12.97,7.8,65,88.82,85.59,High Demand
2025-09,BK023,Sinhabahu,Ediriweera Sarachchandra,978-955-9012-07-8,Drama,Galle,33.5,6.37,191,4.0,23.03,11.13,9.7,65,100.0,96.76,High Demand
2025-09,BK023,Sinhabahu,Ediriweera Sarachchandra,978-955-9012-07-8,Drama,Kandy,35.5,6.3,189,4.0,21.73,9.67,10.1,65,87.84,82.38,High Demand
2025-09,BK024,Walmath Vee Atharaman Veemi,Simon Navagattegama,978-955-7733-11-2,Novel,Colombo,29.5,6.97,209,4.15,23.3,11.3,8.3,70,100.0,91.15,High Demand
2025-09,BK024,Walmath Vee Atharaman Veemi,Simon Navagattegama,978-955-7733-11-2,Novel,Galle,33.6,5.7,171,4.19,20.67,9.77,9.6,70,100.0,86.29,High Demand
2025-09,BK024,Walmath Vee Atharaman Veemi,Simon Navagattegama,978-955-7733-11-2,Novel,Kandy,35.8,6.37,191,4.16,21.77,10.4,7.3,70,76.08,76.36,High Demand
2025-09,BK025,Sansaranyaye Dadayakkara,Simon Navagattegama,978-955-7733-12-9,Novel,Colombo,24.7,6.33,190,3.3,23.1,10.87,8.2,70,99.93,76.26,High Demand
2025-09,BK025,Sansaranyaye Dadayakkara,Simon Navagattegama,978-955-7733-12-9,Novel,Galle,30.1,5.33,160,3.28,18.67,8.83,10.0,70,84.58,72.71,High Demand
2025-09,BK025,Sansaranyaye Dadayakkara,Simon Navagattegama,978-955-7733-12-9,Novel,Kandy,34.9,6.17,185,3.28,21.83,10.5,8.1,70,79.26,74.25,High Demand
2025-09,BK026,Kavikandarawa,Mahinda Prasad Masimbula,978-955-3031-17-2,Poetry,Colombo,26.6,3.33,100,4.38,12.53,6.7,7.9,50,21.93,41.46,Low Demand
2025-09,BK026,Kavikandarawa,Mahinda Prasad Masimbula,978-955-3031-17-2,Poetry,Galle,29.9,2.6,78,4.37,10.3,4.97,7.3,50,6.91,44.69,Low Demand
2025-09,BK026,Kavikandarawa,Mahinda Prasad Masimbula,978-955-3031-17-2,Poetry,Kandy,29.0,3.53,106,4.38,14.03,6.53,8.5,50,32.87,58.2,Moderate Demand
2025-09,BK027,Dodamlu Iwura,Sumithra Rahubadda,978-955-4422-34-4,Novel,Colombo,28.4,4.6,138,4.98,18.5,8.27,9.2,70,51.57,74.39,High Demand
2025-09,BK027,Dodamlu Iwura,Sumithra Rahubadda,978-955-4422-34-4,Novel,Galle,36.1,3.93,118,4.98,15.33,7.03,9.5,70,50.77,74.88,High Demand
2025-09,BK027,Dodamlu Iwura,Sumithra Rahubadda,978-955-4422-34-4,Novel,Kandy,28.5,4.0,120,4.99,15.53,7.8,8.4,70,36.29,71.4,Moderate Demand
2025-09,BK028,Bumuthurunu,Sumithra Rahubadda,978-955-4422-35-1,Novel,Colombo,32.1,2.67,80,4.07,10.4,5.2,8.2,70,11.62,42.91,Low Demand
2025-09,BK028,Bumuthurunu,Sumithra Rahubadda,978-955-4422-35-1,Novel,Galle,26.7,2.07,62,4.08,9.1,4.83,8.4,70,0.0,43.59,Low Demand
2025-09,BK028,Bumuthurunu,Sumithra Rahubadda,978-955-4422-35-1,Novel,Kandy,30.2,2.27,68,4.08,9.4,4.5,10.0,70,3.03,42.31,Low Demand
2025-09,BK029,Podi Hamuduruwo,Sybil Wettasinghe,978-955-2011-44-3,Children's,Colombo,42.3,2.97,89,4.58,11.97,5.77,5.8,60,30.6,52.05,Low Demand
2025-09,BK029,Podi Hamuduruwo,Sybil Wettasinghe,978-955-2011-44-3,Children's,Galle,36.4,2.63,79,4.57,10.93,5.33,6.9,60,23.84,54.6,Moderate Demand
2025-09,BK029,Podi Hamuduruwo,Sybil Wettasinghe,978-955-2011-44-3,Children's,Kandy,28.5,3.33,100,4.57,13.27,6.4,9.0,60,17.49,45.7,Low Demand
2025-09,BK030,Kuda Hora,Sybil Wettasinghe,978-955-2011-45-0,Children's,Colombo,29.3,4.77,143,4.07,18.27,8.77,9.1,60,59.24,62.51,Moderate Demand
2025-09,BK030,Kuda Hora,Sybil Wettasinghe,978-955-2011-45-0,Children's,Galle,29.8,4.53,136,4.07,16.57,7.77,9.1,60,61.17,63.65,Moderate Demand
2025-09,BK030,Kuda Hora,Sybil Wettasinghe,978-955-2011-45-0,Children's,Kandy,32.6,5.17,155,4.07,18.37,8.87,10.6,60,52.71,66.58,Moderate Demand
2025-09,BK031,Maria Cylonica,P. B. Jayasekara,978-955-6611-22-3,Novel,Colombo,34.7,5.97,179,3.86,20.57,9.6,9.9,70,83.12,90.55,High Demand
2025-09,BK031,Maria Cylonica,P. B. Jayasekara,978-955-6611-22-3,Novel,Galle,36.1,4.93,148,3.87,19.93,9.47,9.4,70,83.48,84.1,High Demand
2025-09,BK031,Maria Cylonica,P. B. Jayasekara,978-955-6611-22-3,Novel,Kandy,31.9,6.0,180,3.88,21.43,10.47,8.4,70,57.18,72.11,High Demand
2025-09,BK032,Atawaka Putthu,Liyanage Amarakeerthi,978-955-3044-55-4,Novel,Colombo,31.0,6.07,182,4.23,21.97,10.97,9.0,70,80.09,80.48,High Demand
2025-09,BK032,Atawaka Putthu,Liyanage Amarakeerthi,978-955-3044-55-4,Novel,Galle,31.5,4.97,149,4.23,18.73,8.63,9.5,70,94.16,89.41,High Demand
2025-09,BK032,Atawaka Putthu,Liyanage Amarakeerthi,978-955-3044-55-4,Novel,Kandy,34.4,7.1,213,4.22,25.2,11.57,7.5,70,98.74,90.97,High Demand
2025-09,BK033,Kurulu Hadawatha,Liyanage Amarakeerthi,978-955-3044-56-1,Novel,Colombo,30.8,4.4,132,3.53,18.0,9.0,8.1,70,49.62,62.22,Moderate Demand
2025-09,BK033,Kurulu Hadawatha,Liyanage Amarakeerthi,978-955-3044-56-1,Novel,Galle,33.6,3.9,117,3.54,14.23,6.7,6.2,70,31.1,54.52,Low Demand
2025-09,BK033,Kurulu Hadawatha,Liyanage Amarakeerthi,978-955-3044-56-1,Novel,Kandy,28.7,4.1,123,3.54,15.63,7.03,10.8,70,41.53,58.99,Moderate Demand
2025-09,BK034,Gini Avi saha Gini Keli,Anura Horatious,978-955-9988-11-2,Novel,Colombo,32.4,3.53,106,3.74,13.73,6.5,8.6,70,31.15,51.9,Low Demand
2025-09,BK034,Gini Avi saha Gini Keli,Anura Horatious,978-955-9988-11-2,Novel,Galle,35.6,3.5,105,3.75,14.3,6.87,8.8,70,27.39,60.5,Moderate Demand
2025-09,BK034,Gini Avi saha Gini Keli,Anura Horatious,978-955-9988-11-2,Novel,Kandy,32.4,4.67,140,3.74,17.43,8.23,9.9,70,42.38,59.64,Moderate Demand
2025-09,BK035,Daskon,Wimalaratne Kumaragama,978-955-2233-44-5,Poetry,Colombo,25.3,4.63,139,4.42,18.27,8.37,6.9,50,48.9,57.81,Moderate Demand
2025-09,BK035,Daskon,Wimalaratne Kumaragama,978-955-2233-44-5,Poetry,Galle,33.7,4.27,128,4.44,16.4,7.67,7.8,50,57.48,63.31,Moderate Demand
2025-09,BK035,Daskon,Wimalaratne Kumaragama,978-955-2233-44-5,Poetry,Kandy,31.9,4.63,139,4.41,18.13,8.8,7.9,50,49.37,56.45,Moderate Demand
2025-09,BK036,Pethigomara,K. Jayatillake,978-955-1555-11-0,Novel,Colombo,37.3,3.83,115,4.18,14.93,7.43,7.2,70,24.44,50.57,Low Demand
2025-09,BK036,Pethigomara,K. Jayatillake,978-955-1555-11-0,Novel,Galle,26.5,2.7,81,4.17,11.07,5.17,8.5,70,20.57,43.99,Low Demand
2025-09,BK036,Pethigomara,K. Jayatillake,978-955-1555-11-0,Novel,Kandy,26.8,2.5,75,4.18,11.33,5.57,7.0,70,9.29,40.6,Low Demand
2025-09,BK037,Charitha Thunak,K. Jayatillake,978-955-1555-12-7,Novel,Colombo,31.5,3.07,92,3.94,12.3,5.97,6.9,70,24.55,47.5,Low Demand
2025-09,BK037,Charitha Thunak,K. Jayatillake,978-955-1555-12-7,Novel,Galle,30.9,2.67,80,3.94,11.0,5.3,11.1,70,15.85,46.91,Low Demand
2025-09,BK037,Charitha Thunak,K. Jayatillake,978-955-1555-12-7,Novel,Kandy,31.6,3.1,93,3.92,13.23,6.7,7.3,70,10.73,47.9,Low Demand
2025-09,BK038,Parajithayo,Siri Gunasinghe,978-955-1100-23-6,Novel,Colombo,38.3,4.63,139,4.34,16.8,7.97,7.5,70,50.84,72.56,High Demand
2025-09,BK038,Parajithayo,Siri Gunasinghe,978-955-1100-23-6,Novel,Galle,31.3,4.3,129,4.35,17.6,8.23,8.4,70,56.09,74.5,High Demand
2025-09,BK038,Parajithayo,Siri Gunasinghe,978-955-1100-23-6,Novel,Kandy,35.6,5.13,154,4.35,18.6,8.3,6.5,70,40.59,55.68,Moderate Demand
2025-09,BK039,Rosa Malak Mata Denna,Shanthi Dissanayake,978-955-6677-88-1,Novel,Colombo,26.5,2.9,87,4.83,11.3,5.43,7.8,70,10.85,55.05,Moderate Demand
2025-09,BK039,Rosa Malak Mata Denna,Shanthi Dissanayake,978-955-6677-88-1,Novel,Galle,33.0,3.33,100,4.83,13.87,6.63,6.7,70,37.23,62.69,Moderate Demand
2025-09,BK039,Rosa Malak Mata Denna,Shanthi Dissanayake,978-955-6677-88-1,Novel,Kandy,34.1,3.93,118,4.83,14.37,7.03,10.2,70,29.53,54.94,Moderate Demand
2025-09,BK040,Paradal,Shanthi Dissanayake,978-955-6677-89-8,Novel,Colombo,34.8,6.4,192,4.14,23.0,10.93,8.7,70,88.3,81.35,High Demand
2025-09,BK040,Paradal,Shanthi Dissanayake,978-955-6677-89-8,Novel,Galle,34.9,5.03,151,4.13,16.8,8.03,8.2,70,99.29,90.45,High Demand
2025-09,BK040,Paradal,Shanthi Dissanayake,978-955-6677-89-8,Novel,Kandy,32.7,5.0,150,4.15,19.4,9.67,9.4,70,46.75,60.18,Moderate Demand
2025-09,BK041,Girikulu,Shanthi Dissanayake,978-955-6677-90-4,Novel,Colombo,30.2,4.3,129,3.95,16.53,7.7,7.1,70,36.57,52.27,Low Demand
2025-09,BK041,Girikulu,Shanthi Dissanayake,978-955-6677-90-4,Novel,Galle,28.3,3.67,110,3.95,15.37,7.13,8.2,70,50.83,55.37,Moderate Demand
2025-09,BK041,Girikulu,Shanthi Dissanayake,978-955-6677-90-4,Novel,Kandy,30.5,4.27,128,3.96,17.2,8.2,9.1,70,46.03,56.1,Moderate Demand
2025-09,BK042,Sakkarang,Prasanna Vithanage (Adapt.),978-955-3322-11-9,Drama,Colombo,31.1,6.5,195,3.56,23.33,11.0,7.5,65,100.0,76.41,High Demand
2025-09,BK042,Sakkarang,Prasanna Vithanage (Adapt.),978-955-3322-11-9,Drama,Galle,32.5,5.53,166,3.57,19.67,9.6,9.3,65,100.0,83.58,High Demand
2025-09,BK042,Sakkarang,Prasanna Vithanage (Adapt.),978-955-3322-11-9,Drama,Kandy,33.1,5.9,177,3.57,21.1,9.77,11.2,65,74.94,77.03,High Demand
2025-09,BK043,Bhatti,Edward Mallawaarachchi,978-955-5544-33-2,Novel,Colombo,30.4,5.7,171,4.14,19.43,9.3,7.8,70,68.56,77.89,High Demand
2025-09,BK043,Bhatti,Edward Mallawaarachchi,978-955-5544-33-2,Novel,Galle,27.8,5.17,155,4.13,18.57,8.83,10.2,70,88.78,80.13,High Demand
2025-09,BK043,Bhatti,Edward Mallawaarachchi,978-955-5544-33-2,Novel,Kandy,30.9,5.43,163,4.14,21.03,9.5,8.0,70,55.49,59.08,Moderate Demand
2025-09,BK044,Sihina Kumari,Edward Mallawaarachchi,978-955-5544-34-9,Novel,Colombo,37.3,4.33,130,4.32,15.73,7.53,8.2,70,41.4,66.01,Moderate Demand
2025-09,BK044,Sihina Kumari,Edward Mallawaarachchi,978-955-5544-34-9,Novel,Galle,36.2,3.47,104,4.32,13.77,6.4,10.0,70,35.03,57.83,Moderate Demand
2025-09,BK044,Sihina Kumari,Edward Mallawaarachchi,978-955-5544-34-9,Novel,Kandy,32.1,3.97,119,4.32,15.5,7.5,9.7,70,37.6,53.63,Low Demand
2025-09,BK045,Adaraneeya Wasthuwe,Upul Shantha Sannasgala,978-955-8811-22-5,Novel,Colombo,29.9,6.27,188,3.98,22.1,10.2,8.8,70,95.24,94.52,High Demand
2025-09,BK045,Adaraneeya Wasthuwe,Upul Shantha Sannasgala,978-955-8811-22-5,Novel,Galle,35.1,5.53,166,3.99,19.3,9.43,9.1,70,96.85,86.23,High Demand
2025-09,BK045,Adaraneeya Wasthuwe,Upul Shantha Sannasgala,978-955-8811-22-5,Novel,Kandy,31.9,5.83,175,4.0,19.03,9.67,5.8,70,70.89,70.44,Moderate Demand
2025-09,BK046,Warna,Upul Shantha Sannasgala,978-955-8811-23-2,Poetry,Colombo,34.1,6.47,194,4.66,22.4,10.67,5.3,50,93.76,96.11,High Demand
2025-09,BK046,Warna,Upul Shantha Sannasgala,978-955-8811-23-2,Poetry,Galle,36.4,5.67,170,4.68,20.07,9.73,7.0,50,100.0,87.9,High Demand
2025-09,BK046,Warna,Upul Shantha Sannasgala,978-955-8811-23-2,Poetry,Kandy,37.1,6.37,191,4.66,22.13,9.87,10.8,50,82.98,74.2,High Demand
2025-09,BK047,Amma,Maxim Gorky (Trans.),978-955-6655-44-1,Translated Classic,Colombo,31.6,3.93,118,4.44,15.37,7.83,7.7,78,27.92,57.53,Moderate Demand
2025-09,BK047,Amma,Maxim Gorky (Trans.),978-955-6655-44-1,Translated Classic,Galle,31.0,3.0,90,4.47,13.23,7.07,7.8,78,19.37,51.5,Low Demand
2025-09,BK047,Amma,Maxim Gorky (Trans.),978-955-6655-44-1,Translated Classic,Kandy,34.8,4.3,129,4.45,17.07,8.13,7.3,78,40.17,66.37,Moderate Demand
2025-09,BK048,Anna Karenina,Leo Tolstoy (Trans.),978-955-6655-45-8,Translated Classic,Colombo,26.6,4.47,134,4.35,16.67,8.37,7.6,78,29.42,61.28,Moderate Demand
2025-09,BK048,Anna Karenina,Leo Tolstoy (Trans.),978-955-6655-45-8,Translated Classic,Galle,29.8,3.47,104,4.34,12.9,6.1,8.5,78,24.37,53.78,Low Demand
2025-09,BK048,Anna Karenina,Leo Tolstoy (Trans.),978-955-6655-45-8,Translated Classic,Kandy,30.0,3.93,118,4.38,15.17,7.3,6.6,78,39.14,66.17,Moderate Demand
2025-09,BK049,Post-Modernism,Various,978-955-1212-12-1,Academic,Colombo,30.2,6.03,181,3.83,22.3,9.93,7.6,45,84.37,68.95,Moderate Demand
2025-09,BK049,Post-Modernism,Various,978-955-1212-12-1,Academic,Galle,32.4,5.4,162,3.85,20.87,10.13,9.1,45,79.95,71.35,Moderate Demand
2025-09,BK049,Post-Modernism,Various,978-955-1212-12-1,Academic,Kandy,30.4,5.87,176,3.84,21.83,10.1,7.7,45,81.55,68.4,Moderate Demand
2025-09,BK050,Mahavamsa,Mahanama Thera,978-955-0011-22-3,Historical/Religious,Colombo,34.0,2.8,84,4.32,11.2,5.4,10.3,55,0.0,42.74,Low Demand
2025-09,BK050,Mahavamsa,Mahanama Thera,978-955-0011-22-3,Historical/Religious,Galle,34.7,2.63,79,4.3,11.2,5.23,7.7,55,10.85,48.26,Low Demand
2025-09,BK050,Mahavamsa,Mahanama Thera,978-955-0011-22-3,Historical/Religious,Kandy,31.4,3.2,96,4.31,12.57,5.9,8.2,55,19.52,46.6,Low Demand
2025-09,BK051,Saddharmaratnavaliya,Dharmasena Thera,978-955-0011-23-0,Historical/Religious,Colombo,32.0,3.33,100,4.0,12.83,6.57,8.1,55,18.93,45.03,Low Demand
2025-09,BK051,Saddharmaratnavaliya,Dharmasena Thera,978-955-0011-23-0,Historical/Religious,Galle,36.8,2.87,86,4.0,12.77,6.23,8.3,55,15.38,44.02,Low Demand
2025-09,BK051,Saddharmaratnavaliya,Dharmasena Thera,978-955-0011-23-0,Historical/Religious,Kandy,35.6,4.0,120,4.0,14.73,7.4,9.3,55,26.88,50.66,Low Demand
2025-09,BK052,අනාගත අහස,මාර්ටින් වික්‍රමසිංහ (පරිවර්තනය),978-147-1385-34-4,Historical/Religious,Colombo,30.4,2.47,74,4.62,10.83,5.43,8.9,55,3.18,38.79,Low Demand
2025-09,BK052,අනාගත අහස,මාර්ටින් වික්‍රමසිංහ (පරිවර්තනය),978-147-1385-34-4,Historical/Religious,Galle,30.5,2.27,68,4.64,9.53,4.8,7.2,55,20.33,52.66,Low Demand
2025-09,BK052,අනාගත අහස,මාර්ටින් වික්‍රමසිංහ (පරිවර්තනය),978-147-1385-34-4,Historical/Religious,Kandy,33.9,2.43,73,4.62,10.77,5.37,7.3,55,0.0,46.4,Low Demand
2025-09,BK053,මිටියාවත සහ කාලය,"ජෝන් ෂෝර්ස් (John Shors), පරිවර්තනය: ප්‍රදීප් කුමාර බාලසූරිය (Translation: Pradeep Kumara Balasuriya)",978-976-3071-42-3,Horror,Colombo,36.8,6.5,195,4.62,23.93,11.8,7.6,68,98.46,87.96,High Demand
2025-09,BK053,මිටියාවත සහ කාලය,"ජෝන් ෂෝර්ස් (John Shors), පරිවර්තනය: ප්‍රදීප් කුමාර බාලසූරිය (Translation: Pradeep Kumara Balasuriya)",978-976-3071-42-3,Horror,Galle,30.2,5.13,154,4.62,19.63,9.23,8.1,68,77.51,81.82,High Demand
2025-09,BK053,මිටියාවත සහ කාලය,"ජෝන් ෂෝර්ස් (John Shors), පරිවර්තනය: ප්‍රදීප් කුමාර බාලසූරිය (Translation: Pradeep Kumara Balasuriya)",978-976-3071-42-3,Horror,Kandy,30.6,6.23,187,4.64,22.37,10.17,8.6,68,76.96,77.6,High Demand
2025-09,BK054,රහස සහ කතාව,පවනි උමයංගනා (Pawani Umayangana),978-476-5849-54-7,Non-fiction,Colombo,35.0,5.67,170,4.65,21.33,10.47,8.6,52,81.79,79.99,High Demand
2025-09,BK054,රහස සහ කතාව,පවනි උමයංගනා (Pawani Umayangana),978-476-5849-54-7,Non-fiction,Galle,31.2,4.83,145,4.66,18.33,8.3,8.5,52,77.8,80.56,High Demand
2025-09,BK054,රහස සහ කතාව,පවනි උමයංගනා (Pawani Umayangana),978-476-5849-54-7,Non-fiction,Kandy,33.7,4.73,142,4.66,17.57,8.43,7.0,52,56.41,68.16,Moderate Demand
2025-09,BK055,ඇහි පියන් ඇහැරිලා (Ahi Piyan Aharila),මහින්ද ප්‍රසාද් මසිඹුල,978-955-098-003-1,Poetry,Colombo,33.0,5.7,171,4.22,20.37,9.43,8.2,50,86.98,87.31,High Demand
2025-09,BK055,ඇහි පියන් ඇහැරිලා (Ahi Piyan Aharila),මහින්ද ප්‍රසාද් මසිඹුල,978-955-098-003-1,Poetry,Galle,33.1,5.13,154,4.23,19.27,8.93,8.4,50,80.88,73.91,High Demand
2025-09,BK055,ඇහි පියන් ඇහැරිලා (Ahi Piyan Aharila),මහින්ද ප්‍රසාද් මසිඹුල,978-955-098-003-1,Poetry,Kandy,33.2,5.43,163,4.23,20.13,9.5,10.0,50,76.09,71.96,High Demand
2025-09,BK056,ගමන සහ කාලය,ප්‍රේමකීර්ති රණතුංග,978-316-8963-96-1,Short Stories,Colombo,33.9,6.6,198,4.31,21.47,10.13,9.3,57,100.0,93.41,High Demand
2025-09,BK056,ගමන සහ කාලය,ප්‍රේමකීර්ති රණතුංග,978-316-8963-96-1,Short Stories,Galle,34.4,5.6,168,4.32,19.97,9.53,8.1,57,92.86,74.71,High Demand
2025-09,BK056,ගමන සහ කාලය,ප්‍රේමකීර්ති රණතුංග,978-316-8963-96-1,Short Stories,Kandy,37.1,7.33,220,4.31,25.9,12.37,7.3,57,96.35,81.74,High Demand
2025-09,BK057,කොළඹ කන්ද,Michael Crichton (පරිවර්තනය: සුදත් රොහාන්),978-645-5531-58-3,Poetry,Colombo,38.2,4.53,136,3.96,16.13,7.27,8.3,50,46.4,59.21,Moderate Demand
2025-09,BK057,කොළඹ කන්ද,Michael Crichton (පරිවර්තනය: සුදත් රොහාන්),978-645-5531-58-3,Poetry,Galle,36.8,4.03,121,3.97,15.0,7.4,9.4,50,48.57,57.15,Moderate Demand
2025-09,BK057,කොළඹ කන්ද,Michael Crichton (පරිවර්තනය: සුදත් රොහාන්),978-645-5531-58-3,Poetry,Kandy,34.4,5.03,151,3.95,17.8,8.3,8.7,50,62.65,69.09,Moderate Demand
2025-09,BK058,වසන්තය සහ මිටියාවත,තරංගා දිසානායක,978-630-6739-38-7,Academic,Colombo,31.1,4.97,149,4.4,18.83,9.03,8.8,45,61.47,63.24,Moderate Demand
2025-09,BK058,වසන්තය සහ මිටියාවත,තරංගා දිසානායක,978-630-6739-38-7,Academic,Galle,36.0,4.8,144,4.42,16.77,8.2,7.2,45,53.27,70.72,Moderate Demand
2025-09,BK058,වසන්තය සහ මිටියාවත,තරංගා දිසානායක,978-630-6739-38-7,Academic,Kandy,34.6,6.03,181,4.42,22.1,10.33,10.4,45,79.78,71.68,Moderate Demand
2025-09,BK059,370 යානයේ අබිරහස (370 Yanaye Abirahasa),භද්‍රජී මහින්ද ජයතිලක,978-624-6570-68-2,Mystery,Colombo,32.3,2.93,88,3.61,11.63,5.2,9.3,71,18.79,39.76,Low Demand
2025-09,BK059,370 යානයේ අබිරහස (370 Yanaye Abirahasa),භද්‍රජී මහින්ද ජයතිලක,978-624-6570-68-2,Mystery,Galle,33.1,2.73,82,3.58,11.47,5.43,9.0,71,14.27,44.16,Low Demand
2025-09,BK059,370 යානයේ අබිරහස (370 Yanaye Abirahasa),භද්‍රජී මහින්ද ජයතිලක,978-624-6570-68-2,Mystery,Kandy,32.8,3.2,96,3.6,12.5,6.13,6.1,71,22.24,50.3,Low Demand
2025-09,BK060,පර්සි ජැක්සන් සහ වංගිරියේ සටන,රික් රියෝඩන් (පරි. සවින්දි ආරියතිලක),978-955-697-089-0,Fantasy,Colombo,35.1,2.87,86,3.79,11.67,5.53,9.1,74,13.34,47.67,Low Demand
2025-09,BK060,පර්සි ජැක්සන් සහ වංගිරියේ සටන,රික් රියෝඩන් (පරි. සවින්දි ආරියතිලක),978-955-697-089-0,Fantasy,Galle,40.9,2.7,81,3.79,10.7,5.3,6.0,74,7.27,47.35,Low Demand
2025-09,BK060,පර්සි ජැක්සන් සහ වංගිරියේ සටන,රික් රියෝඩන් (පරි. සවින්දි ආරියතිලක),978-955-697-089-0,Fantasy,Kandy,35.2,3.1,93,3.78,11.87,5.77,9.5,74,22.59,55.02,Moderate Demand
2025-09,BK061,ආලෝකයේ සමිඳාණෝ (Alokaye Samindano - Lord of Light),රොජර් සෙලාස්නි - පරි. පුෂ්ප රංජන් විජේසිංහ,978-624-6570-11-8,Sci-Fi,Colombo,28.9,5.43,163,4.3,20.37,9.67,8.9,72,77.85,73.94,High Demand
2025-09,BK061,ආලෝකයේ සමිඳාණෝ (Alokaye Samindano - Lord of Light),රොජර් සෙලාස්නි - පරි. පුෂ්ප රංජන් විජේසිංහ,978-624-6570-11-8,Sci-Fi,Galle,29.1,5.27,158,4.29,18.07,8.4,7.4,72,86.24,90.14,High Demand
2025-09,BK061,ආලෝකයේ සමිඳාණෝ (Alokaye Samindano - Lord of Light),රොජර් සෙලාස්නි - පරි. පුෂ්ප රංජන් විජේසිංහ,978-624-6570-11-8,Sci-Fi,Kandy,34.9,5.8,174,4.31,19.67,9.27,9.3,72,59.31,67.38,Moderate Demand
2025-09,BK062,මිනිසා සහ සෙවනැලි,"කර්ට් වොනෙගට් (Kurt Vonnegut), පරිවර්තනය: ගාමිණී වියන්ගොඩ (Translation: Gamini Viyangoda)",978-673-1310-88-3,Psychology,Colombo,39.4,4.1,123,4.29,16.0,7.8,9.0,58,28.12,39.19,Low Demand
2025-09,BK062,මිනිසා සහ සෙවනැලි,"කර්ට් වොනෙගට් (Kurt Vonnegut), පරිවර්තනය: ගාමිණී වියන්ගොඩ (Translation: Gamini Viyangoda)",978-673-1310-88-3,Psychology,Galle,29.7,3.6,108,4.3,14.5,7.1,8.7,58,33.98,55.41,Moderate Demand
2025-09,BK062,මිනිසා සහ සෙවනැලි,"කර්ට් වොනෙගට් (Kurt Vonnegut), පරිවර්තනය: ගාමිණී වියන්ගොඩ (Translation: Gamini Viyangoda)",978-673-1310-88-3,Psychology,Kandy,32.6,5.1,153,4.3,20.33,9.6,7.1,58,61.82,65.61,Moderate Demand
2025-09,BK063,හේඩීස්ගේ දෙවොල (Hadesge Devola),රික් රයෝර්ඩන් - පරි. රූපේනි මානිංගමුව,978-955-697-343-3,Young Adult,Colombo,29.0,4.23,127,4.41,15.93,7.87,8.9,66,28.71,51.46,Low Demand
2025-09,BK063,හේඩීස්ගේ දෙවොල (Hadesge Devola),රික් රයෝර්ඩන් - පරි. රූපේනි මානිංගමුව,978-955-697-343-3,Young Adult,Galle,31.9,4.0,120,4.41,15.87,7.37,9.8,66,30.12,62.05,Moderate Demand
2025-09,BK063,හේඩීස්ගේ දෙවොල (Hadesge Devola),රික් රයෝර්ඩන් - පරි. රූපේනි මානිංගමුව,978-955-697-343-3,Young Adult,Kandy,34.8,4.8,144,4.4,18.4,8.8,9.3,66,64.54,77.55,High Demand
2025-09,BK064,2010,ආතර් සී. ක්ලාක් (පරිවර්තනය: චන්දන වීරසිංහ),978-624-5712-10-6,Sci-Fi,Colombo,27.1,5.17,155,3.84,19.43,8.97,8.3,72,56.55,64.82,Moderate Demand
2025-09,BK064,2010,ආතර් සී. ක්ලාක් (පරිවර්තනය: චන්දන වීරසිංහ),978-624-5712-10-6,Sci-Fi,Galle,29.2,4.93,148,3.83,18.67,8.97,9.1,72,79.85,77.37,High Demand
2025-09,BK064,2010,ආතර් සී. ක්ලාක් (පරිවර්තනය: චන්දන වීරසිංහ),978-624-5712-10-6,Sci-Fi,Kandy,36.9,6.33,190,3.81,23.5,11.27,8.4,72,97.27,84.86,High Demand
2025-09,BK065,මන්දාරම් රාත්‍රිය,ඩී. එම්. අනුර දිසානායක,978-624-5829-10-1,Mystery,Colombo,33.5,5.6,168,4.3,19.53,9.6,8.4,71,75.02,86.65,High Demand
2025-09,BK065,මන්දාරම් රාත්‍රිය,ඩී. එම්. අනුර දිසානායක,978-624-5829-10-1,Mystery,Galle,32.0,3.57,107,4.29,14.27,7.03,8.3,71,37.09,63.33,Moderate Demand
2025-09,BK065,මන්දාරම් රාත්‍රිය,ඩී. එම්. අනුර දිසානායක,978-624-5829-10-1,Mystery,Kandy,33.2,5.5,165,4.3,20.27,9.07,7.9,71,74.67,80.34,High Demand
2025-09,BK066,පරණ මාලිගාව,ක්‍රිස් කුස්නෙස්කි (පරිවර්තනය),978-726-5125-19-4,Horror,Colombo,33.2,5.43,163,4.51,20.23,9.6,7.5,68,70.99,82.17,High Demand
2025-09,BK066,පරණ මාලිගාව,ක්‍රිස් කුස්නෙස්කි (පරිවර්තනය),978-726-5125-19-4,Horror,Galle,32.1,4.17,125,4.51,14.73,6.9,8.9,68,55.99,73.25,High Demand
2025-09,BK066,පරණ මාලිගාව,ක්‍රිස් කුස්නෙස්කි (පරිවර්තනය),978-726-5125-19-4,Horror,Kandy,31.4,5.03,151,4.52,18.2,8.6,8.9,68,31.89,59.04,Moderate Demand
2025-09,BK067,අනාගතේ පැතිකඩක් (Profiles of the Future),ආතර් සී. ක්ලාක් (පරිවර්තනය: එස්. එම්. බන්දුසීල),978-624-5712-31-1,Sci-Fi,Colombo,32.1,5.63,169,4.92,21.5,10.37,8.1,72,80.25,90.75,High Demand
2025-09,BK067,අනාගතේ පැතිකඩක් (Profiles of the Future),ආතර් සී. ක්ලාක් (පරිවර්තනය: එස්. එම්. බන්දුසීල),978-624-5712-31-1,Sci-Fi,Galle,29.0,3.7,111,4.9,15.4,7.4,9.8,72,52.0,69.37,Moderate Demand
2025-09,BK067,අනාගතේ පැතිකඩක් (Profiles of the Future),ආතර් සී. ක්ලාක් (පරිවර්තනය: එස්. එම්. බන්දුසීල),978-624-5712-31-1,Sci-Fi,Kandy,29.1,5.23,157,4.89,18.67,9.13,7.4,72,77.97,80.36,High Demand
2025-09,BK068,දඩයම් බල්ලෝ,පරිවර්තන නවකතා,978-624-5572-38-0,Thriller,Colombo,31.0,3.13,94,4.1,12.73,6.27,9.1,76,22.78,44.31,Low Demand
2025-09,BK068,දඩයම් බල්ලෝ,පරිවර්තන නවකතා,978-624-5572-38-0,Thriller,Galle,32.3,3.63,109,4.11,14.33,6.73,8.2,76,38.08,54.28,Low Demand
2025-09,BK068,දඩයම් බල්ලෝ,පරිවර්තන නවකතා,978-624-5572-38-0,Thriller,Kandy,30.3,3.6,108,4.1,14.17,6.87,10.9,76,27.27,60.97,Moderate Demand
2025-09,BK069,අදිසි අනතුර (Adisi Anathura - The Crash),ෆ්‍රීඩා මැක්ෆැඩන් - පරි. නයනතාරා පිලපිටිය,978-624-6570-48-4,Thriller,Colombo,36.8,2.37,71,4.31,10.17,4.97,7.2,76,0.0,51.97,Low Demand
2025-09,BK069,අදිසි අනතුර (Adisi Anathura - The Crash),ෆ්‍රීඩා මැක්ෆැඩන් - පරි. නයනතාරා පිලපිටිය,978-624-6570-48-4,Thriller,Galle,38.9,2.23,67,4.31,9.63,4.5,7.4,76,0.0,34.3,Low Demand
2025-09,BK069,අදිසි අනතුර (Adisi Anathura - The Crash),ෆ්‍රීඩා මැක්ෆැඩන් - පරි. නයනතාරා පිලපිටිය,978-624-6570-48-4,Thriller,Kandy,30.5,2.53,76,4.33,12.07,5.97,6.0,76,9.72,44.89,Low Demand
2025-09,BK070,Crown of Midnight,සාරා ජේ. මාස් (Sarah J. Maas),978-624-5663-48-4,Fantasy,Colombo,37.8,4.37,131,3.7,17.53,8.4,7.6,74,48.54,60.66,Moderate Demand
2025-09,BK070,Crown of Midnight,සාරා ජේ. මාස් (Sarah J. Maas),978-624-5663-48-4,Fantasy,Galle,39.9,4.1,123,3.69,16.5,8.03,7.2,74,48.25,62.99,Moderate Demand
2025-09,BK070,Crown of Midnight,සාරා ජේ. මාස් (Sarah J. Maas),978-624-5663-48-4,Fantasy,Kandy,37.4,3.87,116,3.66,14.5,7.0,8.6,74,22.39,45.16,Low Demand
2025-09,BK071,සුළං ගංගාව,පියදාස රත්නසිංහ (පරිවර්තනය),978-935-1789-28-8,Academic,Colombo,35.2,3.4,102,4.14,13.47,6.33,7.5,45,26.27,48.33,Low Demand
2025-09,BK071,සුළං ගංගාව,පියදාස රත්නසිංහ (පරිවර්තනය),978-935-1789-28-8,Academic,Galle,40.4,2.5,75,4.14,11.17,6.03,8.0,45,3.56,40.58,Low Demand
2025-09,BK071,සුළං ගංගාව,පියදාස රත්නසිංහ (පරිවර්තනය),978-935-1789-28-8,Academic,Kandy,24.3,3.33,100,4.14,13.7,6.23,8.4,45,13.51,42.24,Low Demand
2025-09,BK072,ගීතය සහ මාලිගාව,එරන්ද ගිනිගේ (Eranda Ginige),978-616-9581-88-7,Psychology,Colombo,31.1,4.63,139,4.45,19.17,8.87,9.3,58,63.19,74.09,High Demand
2025-09,BK072,ගීතය සහ මාලිගාව,එරන්ද ගිනිගේ (Eranda Ginige),978-616-9581-88-7,Psychology,Galle,40.4,4.03,121,4.44,16.23,8.43,8.4,58,48.24,54.58,Moderate Demand
2025-09,BK072,ගීතය සහ මාලිගාව,එරන්ද ගිනිගේ (Eranda Ginige),978-616-9581-88-7,Psychology,Kandy,25.5,3.73,112,4.46,14.27,6.87,7.7,58,40.66,51.69,Low Demand
2025-09,BK073,ගමන සහ සෙවනැලි,"වික්ටෝරියා හෝල්ට් (Victoria Holt), පරිවර්තනය: කෝශලී සිරිචන්ද්‍ර (Translation: Koshalee Sirichandra)",978-477-2613-24-8,Horror,Colombo,37.0,5.37,161,4.11,19.9,9.37,8.7,68,60.97,72.27,High Demand
2025-09,BK073,ගමන සහ සෙවනැලි,"වික්ටෝරියා හෝල්ට් (Victoria Holt), පරිවර්තනය: කෝශලී සිරිචන්ද්‍ර (Translation: Koshalee Sirichandra)",978-477-2613-24-8,Horror,Galle,38.1,5.5,165,4.12,20.83,9.77,8.5,68,89.97,88.79,High Demand
2025-09,BK073,ගමන සහ සෙවනැලි,"වික්ටෝරියා හෝල්ට් (Victoria Holt), පරිවර්තනය: කෝශලී සිරිචන්ද්‍ර (Translation: Koshalee Sirichandra)",978-477-2613-24-8,Horror,Kandy,36.7,6.5,195,4.12,22.63,10.93,7.4,68,76.02,71.6,Moderate Demand
2025-09,BK074,එවා මෙහේ බෑ මචං,පිනසිරි දඩල්ලගේ,978-955-97643-5-9,Non-fiction,Colombo,27.5,3.93,118,4.27,14.97,7.2,6.8,52,29.77,49.9,Low Demand
2025-09,BK074,එවා මෙහේ බෑ මචං,පිනසිරි දඩල්ලගේ,978-955-97643-5-9,Non-fiction,Galle,35.7,3.2,96,4.27,11.93,5.8,8.2,52,21.63,49.04,Low Demand
2025-09,BK074,එවා මෙහේ බෑ මචං,පිනසිරි දඩල්ලගේ,978-955-97643-5-9,Non-fiction,Kandy,32.8,3.2,96,4.28,12.73,6.47,8.2,52,13.68,43.8,Low Demand
2025-09,BK075,"හොල්මන්, ආවේශ සහ යළි උපත (You Cannot Die)",ඉයන් කරි (පරිවර්තනය: භද්‍රජි මහින්ද ජයතිලක),978-955-671-215-5,Psychology,Colombo,32.0,2.67,80,4.27,11.37,5.67,9.4,58,31.62,60.21,Moderate Demand
2025-09,BK075,"හොල්මන්, ආවේශ සහ යළි උපත (You Cannot Die)",ඉයන් කරි (පරිවර්තනය: භද්‍රජි මහින්ද ජයතිලක),978-955-671-215-5,Psychology,Galle,35.6,2.27,68,4.29,9.1,4.9,9.5,58,1.96,34.0,Low Demand
2025-09,BK075,"හොල්මන්, ආවේශ සහ යළි උපත (You Cannot Die)",ඉයන් කරි (පරිවර්තනය: භද්‍රජි මහින්ද ජයතිලක),978-955-671-215-5,Psychology,Kandy,28.6,3.3,99,4.27,12.53,6.1,8.1,58,15.73,32.08,Low Demand
2025-09,BK076,සෙංකොට්ටං (Senkottan),මහින්ද ප්‍රසාද් මසිඹුල,978-955-098-000-0,Novel,Colombo,34.4,4.07,122,3.68,15.97,8.27,8.7,70,28.82,58.54,Moderate Demand
2025-09,BK076,සෙංකොට්ටං (Senkottan),මහින්ද ප්‍රසාද් මසිඹුල,978-955-098-000-0,Novel,Galle,30.7,3.43,103,3.68,14.17,6.57,9.3,70,23.15,46.02,Low Demand
2025-09,BK076,සෙංකොට්ටං (Senkottan),මහින්ද ප්‍රසාද් මසිඹුල,978-955-098-000-0,Novel,Kandy,32.7,3.7,111,3.68,14.73,7.33,9.9,70,20.39,41.08,Low Demand
2025-09,BK077,අතීත මිටියාවත,ඊනිඩ් බ්ලයිටන් (Enid Blyton),978-845-3000-71-2,Children's,Colombo,34.5,3.73,112,4.18,15.0,7.17,8.9,60,31.02,49.89,Low Demand
2025-09,BK077,අතීත මිටියාවත,ඊනිඩ් බ්ලයිටන් (Enid Blyton),978-845-3000-71-2,Children's,Galle,29.8,4.47,134,4.19,17.07,8.37,9.0,60,66.93,81.49,High Demand
2025-09,BK077,අතීත මිටියාවත,ඊනිඩ් බ්ලයිටන් (Enid Blyton),978-845-3000-71-2,Children's,Kandy,32.6,3.87,116,4.19,16.0,7.17,9.5,60,48.25,57.62,Moderate Demand
2025-09,BK078,සිහිනය සහ සෙවනැලි,"ස්ටෙෆනි ගාබර් (Stephanie Garber), පරිවර්තනය: කෝශලී සිරිචන්ද්‍ර (Translation: Koshalee Sirichandra)",978-748-7074-58-5,Historical/Religious,Colombo,29.8,5.2,156,4.38,18.8,8.9,9.8,55,56.83,74.69,High Demand
2025-09,BK078,සිහිනය සහ සෙවනැලි,"ස්ටෙෆනි ගාබර් (Stephanie Garber), පරිවර්තනය: කෝශලී සිරිචන්ද්‍ර (Translation: Koshalee Sirichandra)",978-748-7074-58-5,Historical/Religious,Galle,33.2,4.9,147,4.38,17.83,8.53,9.6,55,70.89,71.76,High Demand
2025-09,BK078,සිහිනය සහ සෙවනැලි,"ස්ටෙෆනි ගාබර් (Stephanie Garber), පරිවර්තනය: කෝශලී සිරිචන්ද්‍ර (Translation: Koshalee Sirichandra)",978-748-7074-58-5,Historical/Religious,Kandy,33.4,5.5,165,4.35,20.63,9.7,8.0,55,62.91,77.42,High Demand
2025-09,BK079,හැරී පොටර් සහ රහස් කුටිය,ජේ. කේ. රෝලිං - පරි. අභය හේවාවසම්,978-955-573-623-7,Translation,Colombo,38.9,4.9,147,4.23,18.7,9.0,4.8,62,72.29,65.46,Moderate Demand
2025-09,BK079,හැරී පොටර් සහ රහස් කුටිය,ජේ. කේ. රෝලිං - පරි. අභය හේවාවසම්,978-955-573-623-7,Translation,Galle,31.8,4.27,128,4.22,16.27,7.8,9.9,62,53.5,57.39,Moderate Demand
2025-09,BK079,හැරී පොටර් සහ රහස් කුටිය,ජේ. කේ. රෝලිං - පරි. අභය හේවාවසම්,978-955-573-623-7,Translation,Kandy,36.0,5.5,165,4.22,20.63,9.93,7.5,62,74.96,72.87,High Demand
2025-09,BK080,විකෘති (Vikurthi),සෝමලතා සුබසිංහ,978-955-428-430-2,Drama,Colombo,28.6,5.43,163,4.34,19.7,9.2,8.6,65,73.16,72.33,High Demand
2025-09,BK080,විකෘති (Vikurthi),සෝමලතා සුබසිංහ,978-955-428-430-2,Drama,Galle,37.1,5.3,159,4.35,20.57,10.07,9.3,65,72.5,74.81,High Demand
2025-09,BK080,විකෘති (Vikurthi),සෝමලතා සුබසිංහ,978-955-428-430-2,Drama,Kandy,35.3,6.03,181,4.33,21.97,10.77,7.3,65,78.42,75.09,High Demand
2025-09,BK081,නැන්දම්මාගේ ඩයරිය,කල්පනා කස්තුරිආරච්චි,978-624-9695-78-8,Short Stories,Colombo,30.3,6.4,192,4.47,22.13,10.67,8.6,57,84.69,77.12,High Demand
2025-09,BK081,නැන්දම්මාගේ ඩයරිය,කල්පනා කස්තුරිආරච්චි,978-624-9695-78-8,Short Stories,Galle,36.2,4.53,136,4.43,17.5,7.93,6.8,57,57.88,71.48,Moderate Demand
2025-09,BK081,නැන්දම්මාගේ ඩයරිය,කල්පනා කස්තුරිආරච්චි,978-624-9695-78-8,Short Stories,Kandy,28.5,6.0,180,4.44,22.53,10.43,10.0,57,85.53,73.56,High Demand
2025-09,BK082,හැරී පොටර් සහ අස්කබාන්හි සිරකරු,ජේ. කේ. රෝලිං - පරි. අභය හේවාවසම්,978-955-671-187-5,Translation,Colombo,32.7,4.4,132,4.21,16.4,8.17,10.3,62,37.27,57.23,Moderate Demand
2025-09,BK082,හැරී පොටර් සහ අස්කබාන්හි සිරකරු,ජේ. කේ. රෝලිං - පරි. අභය හේවාවසම්,978-955-671-187-5,Translation,Galle,33.9,4.2,126,4.23,16.37,7.9,9.0,62,51.45,64.03,Moderate Demand
2025-09,BK082,හැරී පොටර් සහ අස්කබාන්හි සිරකරු,ජේ. කේ. රෝලිං - පරි. අභය හේවාවසම්,978-955-671-187-5,Translation,Kandy,33.4,4.0,120,4.2,15.3,7.77,10.7,62,30.72,52.37,Low Demand
2025-09,BK083,පර්සි ජැක්සන් සහ රාක්ෂ සයුර,රික් රියෝඩන් (පරි. සවින්දි ආරියතිලක),978-955-697-090-0,Fantasy,Colombo,29.3,5.3,159,3.8,19.57,9.03,8.3,74,56.28,65.74,Moderate Demand
2025-09,BK083,පර්සි ජැක්සන් සහ රාක්ෂ සයුර,රික් රියෝඩන් (පරි. සවින්දි ආරියතිලක),978-955-697-090-0,Fantasy,Galle,30.1,5.53,166,3.78,20.27,9.7,8.9,74,91.5,85.03,High Demand
2025-09,BK083,පර්සි ජැක්සන් සහ රාක්ෂ සයුර,රික් රියෝඩන් (පරි. සවින්දි ආරියතිලක),978-955-697-090-0,Fantasy,Kandy,36.4,5.97,179,3.8,20.9,9.83,9.0,74,75.1,72.59,High Demand
2025-09,BK084,විභාග ජය ගැනීමේ රහස (Vibhaga Jaya Ganeeme Rahasa),ප්‍රවීන් රන්දෙනිය,978-624-97120-5-0,Academic,Colombo,33.6,2.93,88,4.0,12.7,6.67,6.2,45,20.87,40.25,Low Demand
2025-09,BK084,විභාග ජය ගැනීමේ රහස (Vibhaga Jaya Ganeeme Rahasa),ප්‍රවීන් රන්දෙනිය,978-624-97120-5-0,Academic,Galle,31.6,2.63,79,4.02,11.47,5.8,7.0,45,3.57,31.8,Low Demand
2025-09,BK084,විභාග ජය ගැනීමේ රහස (Vibhaga Jaya Ganeeme Rahasa),ප්‍රවීන් රන්දෙනිය,978-624-97120-5-0,Academic,Kandy,28.8,2.83,85,4.0,11.1,5.23,8.1,45,0.0,30.82,Low Demand
2025-09,BK085,දික්තල කාලගෝල (Diktala Kalagola),පුණ්‍යසේන ගුණසිංහ,978-955-9377-71-9,Drama,Colombo,23.2,2.0,60,4.61,8.83,4.1,6.8,65,0.0,43.11,Low Demand
2025-09,BK085,දික්තල කාලගෝල (Diktala Kalagola),පුණ්‍යසේන ගුණසිංහ,978-955-9377-71-9,Drama,Galle,29.1,1.97,59,4.6,9.37,4.67,9.2,65,2.39,46.23,Low Demand
2025-09,BK085,දික්තල කාලගෝල (Diktala Kalagola),පුණ්‍යසේන ගුණසිංහ,978-955-9377-71-9,Drama,Kandy,29.5,3.23,97,4.58,13.6,6.33,7.4,65,0.0,29.88,Low Demand
2025-09,BK086,නැන්සි කෲ: ටෙඩි බෙයාර් අබිරහස,කැරොලයින් කීන්,978-955-657-006-8,Translation,Colombo,33.3,2.93,88,3.96,12.27,5.77,8.1,62,19.04,38.04,Low Demand
2025-09,BK086,නැන්සි කෲ: ටෙඩි බෙයාර් අබිරහස,කැරොලයින් කීන්,978-955-657-006-8,Translation,Galle,33.7,2.73,82,3.96,11.87,5.83,7.7,62,26.68,37.04,Low Demand
2025-09,BK086,නැන්සි කෲ: ටෙඩි බෙයාර් අබිරහස,කැරොලයින් කීන්,978-955-657-006-8,Translation,Kandy,26.4,2.77,83,3.96,12.6,6.17,7.1,62,3.86,44.72,Low Demand
2025-09,BK087,කතාව සහ සිහිනය,ක්‍රිස් කුස්නෙස්කි (පරිවර්තනය),978-566-9308-23-4,Short Stories,Colombo,34.3,5.53,166,4.23,19.23,9.0,9.4,57,71.49,65.17,Moderate Demand
2025-09,BK087,කතාව සහ සිහිනය,ක්‍රිස් කුස්නෙස්කි (පරිවර්තනය),978-566-9308-23-4,Short Stories,Galle,33.3,4.3,129,4.25,17.0,7.93,9.9,57,67.15,79.6,High Demand
2025-09,BK087,කතාව සහ සිහිනය,ක්‍රිස් කුස්නෙස්කි (පරිවර්තනය),978-566-9308-23-4,Short Stories,Kandy,28.6,5.23,157,4.24,20.23,9.7,8.4,57,70.32,73.46,High Demand
2025-09,BK088,අඹ යහළුවෝ,ටී. බී. ඉලංගරත්න,978-955-4682-00-9,Novel,Colombo,29.9,4.2,126,4.14,15.77,7.6,9.3,70,36.91,54.49,Low Demand
2025-09,BK088,අඹ යහළුවෝ,ටී. බී. ඉලංගරත්න,978-955-4682-00-9,Novel,Galle,31.5,3.5,105,4.15,14.57,6.77,7.0,70,27.49,49.28,Low Demand
2025-09,BK088,අඹ යහළුවෝ,ටී. බී. ඉලංගරත්න,978-955-4682-00-9,Novel,Kandy,31.4,4.27,128,4.15,16.33,7.87,8.4,70,46.58,70.6,Moderate Demand
2025-09,BK089,මායා අහස,දිනිති තරුමිණි,978-222-3861-35-8,Young Adult,Colombo,30.2,3.0,90,4.35,12.1,5.5,9.8,66,18.68,49.93,Low Demand
2025-09,BK089,මායා අහස,දිනිති තරුමිණි,978-222-3861-35-8,Young Adult,Galle,31.9,2.27,68,4.32,10.43,5.1,9.4,66,12.32,45.96,Low Demand
2025-09,BK089,මායා අහස,දිනිති තරුමිණි,978-222-3861-35-8,Young Adult,Kandy,30.6,2.9,87,4.32,12.0,6.1,7.7,66,11.45,47.03,Low Demand
2025-09,BK090,අනාගත නගරය,පරිවර්තනය: චන්දන මෙන්ඩිස් (Chandana Mendis),978-587-7471-56-2,Drama,Colombo,35.2,5.1,153,4.25,19.7,9.33,8.2,65,80.81,78.51,High Demand
2025-09,BK090,අනාගත නගරය,පරිවර්තනය: චන්දන මෙන්ඩිස් (Chandana Mendis),978-587-7471-56-2,Drama,Galle,30.4,4.1,123,4.27,16.27,8.13,7.7,65,47.47,66.37,Moderate Demand
2025-09,BK090,අනාගත නගරය,පරිවර්තනය: චන්දන මෙන්ඩිස් (Chandana Mendis),978-587-7471-56-2,Drama,Kandy,30.1,4.77,143,4.26,18.67,8.97,8.4,65,53.67,69.17,Moderate Demand
2025-09,BK091,හැරී පොටර් සහ ෆීනික්ස් නිකාය,ජේ. කේ. රෝලිං - පරි. අභය හේවාවසම්,978-955-573-951-1,Translation,Colombo,39.5,3.43,103,4.12,14.6,7.17,8.6,62,22.91,50.93,Low Demand
2025-09,BK091,හැරී පොටර් සහ ෆීනික්ස් නිකාය,ජේ. කේ. රෝලිං - පරි. අභය හේවාවසම්,978-955-573-951-1,Translation,Galle,33.5,2.43,73,4.13,9.97,5.3,8.8,62,10.76,38.7,Low Demand
2025-09,BK091,හැරී පොටර් සහ ෆීනික්ස් නිකාය,ජේ. කේ. රෝලිං - පරි. අභය හේවාවසම්,978-955-573-951-1,Translation,Kandy,26.2,3.27,98,4.14,12.8,6.27,7.7,62,34.75,55.57,Moderate Demand
2025-09,BK092,සැඟවුණු රහස,රොජර් ලී මැක්බ්‍රයිඩ් (Roger Lea MacBride) - පරිවර්තනය: චිත්‍රා අමරසේකර,978-745-6661-48-1,Historical/Religious,Colombo,36.3,5.37,161,3.33,20.33,9.2,10.3,55,61.35,61.31,Moderate Demand
2025-09,BK092,සැඟවුණු රහස,රොජර් ලී මැක්බ්‍රයිඩ් (Roger Lea MacBride) - පරිවර්තනය: චිත්‍රා අමරසේකර,978-745-6661-48-1,Historical/Religious,Galle,30.1,3.9,117,3.34,14.73,6.97,8.3,55,36.83,53.89,Low Demand
2025-09,BK092,සැඟවුණු රහස,රොජර් ලී මැක්බ්‍රයිඩ් (Roger Lea MacBride) - පරිවර්තනය: චිත්‍රා අමරසේකර,978-745-6661-48-1,Historical/Religious,Kandy,32.3,5.53,166,3.34,19.83,9.33,6.9,55,70.17,62.5,Moderate Demand
2025-09,BK093,සෙවනැලි සහ මාලිගාව,පරිවර්තනය: චන්දන මෙන්ඩිස් (Chandana Mendis),978-289-1737-32-0,Poetry,Colombo,27.2,3.97,119,4.01,15.5,7.33,8.8,50,23.15,43.16,Low Demand
2025-09,BK093,සෙවනැලි සහ මාලිගාව,පරිවර්තනය: චන්දන මෙන්ඩිස් (Chandana Mendis),978-289-1737-32-0,Poetry,Galle,28.7,3.8,114,4.03,14.23,6.87,8.9,50,51.74,60.28,Moderate Demand
2025-09,BK093,සෙවනැලි සහ මාලිගාව,පරිවර්තනය: චන්දන මෙන්ඩිස් (Chandana Mendis),978-289-1737-32-0,Poetry,Kandy,30.5,4.07,122,4.01,16.97,8.17,6.8,50,41.91,45.22,Low Demand
2025-09,BK094,නෙවර් ලයි (Never Lie),ෆ්‍රීඩා මැක්ෆැඩන් - පරි. තරුෂි නිරංගා ජයසිංහ,978-624-6570-46-0,Thriller,Colombo,31.1,4.6,138,4.24,17.27,8.33,8.2,76,41.04,55.85,Moderate Demand
2025-09,BK094,නෙවර් ලයි (Never Lie),ෆ්‍රීඩා මැක්ෆැඩන් - පරි. තරුෂි නිරංගා ජයසිංහ,978-624-6570-46-0,Thriller,Galle,34.7,3.63,109,4.26,13.6,6.77,8.8,76,40.29,64.46,Moderate Demand
2025-09,BK094,නෙවර් ලයි (Never Lie),ෆ්‍රීඩා මැක්ෆැඩන් - පරි. තරුෂි නිරංගා ජයසිංහ,978-624-6570-46-0,Thriller,Kandy,31.6,4.17,125,4.26,16.4,7.77,10.1,76,41.35,66.64,Moderate Demand
2025-09,BK095,ප්‍රේම ගීතය,සමුද්‍ර වෙත්තසිංහ (Samudra Weththasingha),978-573-6220-40-5,Non-fiction,Colombo,30.8,4.13,124,3.75,15.87,7.53,9.8,52,36.51,46.55,Low Demand
2025-09,BK095,ප්‍රේම ගීතය,සමුද්‍ර වෙත්තසිංහ (Samudra Weththasingha),978-573-6220-40-5,Non-fiction,Galle,32.4,3.7,111,3.76,14.27,7.03,7.7,52,45.52,65.31,Moderate Demand
2025-09,BK095,ප්‍රේම ගීතය,සමුද්‍ර වෙත්තසිංහ (Samudra Weththasingha),978-573-6220-40-5,Non-fiction,Kandy,30.2,4.37,131,3.78,15.67,7.37,8.2,52,37.02,59.9,Moderate Demand
2025-09,BK096,පුද්ගලිකයි රහසිගතයි (The Secret Files of Sherlock Holmes),චන්දන මෙන්ඩිස් (පරිවර්තනය),955-97776-4-5,Mystery,Colombo,36.1,5.23,157,4.19,19.47,9.57,9.3,71,66.48,67.55,Moderate Demand
2025-09,BK096,පුද්ගලිකයි රහසිගතයි (The Secret Files of Sherlock Holmes),චන්දන මෙන්ඩිස් (පරිවර්තනය),955-97776-4-5,Mystery,Galle,32.2,4.77,143,4.18,18.47,8.87,9.4,71,54.33,62.11,Moderate Demand
2025-09,BK096,පුද්ගලිකයි රහසිගතයි (The Secret Files of Sherlock Holmes),චන්දන මෙන්ඩිස් (පරිවර්තනය),955-97776-4-5,Mystery,Kandy,37.1,5.2,156,4.17,18.33,8.63,6.5,71,59.33,67.75,Moderate Demand
2025-09,BK097,පරණ කතාව,මාර්ටින් වික්‍රමසිංහ,978-528-5693-75-7,Children's,Colombo,38.5,4.13,124,4.88,15.5,7.2,8.6,60,42.92,53.76,Low Demand
2025-09,BK097,පරණ කතාව,මාර්ටින් වික්‍රමසිංහ,978-528-5693-75-7,Children's,Galle,38.1,3.6,108,4.89,13.57,6.77,10.6,60,58.7,72.46,High Demand
2025-09,BK097,පරණ කතාව,මාර්ටින් වික්‍රමසිංහ,978-528-5693-75-7,Children's,Kandy,37.9,4.1,123,4.88,15.7,7.5,10.3,60,43.04,52.69,Low Demand
2025-09,BK098,මාණික්කාවත (Manikkawatha),මහින්ද ප්‍රසාද් මසිඹුල,978-955-098-023-9,Novel,Colombo,40.3,2.47,74,4.13,10.33,5.13,7.4,70,0.49,41.11,Low Demand
2025-09,BK098,මාණික්කාවත (Manikkawatha),මහින්ද ප්‍රසාද් මසිඹුල,978-955-098-023-9,Novel,Galle,29.6,2.83,85,4.14,12.63,6.17,10.3,70,7.61,45.5,Low Demand
2025-09,BK098,මාණික්කාවත (Manikkawatha),මහින්ද ප්‍රසාද් මසිඹුල,978-955-098-023-9,Novel,Kandy,30.8,3.2,96,4.14,13.27,6.3,9.2,70,20.69,56.22,Moderate Demand
2025-09,BK099,ගංගාව සහ ගංගාව,"ජේම්ස් හැඩ්ලි චේස් (James Hadley Chase), පරිවර්තනය: එන්. ජී. විජේරත්න (Translation: N. G. Wijerathna)",978-493-2631-22-5,Children's,Colombo,27.9,3.0,90,4.44,13.37,6.67,9.0,60,15.38,47.9,Low Demand
2025-09,BK099,ගංගාව සහ ගංගාව,"ජේම්ස් හැඩ්ලි චේස් (James Hadley Chase), පරිවර්තනය: එන්. ජී. විජේරත්න (Translation: N. G. Wijerathna)",978-493-2631-22-5,Children's,Galle,38.0,2.03,61,4.44,8.73,4.93,8.8,60,12.18,46.4,Low Demand
2025-09,BK099,ගංගාව සහ ගංගාව,"ජේම්ස් හැඩ්ලි චේස් (James Hadley Chase), පරිවර්තනය: එන්. ජී. විජේරත්න (Translation: N. G. Wijerathna)",978-493-2631-22-5,Children's,Kandy,29.9,3.1,93,4.42,12.33,5.53,8.4,60,18.28,44.83,Low Demand
2025-09,BK100,රන් මතකය,ලසිත රවීන් උමගිලිය,978-825-3894-18-1,Young Adult,Colombo,37.6,7.4,222,3.8,26.3,12.03,10.4,66,89.23,77.01,High Demand
2025-09,BK100,රන් මතකය,ලසිත රවීන් උමගිලිය,978-825-3894-18-1,Young Adult,Galle,38.2,6.23,187,3.79,22.23,10.93,8.1,66,100.0,82.18,High Demand
2025-09,BK100,රන් මතකය,ලසිත රවීන් උමගිලිය,978-825-3894-18-1,Young Adult,Kandy,31.1,7.17,215,3.79,25.5,12.17,9.8,66,100.0,81.97,High Demand
2025-10,BK001,Ape Gama,Martin Wickramasinghe,978-955-31-2954-3,Novel,Colombo,28.3,6.06,188,4.24,20.16,9.58,9.6,70,80.15,86.39,High Demand
2025-10,BK001,Ape Gama,Martin Wickramasinghe,978-955-31-2954-3,Novel,Galle,34.6,5.26,163,4.26,19.16,8.97,9.0,70,63.39,66.46,Moderate Demand
2025-10,BK001,Ape Gama,Martin Wickramasinghe,978-955-31-2954-3,Novel,Kandy,37.4,5.77,179,4.23,20.61,10.1,8.0,70,61.25,75.07,High Demand
2025-10,BK002,Viragaya,Martin Wickramasinghe,978-955-1234-01-2,Novel,Colombo,31.1,5.13,159,3.91,19.58,9.42,9.3,70,43.99,62.07,Moderate Demand
2025-10,BK002,Viragaya,Martin Wickramasinghe,978-955-1234-01-2,Novel,Galle,29.4,4.16,129,3.91,16.29,8.06,7.2,70,44.31,54.57,Moderate Demand
2025-10,BK002,Viragaya,Martin Wickramasinghe,978-955-1234-01-2,Novel,Kandy,35.3,4.94,153,3.91,19.35,9.19,8.4,70,30.51,53.73,Low Demand
2025-10,BK003,Gamperaliya,Martin Wickramasinghe,978-955-1234-02-9,Novel,Colombo,29.8,6.58,204,4.7,23.23,10.77,8.0,70,84.04,76.93,High Demand
2025-10,BK003,Gamperaliya,Martin Wickramasinghe,978-955-1234-02-9,Novel,Galle,34.9,5.9,183,4.7,20.84,9.29,7.8,70,87.85,85.83,High Demand
2025-10,BK003,Gamperaliya,Martin Wickramasinghe,978-955-1234-02-9,Novel,Kandy,35.3,5.9,183,4.7,20.29,9.39,8.8,70,76.62,78.23,High Demand
2025-10,BK004,Madol Duwa,Martin Wickramasinghe,978-955-1234-03-6,Children's,Colombo,28.9,5.32,165,3.96,19.06,9.0,9.0,60,51.65,61.39,Moderate Demand
2025-10,BK004,Madol Duwa,Martin Wickramasinghe,978-955-1234-03-6,Children's,Galle,38.5,5.39,167,3.95,18.52,9.45,8.7,60,63.12,66.49,Moderate Demand
2025-10,BK004,Madol Duwa,Martin Wickramasinghe,978-955-1234-03-6,Children's,Kandy,32.7,5.94,184,3.96,22.1,11.0,8.8,60,80.9,80.42,High Demand
2025-10,BK005,Senkottan,Mahinda Prasad Masimbula,978-955-3031-15-8,Novel,Colombo,34.0,3.19,99,3.54,13.13,6.32,9.0,70,19.17,46.84,Low Demand
2025-10,BK005,Senkottan,Mahinda Prasad Masimbula,978-955-3031-15-8,Novel,Galle,28.1,3.29,102,3.54,12.68,5.94,9.3,70,20.04,51.95,Low Demand
2025-10,BK005,Senkottan,Mahinda Prasad Masimbula,978-955-3031-15-8,Novel,Kandy,34.6,3.61,112,3.53,14.45,6.9,7.7,70,20.33,45.07,Low Demand
2025-10,BK006,Malagiya Attho,Ediriweera Sarachchandra,978-955-9012-05-4,Novel,Colombo,41.7,6.68,207,3.78,23.81,10.77,9.0,70,100.0,87.81,High Demand
2025-10,BK006,Malagiya Attho,Ediriweera Sarachchandra,978-955-9012-05-4,Novel,Galle,31.6,6.48,201,3.77,22.1,10.23,7.7,70,95.69,81.6,High Demand
2025-10,BK006,Malagiya Attho,Ediriweera Sarachchandra,978-955-9012-05-4,Novel,Kandy,33.9,7.77,241,3.78,25.9,12.1,7.5,70,100.0,93.33,High Demand
2025-10,BK007,Amba Yaluwo,T. B. Ilangaratne,978-955-8877-66-5,Novel,Colombo,31.1,7.06,219,4.25,25.1,11.61,9.0,70,100.0,88.87,High Demand
2025-10,BK007,Amba Yaluwo,T. B. Ilangaratne,978-955-8877-66-5,Novel,Galle,31.6,6.06,188,4.26,20.65,10.13,8.6,70,89.66,78.56,High Demand
2025-10,BK007,Amba Yaluwo,T. B. Ilangaratne,978-955-8877-66-5,Novel,Kandy,27.4,6.16,191,4.26,21.58,10.35,7.0,70,90.75,88.3,High Demand
2025-10,BK008,Guru Geethaya,Chingiz Aitmatov (Trans.),978-955-6543-20-1,Translated Classic,Colombo,37.7,6.35,197,4.28,22.81,11.13,10.5,78,91.21,86.22,High Demand
2025-10,BK008,Guru Geethaya,Chingiz Aitmatov (Trans.),978-955-6543-20-1,Translated Classic,Galle,30.9,5.45,169,4.25,18.48,8.58,7.8,78,79.51,83.17,High Demand
2025-10,BK008,Guru Geethaya,Chingiz Aitmatov (Trans.),978-955-6543-20-1,Translated Classic,Kandy,28.9,6.23,193,4.24,23.9,11.42,9.1,78,78.19,86.19,High Demand
2025-10,BK009,Sanda Gawa Gini,Sumithra Rahubadda,978-955-4422-33-7,Novel,Colombo,28.4,2.84,88,4.23,11.97,5.58,10.7,70,0.0,53.05,Low Demand
2025-10,BK009,Sanda Gawa Gini,Sumithra Rahubadda,978-955-4422-33-7,Novel,Galle,43.2,2.55,79,4.25,9.68,4.68,8.0,70,2.5,47.27,Low Demand
2025-10,BK009,Sanda Gawa Gini,Sumithra Rahubadda,978-955-4422-33-7,Novel,Kandy,29.1,3.58,111,4.25,13.61,6.77,6.2,70,28.42,45.34,Low Demand
2025-10,BK010,Karumakkarayo,Gunadasa Amarasekara,978-955-5678-10-1,Novel,Colombo,38.4,4.61,143,4.39,18.1,8.45,10.6,70,55.92,66.43,Moderate Demand
2025-10,BK010,Karumakkarayo,Gunadasa Amarasekara,978-955-5678-10-1,Novel,Galle,30.5,3.71,115,4.4,15.29,7.23,8.7,70,36.99,57.6,Moderate Demand
2025-10,BK010,Karumakkarayo,Gunadasa Amarasekara,978-955-5678-10-1,Novel,Kandy,29.1,4.45,138,4.39,16.13,7.97,8.3,70,26.11,54.97,Moderate Demand
2025-10,BK011,Yali Upannemi,Gunadasa Amarasekara,978-955-5678-11-8,Novel,Colombo,37.3,4.16,129,3.91,16.74,8.42,9.4,70,49.41,61.04,Moderate Demand
2025-10,BK011,Yali Upannemi,Gunadasa Amarasekara,978-955-5678-11-8,Novel,Galle,34.8,4.03,125,3.9,14.61,6.94,6.0,70,35.06,68.92,Moderate Demand
2025-10,BK011,Yali Upannemi,Gunadasa Amarasekara,978-955-5678-11-8,Novel,Kandy,30.7,3.94,122,3.91,15.81,7.29,9.9,70,12.37,47.83,Low Demand
2025-10,BK012,Vilambitha,Mahinda Prasad Masimbula,978-955-3031-16-5,Novel,Colombo,30.8,6.74,209,4.88,24.58,11.81,6.6,70,99.73,88.88,High Demand
2025-10,BK012,Vilambitha,Mahinda Prasad Masimbula,978-955-3031-16-5,Novel,Galle,28.1,6.16,191,4.88,21.58,10.58,7.4,70,99.52,93.11,High Demand
2025-10,BK012,Vilambitha,Mahinda Prasad Masimbula,978-955-3031-16-5,Novel,Kandy,29.8,6.68,207,4.88,23.52,11.52,8.8,70,90.92,88.39,High Demand
2025-10,BK013,Kaliyugaya,Martin Wickramasinghe,978-955-1234-04-3,Novel,Colombo,32.2,5.84,181,4.16,21.06,9.87,10.2,70,69.47,70.8,Moderate Demand
2025-10,BK013,Kaliyugaya,Martin Wickramasinghe,978-955-1234-04-3,Novel,Galle,29.8,4.87,151,4.16,17.84,8.52,7.1,70,68.43,77.24,High Demand
2025-10,BK013,Kaliyugaya,Martin Wickramasinghe,978-955-1234-04-3,Novel,Kandy,36.1,5.71,177,4.16,20.13,9.45,6.3,70,74.9,70.31,Moderate Demand
2025-10,BK014,Yuganthaya,Martin Wickramasinghe,978-955-1234-05-0,Novel,Colombo,38.0,6.1,189,3.95,23.9,10.97,9.0,70,90.09,84.01,High Demand
2025-10,BK014,Yuganthaya,Martin Wickramasinghe,978-955-1234-05-0,Novel,Galle,26.6,5.45,169,3.96,20.71,9.58,8.8,70,74.06,71.04,Moderate Demand
2025-10,BK014,Yuganthaya,Martin Wickramasinghe,978-955-1234-05-0,Novel,Kandy,35.4,6.13,190,3.95,21.45,10.0,7.0,70,81.5,87.82,High Demand
2025-10,BK015,Bavatharanaya,Martin Wickramasinghe,978-955-1234-06-7,Novel,Colombo,32.5,4.39,136,4.18,16.45,7.65,9.3,70,34.72,60.47,Moderate Demand
2025-10,BK015,Bavatharanaya,Martin Wickramasinghe,978-955-1234-06-7,Novel,Galle,32.8,4.39,136,4.18,16.81,7.74,9.5,70,61.07,69.08,Moderate Demand
2025-10,BK015,Bavatharanaya,Martin Wickramasinghe,978-955-1234-06-7,Novel,Kandy,37.6,4.94,153,4.19,18.42,8.9,9.1,70,42.96,62.74,Moderate Demand
2025-10,BK016,Lolita,Vladimir Nabokov (Trans.),978-955-3022-10-1,Translated Classic,Colombo,40.2,3.61,112,4.44,15.71,7.81,9.0,78,22.15,45.12,Low Demand
2025-10,BK016,Lolita,Vladimir Nabokov (Trans.),978-955-3022-10-1,Translated Classic,Galle,37.2,3.19,99,4.44,12.74,6.48,8.9,78,21.79,53.28,Low Demand
2025-10,BK016,Lolita,Vladimir Nabokov (Trans.),978-955-3022-10-1,Translated Classic,Kandy,32.3,3.23,100,4.43,12.9,6.1,8.3,78,23.33,51.13,Low Demand
2025-10,BK017,Aprasanna Kathavak,Karunasena Jayalath,978-955-1100-33-5,Novel,Colombo,27.7,5.29,164,4.08,18.48,8.84,8.7,70,62.47,72.21,High Demand
2025-10,BK017,Aprasanna Kathavak,Karunasena Jayalath,978-955-1100-33-5,Novel,Galle,31.6,4.52,140,4.07,16.45,7.77,9.9,70,52.4,63.34,Moderate Demand
2025-10,BK017,Aprasanna Kathavak,Karunasena Jayalath,978-955-1100-33-5,Novel,Kandy,32.2,4.06,126,4.08,14.87,6.94,9.3,70,28.27,50.49,Low Demand
2025-10,BK018,Golu Hadawatha,Karunasena Jayalath,978-955-1100-34-2,Novel,Colombo,29.1,3.13,97,4.25,12.61,6.39,8.9,70,24.94,52.9,Low Demand
2025-10,BK018,Golu Hadawatha,Karunasena Jayalath,978-955-1100-34-2,Novel,Galle,30.5,3.39,105,4.26,13.81,6.55,8.9,70,20.23,51.64,Low Demand
2025-10,BK018,Golu Hadawatha,Karunasena Jayalath,978-955-1100-34-2,Novel,Kandy,28.6,2.68,83,4.27,11.16,5.26,8.4,70,7.19,44.04,Low Demand
2025-10,BK019,Gahanu Lamai,Karunasena Jayalath,978-955-1100-35-9,Novel,Colombo,35.3,6.45,200,3.83,22.32,10.9,8.3,70,94.05,88.01,High Demand
2025-10,BK019,Gahanu Lamai,Karunasena Jayalath,978-955-1100-35-9,Novel,Galle,39.2,5.94,184,3.83,21.35,10.68,10.2,70,98.31,92.25,High Demand
2025-10,BK019,Gahanu Lamai,Karunasena Jayalath,978-955-1100-35-9,Novel,Kandy,28.7,5.55,172,3.82,20.29,9.48,8.4,70,65.26,75.41,High Demand
2025-10,BK020,Kulakumariya,T. B. Ilangaratne,978-955-8877-67-2,Novel,Colombo,35.1,5.52,171,4.15,20.42,10.0,8.2,70,65.68,71.87,High Demand
2025-10,BK020,Kulakumariya,T. B. Ilangaratne,978-955-8877-67-2,Novel,Galle,36.1,4.26,132,4.15,17.13,8.35,6.7,70,52.25,62.9,Moderate Demand
2025-10,BK020,Kulakumariya,T. B. Ilangaratne,978-955-8877-67-2,Novel,Kandy,30.3,6.55,203,4.15,25.03,11.45,7.9,70,82.37,81.09,High Demand
2025-10,BK021,Lasanda,T. B. Ilangaratne,978-955-8877-68-9,Novel,Colombo,29.8,6.68,207,4.43,24.81,11.84,6.6,70,100.0,86.3,High Demand
2025-10,BK021,Lasanda,T. B. Ilangaratne,978-955-8877-68-9,Novel,Galle,31.8,5.1,158,4.42,19.42,9.68,8.9,70,71.24,79.95,High Demand
2025-10,BK021,Lasanda,T. B. Ilangaratne,978-955-8877-68-9,Novel,Kandy,36.4,5.87,182,4.45,20.97,9.81,6.6,70,68.33,76.25,High Demand
2025-10,BK022,Maname,Ediriweera Sarachchandra,978-955-9012-06-1,Drama,Colombo,36.8,4.16,129,3.87,16.61,7.52,6.9,65,31.12,47.62,Low Demand
2025-10,BK022,Maname,Ediriweera Sarachchandra,978-955-9012-06-1,Drama,Galle,32.5,3.52,109,3.86,14.42,7.29,7.5,65,38.9,61.26,Moderate Demand
2025-10,BK022,Maname,Ediriweera Sarachchandra,978-955-9012-06-1,Drama,Kandy,28.8,4.71,146,3.87,18.13,8.68,9.3,65,44.87,55.4,Moderate Demand
2025-10,BK023,Sinhabahu,Ediriweera Sarachchandra,978-955-9012-07-8,Drama,Colombo,34.1,7.23,224,4.01,25.06,12.13,7.2,65,100.0,75.73,High Demand
2025-10,BK023,Sinhabahu,Ediriweera Sarachchandra,978-955-9012-07-8,Drama,Galle,28.1,5.45,169,4.02,20.77,9.84,8.2,65,80.84,77.8,High Demand
2025-10,BK023,Sinhabahu,Ediriweera Sarachchandra,978-955-9012-07-8,Drama,Kandy,29.8,7.13,221,3.99,23.39,11.32,10.4,65,91.02,90.39,High Demand
2025-10,BK024,Walmath Vee Atharaman Veemi,Simon Navagattegama,978-955-7733-11-2,Novel,Colombo,36.8,6.81,211,4.18,24.84,11.77,10.7,70,87.47,83.99,High Demand
2025-10,BK024,Walmath Vee Atharaman Veemi,Simon Navagattegama,978-955-7733-11-2,Novel,Galle,33.2,5.68,176,4.16,20.29,9.71,9.5,70,91.88,84.0,High Demand
2025-10,BK024,Walmath Vee Atharaman Veemi,Simon Navagattegama,978-955-7733-11-2,Novel,Kandy,30.9,7.32,227,4.17,24.9,11.68,8.1,70,100.0,92.07,High Demand
2025-10,BK025,Sansaranyaye Dadayakkara,Simon Navagattegama,978-955-7733-12-9,Novel,Colombo,31.1,5.81,180,3.27,21.58,10.13,8.9,70,77.65,74.68,High Demand
2025-10,BK025,Sansaranyaye Dadayakkara,Simon Navagattegama,978-955-7733-12-9,Novel,Galle,38.3,6.23,193,3.27,22.97,10.65,11.2,70,100.0,76.59,High Demand
2025-10,BK025,Sansaranyaye Dadayakkara,Simon Navagattegama,978-955-7733-12-9,Novel,Kandy,31.3,6.06,188,3.27,20.19,9.87,8.1,70,69.03,75.38,High Demand
2025-10,BK026,Kavikandarawa,Mahinda Prasad Masimbula,978-955-3031-17-2,Poetry,Colombo,31.3,3.71,115,4.38,14.87,7.29,9.0,50,32.97,58.21,Moderate Demand
2025-10,BK026,Kavikandarawa,Mahinda Prasad Masimbula,978-955-3031-17-2,Poetry,Galle,32.0,2.97,92,4.38,11.61,5.26,8.6,50,24.17,51.47,Low Demand
2025-10,BK026,Kavikandarawa,Mahinda Prasad Masimbula,978-955-3031-17-2,Poetry,Kandy,32.0,3.48,108,4.39,13.81,6.55,8.9,50,32.67,52.01,Low Demand
2025-10,BK027,Dodamlu Iwura,Sumithra Rahubadda,978-955-4422-34-4,Novel,Colombo,37.5,5.23,162,4.98,19.58,9.74,7.5,70,66.32,72.97,High Demand
2025-10,BK027,Dodamlu Iwura,Sumithra Rahubadda,978-955-4422-34-4,Novel,Galle,30.0,4.35,135,4.97,15.9,7.71,9.1,70,54.25,78.14,High Demand
2025-10,BK027,Dodamlu Iwura,Sumithra Rahubadda,978-955-4422-34-4,Novel,Kandy,35.7,4.81,149,4.98,16.74,8.19,7.2,70,44.16,62.1,Moderate Demand
2025-10,BK028,Bumuthurunu,Sumithra Rahubadda,978-955-4422-35-1,Novel,Colombo,33.3,2.81,87,4.09,11.19,5.65,7.0,70,13.16,45.14,Low Demand
2025-10,BK028,Bumuthurunu,Sumithra Rahubadda,978-955-4422-35-1,Novel,Galle,38.6,2.9,90,4.07,11.9,5.94,7.9,70,11.28,44.93,Low Demand
2025-10,BK028,Bumuthurunu,Sumithra Rahubadda,978-955-4422-35-1,Novel,Kandy,30.6,2.97,92,4.09,12.48,5.84,7.0,70,2.61,36.41,Low Demand
2025-10,BK029,Podi Hamuduruwo,Sybil Wettasinghe,978-955-2011-44-3,Children's,Colombo,29.6,3.35,104,4.57,13.19,6.32,6.8,60,30.23,56.93,Moderate Demand
2025-10,BK029,Podi Hamuduruwo,Sybil Wettasinghe,978-955-2011-44-3,Children's,Galle,36.8,2.81,87,4.58,11.16,5.58,8.6,60,3.28,34.37,Low Demand
2025-10,BK029,Podi Hamuduruwo,Sybil Wettasinghe,978-955-2011-44-3,Children's,Kandy,35.4,4.23,131,4.56,15.35,7.52,8.1,60,32.27,59.29,Moderate Demand
2025-10,BK030,Kuda Hora,Sybil Wettasinghe,978-955-2011-45-0,Children's,Colombo,37.6,5.19,161,4.06,19.0,8.87,8.2,60,37.09,46.53,Low Demand
2025-10,BK030,Kuda Hora,Sybil Wettasinghe,978-955-2011-45-0,Children's,Galle,36.0,5.19,161,4.06,20.39,9.94,7.9,60,66.61,65.88,Moderate Demand
2025-10,BK030,Kuda Hora,Sybil Wettasinghe,978-955-2011-45-0,Children's,Kandy,30.6,5.71,177,4.07,18.87,9.13,9.1,60,77.7,71.06,Moderate Demand
2025-10,BK031,Maria Cylonica,P. B. Jayasekara,978-955-6611-22-3,Novel,Colombo,28.4,5.32,165,3.87,19.84,9.29,8.1,70,55.25,67.08,Moderate Demand
2025-10,BK031,Maria Cylonica,P. B. Jayasekara,978-955-6611-22-3,Novel,Galle,36.2,5.55,172,3.87,21.26,10.29,6.5,70,84.93,79.9,High Demand
2025-10,BK031,Maria Cylonica,P. B. Jayasekara,978-955-6611-22-3,Novel,Kandy,32.7,6.16,191,3.89,22.71,10.84,7.8,70,90.58,84.49,High Demand
2025-10,BK032,Atawaka Putthu,Liyanage Amarakeerthi,978-955-3044-55-4,Novel,Colombo,31.4,6.19,192,4.24,22.16,10.16,7.6,70,87.63,76.06,High Demand
2025-10,BK032,Atawaka Putthu,Liyanage Amarakeerthi,978-955-3044-55-4,Novel,Galle,31.8,6.32,196,4.22,23.45,10.9,7.3,70,97.34,87.66,High Demand
2025-10,BK032,Atawaka Putthu,Liyanage Amarakeerthi,978-955-3044-55-4,Novel,Kandy,34.2,8.0,248,4.23,27.0,12.94,8.9,70,100.0,79.19,High Demand
2025-10,BK033,Kurulu Hadawatha,Liyanage Amarakeerthi,978-955-3044-56-1,Novel,Colombo,36.6,4.1,127,3.55,16.23,7.35,9.2,70,34.42,59.8,Moderate Demand
2025-10,BK033,Kurulu Hadawatha,Liyanage Amarakeerthi,978-955-3044-56-1,Novel,Galle,40.1,3.26,101,3.53,13.06,6.58,8.8,70,14.95,40.51,Low Demand
2025-10,BK033,Kurulu Hadawatha,Liyanage Amarakeerthi,978-955-3044-56-1,Novel,Kandy,37.0,4.42,137,3.54,17.74,8.23,9.5,70,29.85,50.45,Low Demand
2025-10,BK034,Gini Avi saha Gini Keli,Anura Horatious,978-955-9988-11-2,Novel,Colombo,29.2,3.74,116,3.74,14.84,7.16,9.3,70,23.46,50.58,Low Demand
2025-10,BK034,Gini Avi saha Gini Keli,Anura Horatious,978-955-9988-11-2,Novel,Galle,35.3,4.06,126,3.73,16.61,7.94,7.7,70,37.02,56.43,Moderate Demand
2025-10,BK034,Gini Avi saha Gini Keli,Anura Horatious,978-955-9988-11-2,Novel,Kandy,36.0,4.16,129,3.74,16.74,8.03,8.3,70,37.76,48.65,Low Demand
2025-10,BK035,Daskon,Wimalaratne Kumaragama,978-955-2233-44-5,Poetry,Colombo,36.7,4.58,142,4.41,17.61,8.48,8.6,50,37.73,56.43,Moderate Demand
2025-10,BK035,Daskon,Wimalaratne Kumaragama,978-955-2233-44-5,Poetry,Galle,29.2,5.39,167,4.42,19.48,9.06,11.5,50,84.45,77.66,High Demand
2025-10,BK035,Daskon,Wimalaratne Kumaragama,978-955-2233-44-5,Poetry,Kandy,37.9,4.84,150,4.44,17.71,8.97,11.0,50,38.73,57.94,Moderate Demand
2025-10,BK036,Pethigomara,K. Jayatillake,978-955-1555-11-0,Novel,Colombo,32.5,3.45,107,4.18,14.0,6.87,8.4,70,12.79,45.35,Low Demand
2025-10,BK036,Pethigomara,K. Jayatillake,978-955-1555-11-0,Novel,Galle,28.8,2.68,83,4.18,11.55,6.45,7.5,70,7.51,35.71,Low Demand
2025-10,BK036,Pethigomara,K. Jayatillake,978-955-1555-11-0,Novel,Kandy,39.5,3.29,102,4.2,13.74,6.42,6.6,70,0.0,39.97,Low Demand
2025-10,BK037,Charitha Thunak,K. Jayatillake,978-955-1555-12-7,Novel,Colombo,42.1,3.68,114,3.92,15.03,6.9,9.1,70,19.96,38.12,Low Demand
2025-10,BK037,Charitha Thunak,K. Jayatillake,978-955-1555-12-7,Novel,Galle,28.9,2.61,81,3.92,10.65,5.23,6.2,70,11.43,43.35,Low Demand
2025-10,BK037,Charitha Thunak,K. Jayatillake,978-955-1555-12-7,Novel,Kandy,34.0,3.45,107,3.93,13.13,6.29,7.2,70,3.57,28.36,Low Demand
2025-10,BK038,Parajithayo,Siri Gunasinghe,978-955-1100-23-6,Novel,Colombo,25.8,5.65,175,4.35,21.23,10.0,6.6,70,65.34,73.28,High Demand
2025-10,BK038,Parajithayo,Siri Gunasinghe,978-955-1100-23-6,Novel,Galle,31.1,4.39,136,4.35,16.77,7.65,7.5,70,45.72,60.84,Moderate Demand
2025-10,BK038,Parajithayo,Siri Gunasinghe,978-955-1100-23-6,Novel,Kandy,33.4,5.1,158,4.34,19.68,9.16,7.6,70,50.85,69.01,Moderate Demand
2025-10,BK039,Rosa Malak Mata Denna,Shanthi Dissanayake,978-955-6677-88-1,Novel,Colombo,35.8,3.52,109,4.82,12.94,5.97,7.7,70,15.21,40.78,Low Demand
2025-10,BK039,Rosa Malak Mata Denna,Shanthi Dissanayake,978-955-6677-88-1,Novel,Galle,25.6,3.39,105,4.82,13.77,7.1,9.8,70,25.16,55.7,Moderate Demand
2025-10,BK039,Rosa Malak Mata Denna,Shanthi Dissanayake,978-955-6677-88-1,Novel,Kandy,29.7,3.58,111,4.83,14.39,7.0,8.3,70,26.75,59.51,Moderate Demand
2025-10,BK040,Paradal,Shanthi Dissanayake,978-955-6677-89-8,Novel,Colombo,36.7,5.97,185,4.15,21.03,10.26,6.3,70,83.67,77.57,High Demand
2025-10,BK040,Paradal,Shanthi Dissanayake,978-955-6677-89-8,Novel,Galle,38.6,4.52,140,4.15,16.45,7.97,8.3,70,71.52,67.88,Moderate Demand
2025-10,BK040,Paradal,Shanthi Dissanayake,978-955-6677-89-8,Novel,Kandy,30.5,5.55,172,4.15,19.61,8.77,7.7,70,56.87,69.65,Moderate Demand
2025-10,BK041,Girikulu,Shanthi Dissanayake,978-955-6677-90-4,Novel,Colombo,27.9,4.58,142,3.95,18.13,8.68,9.8,70,48.47,67.95,Moderate Demand
2025-10,BK041,Girikulu,Shanthi Dissanayake,978-955-6677-90-4,Novel,Galle,35.5,4.16,129,3.97,16.16,7.29,9.5,70,45.47,54.75,Moderate Demand
2025-10,BK041,Girikulu,Shanthi Dissanayake,978-955-6677-90-4,Novel,Kandy,37.9,5.32,165,3.94,19.26,9.1,7.5,70,47.53,62.24,Moderate Demand
2025-10,BK042,Sakkarang,Prasanna Vithanage (Adapt.),978-955-3322-11-9,Drama,Colombo,35.8,6.77,210,3.57,22.84,10.97,10.3,65,96.73,82.78,High Demand
2025-10,BK042,Sakkarang,Prasanna Vithanage (Adapt.),978-955-3322-11-9,Drama,Galle,33.3,5.52,171,3.57,18.48,9.06,11.1,65,93.45,82.97,High Demand
2025-10,BK042,Sakkarang,Prasanna Vithanage (Adapt.),978-955-3322-11-9,Drama,Kandy,30.2,6.81,211,3.56,23.06,11.0,6.5,65,91.19,85.56,High Demand
2025-10,BK043,Bhatti,Edward Mallawaarachchi,978-955-5544-33-2,Novel,Colombo,36.7,6.1,189,4.13,24.06,11.52,8.6,70,86.58,85.48,High Demand
2025-10,BK043,Bhatti,Edward Mallawaarachchi,978-955-5544-33-2,Novel,Galle,34.3,4.87,151,4.12,17.87,8.23,10.1,70,54.93,60.01,Moderate Demand
2025-10,BK043,Bhatti,Edward Mallawaarachchi,978-955-5544-33-2,Novel,Kandy,37.7,5.48,170,4.12,20.61,9.65,7.3,70,74.23,85.05,High Demand
2025-10,BK044,Sihina Kumari,Edward Mallawaarachchi,978-955-5544-34-9,Novel,Colombo,23.9,2.74,85,4.33,13.16,6.35,10.5,70,7.81,42.38,Low Demand
2025-10,BK044,Sihina Kumari,Edward Mallawaarachchi,978-955-5544-34-9,Novel,Galle,27.8,3.1,96,4.31,13.45,6.23,5.7,70,24.25,44.16,Low Demand
2025-10,BK044,Sihina Kumari,Edward Mallawaarachchi,978-955-5544-34-9,Novel,Kandy,29.2,3.71,115,4.32,14.26,6.9,9.1,70,25.42,50.06,Low Demand
2025-10,BK045,Adaraneeya Wasthuwe,Upul Shantha Sannasgala,978-955-8811-22-5,Novel,Colombo,31.9,6.58,204,3.98,23.61,10.77,7.6,70,100.0,91.6,High Demand
2025-10,BK045,Adaraneeya Wasthuwe,Upul Shantha Sannasgala,978-955-8811-22-5,Novel,Galle,28.9,5.65,175,3.99,21.1,9.9,8.5,70,89.19,83.77,High Demand
2025-10,BK045,Adaraneeya Wasthuwe,Upul Shantha Sannasgala,978-955-8811-22-5,Novel,Kandy,33.9,6.23,193,4.0,20.42,9.39,8.2,70,88.44,78.63,High Demand
2025-10,BK046,Warna,Upul Shantha Sannasgala,978-955-8811-23-2,Poetry,Colombo,28.6,7.13,221,4.65,24.81,11.35,7.7,50,91.58,85.91,High Demand
2025-10,BK046,Warna,Upul Shantha Sannasgala,978-955-8811-23-2,Poetry,Galle,31.1,5.32,165,4.67,19.71,9.77,7.5,50,75.79,64.78,Moderate Demand
2025-10,BK046,Warna,Upul Shantha Sannasgala,978-955-8811-23-2,Poetry,Kandy,32.5,5.9,183,4.65,21.45,10.39,9.0,50,73.71,73.45,High Demand
2025-10,BK047,Amma,Maxim Gorky (Trans.),978-955-6655-44-1,Translated Classic,Colombo,23.8,4.23,131,4.46,16.61,7.9,12.4,78,28.24,54.98,Moderate Demand
2025-10,BK047,Amma,Maxim Gorky (Trans.),978-955-6655-44-1,Translated Classic,Galle,32.7,4.03,125,4.45,15.42,7.39,8.6,78,46.65,64.47,Moderate Demand
2025-10,BK047,Amma,Maxim Gorky (Trans.),978-955-6655-44-1,Translated Classic,Kandy,32.8,4.65,144,4.45,16.48,7.97,7.7,78,31.16,66.09,Moderate Demand
2025-10,BK048,Anna Karenina,Leo Tolstoy (Trans.),978-955-6655-45-8,Translated Classic,Colombo,32.9,3.81,118,4.37,13.65,6.61,6.5,78,41.58,60.12,Moderate Demand
2025-10,BK048,Anna Karenina,Leo Tolstoy (Trans.),978-955-6655-45-8,Translated Classic,Galle,32.4,3.61,112,4.35,14.9,7.65,11.2,78,50.2,60.4,Moderate Demand
2025-10,BK048,Anna Karenina,Leo Tolstoy (Trans.),978-955-6655-45-8,Translated Classic,Kandy,37.7,4.23,131,4.37,15.29,6.9,8.0,78,27.59,51.73,Low Demand
2025-10,BK049,Post-Modernism,Various,978-955-1212-12-1,Academic,Colombo,34.7,5.81,180,3.84,20.81,9.97,9.5,45,68.22,63.26,Moderate Demand
2025-10,BK049,Post-Modernism,Various,978-955-1212-12-1,Academic,Galle,34.0,5.45,169,3.85,19.77,9.23,9.1,45,72.54,65.24,Moderate Demand
2025-10,BK049,Post-Modernism,Various,978-955-1212-12-1,Academic,Kandy,30.0,6.0,186,3.86,20.0,9.42,8.3,45,76.4,73.58,High Demand
2025-10,BK050,Mahavamsa,Mahanama Thera,978-955-0011-22-3,Historical/Religious,Colombo,28.2,3.13,97,4.3,12.39,6.19,8.9,55,10.05,49.94,Low Demand
2025-10,BK050,Mahavamsa,Mahanama Thera,978-955-0011-22-3,Historical/Religious,Galle,30.7,2.55,79,4.31,10.9,5.35,7.8,55,6.05,41.52,Low Demand
2025-10,BK050,Mahavamsa,Mahanama Thera,978-955-0011-22-3,Historical/Religious,Kandy,28.6,3.42,106,4.31,13.45,6.42,8.1,55,9.83,46.18,Low Demand
2025-10,BK051,Saddharmaratnavaliya,Dharmasena Thera,978-955-0011-23-0,Historical/Religious,Colombo,31.9,3.35,104,3.99,13.26,6.19,7.3,55,21.5,46.6,Low Demand
2025-10,BK051,Saddharmaratnavaliya,Dharmasena Thera,978-955-0011-23-0,Historical/Religious,Galle,33.4,3.0,93,3.99,12.39,6.32,8.3,55,7.39,37.75,Low Demand
2025-10,BK051,Saddharmaratnavaliya,Dharmasena Thera,978-955-0011-23-0,Historical/Religious,Kandy,27.4,3.94,122,4.0,14.42,6.42,8.7,55,25.26,50.79,Low Demand
2025-10,BK052,අනාගත අහස,මාර්ටින් වික්‍රමසිංහ (පරිවර්තනය),978-147-1385-34-4,Historical/Religious,Colombo,30.5,1.9,59,4.65,8.48,3.87,9.6,55,15.1,46.67,Low Demand
2025-10,BK052,අනාගත අහස,මාර්ටින් වික්‍රමසිංහ (පරිවර්තනය),978-147-1385-34-4,Historical/Religious,Galle,33.5,2.81,87,4.64,11.16,5.81,9.3,55,27.91,61.95,Moderate Demand
2025-10,BK052,අනාගත අහස,මාර්ටින් වික්‍රමසිංහ (පරිවර්තනය),978-147-1385-34-4,Historical/Religious,Kandy,27.3,2.84,88,4.63,12.52,6.23,8.9,55,0.0,37.31,Low Demand
2025-10,BK053,මිටියාවත සහ කාලය,"ජෝන් ෂෝර්ස් (John Shors), පරිවර්තනය: ප්‍රදීප් කුමාර බාලසූරිය (Translation: Pradeep Kumara Balasuriya)",978-976-3071-42-3,Horror,Colombo,35.3,6.68,207,4.62,22.81,10.87,7.8,68,100.0,93.94,High Demand
2025-10,BK053,මිටියාවත සහ කාලය,"ජෝන් ෂෝර්ස් (John Shors), පරිවර්තනය: ප්‍රදීප් කුමාර බාලසූරිය (Translation: Pradeep Kumara Balasuriya)",978-976-3071-42-3,Horror,Galle,33.1,5.06,157,4.62,18.58,9.39,7.7,68,61.9,64.07,Moderate Demand
2025-10,BK053,මිටියාවත සහ කාලය,"ජෝන් ෂෝර්ස් (John Shors), පරිවර්තනය: ප්‍රදීප් කුමාර බාලසූරිය (Translation: Pradeep Kumara Balasuriya)",978-976-3071-42-3,Horror,Kandy,32.3,5.84,181,4.62,20.32,10.13,8.0,68,84.6,86.47,High Demand
2025-10,BK054,රහස සහ කතාව,පවනි උමයංගනා (Pawani Umayangana),978-476-5849-54-7,Non-fiction,Colombo,38.9,6.71,208,4.63,23.26,11.06,5.8,52,100.0,89.55,High Demand
2025-10,BK054,රහස සහ කතාව,පවනි උමයංගනා (Pawani Umayangana),978-476-5849-54-7,Non-fiction,Galle,38.7,5.32,165,4.63,19.94,9.81,9.0,52,69.24,62.27,Moderate Demand
2025-10,BK054,රහස සහ කතාව,පවනි උමයංගනා (Pawani Umayangana),978-476-5849-54-7,Non-fiction,Kandy,36.4,5.42,168,4.64,19.23,9.16,7.7,52,59.64,59.57,Moderate Demand
2025-10,BK055,ඇහි පියන් ඇහැරිලා (Ahi Piyan Aharila),මහින්ද ප්‍රසාද් මසිඹුල,978-955-098-003-1,Poetry,Colombo,29.9,5.9,183,4.21,19.97,9.65,8.3,50,79.69,77.17,High Demand
2025-10,BK055,ඇහි පියන් ඇහැරිලා (Ahi Piyan Aharila),මහින්ද ප්‍රසාද් මසිඹුල,978-955-098-003-1,Poetry,Galle,34.1,5.0,155,4.22,18.71,8.68,8.2,50,69.03,70.06,Moderate Demand
2025-10,BK055,ඇහි පියන් ඇහැරිලා (Ahi Piyan Aharila),මහින්ද ප්‍රසාද් මසිඹුල,978-955-098-003-1,Poetry,Kandy,33.9,5.74,178,4.22,21.26,10.52,8.1,50,82.63,71.63,Moderate Demand
2025-10,BK056,ගමන සහ කාලය,ප්‍රේමකීර්ති රණතුංග,978-316-8963-96-1,Short Stories,Colombo,35.2,5.87,182,4.29,21.58,10.52,9.2,57,70.18,79.44,High Demand
2025-10,BK056,ගමන සහ කාලය,ප්‍රේමකීර්ති රණතුංග,978-316-8963-96-1,Short Stories,Galle,36.1,5.58,173,4.31,19.81,9.71,8.7,57,82.07,78.87,High Demand
2025-10,BK056,ගමන සහ කාලය,ප්‍රේමකීර්ති රණතුංග,978-316-8963-96-1,Short Stories,Kandy,32.9,5.81,180,4.32,21.32,10.1,10.7,57,84.01,89.7,High Demand
2025-10,BK057,කොළඹ කන්ද,Michael Crichton (පරිවර්තනය: සුදත් රොහාන්),978-645-5531-58-3,Poetry,Colombo,29.9,5.68,176,3.96,21.06,9.77,7.8,50,72.17,58.11,Moderate Demand
2025-10,BK057,කොළඹ කන්ද,Michael Crichton (පරිවර්තනය: සුදත් රොහාන්),978-645-5531-58-3,Poetry,Galle,33.6,3.65,113,3.94,13.9,6.48,8.5,50,39.87,52.92,Low Demand
2025-10,BK057,කොළඹ කන්ද,Michael Crichton (පරිවර්තනය: සුදත් රොහාන්),978-645-5531-58-3,Poetry,Kandy,28.9,5.03,156,3.94,18.29,8.16,7.8,50,57.96,68.5,Moderate Demand
2025-10,BK058,වසන්තය සහ මිටියාවත,තරංගා දිසානායක,978-630-6739-38-7,Academic,Colombo,37.2,5.16,160,4.4,19.97,9.94,7.2,45,59.56,65.54,Moderate Demand
2025-10,BK058,වසන්තය සහ මිටියාවත,තරංගා දිසානායක,978-630-6739-38-7,Academic,Galle,29.5,4.48,139,4.41,17.71,8.61,9.6,45,56.72,61.26,Moderate Demand
2025-10,BK058,වසන්තය සහ මිටියාවත,තරංගා දිසානායක,978-630-6739-38-7,Academic,Kandy,37.1,5.32,165,4.41,20.03,9.42,9.9,45,61.74,62.92,Moderate Demand
2025-10,BK059,370 යානයේ අබිරහස (370 Yanaye Abirahasa),භද්‍රජී මහින්ද ජයතිලක,978-624-6570-68-2,Mystery,Colombo,38.8,2.61,81,3.59,10.9,5.71,9.1,71,15.01,45.97,Low Demand
2025-10,BK059,370 යානයේ අබිරහස (370 Yanaye Abirahasa),භද්‍රජී මහින්ද ජයතිලක,978-624-6570-68-2,Mystery,Galle,32.4,3.35,104,3.59,13.32,6.84,9.2,71,31.9,49.48,Low Demand
2025-10,BK059,370 යානයේ අබිරහස (370 Yanaye Abirahasa),භද්‍රජී මහින්ද ජයතිලක,978-624-6570-68-2,Mystery,Kandy,25.2,3.68,114,3.58,14.97,7.61,9.2,71,24.57,47.84,Low Demand
2025-10,BK060,පර්සි ජැක්සන් සහ වංගිරියේ සටන,රික් රියෝඩන් (පරි. සවින්දි ආරියතිලක),978-955-697-089-0,Fantasy,Colombo,35.4,3.35,104,3.8,13.35,6.39,11.7,74,22.85,50.37,Low Demand
2025-10,BK060,පර්සි ජැක්සන් සහ වංගිරියේ සටන,රික් රියෝඩන් (පරි. සවින්දි ආරියතිලක),978-955-697-089-0,Fantasy,Galle,33.9,1.94,60,3.79,8.87,4.35,10.7,74,0.0,36.42,Low Demand
2025-10,BK060,පර්සි ජැක්සන් සහ වංගිරියේ සටන,රික් රියෝඩන් (පරි. සවින්දි ආරියතිලක),978-955-697-089-0,Fantasy,Kandy,34.1,3.52,109,3.79,13.68,6.55,8.0,74,29.19,51.95,Low Demand
2025-10,BK061,ආලෝකයේ සමිඳාණෝ (Alokaye Samindano - Lord of Light),රොජර් සෙලාස්නි - පරි. පුෂ්ප රංජන් විජේසිංහ,978-624-6570-11-8,Sci-Fi,Colombo,31.5,5.42,168,4.3,20.13,9.39,9.6,72,57.9,67.54,Moderate Demand
2025-10,BK061,ආලෝකයේ සමිඳාණෝ (Alokaye Samindano - Lord of Light),රොජර් සෙලාස්නි - පරි. පුෂ්ප රංජන් විජේසිංහ,978-624-6570-11-8,Sci-Fi,Galle,38.3,5.65,175,4.3,21.45,10.13,8.1,72,85.07,81.27,High Demand
2025-10,BK061,ආලෝකයේ සමිඳාණෝ (Alokaye Samindano - Lord of Light),රොජර් සෙලාස්නි - පරි. පුෂ්ප රංජන් විජේසිංහ,978-624-6570-11-8,Sci-Fi,Kandy,34.3,5.45,169,4.31,19.74,9.0,8.2,72,55.82,76.12,High Demand
2025-10,BK062,මිනිසා සහ සෙවනැලි,"කර්ට් වොනෙගට් (Kurt Vonnegut), පරිවර්තනය: ගාමිණී වියන්ගොඩ (Translation: Gamini Viyangoda)",978-673-1310-88-3,Psychology,Colombo,35.3,4.29,133,4.27,17.9,8.39,9.4,58,53.23,63.69,Moderate Demand
2025-10,BK062,මිනිසා සහ සෙවනැලි,"කර්ට් වොනෙගට් (Kurt Vonnegut), පරිවර්තනය: ගාමිණී වියන්ගොඩ (Translation: Gamini Viyangoda)",978-673-1310-88-3,Psychology,Galle,32.8,3.9,121,4.3,14.68,7.13,7.4,58,47.55,60.95,Moderate Demand
2025-10,BK062,මිනිසා සහ සෙවනැලි,"කර්ට් වොනෙගට් (Kurt Vonnegut), පරිවර්තනය: ගාමිණී වියන්ගොඩ (Translation: Gamini Viyangoda)",978-673-1310-88-3,Psychology,Kandy,31.3,4.9,152,4.29,18.68,8.97,8.7,58,52.25,51.29,Low Demand
2025-10,BK063,හේඩීස්ගේ දෙවොල (Hadesge Devola),රික් රයෝර්ඩන් - පරි. රූපේනි මානිංගමුව,978-955-697-343-3,Young Adult,Colombo,31.1,4.81,149,4.41,17.52,8.29,8.9,66,53.46,74.57,High Demand
2025-10,BK063,හේඩීස්ගේ දෙවොල (Hadesge Devola),රික් රයෝර්ඩන් - පරි. රූපේනි මානිංගමුව,978-955-697-343-3,Young Adult,Galle,35.5,3.71,115,4.42,15.48,7.55,8.3,66,28.57,54.39,Low Demand
2025-10,BK063,හේඩීස්ගේ දෙවොල (Hadesge Devola),රික් රයෝර්ඩන් - පරි. රූපේනි මානිංගමුව,978-955-697-343-3,Young Adult,Kandy,29.6,4.74,147,4.42,17.29,8.58,10.0,66,39.18,61.3,Moderate Demand
2025-10,BK064,2010,ආතර් සී. ක්ලාක් (පරිවර්තනය: චන්දන වීරසිංහ),978-624-5712-10-6,Sci-Fi,Colombo,33.6,6.84,212,3.83,24.06,11.45,9.2,72,90.66,86.33,High Demand
2025-10,BK064,2010,ආතර් සී. ක්ලාක් (පරිවර්තනය: චන්දන වීරසිංහ),978-624-5712-10-6,Sci-Fi,Galle,33.2,5.81,180,3.83,21.35,10.55,9.0,72,87.3,83.15,High Demand
2025-10,BK064,2010,ආතර් සී. ක්ලාක් (පරිවර්තනය: චන්දන වීරසිංහ),978-624-5712-10-6,Sci-Fi,Kandy,32.5,6.58,204,3.84,22.23,10.23,7.5,72,100.0,81.89,High Demand
2025-10,BK065,මන්දාරම් රාත්‍රිය,ඩී. එම්. අනුර දිසානායක,978-624-5829-10-1,Mystery,Colombo,35.6,5.39,167,4.28,19.58,9.48,9.4,71,66.57,72.42,High Demand
2025-10,BK065,මන්දාරම් රාත්‍රිය,ඩී. එම්. අනුර දිසානායක,978-624-5829-10-1,Mystery,Galle,29.0,5.03,156,4.3,18.58,8.71,9.3,71,71.94,75.49,High Demand
2025-10,BK065,මන්දාරම් රාත්‍රිය,ඩී. එම්. අනුර දිසානායක,978-624-5829-10-1,Mystery,Kandy,31.7,6.39,198,4.28,23.48,11.13,8.2,71,74.78,78.84,High Demand
2025-10,BK066,පරණ මාලිගාව,ක්‍රිස් කුස්නෙස්කි (පරිවර්තනය),978-726-5125-19-4,Horror,Colombo,38.0,5.23,162,4.53,18.23,8.87,9.6,68,56.39,73.39,High Demand
2025-10,BK066,පරණ මාලිගාව,ක්‍රිස් කුස්නෙස්කි (පරිවර්තනය),978-726-5125-19-4,Horror,Galle,34.5,4.19,130,4.51,16.48,7.94,8.8,68,51.53,61.16,Moderate Demand
2025-10,BK066,පරණ මාලිගාව,ක්‍රිස් කුස්නෙස්කි (පරිවර්තනය),978-726-5125-19-4,Horror,Kandy,36.5,6.35,197,4.52,21.55,10.06,10.1,68,97.64,94.11,High Demand
2025-10,BK067,අනාගතේ පැතිකඩක් (Profiles of the Future),ආතර් සී. ක්ලාක් (පරිවර්තනය: එස්. එම්. බන්දුසීල),978-624-5712-31-1,Sci-Fi,Colombo,29.0,5.52,171,4.89,21.55,10.48,6.5,72,68.15,72.52,High Demand
2025-10,BK067,අනාගතේ පැතිකඩක් (Profiles of the Future),ආතර් සී. ක්ලාක් (පරිවර්තනය: එස්. එම්. බන්දුසීල),978-624-5712-31-1,Sci-Fi,Galle,33.4,4.19,130,4.91,16.81,8.58,8.5,72,56.6,70.02,Moderate Demand
2025-10,BK067,අනාගතේ පැතිකඩක් (Profiles of the Future),ආතර් සී. ක්ලාක් (පරිවර්තනය: එස්. එම්. බන්දුසීල),978-624-5712-31-1,Sci-Fi,Kandy,31.6,5.48,170,4.89,19.68,8.97,7.3,72,50.43,67.92,Moderate Demand
2025-10,BK068,දඩයම් බල්ලෝ,පරිවර්තන නවකතා,978-624-5572-38-0,Thriller,Colombo,28.4,4.16,129,4.11,15.55,7.52,7.6,76,32.98,55.98,Moderate Demand
2025-10,BK068,දඩයම් බල්ලෝ,පරිවර්තන නවකතා,978-624-5572-38-0,Thriller,Galle,27.5,3.19,99,4.1,13.03,6.26,7.3,76,24.31,40.19,Low Demand
2025-10,BK068,දඩයම් බල්ලෝ,පරිවර්තන නවකතා,978-624-5572-38-0,Thriller,Kandy,35.2,4.32,134,4.11,15.87,7.58,6.7,76,22.89,55.55,Moderate Demand
2025-10,BK069,අදිසි අනතුර (Adisi Anathura - The Crash),ෆ්‍රීඩා මැක්ෆැඩන් - පරි. නයනතාරා පිලපිටිය,978-624-6570-48-4,Thriller,Colombo,32.6,2.29,71,4.32,9.94,4.94,6.4,76,0.0,32.24,Low Demand
2025-10,BK069,අදිසි අනතුර (Adisi Anathura - The Crash),ෆ්‍රීඩා මැක්ෆැඩන් - පරි. නයනතාරා පිලපිටිය,978-624-6570-48-4,Thriller,Galle,23.3,2.45,76,4.32,10.55,5.23,8.1,76,1.53,38.81,Low Demand
2025-10,BK069,අදිසි අනතුර (Adisi Anathura - The Crash),ෆ්‍රීඩා මැක්ෆැඩන් - පරි. නයනතාරා පිලපිටිය,978-624-6570-48-4,Thriller,Kandy,36.9,2.48,77,4.32,9.81,4.94,9.3,76,4.03,37.44,Low Demand
2025-10,BK070,Crown of Midnight,සාරා ජේ. මාස් (Sarah J. Maas),978-624-5663-48-4,Fantasy,Colombo,33.0,4.26,132,3.68,17.52,8.68,8.9,74,45.2,63.67,Moderate Demand
2025-10,BK070,Crown of Midnight,සාරා ජේ. මාස් (Sarah J. Maas),978-624-5663-48-4,Fantasy,Galle,33.8,4.32,134,3.66,16.61,7.74,5.6,74,60.57,68.25,Moderate Demand
2025-10,BK070,Crown of Midnight,සාරා ජේ. මාස් (Sarah J. Maas),978-624-5663-48-4,Fantasy,Kandy,30.7,4.29,133,3.66,16.1,7.71,7.1,74,48.88,62.84,Moderate Demand
2025-10,BK071,සුළං ගංගාව,පියදාස රත්නසිංහ (පරිවර්තනය),978-935-1789-28-8,Academic,Colombo,32.5,3.71,115,4.13,14.61,7.03,6.8,45,28.41,44.13,Low Demand
2025-10,BK071,සුළං ගංගාව,පියදාස රත්නසිංහ (පරිවර්තනය),978-935-1789-28-8,Academic,Galle,35.8,3.23,100,4.14,12.97,6.29,10.0,45,26.07,51.56,Low Demand
2025-10,BK071,සුළං ගංගාව,පියදාස රත්නසිංහ (පරිවර්තනය),978-935-1789-28-8,Academic,Kandy,34.3,4.1,127,4.14,16.48,8.23,9.1,45,15.7,42.25,Low Demand
2025-10,BK072,ගීතය සහ මාලිගාව,එරන්ද ගිනිගේ (Eranda Ginige),978-616-9581-88-7,Psychology,Colombo,33.3,3.65,113,4.45,14.77,6.84,10.5,58,25.81,50.35,Low Demand
2025-10,BK072,ගීතය සහ මාලිගාව,එරන්ද ගිනිගේ (Eranda Ginige),978-616-9581-88-7,Psychology,Galle,34.2,4.74,147,4.45,18.29,8.68,7.9,58,60.33,74.44,High Demand
2025-10,BK072,ගීතය සහ මාලිගාව,එරන්ද ගිනිගේ (Eranda Ginige),978-616-9581-88-7,Psychology,Kandy,36.4,4.23,131,4.44,16.39,7.84,7.0,58,34.46,48.37,Low Demand
2025-10,BK073,ගමන සහ සෙවනැලි,"වික්ටෝරියා හෝල්ට් (Victoria Holt), පරිවර්තනය: කෝශලී සිරිචන්ද්‍ර (Translation: Koshalee Sirichandra)",978-477-2613-24-8,Horror,Colombo,36.2,5.81,180,4.11,19.1,10.13,7.3,68,66.7,76.59,High Demand
2025-10,BK073,ගමන සහ සෙවනැලි,"වික්ටෝරියා හෝල්ට් (Victoria Holt), පරිවර්තනය: කෝශලී සිරිචන්ද්‍ර (Translation: Koshalee Sirichandra)",978-477-2613-24-8,Horror,Galle,35.5,5.55,172,4.11,19.87,9.94,8.6,68,92.36,84.32,High Demand
2025-10,BK073,ගමන සහ සෙවනැලි,"වික්ටෝරියා හෝල්ට් (Victoria Holt), පරිවර්තනය: කෝශලී සිරිචන්ද්‍ර (Translation: Koshalee Sirichandra)",978-477-2613-24-8,Horror,Kandy,36.5,6.42,199,4.11,23.71,11.39,7.4,68,99.46,87.58,High Demand
2025-10,BK074,එවා මෙහේ බෑ මචං,පිනසිරි දඩල්ලගේ,978-955-97643-5-9,Non-fiction,Colombo,37.4,3.61,112,4.26,13.68,6.68,6.4,52,11.34,44.49,Low Demand
2025-10,BK074,එවා මෙහේ බෑ මචං,පිනසිරි දඩල්ලගේ,978-955-97643-5-9,Non-fiction,Galle,26.2,3.35,104,4.28,13.58,6.77,10.3,52,22.53,48.61,Low Demand
2025-10,BK074,එවා මෙහේ බෑ මචං,පිනසිරි දඩල්ලගේ,978-955-97643-5-9,Non-fiction,Kandy,29.8,3.58,111,4.28,14.26,6.71,7.8,52,19.61,42.62,Low Demand
2025-10,BK075,"හොල්මන්, ආවේශ සහ යළි උපත (You Cannot Die)",ඉයන් කරි (පරිවර්තනය: භද්‍රජි මහින්ද ජයතිලක),978-955-671-215-5,Psychology,Colombo,36.5,2.61,81,4.27,11.81,5.9,7.6,58,0.31,39.91,Low Demand
2025-10,BK075,"හොල්මන්, ආවේශ සහ යළි උපත (You Cannot Die)",ඉයන් කරි (පරිවර්තනය: භද්‍රජි මහින්ද ජයතිලක),978-955-671-215-5,Psychology,Galle,31.2,1.97,61,4.29,9.32,4.68,6.3,58,11.51,39.69,Low Demand
2025-10,BK075,"හොල්මන්, ආවේශ සහ යළි උපත (You Cannot Die)",ඉයන් කරි (පරිවර්තනය: භද්‍රජි මහින්ද ජයතිලක),978-955-671-215-5,Psychology,Kandy,32.5,3.42,106,4.29,13.23,6.94,6.6,58,19.4,42.49,Low Demand
2025-10,BK076,සෙංකොට්ටං (Senkottan),මහින්ද ප්‍රසාද් මසිඹුල,978-955-098-000-0,Novel,Colombo,31.4,3.84,119,3.69,14.71,6.9,7.2,70,36.2,43.45,Low Demand
2025-10,BK076,සෙංකොට්ටං (Senkottan),මහින්ද ප්‍රසාද් මසිඹුල,978-955-098-000-0,Novel,Galle,35.5,3.77,117,3.69,15.45,7.23,8.7,70,49.08,56.87,Moderate Demand
2025-10,BK076,සෙංකොට්ටං (Senkottan),මහින්ද ප්‍රසාද් මසිඹුල,978-955-098-000-0,Novel,Kandy,34.9,3.71,115,3.7,14.81,7.13,9.0,70,12.64,43.02,Low Demand
2025-10,BK077,අතීත මිටියාවත,ඊනිඩ් බ්ලයිටන් (Enid Blyton),978-845-3000-71-2,Children's,Colombo,31.9,4.23,131,4.18,18.19,8.81,9.9,60,48.09,56.38,Moderate Demand
2025-10,BK077,අතීත මිටියාවත,ඊනිඩ් බ්ලයිටන් (Enid Blyton),978-845-3000-71-2,Children's,Galle,30.7,3.42,106,4.2,14.29,7.16,7.0,60,31.07,54.19,Low Demand
2025-10,BK077,අතීත මිටියාවත,ඊනිඩ් බ්ලයිටන් (Enid Blyton),978-845-3000-71-2,Children's,Kandy,32.9,4.03,125,4.18,14.74,7.13,7.7,60,23.77,48.21,Low Demand
2025-10,BK078,සිහිනය සහ සෙවනැලි,"ස්ටෙෆනි ගාබර් (Stephanie Garber), පරිවර්තනය: කෝශලී සිරිචන්ද්‍ර (Translation: Koshalee Sirichandra)",978-748-7074-58-5,Historical/Religious,Colombo,33.5,5.61,174,4.38,19.81,9.87,8.3,55,41.76,55.18,Moderate Demand
2025-10,BK078,සිහිනය සහ සෙවනැලි,"ස්ටෙෆනි ගාබර් (Stephanie Garber), පරිවර්තනය: කෝශලී සිරිචන්ද්‍ර (Translation: Koshalee Sirichandra)",978-748-7074-58-5,Historical/Religious,Galle,36.4,5.29,164,4.36,19.52,8.94,8.9,55,69.34,76.49,High Demand
2025-10,BK078,සිහිනය සහ සෙවනැලි,"ස්ටෙෆනි ගාබර් (Stephanie Garber), පරිවර්තනය: කෝශලී සිරිචන්ද්‍ර (Translation: Koshalee Sirichandra)",978-748-7074-58-5,Historical/Religious,Kandy,31.8,6.35,197,4.36,23.06,11.55,8.4,55,97.42,82.44,High Demand
2025-10,BK079,හැරී පොටර් සහ රහස් කුටිය,ජේ. කේ. රෝලිං - පරි. අභය හේවාවසම්,978-955-573-623-7,Translation,Colombo,29.3,5.03,156,4.22,18.74,9.39,8.3,62,52.86,61.12,Moderate Demand
2025-10,BK079,හැරී පොටර් සහ රහස් කුටිය,ජේ. කේ. රෝලිං - පරි. අභය හේවාවසම්,978-955-573-623-7,Translation,Galle,30.9,4.26,132,4.21,15.58,7.23,9.8,62,47.89,63.49,Moderate Demand
2025-10,BK079,හැරී පොටර් සහ රහස් කුටිය,ජේ. කේ. රෝලිං - පරි. අභය හේවාවසම්,978-955-573-623-7,Translation,Kandy,30.4,5.1,158,4.22,19.74,8.87,8.0,62,63.44,70.95,Moderate Demand
2025-10,BK080,විකෘති (Vikurthi),සෝමලතා සුබසිංහ,978-955-428-430-2,Drama,Colombo,33.1,6.32,196,4.34,20.03,9.55,8.8,65,87.58,91.27,High Demand
2025-10,BK080,විකෘති (Vikurthi),සෝමලතා සුබසිංහ,978-955-428-430-2,Drama,Galle,33.4,5.87,182,4.36,22.87,10.58,8.2,65,90.62,81.65,High Demand
2025-10,BK080,විකෘති (Vikurthi),සෝමලතා සුබසිංහ,978-955-428-430-2,Drama,Kandy,29.0,6.13,190,4.34,23.1,10.84,8.4,65,74.92,82.75,High Demand
2025-10,BK081,නැන්දම්මාගේ ඩයරිය,කල්පනා කස්තුරිආරච්චි,978-624-9695-78-8,Short Stories,Colombo,32.1,5.97,185,4.44,20.74,9.9,10.0,57,91.71,81.94,High Demand
2025-10,BK081,නැන්දම්මාගේ ඩයරිය,කල්පනා කස්තුරිආරච්චි,978-624-9695-78-8,Short Stories,Galle,31.2,4.55,141,4.46,16.74,8.0,8.7,57,65.48,67.44,Moderate Demand
2025-10,BK081,නැන්දම්මාගේ ඩයරිය,කල්පනා කස්තුරිආරච්චි,978-624-9695-78-8,Short Stories,Kandy,33.0,5.61,174,4.46,20.94,9.97,7.5,57,72.62,71.04,Moderate Demand
2025-10,BK082,හැරී පොටර් සහ අස්කබාන්හි සිරකරු,ජේ. කේ. රෝලිං - පරි. අභය හේවාවසම්,978-955-671-187-5,Translation,Colombo,33.7,4.71,146,4.21,17.19,8.35,8.0,62,42.53,59.48,Moderate Demand
2025-10,BK082,හැරී පොටර් සහ අස්කබාන්හි සිරකරු,ජේ. කේ. රෝලිං - පරි. අභය හේවාවසම්,978-955-671-187-5,Translation,Galle,38.3,4.19,130,4.19,16.42,8.42,7.7,62,58.29,68.38,Moderate Demand
2025-10,BK082,හැරී පොටර් සහ අස්කබාන්හි සිරකරු,ජේ. කේ. රෝලිං - පරි. අභය හේවාවසම්,978-955-671-187-5,Translation,Kandy,30.9,5.58,173,4.19,20.55,9.61,9.9,62,64.72,75.87,High Demand
2025-10,BK083,පර්සි ජැක්සන් සහ රාක්ෂ සයුර,රික් රියෝඩන් (පරි. සවින්දි ආරියතිලක),978-955-697-090-0,Fantasy,Colombo,40.1,5.45,169,3.8,20.55,9.84,8.0,74,60.84,77.43,High Demand
2025-10,BK083,පර්සි ජැක්සන් සහ රාක්ෂ සයුර,රික් රියෝඩන් (පරි. සවින්දි ආරියතිලක),978-955-697-090-0,Fantasy,Galle,33.6,6.19,192,3.79,21.55,10.65,7.2,74,100.0,84.75,High Demand
2025-10,BK083,පර්සි ජැක්සන් සහ රාක්ෂ සයුර,රික් රියෝඩන් (පරි. සවින්දි ආරියතිලක),978-955-697-090-0,Fantasy,Kandy,38.0,6.42,199,3.8,22.74,10.48,7.5,74,100.0,87.63,High Demand
2025-10,BK084,විභාග ජය ගැනීමේ රහස (Vibhaga Jaya Ganeeme Rahasa),ප්‍රවීන් රන්දෙනිය,978-624-97120-5-0,Academic,Colombo,24.1,3.74,116,4.01,13.58,6.84,7.1,45,24.24,51.31,Low Demand
2025-10,BK084,විභාග ජය ගැනීමේ රහස (Vibhaga Jaya Ganeeme Rahasa),ප්‍රවීන් රන්දෙනිය,978-624-97120-5-0,Academic,Galle,36.5,3.06,95,4.01,12.71,6.29,9.8,45,6.78,34.88,Low Demand
2025-10,BK084,විභාග ජය ගැනීමේ රහස (Vibhaga Jaya Ganeeme Rahasa),ප්‍රවීන් රන්දෙනිය,978-624-97120-5-0,Academic,Kandy,33.1,3.45,107,4.0,13.42,6.45,6.5,45,10.98,49.98,Low Demand
2025-10,BK085,දික්තල කාලගෝල (Diktala Kalagola),පුණ්‍යසේන ගුණසිංහ,978-955-9377-71-9,Drama,Colombo,30.5,2.84,88,4.6,12.48,5.84,7.0,65,0.0,43.01,Low Demand
2025-10,BK085,දික්තල කාලගෝල (Diktala Kalagola),පුණ්‍යසේන ගුණසිංහ,978-955-9377-71-9,Drama,Galle,36.5,2.65,82,4.59,11.97,5.9,7.7,65,11.07,42.89,Low Demand
2025-10,BK085,දික්තල කාලගෝල (Diktala Kalagola),පුණ්‍යසේන ගුණසිංහ,978-955-9377-71-9,Drama,Kandy,25.3,3.03,94,4.59,11.65,6.19,9.1,65,2.29,42.93,Low Demand
2025-10,BK086,නැන්සි කෲ: ටෙඩි බෙයාර් අබිරහස,කැරොලයින් කීන්,978-955-657-006-8,Translation,Colombo,29.1,3.26,101,3.97,13.74,6.48,9.0,62,4.98,37.07,Low Demand
2025-10,BK086,නැන්සි කෲ: ටෙඩි බෙයාර් අබිරහස,කැරොලයින් කීන්,978-955-657-006-8,Translation,Galle,33.5,2.48,77,3.96,9.87,4.97,9.2,62,18.14,43.99,Low Demand
2025-10,BK086,නැන්සි කෲ: ටෙඩි බෙයාර් අබිරහස,කැරොලයින් කීන්,978-955-657-006-8,Translation,Kandy,37.4,3.81,118,3.96,14.87,7.13,8.1,62,26.28,47.27,Low Demand
2025-10,BK087,කතාව සහ සිහිනය,ක්‍රිස් කුස්නෙස්කි (පරිවර්තනය),978-566-9308-23-4,Short Stories,Colombo,38.3,5.55,172,4.23,19.81,9.45,7.9,57,69.97,71.9,High Demand
2025-10,BK087,කතාව සහ සිහිනය,ක්‍රිස් කුස්නෙස්කි (පරිවර්තනය),978-566-9308-23-4,Short Stories,Galle,36.9,5.35,166,4.24,20.06,9.61,9.8,57,80.46,86.77,High Demand
2025-10,BK087,කතාව සහ සිහිනය,ක්‍රිස් කුස්නෙස්කි (පරිවර්තනය),978-566-9308-23-4,Short Stories,Kandy,38.2,7.06,219,4.24,24.97,12.06,11.9,57,100.0,80.87,High Demand
2025-10,BK088,අඹ යහළුවෝ,ටී. බී. ඉලංගරත්න,978-955-4682-00-9,Novel,Colombo,34.8,4.61,143,4.14,16.9,8.42,10.5,70,42.43,63.83,Moderate Demand
2025-10,BK088,අඹ යහළුවෝ,ටී. බී. ඉලංගරත්න,978-955-4682-00-9,Novel,Galle,33.3,4.0,124,4.13,15.48,7.71,8.2,70,38.54,59.35,Moderate Demand
2025-10,BK088,අඹ යහළුවෝ,ටී. බී. ඉලංගරත්න,978-955-4682-00-9,Novel,Kandy,32.5,4.94,153,4.15,19.06,8.9,9.8,70,43.99,63.57,Moderate Demand
2025-10,BK089,මායා අහස,දිනිති තරුමිණි,978-222-3861-35-8,Young Adult,Colombo,29.7,3.23,100,4.33,13.39,6.32,6.3,66,10.13,33.2,Low Demand
2025-10,BK089,මායා අහස,දිනිති තරුමිණි,978-222-3861-35-8,Young Adult,Galle,31.4,3.13,97,4.33,13.58,6.13,7.1,66,20.35,48.4,Low Demand
2025-10,BK089,මායා අහස,දිනිති තරුමිණි,978-222-3861-35-8,Young Adult,Kandy,30.7,2.71,84,4.33,11.32,5.61,7.9,66,2.03,29.19,Low Demand
2025-10,BK090,අනාගත නගරය,පරිවර්තනය: චන්දන මෙන්ඩිස් (Chandana Mendis),978-587-7471-56-2,Drama,Colombo,34.9,4.23,131,4.27,16.19,7.35,9.8,65,41.41,59.8,Moderate Demand
2025-10,BK090,අනාගත නගරය,පරිවර්තනය: චන්දන මෙන්ඩිස් (Chandana Mendis),978-587-7471-56-2,Drama,Galle,33.3,3.9,121,4.25,13.94,6.65,6.8,65,38.07,64.25,Moderate Demand
2025-10,BK090,අනාගත නගරය,පරිවර්තනය: චන්දන මෙන්ඩිස් (Chandana Mendis),978-587-7471-56-2,Drama,Kandy,32.2,5.55,172,4.25,18.42,9.29,7.9,65,58.15,63.8,Moderate Demand
2025-10,BK091,හැරී පොටර් සහ ෆීනික්ස් නිකාය,ජේ. කේ. රෝලිං - පරි. අභය හේවාවසම්,978-955-573-951-1,Translation,Colombo,25.9,3.03,94,4.15,12.06,6.06,9.4,62,0.01,41.15,Low Demand
2025-10,BK091,හැරී පොටර් සහ ෆීනික්ස් නිකාය,ජේ. කේ. රෝලිං - පරි. අභය හේවාවසම්,978-955-573-951-1,Translation,Galle,31.8,3.29,102,4.14,13.23,6.16,7.6,62,29.63,50.13,Low Demand
2025-10,BK091,හැරී පොටර් සහ ෆීනික්ස් නිකාය,ජේ. කේ. රෝලිං - පරි. අභය හේවාවසම්,978-955-573-951-1,Translation,Kandy,33.5,3.03,94,4.13,11.84,5.77,9.9,62,14.04,45.27,Low Demand
2025-10,BK092,සැඟවුණු රහස,රොජර් ලී මැක්බ්‍රයිඩ් (Roger Lea MacBride) - පරිවර්තනය: චිත්‍රා අමරසේකර,978-745-6661-48-1,Historical/Religious,Colombo,28.4,5.71,177,3.33,21.45,10.0,8.1,55,64.38,62.17,Moderate Demand
2025-10,BK092,සැඟවුණු රහස,රොජර් ලී මැක්බ්‍රයිඩ් (Roger Lea MacBride) - පරිවර්තනය: චිත්‍රා අමරසේකර,978-745-6661-48-1,Historical/Religious,Galle,40.4,4.68,145,3.33,18.26,8.65,7.6,55,75.97,68.63,Moderate Demand
2025-10,BK092,සැඟවුණු රහස,රොජර් ලී මැක්බ්‍රයිඩ් (Roger Lea MacBride) - පරිවර්තනය: චිත්‍රා අමරසේකර,978-745-6661-48-1,Historical/Religious,Kandy,30.8,5.45,169,3.33,19.61,9.45,7.7,55,67.29,76.79,High Demand
2025-10,BK093,සෙවනැලි සහ මාලිගාව,පරිවර්තනය: චන්දන මෙන්ඩිස් (Chandana Mendis),978-289-1737-32-0,Poetry,Colombo,29.3,5.52,171,4.02,21.13,10.1,9.3,50,61.3,66.33,Moderate Demand
2025-10,BK093,සෙවනැලි සහ මාලිගාව,පරිවර්තනය: චන්දන මෙන්ඩිස් (Chandana Mendis),978-289-1737-32-0,Poetry,Galle,25.9,4.32,134,4.03,16.68,8.03,9.5,50,65.61,64.37,Moderate Demand
2025-10,BK093,සෙවනැලි සහ මාලිගාව,පරිවර්තනය: චන්දන මෙන්ඩිස් (Chandana Mendis),978-289-1737-32-0,Poetry,Kandy,37.5,5.26,163,4.03,20.65,9.58,8.0,50,49.23,49.92,Low Demand
2025-10,BK094,නෙවර් ලයි (Never Lie),ෆ්‍රීඩා මැක්ෆැඩන් - පරි. තරුෂි නිරංගා ජයසිංහ,978-624-6570-46-0,Thriller,Colombo,32.6,3.65,113,4.25,14.03,7.03,7.7,76,38.04,59.19,Moderate Demand
2025-10,BK094,නෙවර් ලයි (Never Lie),ෆ්‍රීඩා මැක්ෆැඩන් - පරි. තරුෂි නිරංගා ජයසිංහ,978-624-6570-46-0,Thriller,Galle,39.8,3.9,121,4.25,14.0,6.87,8.7,76,44.91,60.65,Moderate Demand
2025-10,BK094,නෙවර් ලයි (Never Lie),ෆ්‍රීඩා මැක්ෆැඩන් - පරි. තරුෂි නිරංගා ජයසිංහ,978-624-6570-46-0,Thriller,Kandy,33.5,3.74,116,4.25,14.19,6.97,6.5,76,34.91,53.57,Low Demand
2025-10,BK095,ප්‍රේම ගීතය,සමුද්‍ර වෙත්තසිංහ (Samudra Weththasingha),978-573-6220-40-5,Non-fiction,Colombo,38.0,3.84,119,3.77,14.77,7.06,7.9,52,42.45,61.33,Moderate Demand
2025-10,BK095,ප්‍රේම ගීතය,සමුද්‍ර වෙත්තසිංහ (Samudra Weththasingha),978-573-6220-40-5,Non-fiction,Galle,29.7,2.94,91,3.77,12.58,6.26,9.1,52,17.82,46.65,Low Demand
2025-10,BK095,ප්‍රේම ගීතය,සමුද්‍ර වෙත්තසිංහ (Samudra Weththasingha),978-573-6220-40-5,Non-fiction,Kandy,28.0,4.16,129,3.75,16.39,7.94,9.2,52,46.16,60.61,Moderate Demand
2025-10,BK096,පුද්ගලිකයි රහසිගතයි (The Secret Files of Sherlock Holmes),චන්දන මෙන්ඩිස් (පරිවර්තනය),955-97776-4-5,Mystery,Colombo,34.0,5.52,171,4.18,21.19,9.81,7.3,71,64.09,72.9,High Demand
2025-10,BK096,පුද්ගලිකයි රහසිගතයි (The Secret Files of Sherlock Holmes),චන්දන මෙන්ඩිස් (පරිවර්තනය),955-97776-4-5,Mystery,Galle,32.7,5.16,160,4.19,18.52,9.03,9.3,71,69.07,77.95,High Demand
2025-10,BK096,පුද්ගලිකයි රහසිගතයි (The Secret Files of Sherlock Holmes),චන්දන මෙන්ඩිස් (පරිවර්තනය),955-97776-4-5,Mystery,Kandy,29.2,4.84,150,4.19,18.03,8.65,9.3,71,46.13,65.18,Moderate Demand
2025-10,BK097,පරණ කතාව,මාර්ටින් වික්‍රමසිංහ,978-528-5693-75-7,Children's,Colombo,35.9,4.1,127,4.87,16.77,8.29,8.1,60,40.8,65.3,Moderate Demand
2025-10,BK097,පරණ කතාව,මාර්ටින් වික්‍රමසිංහ,978-528-5693-75-7,Children's,Galle,35.7,4.16,129,4.89,14.58,6.94,7.4,60,45.9,61.06,Moderate Demand
2025-10,BK097,පරණ කතාව,මාර්ටින් වික්‍රමසිංහ,978-528-5693-75-7,Children's,Kandy,28.9,4.94,153,4.9,18.68,8.97,7.4,60,53.33,69.99,Moderate Demand
2025-10,BK098,මාණික්කාවත (Manikkawatha),මහින්ද ප්‍රසාද් මසිඹුල,978-955-098-023-9,Novel,Colombo,28.9,3.32,103,4.12,13.48,6.03,7.8,70,10.42,47.23,Low Demand
2025-10,BK098,මාණික්කාවත (Manikkawatha),මහින්ද ප්‍රසාද් මසිඹුල,978-955-098-023-9,Novel,Galle,28.9,2.71,84,4.13,10.29,5.19,8.1,70,20.43,48.67,Low Demand
2025-10,BK098,මාණික්කාවත (Manikkawatha),මහින්ද ප්‍රසාද් මසිඹුල,978-955-098-023-9,Novel,Kandy,34.1,2.87,89,4.14,11.71,5.77,9.6,70,12.11,36.99,Low Demand
2025-10,BK099,ගංගාව සහ ගංගාව,"ජේම්ස් හැඩ්ලි චේස් (James Hadley Chase), පරිවර්තනය: එන්. ජී. විජේරත්න (Translation: N. G. Wijerathna)",978-493-2631-22-5,Children's,Colombo,27.6,3.0,93,4.42,12.9,6.32,10.5,60,17.99,46.27,Low Demand
2025-10,BK099,ගංගාව සහ ගංගාව,"ජේම්ස් හැඩ්ලි චේස් (James Hadley Chase), පරිවර්තනය: එන්. ජී. විජේරත්න (Translation: N. G. Wijerathna)",978-493-2631-22-5,Children's,Galle,32.0,3.13,97,4.41,13.61,6.45,6.2,60,25.27,52.92,Low Demand
2025-10,BK099,ගංගාව සහ ගංගාව,"ජේම්ස් හැඩ්ලි චේස් (James Hadley Chase), පරිවර්තනය: එන්. ජී. විජේරත්න (Translation: N. G. Wijerathna)",978-493-2631-22-5,Children's,Kandy,31.3,2.74,85,4.43,11.9,5.87,10.9,60,8.36,37.08,Low Demand
2025-10,BK100,රන් මතකය,ලසිත රවීන් උමගිලිය,978-825-3894-18-1,Young Adult,Colombo,34.6,7.16,222,3.79,24.97,11.45,7.5,66,100.0,89.32,High Demand
2025-10,BK100,රන් මතකය,ලසිත රවීන් උමගිලිය,978-825-3894-18-1,Young Adult,Galle,35.2,6.1,189,3.81,21.94,10.23,8.5,66,97.09,89.37,High Demand
2025-10,BK100,රන් මතකය,ලසිත රවීන් උමගිලිය,978-825-3894-18-1,Young Adult,Kandy,33.6,7.74,240,3.8,27.35,12.9,8.3,66,100.0,85.74,High Demand
2025-11,BK001,Ape Gama,Martin Wickramasinghe,978-955-31-2954-3,Novel,Colombo,32.1,5.77,173,4.23,20.37,9.47,7.9,70,74.86,87.58,High Demand
2025-11,BK001,Ape Gama,Martin Wickramasinghe,978-955-31-2954-3,Novel,Galle,33.1,5.7,171,4.24,19.9,9.2,7.9,70,78.91,77.31,High Demand
2025-11,BK001,Ape Gama,Martin Wickramasinghe,978-955-31-2954-3,Novel,Kandy,33.9,7.07,212,4.24,25.1,11.83,7.0,70,97.65,87.01,High Demand
2025-11,BK002,Viragaya,Martin Wickramasinghe,978-955-1234-01-2,Novel,Colombo,30.4,4.8,144,3.91,18.3,8.97,6.4,70,42.54,46.38,Low Demand
2025-11,BK002,Viragaya,Martin Wickramasinghe,978-955-1234-01-2,Novel,Galle,28.7,3.53,106,3.92,13.9,7.07,10.3,70,18.43,50.15,Low Demand
2025-11,BK002,Viragaya,Martin Wickramasinghe,978-955-1234-01-2,Novel,Kandy,37.1,4.27,128,3.91,17.67,8.63,7.6,70,45.87,63.92,Moderate Demand
2025-11,BK003,Gamperaliya,Martin Wickramasinghe,978-955-1234-02-9,Novel,Colombo,35.1,6.2,186,4.68,21.8,10.23,8.1,70,82.17,83.51,High Demand
2025-11,BK003,Gamperaliya,Martin Wickramasinghe,978-955-1234-02-9,Novel,Galle,37.1,5.3,159,4.7,18.13,8.43,9.2,70,76.94,82.35,High Demand
2025-11,BK003,Gamperaliya,Martin Wickramasinghe,978-955-1234-02-9,Novel,Kandy,32.4,6.6,198,4.69,24.17,10.83,9.2,70,100.0,88.3,High Demand
2025-11,BK004,Madol Duwa,Martin Wickramasinghe,978-955-1234-03-6,Children's,Colombo,33.1,6.57,197,3.94,24.4,11.33,9.2,60,95.52,86.3,High Demand
2025-11,BK004,Madol Duwa,Martin Wickramasinghe,978-955-1234-03-6,Children's,Galle,29.8,4.93,148,3.95,19.13,9.03,8.7,60,61.47,69.01,Moderate Demand
2025-11,BK004,Madol Duwa,Martin Wickramasinghe,978-955-1234-03-6,Children's,Kandy,34.2,6.3,189,3.95,24.6,11.67,7.6,60,82.28,73.51,High Demand
2025-11,BK005,Senkottan,Mahinda Prasad Masimbula,978-955-3031-15-8,Novel,Colombo,29.3,2.53,76,3.56,11.13,5.3,11.5,70,0.0,33.78,Low Demand
2025-11,BK005,Senkottan,Mahinda Prasad Masimbula,978-955-3031-15-8,Novel,Galle,36.7,2.47,74,3.54,11.1,5.83,5.9,70,2.22,43.07,Low Demand
2025-11,BK005,Senkottan,Mahinda Prasad Masimbula,978-955-3031-15-8,Novel,Kandy,26.7,2.4,72,3.55,9.53,4.8,8.3,70,0.4,39.34,Low Demand
2025-11,BK006,Malagiya Attho,Ediriweera Sarachchandra,978-955-9012-05-4,Novel,Colombo,34.9,7.23,217,3.77,24.3,11.7,8.6,70,100.0,88.07,High Demand
2025-11,BK006,Malagiya Attho,Ediriweera Sarachchandra,978-955-9012-05-4,Novel,Galle,40.1,6.3,189,3.77,22.43,10.53,6.6,70,96.05,94.09,High Demand
2025-11,BK006,Malagiya Attho,Ediriweera Sarachchandra,978-955-9012-05-4,Novel,Kandy,35.5,7.23,217,3.78,27.47,13.63,6.6,70,90.48,80.34,High Demand
2025-11,BK007,Amba Yaluwo,T. B. Ilangaratne,978-955-8877-66-5,Novel,Colombo,34.0,5.5,165,4.27,21.37,10.1,8.4,70,69.94,67.66,Moderate Demand
2025-11,BK007,Amba Yaluwo,T. B. Ilangaratne,978-955-8877-66-5,Novel,Galle,33.2,6.4,192,4.26,23.63,11.03,8.4,70,95.45,84.51,High Demand
2025-11,BK007,Amba Yaluwo,T. B. Ilangaratne,978-955-8877-66-5,Novel,Kandy,31.4,6.5,195,4.26,21.07,10.07,7.5,70,85.08,83.68,High Demand
2025-11,BK008,Guru Geethaya,Chingiz Aitmatov (Trans.),978-955-6543-20-1,Translated Classic,Colombo,37.9,6.33,190,4.26,21.8,10.0,8.5,78,78.57,83.83,High Demand
2025-11,BK008,Guru Geethaya,Chingiz Aitmatov (Trans.),978-955-6543-20-1,Translated Classic,Galle,33.5,4.93,148,4.25,18.67,8.8,12.9,78,71.0,68.59,Moderate Demand
2025-11,BK008,Guru Geethaya,Chingiz Aitmatov (Trans.),978-955-6543-20-1,Translated Classic,Kandy,34.5,6.0,180,4.26,21.13,9.73,6.6,78,69.41,69.07,Moderate Demand
2025-11,BK009,Sanda Gawa Gini,Sumithra Rahubadda,978-955-4422-33-7,Novel,Colombo,30.1,3.5,105,4.24,13.8,6.87,7.3,70,21.6,49.44,Low Demand
2025-11,BK009,Sanda Gawa Gini,Sumithra Rahubadda,978-955-4422-33-7,Novel,Galle,32.8,2.87,86,4.24,12.6,5.73,8.5,70,5.3,39.83,Low Demand
2025-11,BK009,Sanda Gawa Gini,Sumithra Rahubadda,978-955-4422-33-7,Novel,Kandy,33.5,3.0,90,4.25,12.1,6.0,6.3,70,21.86,46.31,Low Demand
2025-11,BK010,Karumakkarayo,Gunadasa Amarasekara,978-955-5678-10-1,Novel,Colombo,35.6,4.5,135,4.39,17.27,8.53,7.4,70,50.88,61.71,Moderate Demand
2025-11,BK010,Karumakkarayo,Gunadasa Amarasekara,978-955-5678-10-1,Novel,Galle,31.1,4.53,136,4.39,18.67,8.23,7.7,70,60.14,70.35,Moderate Demand
2025-11,BK010,Karumakkarayo,Gunadasa Amarasekara,978-955-5678-10-1,Novel,Kandy,37.8,4.03,121,4.41,16.03,7.47,7.0,70,22.94,58.19,Moderate Demand
2025-11,BK011,Yali Upannemi,Gunadasa Amarasekara,978-955-5678-11-8,Novel,Colombo,32.1,4.8,144,3.9,17.83,9.03,8.2,70,45.46,57.99,Moderate Demand
2025-11,BK011,Yali Upannemi,Gunadasa Amarasekara,978-955-5678-11-8,Novel,Galle,28.3,4.1,123,3.91,15.2,7.37,10.2,70,55.94,58.83,Moderate Demand
2025-11,BK011,Yali Upannemi,Gunadasa Amarasekara,978-955-5678-11-8,Novel,Kandy,33.8,4.53,136,3.91,17.33,8.7,10.8,70,35.7,52.22,Low Demand
2025-11,BK012,Vilambitha,Mahinda Prasad Masimbula,978-955-3031-16-5,Novel,Colombo,29.0,7.0,210,4.88,23.47,10.63,7.9,70,100.0,93.56,High Demand
2025-11,BK012,Vilambitha,Mahinda Prasad Masimbula,978-955-3031-16-5,Novel,Galle,32.2,5.53,166,4.85,21.1,10.03,10.4,70,86.44,88.63,High Demand
2025-11,BK012,Vilambitha,Mahinda Prasad Masimbula,978-955-3031-16-5,Novel,Kandy,31.8,7.37,221,4.86,24.43,11.9,7.8,70,98.38,94.49,High Demand
2025-11,BK013,Kaliyugaya,Martin Wickramasinghe,978-955-1234-04-3,Novel,Colombo,38.5,5.83,175,4.17,23.0,10.3,9.0,70,78.53,81.74,High Demand
2025-11,BK013,Kaliyugaya,Martin Wickramasinghe,978-955-1234-04-3,Novel,Galle,29.9,4.7,141,4.16,17.27,8.4,8.7,70,59.42,61.79,Moderate Demand
2025-11,BK013,Kaliyugaya,Martin Wickramasinghe,978-955-1234-04-3,Novel,Kandy,32.8,5.57,167,4.15,20.77,9.67,9.2,70,80.74,74.28,High Demand
2025-11,BK014,Yuganthaya,Martin Wickramasinghe,978-955-1234-05-0,Novel,Colombo,33.2,5.67,170,3.96,20.0,9.73,8.2,70,61.66,68.41,Moderate Demand
2025-11,BK014,Yuganthaya,Martin Wickramasinghe,978-955-1234-05-0,Novel,Galle,36.8,5.97,179,3.95,22.67,11.43,6.3,70,89.21,83.58,High Demand
2025-11,BK014,Yuganthaya,Martin Wickramasinghe,978-955-1234-05-0,Novel,Kandy,38.7,6.97,209,3.95,22.77,10.87,8.0,70,74.24,74.53,High Demand
2025-11,BK015,Bavatharanaya,Martin Wickramasinghe,978-955-1234-06-7,Novel,Colombo,35.3,5.1,153,4.16,18.87,9.27,7.9,70,53.94,63.41,Moderate Demand
2025-11,BK015,Bavatharanaya,Martin Wickramasinghe,978-955-1234-06-7,Novel,Galle,28.9,3.97,119,4.19,15.6,7.33,8.6,70,49.98,54.32,Low Demand
2025-11,BK015,Bavatharanaya,Martin Wickramasinghe,978-955-1234-06-7,Novel,Kandy,36.2,4.87,146,4.18,18.67,9.03,9.9,70,31.5,57.02,Moderate Demand
2025-11,BK016,Lolita,Vladimir Nabokov (Trans.),978-955-3022-10-1,Translated Classic,Colombo,33.4,3.63,109,4.42,15.0,7.53,8.2,78,6.4,49.69,Low Demand
2025-11,BK016,Lolita,Vladimir Nabokov (Trans.),978-955-3022-10-1,Translated Classic,Galle,34.0,3.8,114,4.44,13.67,6.33,10.8,78,29.32,50.44,Low Demand
2025-11,BK016,Lolita,Vladimir Nabokov (Trans.),978-955-3022-10-1,Translated Classic,Kandy,30.4,4.03,121,4.45,15.67,7.47,8.1,78,31.93,68.17,Moderate Demand
2025-11,BK017,Aprasanna Kathavak,Karunasena Jayalath,978-955-1100-33-5,Novel,Colombo,36.9,5.13,154,4.06,19.27,9.3,8.8,70,69.15,71.95,High Demand
2025-11,BK017,Aprasanna Kathavak,Karunasena Jayalath,978-955-1100-33-5,Novel,Galle,27.7,4.77,143,4.07,17.37,8.13,8.9,70,45.53,64.22,Moderate Demand
2025-11,BK017,Aprasanna Kathavak,Karunasena Jayalath,978-955-1100-33-5,Novel,Kandy,29.5,4.57,137,4.07,16.07,7.53,8.6,70,40.22,66.26,Moderate Demand
2025-11,BK018,Golu Hadawatha,Karunasena Jayalath,978-955-1100-34-2,Novel,Colombo,29.0,3.1,93,4.27,12.7,6.47,8.4,70,0.0,36.38,Low Demand
2025-11,BK018,Golu Hadawatha,Karunasena Jayalath,978-955-1100-34-2,Novel,Galle,37.2,2.73,82,4.25,11.0,5.73,7.6,70,6.87,39.91,Low Demand
2025-11,BK018,Golu Hadawatha,Karunasena Jayalath,978-955-1100-34-2,Novel,Kandy,33.0,3.3,99,4.25,13.47,6.47,6.6,70,12.69,45.64,Low Demand
2025-11,BK019,Gahanu Lamai,Karunasena Jayalath,978-955-1100-35-9,Novel,Colombo,39.9,6.37,191,3.83,21.23,9.67,8.2,70,83.69,82.71,High Demand
2025-11,BK019,Gahanu Lamai,Karunasena Jayalath,978-955-1100-35-9,Novel,Galle,29.0,5.6,168,3.83,20.5,9.5,6.1,70,69.7,71.7,Moderate Demand
2025-11,BK019,Gahanu Lamai,Karunasena Jayalath,978-955-1100-35-9,Novel,Kandy,33.7,5.77,173,3.82,21.5,10.2,9.4,70,44.37,62.44,Moderate Demand
2025-11,BK020,Kulakumariya,T. B. Ilangaratne,978-955-8877-67-2,Novel,Colombo,32.6,6.2,186,4.15,21.53,10.57,8.4,70,84.48,86.04,High Demand
2025-11,BK020,Kulakumariya,T. B. Ilangaratne,978-955-8877-67-2,Novel,Galle,31.8,5.87,176,4.15,20.4,9.53,10.4,70,83.22,74.64,High Demand
2025-11,BK020,Kulakumariya,T. B. Ilangaratne,978-955-8877-67-2,Novel,Kandy,36.3,5.13,154,4.17,18.73,9.13,10.6,70,49.88,55.21,Moderate Demand
2025-11,BK021,Lasanda,T. B. Ilangaratne,978-955-8877-68-9,Novel,Colombo,30.9,5.4,162,4.41,18.47,8.87,10.7,70,62.65,73.28,High Demand
2025-11,BK021,Lasanda,T. B. Ilangaratne,978-955-8877-68-9,Novel,Galle,34.1,5.63,169,4.44,20.6,9.63,8.1,70,83.44,80.15,High Demand
2025-11,BK021,Lasanda,T. B. Ilangaratne,978-955-8877-68-9,Novel,Kandy,32.4,5.8,174,4.44,21.93,10.53,6.7,70,55.05,83.67,High Demand
2025-11,BK022,Maname,Ediriweera Sarachchandra,978-955-9012-06-1,Drama,Colombo,30.4,4.43,133,3.86,16.73,7.93,7.2,65,26.26,47.4,Low Demand
2025-11,BK022,Maname,Ediriweera Sarachchandra,978-955-9012-06-1,Drama,Galle,29.3,3.2,96,3.86,13.6,6.5,7.7,65,15.92,41.33,Low Demand
2025-11,BK022,Maname,Ediriweera Sarachchandra,978-955-9012-06-1,Drama,Kandy,30.2,3.93,118,3.85,14.7,7.23,7.9,65,15.48,41.62,Low Demand
2025-11,BK023,Sinhabahu,Ediriweera Sarachchandra,978-955-9012-07-8,Drama,Colombo,34.4,6.5,195,4.01,23.43,11.27,9.5,65,92.21,83.29,High Demand
2025-11,BK023,Sinhabahu,Ediriweera Sarachchandra,978-955-9012-07-8,Drama,Galle,32.2,6.8,204,4.02,25.0,11.53,6.9,65,100.0,97.19,High Demand
2025-11,BK023,Sinhabahu,Ediriweera Sarachchandra,978-955-9012-07-8,Drama,Kandy,31.2,7.07,212,4.0,25.37,11.83,9.0,65,93.45,91.38,High Demand
2025-11,BK024,Walmath Vee Atharaman Veemi,Simon Navagattegama,978-955-7733-11-2,Novel,Colombo,37.3,7.2,216,4.16,26.07,12.3,7.3,70,94.92,88.57,High Demand
2025-11,BK024,Walmath Vee Atharaman Veemi,Simon Navagattegama,978-955-7733-11-2,Novel,Galle,36.8,6.73,202,4.17,23.63,10.93,7.6,70,87.11,88.15,High Demand
2025-11,BK024,Walmath Vee Atharaman Veemi,Simon Navagattegama,978-955-7733-11-2,Novel,Kandy,38.7,6.8,204,4.17,23.97,11.6,6.6,70,92.18,81.0,High Demand
2025-11,BK025,Sansaranyaye Dadayakkara,Simon Navagattegama,978-955-7733-12-9,Novel,Colombo,31.1,6.2,186,3.29,20.73,9.43,8.9,70,83.6,75.6,High Demand
2025-11,BK025,Sansaranyaye Dadayakkara,Simon Navagattegama,978-955-7733-12-9,Novel,Galle,36.1,5.57,167,3.29,20.4,9.57,6.7,70,84.66,68.26,Moderate Demand
2025-11,BK025,Sansaranyaye Dadayakkara,Simon Navagattegama,978-955-7733-12-9,Novel,Kandy,31.9,6.53,196,3.29,22.23,10.4,7.9,70,90.87,80.21,High Demand
2025-11,BK026,Kavikandarawa,Mahinda Prasad Masimbula,978-955-3031-17-2,Poetry,Colombo,42.2,3.57,107,4.39,14.43,6.83,6.8,50,15.73,39.15,Low Demand
2025-11,BK026,Kavikandarawa,Mahinda Prasad Masimbula,978-955-3031-17-2,Poetry,Galle,33.8,3.57,107,4.4,14.53,7.0,8.1,50,39.19,53.15,Low Demand
2025-11,BK026,Kavikandarawa,Mahinda Prasad Masimbula,978-955-3031-17-2,Poetry,Kandy,35.1,4.0,120,4.38,15.87,7.57,7.3,50,21.52,54.71,Moderate Demand
2025-11,BK027,Dodamlu Iwura,Sumithra Rahubadda,978-955-4422-34-4,Novel,Colombo,39.2,4.57,137,4.98,17.4,8.5,9.2,70,29.97,58.05,Moderate Demand
2025-11,BK027,Dodamlu Iwura,Sumithra Rahubadda,978-955-4422-34-4,Novel,Galle,30.9,4.33,130,4.98,16.77,7.97,6.8,70,35.04,67.31,Moderate Demand
2025-11,BK027,Dodamlu Iwura,Sumithra Rahubadda,978-955-4422-34-4,Novel,Kandy,29.7,4.2,126,4.98,16.23,8.13,7.5,70,33.45,51.88,Low Demand
2025-11,BK028,Bumuthurunu,Sumithra Rahubadda,978-955-4422-35-1,Novel,Colombo,31.9,2.6,78,4.07,10.8,5.3,7.2,70,5.0,45.03,Low Demand
2025-11,BK028,Bumuthurunu,Sumithra Rahubadda,978-955-4422-35-1,Novel,Galle,31.3,2.17,65,4.08,10.33,5.37,7.8,70,0.0,26.16,Low Demand
2025-11,BK028,Bumuthurunu,Sumithra Rahubadda,978-955-4422-35-1,Novel,Kandy,29.2,2.4,72,4.07,10.1,4.9,8.4,70,0.02,43.5,Low Demand
2025-11,BK029,Podi Hamuduruwo,Sybil Wettasinghe,978-955-2011-44-3,Children's,Colombo,34.2,2.97,89,4.56,12.7,6.2,7.2,60,12.74,43.9,Low Demand
2025-11,BK029,Podi Hamuduruwo,Sybil Wettasinghe,978-955-2011-44-3,Children's,Galle,26.7,3.13,94,4.57,12.7,6.37,9.9,60,10.84,49.09,Low Demand
2025-11,BK029,Podi Hamuduruwo,Sybil Wettasinghe,978-955-2011-44-3,Children's,Kandy,32.1,3.73,112,4.58,14.33,7.1,7.8,60,29.96,54.29,Low Demand
2025-11,BK030,Kuda Hora,Sybil Wettasinghe,978-955-2011-45-0,Children's,Colombo,30.6,5.4,162,4.06,19.2,9.47,7.8,60,62.18,59.93,Moderate Demand
2025-11,BK030,Kuda Hora,Sybil Wettasinghe,978-955-2011-45-0,Children's,Galle,35.8,4.73,142,4.06,16.97,8.6,7.8,60,76.75,72.5,High Demand
2025-11,BK030,Kuda Hora,Sybil Wettasinghe,978-955-2011-45-0,Children's,Kandy,30.8,5.57,167,4.06,20.03,9.4,7.9,60,55.24,63.1,Moderate Demand
2025-11,BK031,Maria Cylonica,P. B. Jayasekara,978-955-6611-22-3,Novel,Colombo,30.1,5.47,164,3.85,20.13,10.1,8.3,70,62.61,69.68,Moderate Demand
2025-11,BK031,Maria Cylonica,P. B. Jayasekara,978-955-6611-22-3,Novel,Galle,30.1,4.93,148,3.88,18.0,9.23,8.2,70,73.44,73.07,High Demand
2025-11,BK031,Maria Cylonica,P. B. Jayasekara,978-955-6611-22-3,Novel,Kandy,33.1,5.83,175,3.86,18.7,8.87,7.6,70,72.76,64.98,Moderate Demand
2025-11,BK032,Atawaka Putthu,Liyanage Amarakeerthi,978-955-3044-55-4,Novel,Colombo,33.5,6.97,209,4.24,23.33,11.0,7.2,70,98.05,85.3,High Demand
2025-11,BK032,Atawaka Putthu,Liyanage Amarakeerthi,978-955-3044-55-4,Novel,Galle,35.1,6.87,206,4.25,24.5,11.07,8.0,70,96.09,88.27,High Demand
2025-11,BK032,Atawaka Putthu,Liyanage Amarakeerthi,978-955-3044-55-4,Novel,Kandy,33.2,7.27,218,4.24,24.13,11.37,9.6,70,100.0,94.87,High Demand
2025-11,BK033,Kurulu Hadawatha,Liyanage Amarakeerthi,978-955-3044-56-1,Novel,Colombo,35.0,4.0,120,3.55,15.67,7.5,13.0,70,30.76,49.05,Low Demand
2025-11,BK033,Kurulu Hadawatha,Liyanage Amarakeerthi,978-955-3044-56-1,Novel,Galle,30.2,3.43,103,3.55,13.93,7.1,7.7,70,21.07,49.49,Low Demand
2025-11,BK033,Kurulu Hadawatha,Liyanage Amarakeerthi,978-955-3044-56-1,Novel,Kandy,34.8,3.9,117,3.53,15.73,7.83,7.9,70,20.9,46.78,Low Demand
2025-11,BK034,Gini Avi saha Gini Keli,Anura Horatious,978-955-9988-11-2,Novel,Colombo,34.4,4.13,124,3.74,15.2,7.03,7.8,70,33.35,51.78,Low Demand
2025-11,BK034,Gini Avi saha Gini Keli,Anura Horatious,978-955-9988-11-2,Novel,Galle,33.1,3.57,107,3.74,14.23,6.9,6.8,70,29.76,46.41,Low Demand
2025-11,BK034,Gini Avi saha Gini Keli,Anura Horatious,978-955-9988-11-2,Novel,Kandy,31.1,3.93,118,3.75,14.33,7.37,10.0,70,21.98,51.69,Low Demand
2025-11,BK035,Daskon,Wimalaratne Kumaragama,978-955-2233-44-5,Poetry,Colombo,40.3,4.77,143,4.41,16.33,7.57,8.5,50,43.52,47.3,Low Demand
2025-11,BK035,Daskon,Wimalaratne Kumaragama,978-955-2233-44-5,Poetry,Galle,34.0,4.3,129,4.44,16.1,7.53,10.1,50,49.76,65.94,Moderate Demand
2025-11,BK035,Daskon,Wimalaratne Kumaragama,978-955-2233-44-5,Poetry,Kandy,33.3,5.27,158,4.42,21.07,9.83,7.8,50,53.79,67.86,Moderate Demand
2025-11,BK036,Pethigomara,K. Jayatillake,978-955-1555-11-0,Novel,Colombo,30.1,3.2,96,4.19,13.53,6.4,9.0,70,2.01,37.93,Low Demand
2025-11,BK036,Pethigomara,K. Jayatillake,978-955-1555-11-0,Novel,Galle,31.9,2.6,78,4.19,10.9,4.97,7.2,70,12.51,43.37,Low Demand
2025-11,BK036,Pethigomara,K. Jayatillake,978-955-1555-11-0,Novel,Kandy,34.5,2.9,87,4.19,12.27,6.03,8.5,70,0.0,44.46,Low Demand
2025-11,BK037,Charitha Thunak,K. Jayatillake,978-955-1555-12-7,Novel,Colombo,35.8,3.17,95,3.94,13.07,6.2,6.8,70,3.71,33.65,Low Demand
2025-11,BK037,Charitha Thunak,K. Jayatillake,978-955-1555-12-7,Novel,Galle,28.9,2.93,88,3.93,12.37,5.63,9.0,70,12.31,45.16,Low Demand
2025-11,BK037,Charitha Thunak,K. Jayatillake,978-955-1555-12-7,Novel,Kandy,26.7,3.53,106,3.93,13.37,6.4,7.6,70,19.87,51.15,Low Demand
2025-11,BK038,Parajithayo,Siri Gunasinghe,978-955-1100-23-6,Novel,Colombo,30.2,5.0,150,4.33,17.57,8.07,7.5,70,53.89,68.0,Moderate Demand
2025-11,BK038,Parajithayo,Siri Gunasinghe,978-955-1100-23-6,Novel,Galle,34.5,3.93,118,4.34,14.8,6.93,9.8,70,32.93,53.01,Low Demand
2025-11,BK038,Parajithayo,Siri Gunasinghe,978-955-1100-23-6,Novel,Kandy,31.6,4.93,148,4.33,18.63,9.37,8.8,70,68.91,75.66,High Demand
2025-11,BK039,Rosa Malak Mata Denna,Shanthi Dissanayake,978-955-6677-88-1,Novel,Colombo,38.8,3.63,109,4.84,13.97,6.7,9.0,70,22.13,62.93,Moderate Demand
2025-11,BK039,Rosa Malak Mata Denna,Shanthi Dissanayake,978-955-6677-88-1,Novel,Galle,30.1,3.07,92,4.83,13.0,6.43,8.3,70,12.43,50.59,Low Demand
2025-11,BK039,Rosa Malak Mata Denna,Shanthi Dissanayake,978-955-6677-88-1,Novel,Kandy,36.7,3.7,111,4.81,13.7,6.3,7.9,70,13.97,47.01,Low Demand
2025-11,BK040,Paradal,Shanthi Dissanayake,978-955-6677-89-8,Novel,Colombo,35.1,5.77,173,4.14,18.93,8.8,7.8,70,68.36,74.47,High Demand
2025-11,BK040,Paradal,Shanthi Dissanayake,978-955-6677-89-8,Novel,Galle,36.7,5.43,163,4.16,18.83,8.87,8.3,70,82.74,74.53,High Demand
2025-11,BK040,Paradal,Shanthi Dissanayake,978-955-6677-89-8,Novel,Kandy,35.2,6.23,187,4.14,21.63,10.73,7.5,70,90.87,88.69,High Demand
2025-11,BK041,Girikulu,Shanthi Dissanayake,978-955-6677-90-4,Novel,Colombo,28.6,4.93,148,3.95,18.7,8.77,9.5,70,63.33,64.49,Moderate Demand
2025-11,BK041,Girikulu,Shanthi Dissanayake,978-955-6677-90-4,Novel,Galle,31.7,3.5,105,3.97,13.3,6.6,10.0,70,33.17,58.38,Moderate Demand
2025-11,BK041,Girikulu,Shanthi Dissanayake,978-955-6677-90-4,Novel,Kandy,34.3,5.33,160,3.97,20.1,9.67,7.3,70,65.28,66.84,Moderate Demand
2025-11,BK042,Sakkarang,Prasanna Vithanage (Adapt.),978-955-3322-11-9,Drama,Colombo,32.5,5.83,175,3.55,22.7,10.57,7.7,65,79.8,75.64,High Demand
2025-11,BK042,Sakkarang,Prasanna Vithanage (Adapt.),978-955-3322-11-9,Drama,Galle,28.8,6.9,207,3.56,23.13,11.33,7.5,65,96.4,94.15,High Demand
2025-11,BK042,Sakkarang,Prasanna Vithanage (Adapt.),978-955-3322-11-9,Drama,Kandy,30.1,7.4,222,3.57,24.5,11.43,10.1,65,92.57,89.42,High Demand
2025-11,BK043,Bhatti,Edward Mallawaarachchi,978-955-5544-33-2,Novel,Colombo,32.2,4.33,130,4.14,17.23,8.03,11.0,70,25.94,47.02,Low Demand
2025-11,BK043,Bhatti,Edward Mallawaarachchi,978-955-5544-33-2,Novel,Galle,33.5,5.07,152,4.13,17.77,8.63,7.8,70,71.69,67.46,Moderate Demand
2025-11,BK043,Bhatti,Edward Mallawaarachchi,978-955-5544-33-2,Novel,Kandy,35.0,6.43,193,4.14,23.4,11.0,8.0,70,77.85,81.27,High Demand
2025-11,BK044,Sihina Kumari,Edward Mallawaarachchi,978-955-5544-34-9,Novel,Colombo,34.5,4.67,140,4.32,18.17,8.63,8.1,70,37.91,65.66,Moderate Demand
2025-11,BK044,Sihina Kumari,Edward Mallawaarachchi,978-955-5544-34-9,Novel,Galle,37.3,4.2,126,4.31,15.4,7.47,9.0,70,44.02,61.58,Moderate Demand
2025-11,BK044,Sihina Kumari,Edward Mallawaarachchi,978-955-5544-34-9,Novel,Kandy,27.5,4.07,122,4.32,17.23,7.8,7.8,70,25.9,47.35,Low Demand
2025-11,BK045,Adaraneeya Wasthuwe,Upul Shantha Sannasgala,978-955-8811-22-5,Novel,Colombo,32.9,5.73,172,3.98,21.5,10.23,11.9,70,78.0,82.69,High Demand
2025-11,BK045,Adaraneeya Wasthuwe,Upul Shantha Sannasgala,978-955-8811-22-5,Novel,Galle,36.0,5.73,172,3.99,20.6,9.53,9.0,70,100.0,93.52,High Demand
2025-11,BK045,Adaraneeya Wasthuwe,Upul Shantha Sannasgala,978-955-8811-22-5,Novel,Kandy,26.6,5.73,172,4.0,22.43,10.67,9.3,70,58.08,67.1,Moderate Demand
2025-11,BK046,Warna,Upul Shantha Sannasgala,978-955-8811-23-2,Poetry,Colombo,31.2,5.87,176,4.66,22.47,11.1,12.5,50,70.94,67.84,Moderate Demand
2025-11,BK046,Warna,Upul Shantha Sannasgala,978-955-8811-23-2,Poetry,Galle,27.0,5.13,154,4.67,18.73,9.07,7.2,50,75.51,88.48,High Demand
2025-11,BK046,Warna,Upul Shantha Sannasgala,978-955-8811-23-2,Poetry,Kandy,41.4,6.6,198,4.67,23.6,11.03,7.0,50,84.64,81.18,High Demand
2025-11,BK047,Amma,Maxim Gorky (Trans.),978-955-6655-44-1,Translated Classic,Colombo,28.7,4.6,138,4.47,18.47,9.13,9.9,78,40.37,68.04,Moderate Demand
2025-11,BK047,Amma,Maxim Gorky (Trans.),978-955-6655-44-1,Translated Classic,Galle,41.5,4.13,124,4.45,15.27,7.2,7.3,78,40.07,64.92,Moderate Demand
2025-11,BK047,Amma,Maxim Gorky (Trans.),978-955-6655-44-1,Translated Classic,Kandy,33.4,4.63,139,4.46,16.53,8.0,9.1,78,46.41,60.87,Moderate Demand
2025-11,BK048,Anna Karenina,Leo Tolstoy (Trans.),978-955-6655-45-8,Translated Classic,Colombo,41.4,3.93,118,4.35,15.53,7.5,7.6,78,32.3,65.58,Moderate Demand
2025-11,BK048,Anna Karenina,Leo Tolstoy (Trans.),978-955-6655-45-8,Translated Classic,Galle,30.1,3.77,113,4.36,14.4,7.13,7.7,78,37.56,59.03,Moderate Demand
2025-11,BK048,Anna Karenina,Leo Tolstoy (Trans.),978-955-6655-45-8,Translated Classic,Kandy,31.1,4.1,123,4.36,15.53,7.63,10.7,78,35.77,58.94,Moderate Demand
2025-11,BK049,Post-Modernism,Various,978-955-1212-12-1,Academic,Colombo,29.8,6.07,182,3.85,21.4,9.93,7.1,45,80.04,75.19,High Demand
2025-11,BK049,Post-Modernism,Various,978-955-1212-12-1,Academic,Galle,32.5,4.8,144,3.84,18.4,8.67,6.9,45,60.15,59.9,Moderate Demand
2025-11,BK049,Post-Modernism,Various,978-955-1212-12-1,Academic,Kandy,32.6,6.37,191,3.83,23.03,10.67,8.3,45,77.21,65.12,Moderate Demand
2025-11,BK050,Mahavamsa,Mahanama Thera,978-955-0011-22-3,Historical/Religious,Colombo,31.0,2.97,89,4.3,10.67,5.23,9.1,55,13.59,46.42,Low Demand
2025-11,BK050,Mahavamsa,Mahanama Thera,978-955-0011-22-3,Historical/Religious,Galle,32.7,3.6,108,4.32,15.13,7.37,9.2,55,45.69,59.27,Moderate Demand
2025-11,BK050,Mahavamsa,Mahanama Thera,978-955-0011-22-3,Historical/Religious,Kandy,31.5,3.23,97,4.3,12.67,6.47,7.4,55,12.19,39.39,Low Demand
2025-11,BK051,Saddharmaratnavaliya,Dharmasena Thera,978-955-0011-23-0,Historical/Religious,Colombo,26.2,2.8,84,4.0,11.23,5.33,8.1,55,5.68,33.56,Low Demand
2025-11,BK051,Saddharmaratnavaliya,Dharmasena Thera,978-955-0011-23-0,Historical/Religious,Galle,35.0,3.37,101,4.01,13.57,6.5,10.2,55,15.76,33.21,Low Demand
2025-11,BK051,Saddharmaratnavaliya,Dharmasena Thera,978-955-0011-23-0,Historical/Religious,Kandy,37.6,3.4,102,3.99,12.87,6.47,7.2,55,21.31,47.72,Low Demand
2025-11,BK052,අනාගත අහස,මාර්ටින් වික්‍රමසිංහ (පරිවර්තනය),978-147-1385-34-4,Historical/Religious,Colombo,32.4,2.4,72,4.62,11.2,5.67,9.8,55,2.12,37.86,Low Demand
2025-11,BK052,අනාගත අහස,මාර්ටින් වික්‍රමසිංහ (පරිවර්තනය),978-147-1385-34-4,Historical/Religious,Galle,34.1,2.73,82,4.64,11.37,5.43,8.0,55,22.57,48.07,Low Demand
2025-11,BK052,අනාගත අහස,මාර්ටින් වික්‍රමසිංහ (පරිවර්තනය),978-147-1385-34-4,Historical/Religious,Kandy,40.3,2.63,79,4.64,10.83,5.43,7.3,55,1.63,30.66,Low Demand
2025-11,BK053,මිටියාවත සහ කාලය,"ජෝන් ෂෝර්ස් (John Shors), පරිවර්තනය: ප්‍රදීප් කුමාර බාලසූරිය (Translation: Pradeep Kumara Balasuriya)",978-976-3071-42-3,Horror,Colombo,26.5,5.7,171,4.61,21.2,9.9,8.2,68,64.32,77.19,High Demand
2025-11,BK053,මිටියාවත සහ කාලය,"ජෝන් ෂෝර්ස් (John Shors), පරිවර්තනය: ප්‍රදීප් කුමාර බාලසූරිය (Translation: Pradeep Kumara Balasuriya)",978-976-3071-42-3,Horror,Galle,34.6,5.1,153,4.63,18.43,8.67,9.4,68,75.37,74.85,High Demand
2025-11,BK053,මිටියාවත සහ කාලය,"ජෝන් ෂෝර්ස් (John Shors), පරිවර්තනය: ප්‍රදීප් කුමාර බාලසූරිය (Translation: Pradeep Kumara Balasuriya)",978-976-3071-42-3,Horror,Kandy,34.5,5.97,179,4.61,21.93,10.03,6.4,68,81.77,77.9,High Demand
2025-11,BK054,රහස සහ කතාව,පවනි උමයංගනා (Pawani Umayangana),978-476-5849-54-7,Non-fiction,Colombo,34.8,6.17,185,4.63,21.73,10.6,8.0,52,81.88,77.24,High Demand
2025-11,BK054,රහස සහ කතාව,පවනි උමයංගනා (Pawani Umayangana),978-476-5849-54-7,Non-fiction,Galle,31.1,5.67,170,4.65,21.07,10.13,10.6,52,78.7,76.22,High Demand
2025-11,BK054,රහස සහ කතාව,පවනි උමයංගනා (Pawani Umayangana),978-476-5849-54-7,Non-fiction,Kandy,37.3,4.6,138,4.64,16.77,8.3,8.8,52,39.47,60.76,Moderate Demand
2025-11,BK055,ඇහි පියන් ඇහැරිලා (Ahi Piyan Aharila),මහින්ද ප්‍රසාද් මසිඹුල,978-955-098-003-1,Poetry,Colombo,32.0,6.07,182,4.22,21.97,10.27,8.6,50,68.26,64.01,Moderate Demand
2025-11,BK055,ඇහි පියන් ඇහැරිලා (Ahi Piyan Aharila),මහින්ද ප්‍රසාද් මසිඹුල,978-955-098-003-1,Poetry,Galle,27.9,5.27,158,4.21,19.33,8.93,8.4,50,68.12,71.21,Moderate Demand
2025-11,BK055,ඇහි පියන් ඇහැරිලා (Ahi Piyan Aharila),මහින්ද ප්‍රසාද් මසිඹුල,978-955-098-003-1,Poetry,Kandy,32.6,6.43,193,4.22,23.07,11.03,8.8,50,100.0,88.5,High Demand
2025-11,BK056,ගමන සහ කාලය,ප්‍රේමකීර්ති රණතුංග,978-316-8963-96-1,Short Stories,Colombo,33.0,6.5,195,4.32,24.03,11.33,7.6,57,96.87,82.82,High Demand
2025-11,BK056,ගමන සහ කාලය,ප්‍රේමකීර්ති රණතුංග,978-316-8963-96-1,Short Stories,Galle,28.1,5.43,163,4.32,19.6,9.17,7.8,57,87.92,75.95,High Demand
2025-11,BK056,ගමන සහ කාලය,ප්‍රේමකීර්ති රණතුංග,978-316-8963-96-1,Short Stories,Kandy,29.8,5.9,177,4.31,22.47,10.3,7.0,57,76.75,70.78,Moderate Demand
2025-11,BK057,කොළඹ කන්ද,Michael Crichton (පරිවර්තනය: සුදත් රොහාන්),978-645-5531-58-3,Poetry,Colombo,35.0,4.93,148,3.94,17.43,8.47,8.0,50,65.9,60.15,Moderate Demand
2025-11,BK057,කොළඹ කන්ද,Michael Crichton (පරිවර්තනය: සුදත් රොහාන්),978-645-5531-58-3,Poetry,Galle,30.2,4.5,135,3.95,16.13,8.13,8.6,50,59.31,58.66,Moderate Demand
2025-11,BK057,කොළඹ කන්ද,Michael Crichton (පරිවර්තනය: සුදත් රොහාන්),978-645-5531-58-3,Poetry,Kandy,31.8,5.03,151,3.95,18.8,9.23,8.5,50,48.89,54.29,Low Demand
2025-11,BK058,වසන්තය සහ මිටියාවත,තරංගා දිසානායක,978-630-6739-38-7,Academic,Colombo,28.7,4.73,142,4.41,18.37,8.67,9.0,45,48.28,57.32,Moderate Demand
2025-11,BK058,වසන්තය සහ මිටියාවත,තරංගා දිසානායක,978-630-6739-38-7,Academic,Galle,28.4,4.7,141,4.41,17.0,8.33,11.6,45,54.4,65.36,Moderate Demand
2025-11,BK058,වසන්තය සහ මිටියාවත,තරංගා දිසානායක,978-630-6739-38-7,Academic,Kandy,32.7,4.73,142,4.43,17.3,8.43,7.9,45,36.16,40.27,Low Demand
2025-11,BK059,370 යානයේ අබිරහස (370 Yanaye Abirahasa),භද්‍රජී මහින්ද ජයතිලක,978-624-6570-68-2,Mystery,Colombo,30.9,3.83,115,3.59,14.63,6.63,7.3,71,29.15,52.89,Low Demand
2025-11,BK059,370 යානයේ අබිරහස (370 Yanaye Abirahasa),භද්‍රජී මහින්ද ජයතිලක,978-624-6570-68-2,Mystery,Galle,31.3,3.0,90,3.6,12.3,6.1,8.5,71,5.06,38.63,Low Demand
2025-11,BK059,370 යානයේ අබිරහස (370 Yanaye Abirahasa),භද්‍රජී මහින්ද ජයතිලක,978-624-6570-68-2,Mystery,Kandy,35.4,3.17,95,3.58,12.43,6.07,9.5,71,14.73,46.65,Low Demand
2025-11,BK060,පර්සි ජැක්සන් සහ වංගිරියේ සටන,රික් රියෝඩන් (පරි. සවින්දි ආරියතිලක),978-955-697-089-0,Fantasy,Colombo,30.5,3.17,95,3.8,13.47,6.4,7.9,74,13.31,41.41,Low Demand
2025-11,BK060,පර්සි ජැක්සන් සහ වංගිරියේ සටන,රික් රියෝඩන් (පරි. සවින්දි ආරියතිලක),978-955-697-089-0,Fantasy,Galle,37.7,2.57,77,3.78,11.13,5.6,7.8,74,5.99,40.96,Low Demand
2025-11,BK060,පර්සි ජැක්සන් සහ වංගිරියේ සටන,රික් රියෝඩන් (පරි. සවින්දි ආරියතිලක),978-955-697-089-0,Fantasy,Kandy,37.1,3.17,95,3.79,11.8,6.1,8.9,74,9.45,44.16,Low Demand
2025-11,BK061,ආලෝකයේ සමිඳාණෝ (Alokaye Samindano - Lord of Light),රොජර් සෙලාස්නි - පරි. පුෂ්ප රංජන් විජේසිංහ,978-624-6570-11-8,Sci-Fi,Colombo,32.6,6.37,191,4.29,22.3,10.1,7.1,72,92.01,87.47,High Demand
2025-11,BK061,ආලෝකයේ සමිඳාණෝ (Alokaye Samindano - Lord of Light),රොජර් සෙලාස්නි - පරි. පුෂ්ප රංජන් විජේසිංහ,978-624-6570-11-8,Sci-Fi,Galle,27.5,5.37,161,4.3,20.87,9.77,8.1,72,82.82,82.55,High Demand
2025-11,BK061,ආලෝකයේ සමිඳාණෝ (Alokaye Samindano - Lord of Light),රොජර් සෙලාස්නි - පරි. පුෂ්ප රංජන් විජේසිංහ,978-624-6570-11-8,Sci-Fi,Kandy,29.3,5.5,165,4.3,19.43,9.5,10.4,72,55.24,68.72,Moderate Demand
2025-11,BK062,මිනිසා සහ සෙවනැලි,"කර්ට් වොනෙගට් (Kurt Vonnegut), පරිවර්තනය: ගාමිණී වියන්ගොඩ (Translation: Gamini Viyangoda)",978-673-1310-88-3,Psychology,Colombo,36.8,5.07,152,4.28,18.83,8.97,11.5,58,59.55,60.82,Moderate Demand
2025-11,BK062,මිනිසා සහ සෙවනැලි,"කර්ට් වොනෙගට් (Kurt Vonnegut), පරිවර්තනය: ගාමිණී වියන්ගොඩ (Translation: Gamini Viyangoda)",978-673-1310-88-3,Psychology,Galle,27.4,4.63,139,4.26,17.33,8.2,8.1,58,37.47,69.16,Moderate Demand
2025-11,BK062,මිනිසා සහ සෙවනැලි,"කර්ට් වොනෙගට් (Kurt Vonnegut), පරිවර්තනය: ගාමිණී වියන්ගොඩ (Translation: Gamini Viyangoda)",978-673-1310-88-3,Psychology,Kandy,37.0,4.97,149,4.3,20.53,9.63,9.1,58,65.97,66.63,Moderate Demand
2025-11,BK063,හේඩීස්ගේ දෙවොල (Hadesge Devola),රික් රයෝර්ඩන් - පරි. රූපේනි මානිංගමුව,978-955-697-343-3,Young Adult,Colombo,32.9,4.77,143,4.44,17.07,8.17,10.8,66,51.78,64.57,Moderate Demand
2025-11,BK063,හේඩීස්ගේ දෙවොල (Hadesge Devola),රික් රයෝර්ඩන් - පරි. රූපේනි මානිංගමුව,978-955-697-343-3,Young Adult,Galle,30.0,4.27,128,4.42,17.3,8.43,9.1,66,34.83,54.15,Low Demand
2025-11,BK063,හේඩීස්ගේ දෙවොල (Hadesge Devola),රික් රයෝර්ඩන් - පරි. රූපේනි මානිංගමුව,978-955-697-343-3,Young Adult,Kandy,35.9,4.97,149,4.39,17.97,8.47,8.5,66,46.11,69.69,Moderate Demand
2025-11,BK064,2010,ආතර් සී. ක්ලාක් (පරිවර්තනය: චන්දන වීරසිංහ),978-624-5712-10-6,Sci-Fi,Colombo,33.6,6.07,182,3.83,20.27,9.93,8.1,72,74.6,75.93,High Demand
2025-11,BK064,2010,ආතර් සී. ක්ලාක් (පරිවර්තනය: චන්දන වීරසිංහ),978-624-5712-10-6,Sci-Fi,Galle,31.0,5.7,171,3.84,21.03,9.57,9.0,72,78.62,77.8,High Demand
2025-11,BK064,2010,ආතර් සී. ක්ලාක් (පරිවර්තනය: චන්දන වීරසිංහ),978-624-5712-10-6,Sci-Fi,Kandy,30.3,6.73,202,3.83,23.63,10.53,9.4,72,82.9,89.54,High Demand
2025-11,BK065,මන්දාරම් රාත්‍රිය,ඩී. එම්. අනුර දිසානායක,978-624-5829-10-1,Mystery,Colombo,29.7,5.47,164,4.3,20.63,9.63,9.2,71,67.63,73.08,High Demand
2025-11,BK065,මන්දාරම් රාත්‍රිය,ඩී. එම්. අනුර දිසානායක,978-624-5829-10-1,Mystery,Galle,30.3,4.97,149,4.28,19.3,9.33,10.5,71,72.17,69.63,Moderate Demand
2025-11,BK065,මන්දාරම් රාත්‍රිය,ඩී. එම්. අනුර දිසානායක,978-624-5829-10-1,Mystery,Kandy,34.9,5.83,175,4.29,20.77,9.87,7.9,71,82.49,88.43,High Demand
2025-11,BK066,පරණ මාලිගාව,ක්‍රිස් කුස්නෙස්කි (පරිවර්තනය),978-726-5125-19-4,Horror,Colombo,31.4,4.8,144,4.5,18.07,8.67,9.4,68,44.39,65.75,Moderate Demand
2025-11,BK066,පරණ මාලිගාව,ක්‍රිස් කුස්නෙස්කි (පරිවර්තනය),978-726-5125-19-4,Horror,Galle,37.9,5.0,150,4.53,18.5,8.57,8.4,68,76.72,79.79,High Demand
2025-11,BK066,පරණ මාලිගාව,ක්‍රිස් කුස්නෙස්කි (පරිවර්තනය),978-726-5125-19-4,Horror,Kandy,36.9,5.2,156,4.52,17.93,8.93,9.0,68,77.95,88.15,High Demand
2025-11,BK067,අනාගතේ පැතිකඩක් (Profiles of the Future),ආතර් සී. ක්ලාක් (පරිවර්තනය: එස්. එම්. බන්දුසීල),978-624-5712-31-1,Sci-Fi,Colombo,35.2,5.4,162,4.91,20.1,9.57,8.8,72,63.25,73.5,High Demand
2025-11,BK067,අනාගතේ පැතිකඩක් (Profiles of the Future),ආතර් සී. ක්ලාක් (පරිවර්තනය: එස්. එම්. බන්දුසීල),978-624-5712-31-1,Sci-Fi,Galle,32.1,4.23,127,4.9,15.9,6.93,7.3,72,42.45,66.9,Moderate Demand
2025-11,BK067,අනාගතේ පැතිකඩක් (Profiles of the Future),ආතර් සී. ක්ලාක් (පරිවර්තනය: එස්. එම්. බන්දුසීල),978-624-5712-31-1,Sci-Fi,Kandy,28.8,4.63,139,4.89,18.37,8.57,9.7,72,46.85,61.62,Moderate Demand
2025-11,BK068,දඩයම් බල්ලෝ,පරිවර්තන නවකතා,978-624-5572-38-0,Thriller,Colombo,36.1,3.3,99,4.1,13.77,6.6,9.6,76,20.89,49.84,Low Demand
2025-11,BK068,දඩයම් බල්ලෝ,පරිවර්තන නවකතා,978-624-5572-38-0,Thriller,Galle,30.3,3.57,107,4.1,13.6,6.23,8.1,76,23.07,51.02,Low Demand
2025-11,BK068,දඩයම් බල්ලෝ,පරිවර්තන නවකතා,978-624-5572-38-0,Thriller,Kandy,33.5,4.07,122,4.12,15.47,7.77,7.2,76,23.21,49.39,Low Demand
2025-11,BK069,අදිසි අනතුර (Adisi Anathura - The Crash),ෆ්‍රීඩා මැක්ෆැඩන් - පරි. නයනතාරා පිලපිටිය,978-624-6570-48-4,Thriller,Colombo,29.7,2.4,72,4.33,10.4,5.0,6.8,76,0.0,43.1,Low Demand
2025-11,BK069,අදිසි අනතුර (Adisi Anathura - The Crash),ෆ්‍රීඩා මැක්ෆැඩන් - පරි. නයනතාරා පිලපිටිය,978-624-6570-48-4,Thriller,Galle,30.8,2.53,76,4.31,10.63,5.5,6.0,76,16.09,51.77,Low Demand
2025-11,BK069,අදිසි අනතුර (Adisi Anathura - The Crash),ෆ්‍රීඩා මැක්ෆැඩන් - පරි. නයනතාරා පිලපිටිය,978-624-6570-48-4,Thriller,Kandy,33.1,2.77,83,4.32,11.67,5.57,9.9,76,14.57,58.52,Moderate Demand
2025-11,BK070,Crown of Midnight,සාරා ජේ. මාස් (Sarah J. Maas),978-624-5663-48-4,Fantasy,Colombo,31.1,4.23,127,3.67,16.63,8.17,8.8,74,34.37,57.4,Moderate Demand
2025-11,BK070,Crown of Midnight,සාරා ජේ. මාස් (Sarah J. Maas),978-624-5663-48-4,Fantasy,Galle,27.3,4.37,131,3.67,16.93,7.67,8.8,74,43.79,52.88,Low Demand
2025-11,BK070,Crown of Midnight,සාරා ජේ. මාස් (Sarah J. Maas),978-624-5663-48-4,Fantasy,Kandy,30.4,4.83,145,3.67,17.37,8.4,6.6,74,44.32,57.79,Moderate Demand
2025-11,BK071,සුළං ගංගාව,පියදාස රත්නසිංහ (පරිවර්තනය),978-935-1789-28-8,Academic,Colombo,31.5,3.7,111,4.13,14.23,7.17,7.1,45,28.94,59.73,Moderate Demand
2025-11,BK071,සුළං ගංගාව,පියදාස රත්නසිංහ (පරිවර්තනය),978-935-1789-28-8,Academic,Galle,35.4,3.13,94,4.13,12.27,6.47,11.0,45,31.73,49.2,Low Demand
2025-11,BK071,සුළං ගංගාව,පියදාස රත්නසිංහ (පරිවර්තනය),978-935-1789-28-8,Academic,Kandy,34.0,3.4,102,4.13,13.0,6.53,8.4,45,29.79,59.45,Moderate Demand
2025-11,BK072,ගීතය සහ මාලිගාව,එරන්ද ගිනිගේ (Eranda Ginige),978-616-9581-88-7,Psychology,Colombo,32.7,4.9,147,4.44,18.37,8.17,8.9,58,53.57,57.43,Moderate Demand
2025-11,BK072,ගීතය සහ මාලිගාව,එරන්ද ගිනිගේ (Eranda Ginige),978-616-9581-88-7,Psychology,Galle,35.0,3.67,110,4.45,14.27,6.93,10.0,58,44.51,55.51,Moderate Demand
2025-11,BK072,ගීතය සහ මාලිගාව,එරන්ද ගිනිගේ (Eranda Ginige),978-616-9581-88-7,Psychology,Kandy,35.7,4.03,121,4.45,14.53,7.27,8.4,58,36.24,56.17,Moderate Demand
2025-11,BK073,ගමන සහ සෙවනැලි,"වික්ටෝරියා හෝල්ට් (Victoria Holt), පරිවර්තනය: කෝශලී සිරිචන්ද්‍ර (Translation: Koshalee Sirichandra)",978-477-2613-24-8,Horror,Colombo,35.7,5.93,178,4.13,22.8,10.3,7.9,68,76.83,72.8,High Demand
2025-11,BK073,ගමන සහ සෙවනැලි,"වික්ටෝරියා හෝල්ට් (Victoria Holt), පරිවර්තනය: කෝශලී සිරිචන්ද්‍ර (Translation: Koshalee Sirichandra)",978-477-2613-24-8,Horror,Galle,34.0,5.77,173,4.11,20.43,9.67,7.3,68,100.0,86.43,High Demand
2025-11,BK073,ගමන සහ සෙවනැලි,"වික්ටෝරියා හෝල්ට් (Victoria Holt), පරිවර්තනය: කෝශලී සිරිචන්ද්‍ර (Translation: Koshalee Sirichandra)",978-477-2613-24-8,Horror,Kandy,33.6,7.0,210,4.12,23.77,11.23,8.1,68,83.14,90.65,High Demand
2025-11,BK074,එවා මෙහේ බෑ මචං,පිනසිරි දඩල්ලගේ,978-955-97643-5-9,Non-fiction,Colombo,27.4,4.3,129,4.28,16.1,7.63,9.3,52,44.93,54.04,Low Demand
2025-11,BK074,එවා මෙහේ බෑ මචං,පිනසිරි දඩල්ලගේ,978-955-97643-5-9,Non-fiction,Galle,26.3,3.1,93,4.26,12.5,6.43,8.3,52,10.79,32.89,Low Demand
2025-11,BK074,එවා මෙහේ බෑ මචං,පිනසිරි දඩල්ලගේ,978-955-97643-5-9,Non-fiction,Kandy,27.7,3.83,115,4.27,15.9,7.77,7.6,52,20.42,44.19,Low Demand
2025-11,BK075,"හොල්මන්, ආවේශ සහ යළි උපත (You Cannot Die)",ඉයන් කරි (පරිවර්තනය: භද්‍රජි මහින්ද ජයතිලක),978-955-671-215-5,Psychology,Colombo,34.3,3.83,115,4.29,14.47,7.07,6.4,58,26.44,49.07,Low Demand
2025-11,BK075,"හොල්මන්, ආවේශ සහ යළි උපත (You Cannot Die)",ඉයන් කරි (පරිවර්තනය: භද්‍රජි මහින්ද ජයතිලක),978-955-671-215-5,Psychology,Galle,32.5,2.63,79,4.29,11.13,5.23,8.2,58,12.87,43.79,Low Demand
2025-11,BK075,"හොල්මන්, ආවේශ සහ යළි උපත (You Cannot Die)",ඉයන් කරි (පරිවර්තනය: භද්‍රජි මහින්ද ජයතිලක),978-955-671-215-5,Psychology,Kandy,29.5,2.6,78,4.29,11.53,5.9,10.6,58,7.14,32.65,Low Demand
2025-11,BK076,සෙංකොට්ටං (Senkottan),මහින්ද ප්‍රසාද් මසිඹුල,978-955-098-000-0,Novel,Colombo,31.6,4.7,141,3.69,16.77,8.03,9.3,70,36.91,68.43,Moderate Demand
2025-11,BK076,සෙංකොට්ටං (Senkottan),මහින්ද ප්‍රසාද් මසිඹුල,978-955-098-000-0,Novel,Galle,31.4,3.43,103,3.68,13.03,6.17,8.7,70,18.0,47.21,Low Demand
2025-11,BK076,සෙංකොට්ටං (Senkottan),මහින්ද ප්‍රසාද් මසිඹුල,978-955-098-000-0,Novel,Kandy,26.9,4.27,128,3.68,17.1,8.5,7.0,70,22.19,41.26,Low Demand
2025-11,BK077,අතීත මිටියාවත,ඊනිඩ් බ්ලයිටන් (Enid Blyton),978-845-3000-71-2,Children's,Colombo,32.1,3.37,101,4.19,12.6,6.17,8.5,60,28.54,51.86,Low Demand
2025-11,BK077,අතීත මිටියාවත,ඊනිඩ් බ්ලයිටන් (Enid Blyton),978-845-3000-71-2,Children's,Galle,34.3,3.5,105,4.19,14.57,6.63,8.3,60,21.2,54.02,Low Demand
2025-11,BK077,අතීත මිටියාවත,ඊනිඩ් බ්ලයිටන් (Enid Blyton),978-845-3000-71-2,Children's,Kandy,34.4,4.43,133,4.2,16.83,7.97,11.3,60,34.68,46.55,Low Demand
2025-11,BK078,සිහිනය සහ සෙවනැලි,"ස්ටෙෆනි ගාබර් (Stephanie Garber), පරිවර්තනය: කෝශලී සිරිචන්ද්‍ර (Translation: Koshalee Sirichandra)",978-748-7074-58-5,Historical/Religious,Colombo,33.7,4.7,141,4.37,17.13,8.47,7.6,55,36.36,52.05,Low Demand
2025-11,BK078,සිහිනය සහ සෙවනැලි,"ස්ටෙෆනි ගාබර් (Stephanie Garber), පරිවර්තනය: කෝශලී සිරිචන්ද්‍ර (Translation: Koshalee Sirichandra)",978-748-7074-58-5,Historical/Religious,Galle,34.7,5.53,166,4.35,19.9,9.23,8.2,55,88.96,85.6,High Demand
2025-11,BK078,සිහිනය සහ සෙවනැලි,"ස්ටෙෆනි ගාබර් (Stephanie Garber), පරිවර්තනය: කෝශලී සිරිචන්ද්‍ර (Translation: Koshalee Sirichandra)",978-748-7074-58-5,Historical/Religious,Kandy,31.5,5.1,153,4.38,21.0,9.93,9.8,55,60.87,61.66,Moderate Demand
2025-11,BK079,හැරී පොටර් සහ රහස් කුටිය,ජේ. කේ. රෝලිං - පරි. අභය හේවාවසම්,978-955-573-623-7,Translation,Colombo,33.6,4.7,141,4.22,18.87,8.7,6.8,62,32.33,53.73,Low Demand
2025-11,BK079,හැරී පොටර් සහ රහස් කුටිය,ජේ. කේ. රෝලිං - පරි. අභය හේවාවසම්,978-955-573-623-7,Translation,Galle,28.9,4.63,139,4.22,16.5,7.67,6.9,62,63.05,75.54,High Demand
2025-11,BK079,හැරී පොටර් සහ රහස් කුටිය,ජේ. කේ. රෝලිං - පරි. අභය හේවාවසම්,978-955-573-623-7,Translation,Kandy,41.2,4.9,147,4.23,18.87,8.87,9.9,62,50.61,54.43,Low Demand
2025-11,BK080,විකෘති (Vikurthi),සෝමලතා සුබසිංහ,978-955-428-430-2,Drama,Colombo,34.8,7.03,211,4.33,26.33,12.37,6.1,65,100.0,92.65,High Demand
2025-11,BK080,විකෘති (Vikurthi),සෝමලතා සුබසිංහ,978-955-428-430-2,Drama,Galle,36.0,5.57,167,4.34,21.63,10.9,8.8,65,82.17,82.94,High Demand
2025-11,BK080,විකෘති (Vikurthi),සෝමලතා සුබසිංහ,978-955-428-430-2,Drama,Kandy,31.7,7.17,215,4.33,26.37,12.43,8.7,65,89.49,77.87,High Demand
2025-11,BK081,නැන්දම්මාගේ ඩයරිය,කල්පනා කස්තුරිආරච්චි,978-624-9695-78-8,Short Stories,Colombo,32.0,5.57,167,4.45,19.8,9.83,7.1,57,53.5,68.31,Moderate Demand
2025-11,BK081,නැන්දම්මාගේ ඩයරිය,කල්පනා කස්තුරිආරච්චි,978-624-9695-78-8,Short Stories,Galle,29.9,4.47,134,4.44,16.27,7.6,7.6,57,46.34,57.1,Moderate Demand
2025-11,BK081,නැන්දම්මාගේ ඩයරිය,කල්පනා කස්තුරිආරච්චි,978-624-9695-78-8,Short Stories,Kandy,30.2,5.83,175,4.45,21.93,10.2,6.3,57,81.38,78.28,High Demand
2025-11,BK082,හැරී පොටර් සහ අස්කබාන්හි සිරකරු,ජේ. කේ. රෝලිං - පරි. අභය හේවාවසම්,978-955-671-187-5,Translation,Colombo,31.8,4.8,144,4.19,18.8,8.93,11.1,62,47.66,66.68,Moderate Demand
2025-11,BK082,හැරී පොටර් සහ අස්කබාන්හි සිරකරු,ජේ. කේ. රෝලිං - පරි. අභය හේවාවසම්,978-955-671-187-5,Translation,Galle,29.8,3.33,100,4.2,13.6,6.27,10.0,62,16.89,34.95,Low Demand
2025-11,BK082,හැරී පොටර් සහ අස්කබාන්හි සිරකරු,ජේ. කේ. රෝලිං - පරි. අභය හේවාවසම්,978-955-671-187-5,Translation,Kandy,27.2,4.8,144,4.2,19.4,9.7,7.8,62,36.04,52.07,Low Demand
2025-11,BK083,පර්සි ජැක්සන් සහ රාක්ෂ සයුර,රික් රියෝඩන් (පරි. සවින්දි ආරියතිලක),978-955-697-090-0,Fantasy,Colombo,33.4,6.37,191,3.8,23.2,10.93,10.4,74,95.03,84.42,High Demand
2025-11,BK083,පර්සි ජැක්සන් සහ රාක්ෂ සයුර,රික් රියෝඩන් (පරි. සවින්දි ආරියතිලක),978-955-697-090-0,Fantasy,Galle,30.6,5.73,172,3.81,20.93,9.93,10.0,74,88.27,82.43,High Demand
2025-11,BK083,පර්සි ජැක්සන් සහ රාක්ෂ සයුර,රික් රියෝඩන් (පරි. සවින්දි ආරියතිලක),978-955-697-090-0,Fantasy,Kandy,33.9,5.7,171,3.79,20.83,9.53,8.7,74,63.39,68.23,Moderate Demand
2025-11,BK084,විභාග ජය ගැනීමේ රහස (Vibhaga Jaya Ganeeme Rahasa),ප්‍රවීන් රන්දෙනිය,978-624-97120-5-0,Academic,Colombo,27.8,3.27,98,4.01,12.3,6.0,7.1,45,3.45,33.35,Low Demand
2025-11,BK084,විභාග ජය ගැනීමේ රහස (Vibhaga Jaya Ganeeme Rahasa),ප්‍රවීන් රන්දෙනිය,978-624-97120-5-0,Academic,Galle,30.9,3.77,113,3.99,14.37,6.9,9.7,45,35.92,58.93,Moderate Demand
2025-11,BK084,විභාග ජය ගැනීමේ රහස (Vibhaga Jaya Ganeeme Rahasa),ප්‍රවීන් රන්දෙනිය,978-624-97120-5-0,Academic,Kandy,31.1,3.8,114,4.02,15.3,7.23,9.1,45,22.21,43.48,Low Demand
2025-11,BK085,දික්තල කාලගෝල (Diktala Kalagola),පුණ්‍යසේන ගුණසිංහ,978-955-9377-71-9,Drama,Colombo,36.2,2.93,88,4.59,12.7,6.17,7.6,65,0.83,44.82,Low Demand
2025-11,BK085,දික්තල කාලගෝල (Diktala Kalagola),පුණ්‍යසේන ගුණසිංහ,978-955-9377-71-9,Drama,Galle,33.4,2.97,89,4.6,11.9,5.17,8.8,65,14.04,47.54,Low Demand
2025-11,BK085,දික්තල කාලගෝල (Diktala Kalagola),පුණ්‍යසේන ගුණසිංහ,978-955-9377-71-9,Drama,Kandy,25.5,2.6,78,4.59,11.03,5.6,9.2,65,4.81,45.62,Low Demand
2025-11,BK086,නැන්සි කෲ: ටෙඩි බෙයාර් අබිරහස,කැරොලයින් කීන්,978-955-657-006-8,Translation,Colombo,38.5,3.23,97,3.95,13.17,6.47,7.6,62,0.0,28.11,Low Demand
2025-11,BK086,නැන්සි කෲ: ටෙඩි බෙයාර් අබිරහස,කැරොලයින් කීන්,978-955-657-006-8,Translation,Galle,37.0,2.5,75,3.95,11.17,5.33,7.5,62,0.0,34.03,Low Demand
2025-11,BK086,නැන්සි කෲ: ටෙඩි බෙයාර් අබිරහස,කැරොලයින් කීන්,978-955-657-006-8,Translation,Kandy,28.5,3.03,91,3.95,13.17,5.83,6.8,62,16.58,42.46,Low Demand
2025-11,BK087,කතාව සහ සිහිනය,ක්‍රිස් කුස්නෙස්කි (පරිවර්තනය),978-566-9308-23-4,Short Stories,Colombo,34.0,5.47,164,4.24,21.33,9.83,7.9,57,52.23,69.99,Moderate Demand
2025-11,BK087,කතාව සහ සිහිනය,ක්‍රිස් කුස්නෙස්කි (පරිවර්තනය),978-566-9308-23-4,Short Stories,Galle,34.0,5.27,158,4.24,19.2,9.37,8.5,57,73.59,75.17,High Demand
2025-11,BK087,කතාව සහ සිහිනය,ක්‍රිස් කුස්නෙස්කි (පරිවර්තනය),978-566-9308-23-4,Short Stories,Kandy,31.0,5.83,175,4.23,22.5,10.7,4.8,57,77.03,81.2,High Demand
2025-11,BK088,අඹ යහළුවෝ,ටී. බී. ඉලංගරත්න,978-955-4682-00-9,Novel,Colombo,33.4,4.67,140,4.14,18.57,8.77,7.9,70,43.88,61.96,Moderate Demand
2025-11,BK088,අඹ යහළුවෝ,ටී. බී. ඉලංගරත්න,978-955-4682-00-9,Novel,Galle,34.9,4.4,132,4.14,17.2,8.4,9.1,70,41.9,59.03,Moderate Demand
2025-11,BK088,අඹ යහළුවෝ,ටී. බී. ඉලංගරත්න,978-955-4682-00-9,Novel,Kandy,34.2,4.57,137,4.15,17.53,7.73,7.3,70,45.54,61.87,Moderate Demand
2025-11,BK089,මායා අහස,දිනිති තරුමිණි,978-222-3861-35-8,Young Adult,Colombo,39.2,3.4,102,4.34,13.67,6.4,8.0,66,5.26,29.35,Low Demand
2025-11,BK089,මායා අහස,දිනිති තරුමිණි,978-222-3861-35-8,Young Adult,Galle,33.8,3.0,90,4.33,12.63,6.23,8.2,66,16.65,49.37,Low Demand
2025-11,BK089,මායා අහස,දිනිති තරුමිණි,978-222-3861-35-8,Young Adult,Kandy,37.6,3.83,115,4.32,15.67,7.9,11.1,66,2.49,41.94,Low Demand
2025-11,BK090,අනාගත නගරය,පරිවර්තනය: චන්දන මෙන්ඩිස් (Chandana Mendis),978-587-7471-56-2,Drama,Colombo,33.8,4.53,136,4.24,16.93,8.37,9.6,65,42.18,58.22,Moderate Demand
2025-11,BK090,අනාගත නගරය,පරිවර්තනය: චන්දන මෙන්ඩිස් (Chandana Mendis),978-587-7471-56-2,Drama,Galle,39.6,4.87,146,4.26,18.1,8.6,11.8,65,73.03,79.03,High Demand
2025-11,BK090,අනාගත නගරය,පරිවර්තනය: චන්දන මෙන්ඩිස් (Chandana Mendis),978-587-7471-56-2,Drama,Kandy,28.8,6.03,181,4.27,21.2,10.23,5.8,65,77.71,74.6,High Demand
2025-11,BK091,හැරී පොටර් සහ ෆීනික්ස් නිකාය,ජේ. කේ. රෝලිං - පරි. අභය හේවාවසම්,978-955-573-951-1,Translation,Colombo,37.5,4.23,127,4.12,16.77,7.73,8.4,62,46.87,65.52,Moderate Demand
2025-11,BK091,හැරී පොටර් සහ ෆීනික්ස් නිකාය,ජේ. කේ. රෝලිං - පරි. අභය හේවාවසම්,978-955-573-951-1,Translation,Galle,28.1,3.17,95,4.14,12.63,6.63,8.8,62,6.04,46.38,Low Demand
2025-11,BK091,හැරී පොටර් සහ ෆීනික්ස් නිකාය,ජේ. කේ. රෝලිං - පරි. අභය හේවාවසම්,978-955-573-951-1,Translation,Kandy,34.1,3.33,100,4.12,13.27,6.7,9.0,62,19.18,49.12,Low Demand
2025-11,BK092,සැඟවුණු රහස,රොජර් ලී මැක්බ්‍රයිඩ් (Roger Lea MacBride) - පරිවර්තනය: චිත්‍රා අමරසේකර,978-745-6661-48-1,Historical/Religious,Colombo,30.0,5.7,171,3.35,19.07,9.37,8.5,55,83.23,67.82,Moderate Demand
2025-11,BK092,සැඟවුණු රහස,රොජර් ලී මැක්බ්‍රයිඩ් (Roger Lea MacBride) - පරිවර්තනය: චිත්‍රා අමරසේකර,978-745-6661-48-1,Historical/Religious,Galle,29.7,4.87,146,3.34,18.0,8.37,10.4,55,74.88,64.1,Moderate Demand
2025-11,BK092,සැඟවුණු රහස,රොජර් ලී මැක්බ්‍රයිඩ් (Roger Lea MacBride) - පරිවර්තනය: චිත්‍රා අමරසේකර,978-745-6661-48-1,Historical/Religious,Kandy,36.5,6.13,184,3.34,20.87,10.3,9.7,55,74.97,61.92,Moderate Demand
2025-11,BK093,සෙවනැලි සහ මාලිගාව,පරිවර්තනය: චන්දන මෙන්ඩිස් (Chandana Mendis),978-289-1737-32-0,Poetry,Colombo,36.3,4.37,131,4.03,17.57,8.07,9.4,50,25.32,46.52,Low Demand
2025-11,BK093,සෙවනැලි සහ මාලිගාව,පරිවර්තනය: චන්දන මෙන්ඩිස් (Chandana Mendis),978-289-1737-32-0,Poetry,Galle,38.5,4.63,139,4.03,16.8,7.87,6.3,50,51.54,63.04,Moderate Demand
2025-11,BK093,සෙවනැලි සහ මාලිගාව,පරිවර්තනය: චන්දන මෙන්ඩිස් (Chandana Mendis),978-289-1737-32-0,Poetry,Kandy,29.3,4.8,144,4.04,16.8,7.7,10.1,50,32.08,48.05,Low Demand
2025-11,BK094,නෙවර් ලයි (Never Lie),ෆ්‍රීඩා මැක්ෆැඩන් - පරි. තරුෂි නිරංගා ජයසිංහ,978-624-6570-46-0,Thriller,Colombo,32.4,4.17,125,4.25,15.97,7.67,9.7,76,40.36,66.03,Moderate Demand
2025-11,BK094,නෙවර් ලයි (Never Lie),ෆ්‍රීඩා මැක්ෆැඩන් - පරි. තරුෂි නිරංගා ජයසිංහ,978-624-6570-46-0,Thriller,Galle,30.8,3.9,117,4.25,15.27,7.83,6.9,76,35.74,52.77,Low Demand
2025-11,BK094,නෙවර් ලයි (Never Lie),ෆ්‍රීඩා මැක්ෆැඩන් - පරි. තරුෂි නිරංගා ජයසිංහ,978-624-6570-46-0,Thriller,Kandy,29.7,4.77,143,4.26,19.0,9.43,7.5,76,41.91,54.58,Moderate Demand
2025-11,BK095,ප්‍රේම ගීතය,සමුද්‍ර වෙත්තසිංහ (Samudra Weththasingha),978-573-6220-40-5,Non-fiction,Colombo,38.4,3.53,106,3.76,14.63,7.5,7.8,52,9.43,42.54,Low Demand
2025-11,BK095,ප්‍රේම ගීතය,සමුද්‍ර වෙත්තසිංහ (Samudra Weththasingha),978-573-6220-40-5,Non-fiction,Galle,36.0,3.3,99,3.75,12.6,6.2,8.4,52,29.38,60.67,Moderate Demand
2025-11,BK095,ප්‍රේම ගීතය,සමුද්‍ර වෙත්තසිංහ (Samudra Weththasingha),978-573-6220-40-5,Non-fiction,Kandy,33.2,4.5,135,3.76,16.87,8.4,7.6,52,31.31,58.8,Moderate Demand
2025-11,BK096,පුද්ගලිකයි රහසිගතයි (The Secret Files of Sherlock Holmes),චන්දන මෙන්ඩිස් (පරිවර්තනය),955-97776-4-5,Mystery,Colombo,29.4,5.8,174,4.19,20.83,9.47,8.3,71,76.3,74.44,High Demand
2025-11,BK096,පුද්ගලිකයි රහසිගතයි (The Secret Files of Sherlock Holmes),චන්දන මෙන්ඩිස් (පරිවර්තනය),955-97776-4-5,Mystery,Galle,34.6,4.83,145,4.16,18.5,8.77,9.5,71,59.87,66.0,Moderate Demand
2025-11,BK096,පුද්ගලිකයි රහසිගතයි (The Secret Files of Sherlock Holmes),චන්දන මෙන්ඩිස් (පරිවර්තනය),955-97776-4-5,Mystery,Kandy,34.3,6.17,185,4.19,22.8,11.07,8.0,71,71.33,76.87,High Demand
2025-11,BK097,පරණ කතාව,මාර්ටින් වික්‍රමසිංහ,978-528-5693-75-7,Children's,Colombo,32.2,4.7,141,4.9,18.17,8.7,9.3,60,47.56,57.79,Moderate Demand
2025-11,BK097,පරණ කතාව,මාර්ටින් වික්‍රමසිංහ,978-528-5693-75-7,Children's,Galle,28.3,3.63,109,4.89,13.9,6.43,7.5,60,18.92,53.59,Low Demand
2025-11,BK097,පරණ කතාව,මාර්ටින් වික්‍රමසිංහ,978-528-5693-75-7,Children's,Kandy,32.4,4.97,149,4.9,19.2,8.9,7.5,60,57.39,67.35,Moderate Demand
2025-11,BK098,මාණික්කාවත (Manikkawatha),මහින්ද ප්‍රසාද් මසිඹුල,978-955-098-023-9,Novel,Colombo,32.4,2.63,79,4.13,10.2,5.1,7.3,70,0.0,37.43,Low Demand
2025-11,BK098,මාණික්කාවත (Manikkawatha),මහින්ද ප්‍රසාද් මසිඹුල,978-955-098-023-9,Novel,Galle,37.4,2.63,79,4.12,11.0,5.6,8.6,70,1.19,40.38,Low Demand
2025-11,BK098,මාණික්කාවත (Manikkawatha),මහින්ද ප්‍රසාද් මසිඹුල,978-955-098-023-9,Novel,Kandy,29.2,2.7,81,4.14,11.9,5.87,8.8,70,0.0,39.72,Low Demand
2025-11,BK099,ගංගාව සහ ගංගාව,"ජේම්ස් හැඩ්ලි චේස් (James Hadley Chase), පරිවර්තනය: එන්. ජී. විජේරත්න (Translation: N. G. Wijerathna)",978-493-2631-22-5,Children's,Colombo,40.5,3.3,99,4.42,13.67,6.37,7.3,60,14.48,35.09,Low Demand
2025-11,BK099,ගංගාව සහ ගංගාව,"ජේම්ස් හැඩ්ලි චේස් (James Hadley Chase), පරිවර්තනය: එන්. ජී. විජේරත්න (Translation: N. G. Wijerathna)",978-493-2631-22-5,Children's,Galle,29.4,3.4,102,4.42,13.2,6.6,8.7,60,24.5,48.3,Low Demand
2025-11,BK099,ගංගාව සහ ගංගාව,"ජේම්ස් හැඩ්ලි චේස් (James Hadley Chase), පරිවර්තනය: එන්. ජී. විජේරත්න (Translation: N. G. Wijerathna)",978-493-2631-22-5,Children's,Kandy,25.8,2.97,89,4.42,13.0,5.73,9.1,60,2.05,35.2,Low Demand
2025-11,BK100,රන් මතකය,ලසිත රවීන් උමගිලිය,978-825-3894-18-1,Young Adult,Colombo,34.8,6.93,208,3.78,26.07,12.6,9.5,66,92.89,78.88,High Demand
2025-11,BK100,රන් මතකය,ලසිත රවීන් උමගිලිය,978-825-3894-18-1,Young Adult,Galle,35.0,6.0,180,3.8,21.37,10.13,9.3,66,90.22,75.9,High Demand
2025-11,BK100,රන් මතකය,ලසිත රවීන් උමගිලිය,978-825-3894-18-1,Young Adult,Kandy,31.0,8.4,252,3.81,28.73,13.7,8.0,66,100.0,86.24,High Demand
2025-12,BK001,Ape Gama,Martin Wickramasinghe,978-955-31-2954-3,Novel,Colombo,38.1,7.13,214,4.23,23.83,11.33,9.5,70,86.22,74.0,High Demand
2025-12,BK001,Ape Gama,Martin Wickramasinghe,978-955-31-2954-3,Novel,Galle,34.7,7.0,210,4.24,24.13,11.53,7.4,70,92.85,78.87,High Demand
2025-12,BK001,Ape Gama,Martin Wickramasinghe,978-955-31-2954-3,Novel,Kandy,28.6,7.17,215,4.22,25.8,12.6,8.3,70,89.83,81.63,High Demand
2025-12,BK002,Viragaya,Martin Wickramasinghe,978-955-1234-01-2,Novel,Colombo,33.6,4.73,142,3.9,18.07,8.57,10.6,70,29.64,52.37,Low Demand
2025-12,BK002,Viragaya,Martin Wickramasinghe,978-955-1234-01-2,Novel,Galle,25.4,4.73,142,3.91,17.53,8.17,8.4,70,47.72,59.11,Moderate Demand
2025-12,BK002,Viragaya,Martin Wickramasinghe,978-955-1234-01-2,Novel,Kandy,31.3,6.33,190,3.92,23.47,10.7,7.1,70,86.42,88.1,High Demand
2025-12,BK003,Gamperaliya,Martin Wickramasinghe,978-955-1234-02-9,Novel,Colombo,34.9,6.57,197,4.7,22.47,10.9,9.6,70,80.26,84.96,High Demand
2025-12,BK003,Gamperaliya,Martin Wickramasinghe,978-955-1234-02-9,Novel,Galle,31.6,7.0,210,4.69,23.53,11.53,7.0,70,97.59,96.08,High Demand
2025-12,BK003,Gamperaliya,Martin Wickramasinghe,978-955-1234-02-9,Novel,Kandy,28.9,7.23,217,4.71,23.6,10.7,7.6,70,90.17,94.57,High Demand
2025-12,BK004,Madol Duwa,Martin Wickramasinghe,978-955-1234-03-6,Children's,Colombo,36.4,6.7,201,3.95,22.13,10.23,6.4,60,80.48,83.89,High Demand
2025-12,BK004,Madol Duwa,Martin Wickramasinghe,978-955-1234-03-6,Children's,Galle,33.4,4.97,149,3.95,17.97,8.7,7.1,60,54.16,61.81,Moderate Demand
2025-12,BK004,Madol Duwa,Martin Wickramasinghe,978-955-1234-03-6,Children's,Kandy,36.5,5.77,173,3.96,21.33,10.1,9.0,60,58.97,68.59,Moderate Demand
2025-12,BK005,Senkottan,Mahinda Prasad Masimbula,978-955-3031-15-8,Novel,Colombo,29.3,3.43,103,3.54,13.23,6.5,6.6,70,9.8,44.35,Low Demand
2025-12,BK005,Senkottan,Mahinda Prasad Masimbula,978-955-3031-15-8,Novel,Galle,36.1,3.33,100,3.55,13.63,6.33,7.2,70,10.56,40.89,Low Demand
2025-12,BK005,Senkottan,Mahinda Prasad Masimbula,978-955-3031-15-8,Novel,Kandy,29.0,3.13,94,3.52,12.93,6.2,10.1,70,7.29,34.82,Low Demand
2025-12,BK006,Malagiya Attho,Ediriweera Sarachchandra,978-955-9012-05-4,Novel,Colombo,34.4,7.93,238,3.76,26.37,12.5,8.7,70,100.0,86.05,High Demand
2025-12,BK006,Malagiya Attho,Ediriweera Sarachchandra,978-955-9012-05-4,Novel,Galle,32.7,7.23,217,3.77,25.77,11.6,8.3,70,100.0,93.05,High Demand
2025-12,BK006,Malagiya Attho,Ediriweera Sarachchandra,978-955-9012-05-4,Novel,Kandy,36.4,6.87,206,3.79,24.9,11.83,8.3,70,79.29,79.72,High Demand
2025-12,BK007,Amba Yaluwo,T. B. Ilangaratne,978-955-8877-66-5,Novel,Colombo,35.8,6.6,198,4.26,23.67,10.83,7.9,70,81.12,84.54,High Demand
2025-12,BK007,Amba Yaluwo,T. B. Ilangaratne,978-955-8877-66-5,Novel,Galle,30.8,5.83,175,4.27,21.83,10.7,9.1,70,63.76,72.41,High Demand
2025-12,BK007,Amba Yaluwo,T. B. Ilangaratne,978-955-8877-66-5,Novel,Kandy,31.8,6.47,194,4.28,22.87,10.93,7.3,70,63.9,72.95,High Demand
2025-12,BK008,Guru Geethaya,Chingiz Aitmatov (Trans.),978-955-6543-20-1,Translated Classic,Colombo,35.0,7.2,216,4.25,24.23,11.93,9.7,78,89.31,80.18,High Demand
2025-12,BK008,Guru Geethaya,Chingiz Aitmatov (Trans.),978-955-6543-20-1,Translated Classic,Galle,30.0,7.17,215,4.25,24.67,11.07,8.9,78,92.79,85.39,High Demand
2025-12,BK008,Guru Geethaya,Chingiz Aitmatov (Trans.),978-955-6543-20-1,Translated Classic,Kandy,28.5,7.07,212,4.27,24.23,10.83,6.5,78,77.36,85.14,High Demand
2025-12,BK009,Sanda Gawa Gini,Sumithra Rahubadda,978-955-4422-33-7,Novel,Colombo,32.2,3.2,96,4.26,12.47,6.43,8.7,70,13.64,41.72,Low Demand
2025-12,BK009,Sanda Gawa Gini,Sumithra Rahubadda,978-955-4422-33-7,Novel,Galle,34.3,2.6,78,4.25,10.13,4.9,9.7,70,2.82,25.32,Low Demand
2025-12,BK009,Sanda Gawa Gini,Sumithra Rahubadda,978-955-4422-33-7,Novel,Kandy,31.3,3.53,106,4.26,15.67,8.1,7.8,70,12.12,37.42,Low Demand
2025-12,BK010,Karumakkarayo,Gunadasa Amarasekara,978-955-5678-10-1,Novel,Colombo,37.6,5.7,171,4.38,19.2,8.77,9.8,70,48.67,56.18,Moderate Demand
2025-12,BK010,Karumakkarayo,Gunadasa Amarasekara,978-955-5678-10-1,Novel,Galle,32.2,5.77,173,4.39,21.23,9.9,8.0,70,61.92,67.08,Moderate Demand
2025-12,BK010,Karumakkarayo,Gunadasa Amarasekara,978-955-5678-10-1,Novel,Kandy,34.4,5.93,178,4.38,21.3,10.57,9.5,70,57.9,58.29,Moderate Demand
2025-12,BK011,Yali Upannemi,Gunadasa Amarasekara,978-955-5678-11-8,Novel,Colombo,31.1,5.2,156,3.9,17.2,8.3,7.9,70,44.93,51.84,Low Demand
2025-12,BK011,Yali Upannemi,Gunadasa Amarasekara,978-955-5678-11-8,Novel,Galle,36.2,4.67,140,3.91,17.87,8.97,7.5,70,41.62,57.49,Moderate Demand
2025-12,BK011,Yali Upannemi,Gunadasa Amarasekara,978-955-5678-11-8,Novel,Kandy,36.3,5.13,154,3.91,18.77,8.97,7.9,70,47.17,66.94,Moderate Demand
2025-12,BK012,Vilambitha,Mahinda Prasad Masimbula,978-955-3031-16-5,Novel,Colombo,31.9,7.13,214,4.88,24.67,11.9,7.8,70,84.91,82.18,High Demand
2025-12,BK012,Vilambitha,Mahinda Prasad Masimbula,978-955-3031-16-5,Novel,Galle,30.2,7.7,231,4.87,27.03,11.93,8.8,70,98.35,84.67,High Demand
2025-12,BK012,Vilambitha,Mahinda Prasad Masimbula,978-955-3031-16-5,Novel,Kandy,40.4,8.83,265,4.86,27.23,11.97,9.2,70,94.12,81.4,High Demand
2025-12,BK013,Kaliyugaya,Martin Wickramasinghe,978-955-1234-04-3,Novel,Colombo,28.8,6.63,199,4.16,21.87,10.43,9.8,70,74.4,77.34,High Demand
2025-12,BK013,Kaliyugaya,Martin Wickramasinghe,978-955-1234-04-3,Novel,Galle,33.6,5.5,165,4.18,20.27,9.27,8.2,70,65.73,79.15,High Demand
2025-12,BK013,Kaliyugaya,Martin Wickramasinghe,978-955-1234-04-3,Novel,Kandy,39.0,6.4,192,4.17,22.6,11.17,7.5,70,56.77,66.24,Moderate Demand
2025-12,BK014,Yuganthaya,Martin Wickramasinghe,978-955-1234-05-0,Novel,Colombo,30.2,7.0,210,3.97,24.9,12.43,5.9,70,89.58,88.1,High Demand
2025-12,BK014,Yuganthaya,Martin Wickramasinghe,978-955-1234-05-0,Novel,Galle,38.7,6.4,192,3.96,24.2,11.9,7.5,70,95.41,90.52,High Demand
2025-12,BK014,Yuganthaya,Martin Wickramasinghe,978-955-1234-05-0,Novel,Kandy,36.2,7.3,219,3.94,25.63,11.57,8.0,70,88.9,83.06,High Demand
2025-12,BK015,Bavatharanaya,Martin Wickramasinghe,978-955-1234-06-7,Novel,Colombo,27.9,5.03,151,4.2,19.4,9.07,7.9,70,27.17,57.36,Moderate Demand
2025-12,BK015,Bavatharanaya,Martin Wickramasinghe,978-955-1234-06-7,Novel,Galle,27.7,4.7,141,4.15,18.07,8.8,8.7,70,43.94,68.61,Moderate Demand
2025-12,BK015,Bavatharanaya,Martin Wickramasinghe,978-955-1234-06-7,Novel,Kandy,31.7,5.43,163,4.16,20.33,9.6,8.4,70,55.76,74.09,High Demand
2025-12,BK016,Lolita,Vladimir Nabokov (Trans.),978-955-3022-10-1,Translated Classic,Colombo,32.5,4.8,144,4.44,17.2,8.27,10.5,78,33.13,60.9,Moderate Demand
2025-12,BK016,Lolita,Vladimir Nabokov (Trans.),978-955-3022-10-1,Translated Classic,Galle,31.5,3.6,108,4.42,15.33,7.5,7.4,78,38.73,64.68,Moderate Demand
2025-12,BK016,Lolita,Vladimir Nabokov (Trans.),978-955-3022-10-1,Translated Classic,Kandy,38.9,5.13,154,4.46,18.87,9.27,10.2,78,49.69,67.84,Moderate Demand
2025-12,BK017,Aprasanna Kathavak,Karunasena Jayalath,978-955-1100-33-5,Novel,Colombo,26.6,5.2,156,4.06,18.8,8.87,7.5,70,56.16,62.63,Moderate Demand
2025-12,BK017,Aprasanna Kathavak,Karunasena Jayalath,978-955-1100-33-5,Novel,Galle,34.3,5.23,157,4.07,18.6,8.9,7.4,70,61.86,70.72,Moderate Demand
2025-12,BK017,Aprasanna Kathavak,Karunasena Jayalath,978-955-1100-33-5,Novel,Kandy,32.6,5.87,176,4.07,20.43,9.6,6.2,70,52.21,54.35,Low Demand
2025-12,BK018,Golu Hadawatha,Karunasena Jayalath,978-955-1100-34-2,Novel,Colombo,29.9,3.6,108,4.26,13.73,6.27,10.0,70,33.37,56.0,Moderate Demand
2025-12,BK018,Golu Hadawatha,Karunasena Jayalath,978-955-1100-34-2,Novel,Galle,36.5,2.6,78,4.26,12.0,5.67,8.0,70,4.72,42.37,Low Demand
2025-12,BK018,Golu Hadawatha,Karunasena Jayalath,978-955-1100-34-2,Novel,Kandy,29.4,3.63,109,4.26,14.33,6.9,8.1,70,0.0,36.45,Low Demand
2025-12,BK019,Gahanu Lamai,Karunasena Jayalath,978-955-1100-35-9,Novel,Colombo,32.0,7.83,235,3.82,28.0,12.83,8.4,70,100.0,91.25,High Demand
2025-12,BK019,Gahanu Lamai,Karunasena Jayalath,978-955-1100-35-9,Novel,Galle,31.3,7.23,217,3.82,24.03,11.27,8.2,70,82.14,73.37,High Demand
2025-12,BK019,Gahanu Lamai,Karunasena Jayalath,978-955-1100-35-9,Novel,Kandy,35.5,7.97,239,3.82,26.77,12.23,7.6,70,100.0,87.47,High Demand
2025-12,BK020,Kulakumariya,T. B. Ilangaratne,978-955-8877-67-2,Novel,Colombo,34.0,6.57,197,4.16,25.23,11.4,7.6,70,80.89,78.36,High Demand
2025-12,BK020,Kulakumariya,T. B. Ilangaratne,978-955-8877-67-2,Novel,Galle,33.2,5.77,173,4.16,19.63,9.47,7.8,70,60.32,63.05,Moderate Demand
2025-12,BK020,Kulakumariya,T. B. Ilangaratne,978-955-8877-67-2,Novel,Kandy,34.0,6.07,182,4.16,22.93,10.67,8.8,70,62.99,67.67,Moderate Demand
2025-12,BK021,Lasanda,T. B. Ilangaratne,978-955-8877-68-9,Novel,Colombo,38.3,6.4,192,4.45,22.27,10.3,10.5,70,72.96,81.79,High Demand
2025-12,BK021,Lasanda,T. B. Ilangaratne,978-955-8877-68-9,Novel,Galle,30.1,6.77,203,4.43,23.73,10.87,7.4,70,91.92,83.73,High Demand
2025-12,BK021,Lasanda,T. B. Ilangaratne,978-955-8877-68-9,Novel,Kandy,32.6,6.27,188,4.45,22.9,10.87,6.9,70,74.56,80.57,High Demand
2025-12,BK022,Maname,Ediriweera Sarachchandra,978-955-9012-06-1,Drama,Colombo,27.9,4.23,127,3.85,16.7,7.87,7.7,65,37.75,56.76,Moderate Demand
2025-12,BK022,Maname,Ediriweera Sarachchandra,978-955-9012-06-1,Drama,Galle,34.4,3.57,107,3.85,13.83,6.83,7.8,65,24.05,55.58,Moderate Demand
2025-12,BK022,Maname,Ediriweera Sarachchandra,978-955-9012-06-1,Drama,Kandy,35.8,4.63,139,3.86,17.43,8.33,10.3,65,29.72,47.37,Low Demand
2025-12,BK023,Sinhabahu,Ediriweera Sarachchandra,978-955-9012-07-8,Drama,Colombo,37.7,7.83,235,4.0,25.8,12.33,9.8,65,100.0,94.57,High Demand
2025-12,BK023,Sinhabahu,Ediriweera Sarachchandra,978-955-9012-07-8,Drama,Galle,31.7,7.97,239,3.99,26.4,12.1,11.7,65,100.0,86.85,High Demand
2025-12,BK023,Sinhabahu,Ediriweera Sarachchandra,978-955-9012-07-8,Drama,Kandy,35.4,7.33,220,4.0,24.3,11.47,7.8,65,93.52,72.72,High Demand
2025-12,BK024,Walmath Vee Atharaman Veemi,Simon Navagattegama,978-955-7733-11-2,Novel,Colombo,29.6,6.8,204,4.17,23.7,10.57,7.6,70,92.37,89.44,High Demand
2025-12,BK024,Walmath Vee Atharaman Veemi,Simon Navagattegama,978-955-7733-11-2,Novel,Galle,36.6,6.23,187,4.17,23.13,10.97,7.9,70,86.97,84.51,High Demand
2025-12,BK024,Walmath Vee Atharaman Veemi,Simon Navagattegama,978-955-7733-11-2,Novel,Kandy,33.7,7.6,228,4.16,25.0,12.1,8.1,70,99.22,88.22,High Demand
2025-12,BK025,Sansaranyaye Dadayakkara,Simon Navagattegama,978-955-7733-12-9,Novel,Colombo,33.2,7.53,226,3.28,23.97,10.9,7.8,70,93.72,79.43,High Demand
2025-12,BK025,Sansaranyaye Dadayakkara,Simon Navagattegama,978-955-7733-12-9,Novel,Galle,29.6,6.83,205,3.28,24.6,11.7,10.6,70,96.46,72.83,High Demand
2025-12,BK025,Sansaranyaye Dadayakkara,Simon Navagattegama,978-955-7733-12-9,Novel,Kandy,33.3,7.37,221,3.28,26.5,12.13,6.8,70,99.34,87.53,High Demand
2025-12,BK026,Kavikandarawa,Mahinda Prasad Masimbula,978-955-3031-17-2,Poetry,Colombo,37.7,3.47,104,4.38,13.8,6.87,7.5,50,20.65,47.54,Low Demand
2025-12,BK026,Kavikandarawa,Mahinda Prasad Masimbula,978-955-3031-17-2,Poetry,Galle,33.6,3.4,102,4.37,14.0,6.63,8.8,50,18.91,51.24,Low Demand
2025-12,BK026,Kavikandarawa,Mahinda Prasad Masimbula,978-955-3031-17-2,Poetry,Kandy,31.9,3.07,92,4.38,13.13,6.47,7.8,50,0.0,32.32,Low Demand
2025-12,BK027,Dodamlu Iwura,Sumithra Rahubadda,978-955-4422-34-4,Novel,Colombo,24.7,5.83,175,4.99,23.33,10.67,7.8,70,55.24,72.62,High Demand
2025-12,BK027,Dodamlu Iwura,Sumithra Rahubadda,978-955-4422-34-4,Novel,Galle,32.1,4.83,145,4.98,18.33,8.73,9.6,70,66.87,75.71,High Demand
2025-12,BK027,Dodamlu Iwura,Sumithra Rahubadda,978-955-4422-34-4,Novel,Kandy,30.4,4.77,143,4.97,17.73,8.9,9.3,70,40.66,63.04,Moderate Demand
2025-12,BK028,Bumuthurunu,Sumithra Rahubadda,978-955-4422-35-1,Novel,Colombo,35.9,3.23,97,4.07,12.1,5.93,10.4,70,12.23,38.5,Low Demand
2025-12,BK028,Bumuthurunu,Sumithra Rahubadda,978-955-4422-35-1,Novel,Galle,25.5,2.43,73,4.09,10.87,5.33,8.3,70,0.0,38.31,Low Demand
2025-12,BK028,Bumuthurunu,Sumithra Rahubadda,978-955-4422-35-1,Novel,Kandy,33.0,3.37,101,4.07,13.73,6.33,7.1,70,16.55,53.13,Low Demand
2025-12,BK029,Podi Hamuduruwo,Sybil Wettasinghe,978-955-2011-44-3,Children's,Colombo,32.6,3.03,91,4.56,12.83,6.3,10.8,60,0.0,37.66,Low Demand
2025-12,BK029,Podi Hamuduruwo,Sybil Wettasinghe,978-955-2011-44-3,Children's,Galle,37.3,3.37,101,4.57,14.17,7.2,7.7,60,25.9,55.48,Moderate Demand
2025-12,BK029,Podi Hamuduruwo,Sybil Wettasinghe,978-955-2011-44-3,Children's,Kandy,36.7,3.87,116,4.56,14.2,6.77,9.1,60,8.17,41.39,Low Demand
2025-12,BK030,Kuda Hora,Sybil Wettasinghe,978-955-2011-45-0,Children's,Colombo,38.5,5.17,155,4.07,20.27,9.37,6.9,60,38.78,65.97,Moderate Demand
2025-12,BK030,Kuda Hora,Sybil Wettasinghe,978-955-2011-45-0,Children's,Galle,34.6,6.23,187,4.07,21.27,9.87,7.3,60,89.81,82.4,High Demand
2025-12,BK030,Kuda Hora,Sybil Wettasinghe,978-955-2011-45-0,Children's,Kandy,32.7,7.03,211,4.06,24.9,11.2,7.5,60,75.71,78.99,High Demand
2025-12,BK031,Maria Cylonica,P. B. Jayasekara,978-955-6611-22-3,Novel,Colombo,35.1,5.93,178,3.87,22.13,10.37,8.9,70,61.77,60.15,Moderate Demand
2025-12,BK031,Maria Cylonica,P. B. Jayasekara,978-955-6611-22-3,Novel,Galle,35.5,6.73,202,3.85,24.4,11.1,6.0,70,71.81,68.65,Moderate Demand
2025-12,BK031,Maria Cylonica,P. B. Jayasekara,978-955-6611-22-3,Novel,Kandy,32.8,6.77,203,3.88,25.27,12.17,9.5,70,85.44,77.06,High Demand
2025-12,BK032,Atawaka Putthu,Liyanage Amarakeerthi,978-955-3044-55-4,Novel,Colombo,35.9,7.8,234,4.24,27.13,12.6,9.5,70,90.54,84.39,High Demand
2025-12,BK032,Atawaka Putthu,Liyanage Amarakeerthi,978-955-3044-55-4,Novel,Galle,32.7,7.9,237,4.24,27.63,13.17,7.5,70,100.0,91.22,High Demand
2025-12,BK032,Atawaka Putthu,Liyanage Amarakeerthi,978-955-3044-55-4,Novel,Kandy,32.2,7.97,239,4.24,24.83,11.77,9.5,70,93.88,82.43,High Demand
2025-12,BK033,Kurulu Hadawatha,Liyanage Amarakeerthi,978-955-3044-56-1,Novel,Colombo,34.8,4.23,127,3.54,15.67,7.4,8.7,70,29.65,53.62,Low Demand
2025-12,BK033,Kurulu Hadawatha,Liyanage Amarakeerthi,978-955-3044-56-1,Novel,Galle,34.3,4.57,137,3.54,17.43,8.9,8.1,70,41.93,53.32,Low Demand
2025-12,BK033,Kurulu Hadawatha,Liyanage Amarakeerthi,978-955-3044-56-1,Novel,Kandy,33.7,4.57,137,3.56,16.77,7.9,8.8,70,33.34,52.63,Low Demand
2025-12,BK034,Gini Avi saha Gini Keli,Anura Horatious,978-955-9988-11-2,Novel,Colombo,25.0,4.7,141,3.74,18.73,9.17,8.0,70,32.75,51.52,Low Demand
2025-12,BK034,Gini Avi saha Gini Keli,Anura Horatious,978-955-9988-11-2,Novel,Galle,27.1,3.97,119,3.73,15.77,7.4,9.3,70,43.46,59.43,Moderate Demand
2025-12,BK034,Gini Avi saha Gini Keli,Anura Horatious,978-955-9988-11-2,Novel,Kandy,27.5,4.6,138,3.75,17.23,8.3,11.1,70,24.35,44.49,Low Demand
2025-12,BK035,Daskon,Wimalaratne Kumaragama,978-955-2233-44-5,Poetry,Colombo,32.8,6.03,181,4.43,21.9,10.67,7.8,50,82.58,83.07,High Demand
2025-12,BK035,Daskon,Wimalaratne Kumaragama,978-955-2233-44-5,Poetry,Galle,31.9,4.5,135,4.42,17.3,8.17,9.8,50,45.18,58.51,Moderate Demand
2025-12,BK035,Daskon,Wimalaratne Kumaragama,978-955-2233-44-5,Poetry,Kandy,37.1,6.7,201,4.41,23.93,11.37,10.5,50,75.11,71.4,Moderate Demand
2025-12,BK036,Pethigomara,K. Jayatillake,978-955-1555-11-0,Novel,Colombo,27.3,4.13,124,4.18,16.5,7.8,8.0,70,26.96,48.32,Low Demand
2025-12,BK036,Pethigomara,K. Jayatillake,978-955-1555-11-0,Novel,Galle,27.7,3.73,112,4.19,13.67,7.17,8.3,70,28.07,50.41,Low Demand
2025-12,BK036,Pethigomara,K. Jayatillake,978-955-1555-11-0,Novel,Kandy,34.1,4.07,122,4.17,15.83,7.57,7.4,70,27.67,55.26,Moderate Demand
2025-12,BK037,Charitha Thunak,K. Jayatillake,978-955-1555-12-7,Novel,Colombo,36.8,3.57,107,3.94,14.2,6.93,9.6,70,0.29,41.56,Low Demand
2025-12,BK037,Charitha Thunak,K. Jayatillake,978-955-1555-12-7,Novel,Galle,28.6,2.67,80,3.92,12.03,5.87,6.8,70,4.33,38.52,Low Demand
2025-12,BK037,Charitha Thunak,K. Jayatillake,978-955-1555-12-7,Novel,Kandy,31.2,4.13,124,3.93,15.97,7.73,8.0,70,28.73,59.6,Moderate Demand
2025-12,BK038,Parajithayo,Siri Gunasinghe,978-955-1100-23-6,Novel,Colombo,31.8,5.1,153,4.34,18.4,8.9,7.8,70,48.95,67.31,Moderate Demand
2025-12,BK038,Parajithayo,Siri Gunasinghe,978-955-1100-23-6,Novel,Galle,34.7,5.07,152,4.35,19.7,9.73,8.1,70,62.44,59.73,Moderate Demand
2025-12,BK038,Parajithayo,Siri Gunasinghe,978-955-1100-23-6,Novel,Kandy,30.1,5.9,177,4.36,21.1,10.23,8.6,70,57.59,66.95,Moderate Demand
2025-12,BK039,Rosa Malak Mata Denna,Shanthi Dissanayake,978-955-6677-88-1,Novel,Colombo,38.3,4.27,128,4.84,15.57,7.3,7.6,70,31.82,52.16,Low Demand
2025-12,BK039,Rosa Malak Mata Denna,Shanthi Dissanayake,978-955-6677-88-1,Novel,Galle,32.8,3.7,111,4.83,14.53,7.23,7.0,70,10.89,44.54,Low Demand
2025-12,BK039,Rosa Malak Mata Denna,Shanthi Dissanayake,978-955-6677-88-1,Novel,Kandy,27.2,4.13,124,4.83,16.37,8.1,6.8,70,26.22,57.24,Moderate Demand
2025-12,BK040,Paradal,Shanthi Dissanayake,978-955-6677-89-8,Novel,Colombo,30.5,7.2,216,4.16,25.4,12.23,9.8,70,100.0,92.57,High Demand
2025-12,BK040,Paradal,Shanthi Dissanayake,978-955-6677-89-8,Novel,Galle,30.4,5.47,164,4.13,21.2,9.7,6.8,70,56.47,70.71,Moderate Demand
2025-12,BK040,Paradal,Shanthi Dissanayake,978-955-6677-89-8,Novel,Kandy,32.7,6.97,209,4.17,24.47,11.73,10.2,70,82.6,72.0,High Demand
2025-12,BK041,Girikulu,Shanthi Dissanayake,978-955-6677-90-4,Novel,Colombo,29.7,4.93,148,3.97,18.63,8.73,6.2,70,34.51,52.09,Low Demand
2025-12,BK041,Girikulu,Shanthi Dissanayake,978-955-6677-90-4,Novel,Galle,31.4,4.33,130,3.95,16.17,7.57,7.8,70,41.11,62.37,Moderate Demand
2025-12,BK041,Girikulu,Shanthi Dissanayake,978-955-6677-90-4,Novel,Kandy,32.9,4.7,141,3.97,18.37,9.0,7.9,70,32.9,49.37,Low Demand
2025-12,BK042,Sakkarang,Prasanna Vithanage (Adapt.),978-955-3322-11-9,Drama,Colombo,40.5,6.3,189,3.58,20.23,10.07,8.1,65,53.29,66.41,Moderate Demand
2025-12,BK042,Sakkarang,Prasanna Vithanage (Adapt.),978-955-3322-11-9,Drama,Galle,33.6,6.47,194,3.58,24.4,11.43,8.8,65,87.83,78.52,High Demand
2025-12,BK042,Sakkarang,Prasanna Vithanage (Adapt.),978-955-3322-11-9,Drama,Kandy,31.1,7.7,231,3.55,26.8,12.83,9.0,65,100.0,83.6,High Demand
2025-12,BK043,Bhatti,Edward Mallawaarachchi,978-955-5544-33-2,Novel,Colombo,34.3,6.43,193,4.13,23.17,10.97,7.8,70,67.04,67.55,Moderate Demand
2025-12,BK043,Bhatti,Edward Mallawaarachchi,978-955-5544-33-2,Novel,Galle,38.1,5.37,161,4.13,19.27,9.3,7.6,70,61.26,69.1,Moderate Demand
2025-12,BK043,Bhatti,Edward Mallawaarachchi,978-955-5544-33-2,Novel,Kandy,38.0,6.67,200,4.11,23.2,11.07,7.2,70,55.94,69.39,Moderate Demand
2025-12,BK044,Sihina Kumari,Edward Mallawaarachchi,978-955-5544-34-9,Novel,Colombo,33.4,4.9,147,4.31,18.6,8.57,7.7,70,48.4,57.26,Moderate Demand
2025-12,BK044,Sihina Kumari,Edward Mallawaarachchi,978-955-5544-34-9,Novel,Galle,27.9,4.73,142,4.31,17.9,8.73,10.6,70,31.71,49.6,Low Demand
2025-12,BK044,Sihina Kumari,Edward Mallawaarachchi,978-955-5544-34-9,Novel,Kandy,33.1,4.07,122,4.32,15.7,7.63,6.7,70,13.01,61.41,Moderate Demand
2025-12,BK045,Adaraneeya Wasthuwe,Upul Shantha Sannasgala,978-955-8811-22-5,Novel,Colombo,35.7,7.27,218,3.98,25.2,11.63,7.3,70,83.26,70.12,Moderate Demand
2025-12,BK045,Adaraneeya Wasthuwe,Upul Shantha Sannasgala,978-955-8811-22-5,Novel,Galle,33.1,6.43,193,3.99,23.73,10.63,6.7,70,74.4,81.92,High Demand
2025-12,BK045,Adaraneeya Wasthuwe,Upul Shantha Sannasgala,978-955-8811-22-5,Novel,Kandy,33.5,7.47,224,3.98,26.2,12.87,8.5,70,75.89,68.07,Moderate Demand
2025-12,BK046,Warna,Upul Shantha Sannasgala,978-955-8811-23-2,Poetry,Colombo,34.3,8.43,253,4.66,27.5,12.93,10.7,50,100.0,83.96,High Demand
2025-12,BK046,Warna,Upul Shantha Sannasgala,978-955-8811-23-2,Poetry,Galle,31.7,6.07,182,4.67,21.03,10.0,8.9,50,83.05,87.55,High Demand
2025-12,BK046,Warna,Upul Shantha Sannasgala,978-955-8811-23-2,Poetry,Kandy,32.4,7.3,219,4.66,24.1,11.07,9.5,50,81.35,76.3,High Demand
2025-12,BK047,Amma,Maxim Gorky (Trans.),978-955-6655-44-1,Translated Classic,Colombo,29.8,4.9,147,4.46,17.83,8.53,6.4,78,41.43,68.43,Moderate Demand
2025-12,BK047,Amma,Maxim Gorky (Trans.),978-955-6655-44-1,Translated Classic,Galle,29.1,3.8,114,4.47,14.3,7.6,7.6,78,16.62,49.93,Low Demand
2025-12,BK047,Amma,Maxim Gorky (Trans.),978-955-6655-44-1,Translated Classic,Kandy,31.8,5.2,156,4.46,18.53,8.87,6.8,78,34.17,60.97,Moderate Demand
2025-12,BK048,Anna Karenina,Leo Tolstoy (Trans.),978-955-6655-45-8,Translated Classic,Colombo,34.2,5.1,153,4.36,19.33,9.27,7.3,78,37.17,47.96,Low Demand
2025-12,BK048,Anna Karenina,Leo Tolstoy (Trans.),978-955-6655-45-8,Translated Classic,Galle,30.2,3.8,114,4.35,14.73,7.07,11.9,78,24.82,60.88,Moderate Demand
2025-12,BK048,Anna Karenina,Leo Tolstoy (Trans.),978-955-6655-45-8,Translated Classic,Kandy,33.6,4.7,141,4.36,16.6,8.47,9.3,78,32.41,59.01,Moderate Demand
2025-12,BK049,Post-Modernism,Various,978-955-1212-12-1,Academic,Colombo,34.1,6.27,188,3.84,22.8,10.5,8.2,45,73.33,69.83,Moderate Demand
2025-12,BK049,Post-Modernism,Various,978-955-1212-12-1,Academic,Galle,31.7,6.07,182,3.85,21.0,9.63,7.3,45,87.36,89.31,High Demand
2025-12,BK049,Post-Modernism,Various,978-955-1212-12-1,Academic,Kandy,34.3,6.57,197,3.86,22.03,10.37,10.2,45,84.99,75.31,High Demand
2025-12,BK050,Mahavamsa,Mahanama Thera,978-955-0011-22-3,Historical/Religious,Colombo,32.9,3.37,101,4.3,13.2,6.8,8.2,55,12.17,44.98,Low Demand
2025-12,BK050,Mahavamsa,Mahanama Thera,978-955-0011-22-3,Historical/Religious,Galle,34.0,2.63,79,4.31,10.5,5.8,8.0,55,5.37,36.8,Low Demand
2025-12,BK050,Mahavamsa,Mahanama Thera,978-955-0011-22-3,Historical/Religious,Kandy,29.4,3.63,109,4.31,14.47,7.23,9.6,55,14.85,35.96,Low Demand
2025-12,BK051,Saddharmaratnavaliya,Dharmasena Thera,978-955-0011-23-0,Historical/Religious,Colombo,27.9,3.23,97,3.99,13.3,6.77,8.5,55,6.46,39.83,Low Demand
2025-12,BK051,Saddharmaratnavaliya,Dharmasena Thera,978-955-0011-23-0,Historical/Religious,Galle,38.9,3.83,115,3.99,14.23,7.03,8.8,55,34.58,48.69,Low Demand
2025-12,BK051,Saddharmaratnavaliya,Dharmasena Thera,978-955-0011-23-0,Historical/Religious,Kandy,33.2,3.97,119,4.0,15.6,7.37,7.8,55,16.2,46.14,Low Demand
2025-12,BK052,අනාගත අහස,මාර්ටින් වික්‍රමසිංහ (පරිවර්තනය),978-147-1385-34-4,Historical/Religious,Colombo,35.3,2.6,78,4.62,10.67,5.13,10.9,55,0.0,34.73,Low Demand
2025-12,BK052,අනාගත අහස,මාර්ටින් වික්‍රමසිංහ (පරිවර්තනය),978-147-1385-34-4,Historical/Religious,Galle,40.2,2.9,87,4.62,12.63,6.07,6.6,55,13.96,41.79,Low Demand
2025-12,BK052,අනාගත අහස,මාර්ටින් වික්‍රමසිංහ (පරිවර්තනය),978-147-1385-34-4,Historical/Religious,Kandy,36.0,3.33,100,4.64,13.4,6.1,8.8,55,11.74,49.29,Low Demand
2025-12,BK053,මිටියාවත සහ කාලය,"ජෝන් ෂෝර්ස් (John Shors), පරිවර්තනය: ප්‍රදීප් කුමාර බාලසූරිය (Translation: Pradeep Kumara Balasuriya)",978-976-3071-42-3,Horror,Colombo,33.3,6.43,193,4.6,24.37,11.7,9.3,68,68.26,76.34,High Demand
2025-12,BK053,මිටියාවත සහ කාලය,"ජෝන් ෂෝර්ස් (John Shors), පරිවර්තනය: ප්‍රදීප් කුමාර බාලසූරිය (Translation: Pradeep Kumara Balasuriya)",978-976-3071-42-3,Horror,Galle,33.3,6.73,202,4.62,22.67,10.57,8.4,68,68.03,75.78,High Demand
2025-12,BK053,මිටියාවත සහ කාලය,"ජෝන් ෂෝර්ස් (John Shors), පරිවර්තනය: ප්‍රදීප් කුමාර බාලසූරිය (Translation: Pradeep Kumara Balasuriya)",978-976-3071-42-3,Horror,Kandy,33.4,7.57,227,4.63,25.43,12.4,8.7,68,93.53,93.52,High Demand
2025-12,BK054,රහස සහ කතාව,පවනි උමයංගනා (Pawani Umayangana),978-476-5849-54-7,Non-fiction,Colombo,32.1,6.53,196,4.65,22.93,10.67,8.1,52,78.18,85.35,High Demand
2025-12,BK054,රහස සහ කතාව,පවනි උමයංගනා (Pawani Umayangana),978-476-5849-54-7,Non-fiction,Galle,36.8,6.87,206,4.64,23.17,10.57,8.9,52,83.68,75.07,High Demand
2025-12,BK054,රහස සහ කතාව,පවනි උමයංගනා (Pawani Umayangana),978-476-5849-54-7,Non-fiction,Kandy,32.3,8.1,243,4.64,28.53,13.2,7.2,52,97.1,89.32,High Demand
2025-12,BK055,ඇහි පියන් ඇහැරිලා (Ahi Piyan Aharila),මහින්ද ප්‍රසාද් මසිඹුල,978-955-098-003-1,Poetry,Colombo,35.9,5.93,178,4.21,20.73,10.03,7.9,50,61.75,70.91,Moderate Demand
2025-12,BK055,ඇහි පියන් ඇහැරිලා (Ahi Piyan Aharila),මහින්ද ප්‍රසාද් මසිඹුල,978-955-098-003-1,Poetry,Galle,31.6,5.13,154,4.23,18.63,8.87,8.5,50,49.77,55.04,Moderate Demand
2025-12,BK055,ඇහි පියන් ඇහැරිලා (Ahi Piyan Aharila),මහින්ද ප්‍රසාද් මසිඹුල,978-955-098-003-1,Poetry,Kandy,32.7,6.1,183,4.22,21.1,10.07,8.0,50,58.87,66.07,Moderate Demand
2025-12,BK056,ගමන සහ කාලය,ප්‍රේමකීර්ති රණතුංග,978-316-8963-96-1,Short Stories,Colombo,34.0,7.0,210,4.32,24.97,11.33,8.6,57,83.33,79.49,High Demand
2025-12,BK056,ගමන සහ කාලය,ප්‍රේමකීර්ති රණතුංග,978-316-8963-96-1,Short Stories,Galle,32.1,5.9,177,4.32,22.17,10.57,8.4,57,78.15,79.22,High Demand
2025-12,BK056,ගමන සහ කාලය,ප්‍රේමකීර්ති රණතුංග,978-316-8963-96-1,Short Stories,Kandy,35.5,7.97,239,4.32,28.47,13.4,8.1,57,85.51,82.67,High Demand
2025-12,BK057,කොළඹ කන්ද,Michael Crichton (පරිවර්තනය: සුදත් රොහාන්),978-645-5531-58-3,Poetry,Colombo,34.9,5.33,160,3.96,20.13,10.13,7.5,50,52.52,68.3,Moderate Demand
2025-12,BK057,කොළඹ කන්ද,Michael Crichton (පරිවර්තනය: සුදත් රොහාන්),978-645-5531-58-3,Poetry,Galle,27.8,5.03,151,3.96,18.03,8.97,8.3,50,55.84,55.08,Moderate Demand
2025-12,BK057,කොළඹ කන්ද,Michael Crichton (පරිවර්තනය: සුදත් රොහාන්),978-645-5531-58-3,Poetry,Kandy,34.6,6.0,180,3.96,19.17,9.27,6.3,50,58.82,56.67,Moderate Demand
2025-12,BK058,වසන්තය සහ මිටියාවත,තරංගා දිසානායක,978-630-6739-38-7,Academic,Colombo,33.7,5.8,174,4.42,20.2,9.47,9.1,45,65.45,71.79,High Demand
2025-12,BK058,වසන්තය සහ මිටියාවත,තරංගා දිසානායක,978-630-6739-38-7,Academic,Galle,31.1,4.77,143,4.42,17.57,8.37,8.6,45,46.75,62.0,Moderate Demand
2025-12,BK058,වසන්තය සහ මිටියාවත,තරංගා දිසානායක,978-630-6739-38-7,Academic,Kandy,36.7,6.47,194,4.42,22.53,10.8,8.5,45,68.91,74.94,High Demand
2025-12,BK059,370 යානයේ අබිරහස (370 Yanaye Abirahasa),භද්‍රජී මහින්ද ජයතිලක,978-624-6570-68-2,Mystery,Colombo,27.4,3.83,115,3.6,14.43,6.93,8.3,71,16.84,32.91,Low Demand
2025-12,BK059,370 යානයේ අබිරහස (370 Yanaye Abirahasa),භද්‍රජී මහින්ද ජයතිලක,978-624-6570-68-2,Mystery,Galle,36.9,3.17,95,3.59,11.53,5.63,8.2,71,35.08,52.29,Low Demand
2025-12,BK059,370 යානයේ අබිරහස (370 Yanaye Abirahasa),භද්‍රජී මහින්ද ජයතිලක,978-624-6570-68-2,Mystery,Kandy,32.3,3.17,95,3.58,13.03,6.27,9.1,71,10.1,36.73,Low Demand
2025-12,BK060,පර්සි ජැක්සන් සහ වංගිරියේ සටන,රික් රියෝඩන් (පරි. සවින්දි ආරියතිලක),978-955-697-089-0,Fantasy,Colombo,32.4,3.77,113,3.78,14.57,7.13,7.1,74,31.52,55.07,Moderate Demand
2025-12,BK060,පර්සි ජැක්සන් සහ වංගිරියේ සටන,රික් රියෝඩන් (පරි. සවින්දි ආරියතිලක),978-955-697-089-0,Fantasy,Galle,35.7,3.37,101,3.79,13.9,6.73,7.4,74,7.4,43.15,Low Demand
2025-12,BK060,පර්සි ජැක්සන් සහ වංගිරියේ සටන,රික් රියෝඩන් (පරි. සවින්දි ආරියතිලක),978-955-697-089-0,Fantasy,Kandy,35.6,3.8,114,3.78,14.33,6.9,8.6,74,30.65,44.65,Low Demand
2025-12,BK061,ආලෝකයේ සමිඳාණෝ (Alokaye Samindano - Lord of Light),රොජර් සෙලාස්නි - පරි. පුෂ්ප රංජන් විජේසිංහ,978-624-6570-11-8,Sci-Fi,Colombo,32.4,6.0,180,4.29,21.7,10.9,9.3,72,64.43,72.13,High Demand
2025-12,BK061,ආලෝකයේ සමිඳාණෝ (Alokaye Samindano - Lord of Light),රොජර් සෙලාස්නි - පරි. පුෂ්ප රංජන් විජේසිංහ,978-624-6570-11-8,Sci-Fi,Galle,28.7,5.33,160,4.29,19.97,9.63,9.4,72,67.27,72.81,High Demand
2025-12,BK061,ආලෝකයේ සමිඳාණෝ (Alokaye Samindano - Lord of Light),රොජර් සෙලාස්නි - පරි. පුෂ්ප රංජන් විජේසිංහ,978-624-6570-11-8,Sci-Fi,Kandy,30.7,6.3,189,4.29,22.73,10.53,7.1,72,54.51,67.09,Moderate Demand
2025-12,BK062,මිනිසා සහ සෙවනැලි,"කර්ට් වොනෙගට් (Kurt Vonnegut), පරිවර්තනය: ගාමිණී වියන්ගොඩ (Translation: Gamini Viyangoda)",978-673-1310-88-3,Psychology,Colombo,31.6,5.47,164,4.29,20.7,9.6,9.3,58,50.41,53.7,Low Demand
2025-12,BK062,මිනිසා සහ සෙවනැලි,"කර්ට් වොනෙගට් (Kurt Vonnegut), පරිවර්තනය: ගාමිණී වියන්ගොඩ (Translation: Gamini Viyangoda)",978-673-1310-88-3,Psychology,Galle,33.2,5.5,165,4.3,21.43,9.83,7.2,58,71.86,72.58,High Demand
2025-12,BK062,මිනිසා සහ සෙවනැලි,"කර්ට් වොනෙගට් (Kurt Vonnegut), පරිවර්තනය: ගාමිණී වියන්ගොඩ (Translation: Gamini Viyangoda)",978-673-1310-88-3,Psychology,Kandy,35.5,5.13,154,4.28,19.43,9.33,9.7,58,43.05,48.97,Low Demand
2025-12,BK063,හේඩීස්ගේ දෙවොල (Hadesge Devola),රික් රයෝර්ඩන් - පරි. රූපේනි මානිංගමුව,978-955-697-343-3,Young Adult,Colombo,35.6,6.37,191,4.4,22.87,10.7,9.0,66,66.96,75.38,High Demand
2025-12,BK063,හේඩීස්ගේ දෙවොල (Hadesge Devola),රික් රයෝර්ඩන් - පරි. රූපේනි මානිංගමුව,978-955-697-343-3,Young Adult,Galle,29.9,4.93,148,4.4,18.23,8.47,8.7,66,47.91,64.2,Moderate Demand
2025-12,BK063,හේඩීස්ගේ දෙවොල (Hadesge Devola),රික් රයෝර්ඩන් - පරි. රූපේනි මානිංගමුව,978-955-697-343-3,Young Adult,Kandy,35.9,5.83,175,4.41,20.23,9.7,7.2,66,56.47,68.42,Moderate Demand
2025-12,BK064,2010,ආතර් සී. ක්ලාක් (පරිවර්තනය: චන්දන වීරසිංහ),978-624-5712-10-6,Sci-Fi,Colombo,33.3,6.47,194,3.84,21.83,10.63,10.3,72,77.5,75.08,High Demand
2025-12,BK064,2010,ආතර් සී. ක්ලාක් (පරිවර්තනය: චන්දන වීරසිංහ),978-624-5712-10-6,Sci-Fi,Galle,27.2,6.33,190,3.85,23.53,11.27,8.1,72,71.67,78.26,High Demand
2025-12,BK064,2010,ආතර් සී. ක්ලාක් (පරිවර්තනය: චන්දන වීරසිංහ),978-624-5712-10-6,Sci-Fi,Kandy,31.0,7.03,211,3.84,25.73,11.93,8.7,72,70.3,74.38,High Demand
2025-12,BK065,මන්දාරම් රාත්‍රිය,ඩී. එම්. අනුර දිසානායක,978-624-5829-10-1,Mystery,Colombo,31.0,5.87,176,4.27,21.43,10.27,8.2,71,64.71,76.73,High Demand
2025-12,BK065,මන්දාරම් රාත්‍රිය,ඩී. එම්. අනුර දිසානායක,978-624-5829-10-1,Mystery,Galle,32.7,6.13,184,4.3,20.4,10.17,8.4,71,77.49,71.92,High Demand
2025-12,BK065,මන්දාරම් රාත්‍රිය,ඩී. එම්. අනුර දිසානායක,978-624-5829-10-1,Mystery,Kandy,34.1,6.27,188,4.28,23.1,11.2,8.7,71,71.1,74.04,High Demand
2025-12,BK066,පරණ මාලිගාව,ක්‍රිස් කුස්නෙස්කි (පරිවර්තනය),978-726-5125-19-4,Horror,Colombo,38.3,5.83,175,4.53,21.73,10.33,8.4,68,51.06,61.28,Moderate Demand
2025-12,BK066,පරණ මාලිගාව,ක්‍රිස් කුස්නෙස්කි (පරිවර්තනය),978-726-5125-19-4,Horror,Galle,31.3,4.93,148,4.52,17.8,8.37,11.4,68,53.7,71.82,High Demand
2025-12,BK066,පරණ මාලිගාව,ක්‍රිස් කුස්නෙස්කි (පරිවර්තනය),978-726-5125-19-4,Horror,Kandy,36.0,6.23,187,4.53,23.03,10.73,8.7,68,61.19,77.49,High Demand
2025-12,BK067,අනාගතේ පැතිකඩක් (Profiles of the Future),ආතර් සී. ක්ලාක් (පරිවර්තනය: එස්. එම්. බන්දුසීල),978-624-5712-31-1,Sci-Fi,Colombo,34.8,5.8,174,4.9,19.6,9.4,7.6,72,53.79,69.26,Moderate Demand
2025-12,BK067,අනාගතේ පැතිකඩක් (Profiles of the Future),ආතර් සී. ක්ලාක් (පරිවර්තනය: එස්. එම්. බන්දුසීල),978-624-5712-31-1,Sci-Fi,Galle,36.9,5.77,173,4.9,22.53,10.17,9.2,72,78.08,82.12,High Demand
2025-12,BK067,අනාගතේ පැතිකඩක් (Profiles of the Future),ආතර් සී. ක්ලාක් (පරිවර්තනය: එස්. එම්. බන්දුසීල),978-624-5712-31-1,Sci-Fi,Kandy,30.9,5.73,172,4.9,19.8,9.4,6.9,72,51.19,76.08,High Demand
2025-12,BK068,දඩයම් බල්ලෝ,පරිවර්තන නවකතා,978-624-5572-38-0,Thriller,Colombo,35.3,4.77,143,4.11,18.3,8.8,10.3,76,33.03,52.38,Low Demand
2025-12,BK068,දඩයම් බල්ලෝ,පරිවර්තන නවකතා,978-624-5572-38-0,Thriller,Galle,24.8,3.67,110,4.09,14.1,6.43,8.7,76,14.14,48.5,Low Demand
2025-12,BK068,දඩයම් බල්ලෝ,පරිවර්තන නවකතා,978-624-5572-38-0,Thriller,Kandy,33.5,4.3,129,4.08,14.63,7.2,8.8,76,21.14,50.15,Low Demand
2025-12,BK069,අදිසි අනතුර (Adisi Anathura - The Crash),ෆ්‍රීඩා මැක්ෆැඩන් - පරි. නයනතාරා පිලපිටිය,978-624-6570-48-4,Thriller,Colombo,35.7,3.1,93,4.32,11.77,6.07,8.2,76,0.7,33.06,Low Demand
2025-12,BK069,අදිසි අනතුර (Adisi Anathura - The Crash),ෆ්‍රීඩා මැක්ෆැඩන් - පරි. නයනතාරා පිලපිටිය,978-624-6570-48-4,Thriller,Galle,28.8,2.73,82,4.32,11.17,5.63,8.8,76,16.51,58.25,Moderate Demand
2025-12,BK069,අදිසි අනතුර (Adisi Anathura - The Crash),ෆ්‍රීඩා මැක්ෆැඩන් - පරි. නයනතාරා පිලපිටිය,978-624-6570-48-4,Thriller,Kandy,34.6,3.77,113,4.33,14.6,6.43,8.0,76,19.88,48.61,Low Demand
2025-12,BK070,Crown of Midnight,සාරා ජේ. මාස් (Sarah J. Maas),978-624-5663-48-4,Fantasy,Colombo,36.0,5.93,178,3.67,21.7,9.83,9.0,74,61.25,58.27,Moderate Demand
2025-12,BK070,Crown of Midnight,සාරා ජේ. මාස් (Sarah J. Maas),978-624-5663-48-4,Fantasy,Galle,36.1,4.93,148,3.67,17.8,8.2,6.5,74,49.05,63.46,Moderate Demand
2025-12,BK070,Crown of Midnight,සාරා ජේ. මාස් (Sarah J. Maas),978-624-5663-48-4,Fantasy,Kandy,32.7,5.83,175,3.67,20.93,9.7,9.4,74,47.32,62.46,Moderate Demand
2025-12,BK071,සුළං ගංගාව,පියදාස රත්නසිංහ (පරිවර්තනය),978-935-1789-28-8,Academic,Colombo,30.7,4.43,133,4.13,16.8,7.53,10.3,45,36.16,49.24,Low Demand
2025-12,BK071,සුළං ගංගාව,පියදාස රත්නසිංහ (පරිවර්තනය),978-935-1789-28-8,Academic,Galle,37.2,4.27,128,4.11,16.83,8.2,7.7,45,38.18,51.93,Low Demand
2025-12,BK071,සුළං ගංගාව,පියදාස රත්නසිංහ (පරිවර්තනය),978-935-1789-28-8,Academic,Kandy,35.1,3.9,117,4.14,16.13,7.27,8.0,45,14.54,38.64,Low Demand
2025-12,BK072,ගීතය සහ මාලිගාව,එරන්ද ගිනිගේ (Eranda Ginige),978-616-9581-88-7,Psychology,Colombo,33.2,5.23,157,4.44,17.93,8.53,9.2,58,35.67,60.23,Moderate Demand
2025-12,BK072,ගීතය සහ මාලිගාව,එරන්ද ගිනිගේ (Eranda Ginige),978-616-9581-88-7,Psychology,Galle,32.2,4.73,142,4.46,16.53,7.9,9.9,58,40.1,53.27,Low Demand
2025-12,BK072,ගීතය සහ මාලිගාව,එරන්ද ගිනිගේ (Eranda Ginige),978-616-9581-88-7,Psychology,Kandy,32.0,4.9,147,4.44,17.73,8.57,8.5,58,53.76,60.91,Moderate Demand
2025-12,BK073,ගමන සහ සෙවනැලි,"වික්ටෝරියා හෝල්ට් (Victoria Holt), පරිවර්තනය: කෝශලී සිරිචන්ද්‍ර (Translation: Koshalee Sirichandra)",978-477-2613-24-8,Horror,Colombo,37.0,7.57,227,4.12,25.8,12.07,12.7,68,95.84,85.13,High Demand
2025-12,BK073,ගමන සහ සෙවනැලි,"වික්ටෝරියා හෝල්ට් (Victoria Holt), පරිවර්තනය: කෝශලී සිරිචන්ද්‍ර (Translation: Koshalee Sirichandra)",978-477-2613-24-8,Horror,Galle,32.7,6.07,182,4.11,20.73,10.23,8.5,68,57.54,69.73,Moderate Demand
2025-12,BK073,ගමන සහ සෙවනැලි,"වික්ටෝරියා හෝල්ට් (Victoria Holt), පරිවර්තනය: කෝශලී සිරිචන්ද්‍ර (Translation: Koshalee Sirichandra)",978-477-2613-24-8,Horror,Kandy,31.8,7.3,219,4.13,25.27,11.37,8.3,68,91.03,88.89,High Demand
2025-12,BK074,එවා මෙහේ බෑ මචං,පිනසිරි දඩල්ලගේ,978-955-97643-5-9,Non-fiction,Colombo,39.7,3.47,104,4.25,13.7,6.77,11.1,52,16.28,40.49,Low Demand
2025-12,BK074,එවා මෙහේ බෑ මචං,පිනසිරි දඩල්ලගේ,978-955-97643-5-9,Non-fiction,Galle,33.2,3.27,98,4.27,13.67,6.77,10.2,52,9.68,34.03,Low Demand
2025-12,BK074,එවා මෙහේ බෑ මචං,පිනසිරි දඩල්ලගේ,978-955-97643-5-9,Non-fiction,Kandy,26.8,4.23,127,4.28,18.1,8.83,8.1,52,33.95,53.05,Low Demand
2025-12,BK075,"හොල්මන්, ආවේශ සහ යළි උපත (You Cannot Die)",ඉයන් කරි (පරිවර්තනය: භද්‍රජි මහින්ද ජයතිලක),978-955-671-215-5,Psychology,Colombo,30.5,3.27,98,4.28,13.4,6.5,8.0,58,6.46,39.27,Low Demand
2025-12,BK075,"හොල්මන්, ආවේශ සහ යළි උපත (You Cannot Die)",ඉයන් කරි (පරිවර්තනය: භද්‍රජි මහින්ද ජයතිලක),978-955-671-215-5,Psychology,Galle,32.7,3.3,99,4.27,13.63,7.07,8.9,58,8.87,42.19,Low Demand
2025-12,BK075,"හොල්මන්, ආවේශ සහ යළි උපත (You Cannot Die)",ඉයන් කරි (පරිවර්තනය: භද්‍රජි මහින්ද ජයතිලක),978-955-671-215-5,Psychology,Kandy,32.4,3.27,98,4.29,13.23,6.4,8.5,58,11.96,45.4,Low Demand
2025-12,BK076,සෙංකොට්ටං (Senkottan),මහින්ද ප්‍රසාද් මසිඹුල,978-955-098-000-0,Novel,Colombo,34.0,4.77,143,3.68,18.77,8.83,7.7,70,36.2,56.31,Moderate Demand
2025-12,BK076,සෙංකොට්ටං (Senkottan),මහින්ද ප්‍රසාද් මසිඹුල,978-955-098-000-0,Novel,Galle,28.4,4.33,130,3.69,18.3,8.97,9.1,70,36.82,51.17,Low Demand
2025-12,BK076,සෙංකොට්ටං (Senkottan),මහින්ද ප්‍රසාද් මසිඹුල,978-955-098-000-0,Novel,Kandy,34.4,3.47,104,3.68,13.6,6.37,10.0,70,19.61,43.75,Low Demand
2025-12,BK077,අතීත මිටියාවත,ඊනිඩ් බ්ලයිටන් (Enid Blyton),978-845-3000-71-2,Children's,Colombo,32.6,4.13,124,4.2,16.0,7.5,8.5,60,31.22,56.14,Moderate Demand
2025-12,BK077,අතීත මිටියාවත,ඊනිඩ් බ්ලයිටන් (Enid Blyton),978-845-3000-71-2,Children's,Galle,28.0,3.77,113,4.17,14.03,6.87,8.1,60,18.32,51.07,Low Demand
2025-12,BK077,අතීත මිටියාවත,ඊනිඩ් බ්ලයිටන් (Enid Blyton),978-845-3000-71-2,Children's,Kandy,32.0,3.57,107,4.17,12.67,6.23,9.5,60,12.89,33.92,Low Demand
2025-12,BK078,සිහිනය සහ සෙවනැලි,"ස්ටෙෆනි ගාබර් (Stephanie Garber), පරිවර්තනය: කෝශලී සිරිචන්ද්‍ර (Translation: Koshalee Sirichandra)",978-748-7074-58-5,Historical/Religious,Colombo,39.2,6.47,194,4.38,20.97,10.2,8.9,55,84.36,83.96,High Demand
2025-12,BK078,සිහිනය සහ සෙවනැලි,"ස්ටෙෆනි ගාබර් (Stephanie Garber), පරිවර්තනය: කෝශලී සිරිචන්ද්‍ර (Translation: Koshalee Sirichandra)",978-748-7074-58-5,Historical/Religious,Galle,36.3,6.17,185,4.37,21.67,10.1,12.5,55,88.76,80.2,High Demand
2025-12,BK078,සිහිනය සහ සෙවනැලි,"ස්ටෙෆනි ගාබර් (Stephanie Garber), පරිවර්තනය: කෝශලී සිරිචන්ද්‍ර (Translation: Koshalee Sirichandra)",978-748-7074-58-5,Historical/Religious,Kandy,25.8,6.5,195,4.39,23.3,10.6,9.0,55,62.06,75.97,High Demand
2025-12,BK079,හැරී පොටර් සහ රහස් කුටිය,ජේ. කේ. රෝලිං - පරි. අභය හේවාවසම්,978-955-573-623-7,Translation,Colombo,33.6,5.5,165,4.23,20.77,9.37,7.5,62,57.96,58.29,Moderate Demand
2025-12,BK079,හැරී පොටර් සහ රහස් කුටිය,ජේ. කේ. රෝලිං - පරි. අභය හේවාවසම්,978-955-573-623-7,Translation,Galle,32.6,5.13,154,4.21,17.37,9.03,9.7,62,70.88,75.98,High Demand
2025-12,BK079,හැරී පොටර් සහ රහස් කුටිය,ජේ. කේ. රෝලිං - පරි. අභය හේවාවසම්,978-955-573-623-7,Translation,Kandy,29.5,5.3,159,4.21,19.37,9.03,9.3,62,45.33,62.95,Moderate Demand
2025-12,BK080,විකෘති (Vikurthi),සෝමලතා සුබසිංහ,978-955-428-430-2,Drama,Colombo,36.1,7.63,229,4.35,26.2,12.33,7.8,65,95.37,91.26,High Demand
2025-12,BK080,විකෘති (Vikurthi),සෝමලතා සුබසිංහ,978-955-428-430-2,Drama,Galle,33.6,6.7,201,4.32,23.27,10.67,8.6,65,78.14,90.1,High Demand
2025-12,BK080,විකෘති (Vikurthi),සෝමලතා සුබසිංහ,978-955-428-430-2,Drama,Kandy,34.9,7.37,221,4.34,24.47,11.97,6.2,65,96.08,84.44,High Demand
2025-12,BK081,නැන්දම්මාගේ ඩයරිය,කල්පනා කස්තුරිආරච්චි,978-624-9695-78-8,Short Stories,Colombo,36.1,6.47,194,4.46,23.9,11.5,10.2,57,77.93,71.32,Moderate Demand
2025-12,BK081,නැන්දම්මාගේ ඩයරිය,කල්පනා කස්තුරිආරච්චි,978-624-9695-78-8,Short Stories,Galle,33.3,5.53,166,4.45,20.07,9.83,7.6,57,67.85,73.43,High Demand
2025-12,BK081,නැන්දම්මාගේ ඩයරිය,කල්පනා කස්තුරිආරච්චි,978-624-9695-78-8,Short Stories,Kandy,34.5,6.93,208,4.45,23.23,10.8,9.5,57,73.8,80.75,High Demand
2025-12,BK082,හැරී පොටර් සහ අස්කබාන්හි සිරකරු,ජේ. කේ. රෝලිං - පරි. අභය හේවාවසම්,978-955-671-187-5,Translation,Colombo,33.5,4.4,132,4.22,17.57,8.83,9.4,62,26.31,52.78,Low Demand
2025-12,BK082,හැරී පොටර් සහ අස්කබාන්හි සිරකරු,ජේ. කේ. රෝලිං - පරි. අභය හේවාවසම්,978-955-671-187-5,Translation,Galle,39.9,3.7,111,4.21,13.5,6.5,8.3,62,36.8,64.52,Moderate Demand
2025-12,BK082,හැරී පොටර් සහ අස්කබාන්හි සිරකරු,ජේ. කේ. රෝලිං - පරි. අභය හේවාවසම්,978-955-671-187-5,Translation,Kandy,30.7,5.33,160,4.22,18.3,8.93,8.8,62,51.91,60.88,Moderate Demand
2025-12,BK083,පර්සි ජැක්සන් සහ රාක්ෂ සයුර,රික් රියෝඩන් (පරි. සවින්දි ආරියතිලක),978-955-697-090-0,Fantasy,Colombo,36.3,7.33,220,3.81,24.63,11.93,9.1,74,86.11,77.54,High Demand
2025-12,BK083,පර්සි ජැක්සන් සහ රාක්ෂ සයුර,රික් රියෝඩන් (පරි. සවින්දි ආරියතිලක),978-955-697-090-0,Fantasy,Galle,35.4,7.23,217,3.81,25.0,11.63,7.4,74,88.63,82.46,High Demand
2025-12,BK083,පර්සි ජැක්සන් සහ රාක්ෂ සයුර,රික් රියෝඩන් (පරි. සවින්දි ආරියතිලක),978-955-697-090-0,Fantasy,Kandy,32.6,7.63,229,3.81,25.73,12.07,10.7,74,86.58,80.09,High Demand
2025-12,BK084,විභාග ජය ගැනීමේ රහස (Vibhaga Jaya Ganeeme Rahasa),ප්‍රවීන් රන්දෙනිය,978-624-97120-5-0,Academic,Colombo,27.4,3.67,110,4.01,14.07,6.93,8.8,45,7.78,39.38,Low Demand
2025-12,BK084,විභාග ජය ගැනීමේ රහස (Vibhaga Jaya Ganeeme Rahasa),ප්‍රවීන් රන්දෙනිය,978-624-97120-5-0,Academic,Galle,25.3,3.23,97,4.01,12.77,5.83,11.1,45,2.52,31.11,Low Demand
2025-12,BK084,විභාග ජය ගැනීමේ රහස (Vibhaga Jaya Ganeeme Rahasa),ප්‍රවීන් රන්දෙනිය,978-624-97120-5-0,Academic,Kandy,32.9,3.73,112,4.01,13.8,6.77,8.1,45,16.66,34.37,Low Demand
2025-12,BK085,දික්තල කාලගෝල (Diktala Kalagola),පුණ්‍යසේන ගුණසිංහ,978-955-9377-71-9,Drama,Colombo,35.5,3.1,93,4.6,11.97,5.8,7.3,65,6.61,42.08,Low Demand
2025-12,BK085,දික්තල කාලගෝල (Diktala Kalagola),පුණ්‍යසේන ගුණසිංහ,978-955-9377-71-9,Drama,Galle,40.5,2.53,76,4.61,10.87,5.5,9.0,65,4.44,48.35,Low Demand
2025-12,BK085,දික්තල කාලගෝල (Diktala Kalagola),පුණ්‍යසේන ගුණසිංහ,978-955-9377-71-9,Drama,Kandy,35.4,3.23,97,4.61,11.87,6.17,6.0,65,0.16,36.48,Low Demand
2025-12,BK086,නැන්සි කෲ: ටෙඩි බෙයාර් අබිරහස,කැරොලයින් කීන්,978-955-657-006-8,Translation,Colombo,39.3,3.23,97,3.96,12.5,6.13,8.6,62,0.0,37.23,Low Demand
2025-12,BK086,නැන්සි කෲ: ටෙඩි බෙයාර් අබිරහස,කැරොලයින් කීන්,978-955-657-006-8,Translation,Galle,28.1,2.83,85,3.96,13.07,6.5,10.4,62,15.66,33.7,Low Demand
2025-12,BK086,නැන්සි කෲ: ටෙඩි බෙයාර් අබිරහස,කැරොලයින් කීන්,978-955-657-006-8,Translation,Kandy,28.1,3.17,95,3.96,12.33,5.77,9.2,62,0.0,40.21,Low Demand
2025-12,BK087,කතාව සහ සිහිනය,ක්‍රිස් කුස්නෙස්කි (පරිවර්තනය),978-566-9308-23-4,Short Stories,Colombo,32.6,6.83,205,4.24,22.97,11.0,7.8,57,89.74,82.54,High Demand
2025-12,BK087,කතාව සහ සිහිනය,ක්‍රිස් කුස්නෙස්කි (පරිවර්තනය),978-566-9308-23-4,Short Stories,Galle,31.3,6.77,203,4.24,23.17,11.33,8.5,57,82.47,74.94,High Demand
2025-12,BK087,කතාව සහ සිහිනය,ක්‍රිස් කුස්නෙස්කි (පරිවර්තනය),978-566-9308-23-4,Short Stories,Kandy,33.8,7.07,212,4.22,25.23,11.47,6.1,57,79.16,83.08,High Demand
2025-12,BK088,අඹ යහළුවෝ,ටී. බී. ඉලංගරත්න,978-955-4682-00-9,Novel,Colombo,27.6,5.57,167,4.14,20.67,9.77,8.6,70,52.14,66.94,Moderate Demand
2025-12,BK088,අඹ යහළුවෝ,ටී. බී. ඉලංගරත්න,978-955-4682-00-9,Novel,Galle,27.4,4.93,148,4.15,19.9,9.57,7.8,70,53.99,67.75,Moderate Demand
2025-12,BK088,අඹ යහළුවෝ,ටී. බී. ඉලංගරත්න,978-955-4682-00-9,Novel,Kandy,31.0,5.6,168,4.14,18.77,8.77,7.4,70,58.8,61.37,Moderate Demand
2025-12,BK089,මායා අහස,දිනිති තරුමිණි,978-222-3861-35-8,Young Adult,Colombo,32.5,3.7,111,4.33,13.9,6.8,6.3,66,16.45,49.18,Low Demand
2025-12,BK089,මායා අහස,දිනිති තරුමිණි,978-222-3861-35-8,Young Adult,Galle,35.9,3.83,115,4.34,14.93,7.3,7.0,66,18.13,44.35,Low Demand
2025-12,BK089,මායා අහස,දිනිති තරුමිණි,978-222-3861-35-8,Young Adult,Kandy,33.5,4.43,133,4.35,18.03,8.87,9.7,66,39.29,53.37,Low Demand
2025-12,BK090,අනාගත නගරය,පරිවර්තනය: චන්දන මෙන්ඩිස් (Chandana Mendis),978-587-7471-56-2,Drama,Colombo,40.8,5.5,165,4.25,19.1,9.33,8.2,65,60.3,60.13,Moderate Demand
2025-12,BK090,අනාගත නගරය,පරිවර්තනය: චන්දන මෙන්ඩිස් (Chandana Mendis),978-587-7471-56-2,Drama,Galle,36.3,4.63,139,4.25,17.9,8.67,8.1,65,42.02,60.51,Moderate Demand
2025-12,BK090,අනාගත නගරය,පරිවර්තනය: චන්දන මෙන්ඩිස් (Chandana Mendis),978-587-7471-56-2,Drama,Kandy,29.2,5.63,169,4.26,20.33,9.37,7.0,65,37.05,56.73,Moderate Demand
2025-12,BK091,හැරී පොටර් සහ ෆීනික්ස් නිකාය,ජේ. කේ. රෝලිං - පරි. අභය හේවාවසම්,978-955-573-951-1,Translation,Colombo,37.3,3.5,105,4.12,13.37,6.4,7.5,62,20.58,50.0,Low Demand
2025-12,BK091,හැරී පොටර් සහ ෆීනික්ස් නිකාය,ජේ. කේ. රෝලිං - පරි. අභය හේවාවසම්,978-955-573-951-1,Translation,Galle,28.4,3.13,94,4.14,12.23,6.33,8.5,62,17.16,52.8,Low Demand
2025-12,BK091,හැරී පොටර් සහ ෆීනික්ස් නිකාය,ජේ. කේ. රෝලිං - පරි. අභය හේවාවසම්,978-955-573-951-1,Translation,Kandy,29.4,3.63,109,4.13,13.8,6.47,7.4,62,13.87,48.24,Low Demand
2025-12,BK092,සැඟවුණු රහස,රොජර් ලී මැක්බ්‍රයිඩ් (Roger Lea MacBride) - පරිවර්තනය: චිත්‍රා අමරසේකර,978-745-6661-48-1,Historical/Religious,Colombo,32.7,6.57,197,3.32,23.97,11.47,9.1,55,78.19,73.32,High Demand
2025-12,BK092,සැඟවුණු රහස,රොජර් ලී මැක්බ්‍රයිඩ් (Roger Lea MacBride) - පරිවර්තනය: චිත්‍රා අමරසේකර,978-745-6661-48-1,Historical/Religious,Galle,34.8,6.87,206,3.35,24.17,11.67,7.1,55,99.11,77.6,High Demand
2025-12,BK092,සැඟවුණු රහස,රොජර් ලී මැක්බ්‍රයිඩ් (Roger Lea MacBride) - පරිවර්තනය: චිත්‍රා අමරසේකර,978-745-6661-48-1,Historical/Religious,Kandy,34.9,6.47,194,3.35,24.03,11.9,9.1,55,64.41,65.51,Moderate Demand
2025-12,BK093,සෙවනැලි සහ මාලිගාව,පරිවර්තනය: චන්දන මෙන්ඩිස් (Chandana Mendis),978-289-1737-32-0,Poetry,Colombo,34.1,4.43,133,4.01,17.93,8.7,7.6,50,40.44,61.16,Moderate Demand
2025-12,BK093,සෙවනැලි සහ මාලිගාව,පරිවර්තනය: චන්දන මෙන්ඩිස් (Chandana Mendis),978-289-1737-32-0,Poetry,Galle,26.8,4.1,123,4.04,15.2,7.33,9.0,50,40.06,53.01,Low Demand
2025-12,BK093,සෙවනැලි සහ මාලිගාව,පරිවර්තනය: චන්දන මෙන්ඩිස් (Chandana Mendis),978-289-1737-32-0,Poetry,Kandy,34.4,4.87,146,4.03,18.8,8.53,7.6,50,48.62,62.6,Moderate Demand
2025-12,BK094,නෙවර් ලයි (Never Lie),ෆ්‍රීඩා මැක්ෆැඩන් - පරි. තරුෂි නිරංගා ජයසිංහ,978-624-6570-46-0,Thriller,Colombo,37.3,4.9,147,4.25,17.33,8.2,8.2,76,41.87,62.56,Moderate Demand
2025-12,BK094,නෙවර් ලයි (Never Lie),ෆ්‍රීඩා මැක්ෆැඩන් - පරි. තරුෂි නිරංගා ජයසිංහ,978-624-6570-46-0,Thriller,Galle,33.6,4.43,133,4.24,16.53,8.1,7.1,76,24.64,45.97,Low Demand
2025-12,BK094,නෙවර් ලයි (Never Lie),ෆ්‍රීඩා මැක්ෆැඩන් - පරි. තරුෂි නිරංගා ජයසිංහ,978-624-6570-46-0,Thriller,Kandy,32.2,4.33,130,4.25,16.83,8.47,10.5,76,26.5,52.32,Low Demand
2025-12,BK095,ප්‍රේම ගීතය,සමුද්‍ර වෙත්තසිංහ (Samudra Weththasingha),978-573-6220-40-5,Non-fiction,Colombo,32.1,4.1,123,3.75,15.73,7.6,9.3,52,11.33,42.42,Low Demand
2025-12,BK095,ප්‍රේම ගීතය,සමුද්‍ර වෙත්තසිංහ (Samudra Weththasingha),978-573-6220-40-5,Non-fiction,Galle,36.0,3.9,117,3.75,14.17,6.7,6.8,52,30.11,47.05,Low Demand
2025-12,BK095,ප්‍රේම ගීතය,සමුද්‍ර වෙත්තසිංහ (Samudra Weththasingha),978-573-6220-40-5,Non-fiction,Kandy,36.1,5.17,155,3.76,18.9,8.67,7.9,52,45.41,59.12,Moderate Demand
2025-12,BK096,පුද්ගලිකයි රහසිගතයි (The Secret Files of Sherlock Holmes),චන්දන මෙන්ඩිස් (පරිවර්තනය),955-97776-4-5,Mystery,Colombo,32.2,6.5,195,4.18,21.83,10.73,7.4,71,58.05,70.19,Moderate Demand
2025-12,BK096,පුද්ගලිකයි රහසිගතයි (The Secret Files of Sherlock Holmes),චන්දන මෙන්ඩිස් (පරිවර්තනය),955-97776-4-5,Mystery,Galle,30.3,6.3,189,4.19,23.07,10.87,8.1,71,86.54,79.0,High Demand
2025-12,BK096,පුද්ගලිකයි රහසිගතයි (The Secret Files of Sherlock Holmes),චන්දන මෙන්ඩිස් (පරිවර්තනය),955-97776-4-5,Mystery,Kandy,32.0,6.6,198,4.2,23.23,10.7,7.5,71,61.09,78.95,High Demand
2025-12,BK097,පරණ කතාව,මාර්ටින් වික්‍රමසිංහ,978-528-5693-75-7,Children's,Colombo,34.2,5.7,171,4.89,20.13,9.77,6.8,60,69.28,78.88,High Demand
2025-12,BK097,පරණ කතාව,මාර්ටින් වික්‍රමසිංහ,978-528-5693-75-7,Children's,Galle,34.4,4.0,120,4.9,15.2,7.43,7.2,60,37.9,57.35,Moderate Demand
2025-12,BK097,පරණ කතාව,මාර්ටින් වික්‍රමසිංහ,978-528-5693-75-7,Children's,Kandy,36.3,4.3,129,4.89,16.6,8.2,8.9,60,26.69,66.36,Moderate Demand
2025-12,BK098,මාණික්කාවත (Manikkawatha),මහින්ද ප්‍රසාද් මසිඹුල,978-955-098-023-9,Novel,Colombo,34.4,3.1,93,4.12,12.27,5.8,7.4,70,14.84,48.14,Low Demand
2025-12,BK098,මාණික්කාවත (Manikkawatha),මහින්ද ප්‍රසාද් මසිඹුල,978-955-098-023-9,Novel,Galle,30.7,3.13,94,4.14,12.93,6.3,9.6,70,14.32,42.84,Low Demand
2025-12,BK098,මාණික්කාවත (Manikkawatha),මහින්ද ප්‍රසාද් මසිඹුල,978-955-098-023-9,Novel,Kandy,30.2,3.37,101,4.11,12.67,6.03,9.6,70,4.54,42.5,Low Demand
2025-12,BK099,ගංගාව සහ ගංගාව,"ජේම්ස් හැඩ්ලි චේස් (James Hadley Chase), පරිවර්තනය: එන්. ජී. විජේරත්න (Translation: N. G. Wijerathna)",978-493-2631-22-5,Children's,Colombo,33.4,3.5,105,4.43,14.2,6.8,8.1,60,12.38,47.55,Low Demand
2025-12,BK099,ගංගාව සහ ගංගාව,"ජේම්ස් හැඩ්ලි චේස් (James Hadley Chase), පරිවර්තනය: එන්. ජී. විජේරත්න (Translation: N. G. Wijerathna)",978-493-2631-22-5,Children's,Galle,36.4,3.77,113,4.43,14.07,6.9,11.4,60,27.29,47.09,Low Demand
2025-12,BK099,ගංගාව සහ ගංගාව,"ජේම්ස් හැඩ්ලි චේස් (James Hadley Chase), පරිවර්තනය: එන්. ජී. විජේරත්න (Translation: N. G. Wijerathna)",978-493-2631-22-5,Children's,Kandy,30.3,3.67,110,4.43,15.0,7.53,10.7,60,27.38,56.82,Moderate Demand
2025-12,BK100,රන් මතකය,ලසිත රවීන් උමගිලිය,978-825-3894-18-1,Young Adult,Colombo,34.5,6.93,208,3.81,24.13,11.6,10.3,66,85.3,79.84,High Demand
2025-12,BK100,රන් මතකය,ලසිත රවීන් උමගිලිය,978-825-3894-18-1,Young Adult,Galle,32.8,7.13,214,3.82,26.17,12.23,10.8,66,81.59,81.68,High Demand
2025-12,BK100,රන් මතකය,ලසිත රවීන් උමගිලිය,978-825-3894-18-1,Young Adult,Kandy,33.1,7.23,217,3.8,24.2,11.17,7.3,66,74.85,66.35,Moderate Demand
